{	
"bv14:0.1":	"बुद्धवंस ",
"bv14:0.2":	"१४। सुजातबुद्धवंस ",
"bv14:1.1":	"“तत्थेव मण्डकप्पम्हि, ",
"bv14:1.2":	"सुजातो नाम नायको; ",
"bv14:1.3":	"सीहहनुसभक्खन्धो, ",
"bv14:1.4":	"अप्पमेय्यो दुरासदो। ",
"bv14:2.1":	"चन्दोव विमलो सुद्धो, ",
"bv14:2.2":	"सतरंसीव पतापवा; ",
"bv14:2.3":	"एवं सोभति सम्बुद्धो, ",
"bv14:2.4":	"जलन्तो सिरिया सदा। ",
"bv14:3.1":	"पापुणित्वान सम्बुद्धो, ",
"bv14:3.2":	"केवलं बोधिमुत्तमं; ",
"bv14:3.3":	"सुमङ्गलम्हि नगरे, ",
"bv14:3.4":	"धम्मचक्कं पवत्तयि। ",
"bv14:4.1":	"देसेन्ते पवरं धम्मं, ",
"bv14:4.2":	"सुजाते लोकनायके; ",
"bv14:4.3":	"असीतिकोटी अभिसमिंसु, ",
"bv14:4.4":	"पठमे धम्मदेसने। ",
"bv14:5.1":	"यदा सुजातो अमितयसो, ",
"bv14:5.2":	"देवे वस्सं उपागमि; ",
"bv14:5.3":	"सत्ततिंससतसहस्सानं, ",
"bv14:5.4":	"दुतियाभिसमयो अहु। ",
"bv14:6.1":	"यदा सुजातो असमसमो, ",
"bv14:6.2":	"उपगच्छि पितुसन्तिकं; ",
"bv14:6.3":	"सट्ठिसतसहस्सानं, ",
"bv14:6.4":	"ततियाभिसमयो अहु। ",
"bv14:7.1":	"सन्निपाता तयो आसुं, ",
"bv14:7.2":	"सुजातस्स महेसिनो; ",
"bv14:7.3":	"खीणासवानं विमलानं, ",
"bv14:7.4":	"सन्तचित्तान तादिनं। ",
"bv14:8.1":	"अभिञ्ञाबलप्पत्तानं, ",
"bv14:8.2":	"अप्पत्तानं भवाभवे; ",
"bv14:8.3":	"सट्ठिसतसहस्सानि, ",
"bv14:8.4":	"पठमं सन्निपतिंसु ते। ",
"bv14:9.1":	"पुनापरं सन्निपाते, ",
"bv14:9.2":	"तिदिवोरोहणे जिने; ",
"bv14:9.3":	"पञ्ञाससतसहस्सानं, ",
"bv14:9.4":	"दुतियो आसि समागमो। ",
"bv14:10.1":	"उपसङ्कमन्तो नरासभं, ",
"bv14:10.2":	"तस्स यो अग्गसावको; ",
"bv14:10.3":	"चतूहि सतसहस्सेहि, ",
"bv14:10.4":	"सम्बुद्धं उपसङ्कमि। ",
"bv14:11.1":	"अहं तेन समयेन, ",
"bv14:11.2":	"चतुदीपम्हि इस्सरो; ",
"bv14:11.3":	"अन्तलिक्खचरो आसिं, ",
"bv14:11.4":	"चक्कवत्ती महब्बलो। ",
"bv14:12.1":	"लोके अच्छरियं दिस्वा, ",
"bv14:12.2":	"अब्भुतं लोमहंसनं; ",
"bv14:12.3":	"उपगन्त्वान वन्दिं सो, ",
"bv14:12.4":	"सुजातं लोकनायकं। ",
"bv14:13.1":	"चतुदीपे महारज्जं, ",
"bv14:13.2":	"रतने सत्त उत्तमे; ",
"bv14:13.3":	"बुद्धे निय्यादयित्वान, ",
"bv14:13.4":	"पब्बजिं तस्स सन्तिके। ",
"bv14:14.1":	"आरामिका जनपदे, ",
"bv14:14.2":	"उट्ठानं पटिपिण्डिय; ",
"bv14:14.3":	"उपनेन्ति भिक्खुसङ्घस्स, ",
"bv14:14.4":	"पच्चयं सयनासनं। ",
"bv14:15.1":	"सोपि मं बुद्धो ब्याकासि, ",
"bv14:15.2":	"दससहस्सिम्हि इस्सरो; ",
"bv14:15.3":	"‘तिंसकप्पसहस्सम्हि, ",
"bv14:15.4":	"अयं बुद्धो भविस्सति। ",
"bv14:16.1":	"पधानं पदहित्वान, ",
"bv14:16.2":	"…पे… ",
"bv14:16.3":	"हेस्साम सम्मुखा इमं’। ",
"bv14:17.1":	"तस्सापि वचनं सुत्वा, ",
"bv14:17.2":	"भिय्यो हासं जनेसहं; ",
"bv14:17.3":	"अधिट्ठहिं वतं उग्गं, ",
"bv14:17.4":	"दसपारमिपूरिया। ",
"bv14:18.1":	"सुत्तन्तं विनयञ्चापि, ",
"bv14:18.2":	"नवङ्गं सत्थुसासनं; ",
"bv14:18.3":	"सब्बं परियापुणित्वान, ",
"bv14:18.4":	"सोभयिं जिनसासनं। ",
"bv14:19.1":	"तत्थप्पमत्तो विहरन्तो, ",
"bv14:19.2":	"ब्रह्मं भावेत्व भावनं; ",
"bv14:19.3":	"अभिञ्ञापारमिं गन्त्वा, ",
"bv14:19.4":	"ब्रह्मलोकमगञ्छहं। ",
"bv14:20.1":	"सुमङ्गलं नाम नगरं, ",
"bv14:20.2":	"उग्गतो नाम खत्तियो; ",
"bv14:20.3":	"माता पभावती नाम, ",
"bv14:20.4":	"सुजातस्स महेसिनो। ",
"bv14:21.1":	"नववस्ससहस्सानि, ",
"bv14:21.2":	"अगारं अज्झ सो वसि; ",
"bv14:21.3":	"सिरी उपसिरी नन्दो, ",
"bv14:21.4":	"तयो पासादमुत्तमा। ",
"bv14:22.1":	"तेवीसतिसहस्सानि, ",
"bv14:22.2":	"नारियो समलङ्कता; ",
"bv14:22.3":	"सिरिनन्दा नाम नारी, ",
"bv14:22.4":	"उपसेनो नाम अत्रजो। ",
"bv14:23.1":	"निमित्ते चतुरो दिस्वा, ",
"bv14:23.2":	"अस्सयानेन निक्खमि; ",
"bv14:23.3":	"अनूननवमासानि, ",
"bv14:23.4":	"पधानं पदही जिनो। ",
"bv14:24.1":	"ब्रह्मुना याचितो सन्तो, ",
"bv14:24.2":	"सुजातो लोकनायको; ",
"bv14:24.3":	"वत्ति चक्कं महावीरो, ",
"bv14:24.4":	"सुमङ्गलुय्यानमुत्तमे। ",
"bv14:25.1":	"सुदस्सनो सुदेवो च, ",
"bv14:25.2":	"अहेसुं अग्गसावका; ",
"bv14:25.3":	"नारदो नामुपट्ठाको, ",
"bv14:25.4":	"सुजातस्स महेसिनो। ",
"bv14:26.1":	"नागा च नागसमाला च, ",
"bv14:26.2":	"अहेसुं अग्गसाविका; ",
"bv14:26.3":	"बोधि तस्स भगवतो, ",
"bv14:26.4":	"महावेळूति वुच्चति। ",
"bv14:27.1":	"सो च रुक्खो घनक्खन्धो, ",
"bv14:27.2":	"अच्छिद्दो होति पत्तिको; ",
"bv14:27.3":	"उजु वंसो ब्रहा होति, ",
"bv14:27.4":	"दस्सनीयो मनोरमो। ",
"bv14:28.1":	"एकक्खन्धो पवड्ढित्वा, ",
"bv14:28.2":	"ततो साखा पभिज्जति; ",
"bv14:28.3":	"यथा सुबद्धो मोरहत्थो, ",
"bv14:28.4":	"एवं सोभति सो दुमो। ",
"bv14:29.1":	"न तस्स कण्टका होन्ति, ",
"bv14:29.2":	"नापि छिद्दं महा अहु; ",
"bv14:29.3":	"वित्थिण्णसाखो अविरलो, ",
"bv14:29.4":	"सन्दच्छायो मनोरमो। ",
"bv14:30.1":	"सुदत्तो चेव चित्तो च, ",
"bv14:30.2":	"अहेसुं अग्गुपट्ठका; ",
"bv14:30.3":	"सुभद्दा च पदुमा च, ",
"bv14:30.4":	"अहेसुं अग्गुपट्ठिका। ",
"bv14:31.1":	"पञ्ञासरतनो आसि, ",
"bv14:31.2":	"उच्चत्तनेन सो जिनो; ",
"bv14:31.3":	"सब्बाकारवरूपेतो, ",
"bv14:31.4":	"सब्बगुणमुपागतो। ",
"bv14:32.1":	"तस्स पभा असमसमा, ",
"bv14:32.2":	"निद्धावति समन्ततो; ",
"bv14:32.3":	"अप्पमाणो अतुलियो, ",
"bv14:32.4":	"ओपम्मेहि अनूपमो। ",
"bv14:33.1":	"नवुतिवस्ससहस्सानि, ",
"bv14:33.2":	"आयु विज्जति तावदे; ",
"bv14:33.3":	"तावता तिट्ठमानो सो, ",
"bv14:33.4":	"तारेसि जनतं बहुं। ",
"bv14:34.1":	"यथापि सागरे ऊमी, ",
"bv14:34.2":	"गगने तारका यथा; ",
"bv14:34.3":	"एवं तदा पावचनं, ",
"bv14:34.4":	"अरहन्तेहि चित्तितं। ",
"bv14:35.1":	"सो च बुद्धो असमसमो, ",
"bv14:35.2":	"गुणानि च तानि अतुलियानि; ",
"bv14:35.3":	"सब्बं तमन्तरहितं, ",
"bv14:35.4":	"ननु रित्ता सब्बसङ्खारा। ",
"bv14:36.1":	"सुजातो जिनवरो बुद्धो, ",
"bv14:36.2":	"सिलारामम्हि निब्बुतो; ",
"bv14:36.3":	"तत्थेव तस्स चेतियो, ",
"bv14:36.4":	"तीणिगावुतमुग्गतो”ति। ",
"bv14:37.1":	"सुजातस्स भगवतो वंसो द्वादसमो। "
}	
