{	
"bv15:0.1":	"बुद्धवंस ",
"bv15:0.2":	"१५ पियदस्सीबुद्धवंस ",
"bv15:1.1":	"“सुजातस्स अपरेन, ",
"bv15:1.2":	"सयम्भू लोकनायको; ",
"bv15:1.3":	"दुरासदो असमसमो, ",
"bv15:1.4":	"पियदस्सी महायसो। ",
"bv15:2.1":	"सोपि बुद्धो अमितयसो, ",
"bv15:2.2":	"आदिच्चोव विरोचति; ",
"bv15:2.3":	"सब्बं तमं निहन्त्वान, ",
"bv15:2.4":	"धम्मचक्कं पवत्तयि। ",
"bv15:3.1":	"तस्सापि अतुलतेजस्स, ",
"bv15:3.2":	"अहेसुं अभिसमया तयो; ",
"bv15:3.3":	"कोटिसतसहस्सानं, ",
"bv15:3.4":	"पठमाभिसमयो अहु। ",
"bv15:4.1":	"सुदस्सनो देवराजा, ",
"bv15:4.2":	"मिच्छादिट्ठिमरोचयि; ",
"bv15:4.3":	"तस्स दिट्ठिं विनोदेन्तो, ",
"bv15:4.4":	"सत्था धम्ममदेसयि। ",
"bv15:5.1":	"जनसन्निपातो अतुलो, ",
"bv15:5.2":	"महासन्निपती तदा; ",
"bv15:5.3":	"नवुतिकोटिसहस्सानं, ",
"bv15:5.4":	"दुतियाभिसमयो अहु। ",
"bv15:6.1":	"यदा दोणमुखं हत्थिं, ",
"bv15:6.2":	"विनेसि नरसारथि; ",
"bv15:6.3":	"असीतिकोटिसहस्सानं, ",
"bv15:6.4":	"ततियाभिसमयो अहु। ",
"bv15:7.1":	"सन्निपाता तयो आसुं, ",
"bv15:7.2":	"तस्सापि पियदस्सिनो; ",
"bv15:7.3":	"कोटिसतसहस्सानं, ",
"bv15:7.4":	"पठमो आसि समागमो। ",
"bv15:8.1":	"ततो परं नवुतिकोटी, ",
"bv15:8.2":	"समिंसु एकतो मुनी; ",
"bv15:8.3":	"ततिये सन्निपातम्हि, ",
"bv15:8.4":	"असीतिकोटियो अहू। ",
"bv15:9.1":	"अहं तेन समयेन, ",
"bv15:9.2":	"कस्सपो नाम ब्राह्मणो; ",
"bv15:9.3":	"अज्झायको मन्तधरो, ",
"bv15:9.4":	"तिण्णं वेदान पारगू। ",
"bv15:10.1":	"तस्स धम्मं सुणित्वान, ",
"bv15:10.2":	"पसादं जनयिं अहं; ",
"bv15:10.3":	"कोटिसतसहस्सेहि, ",
"bv15:10.4":	"सङ्घारामं अमापयिं। ",
"bv15:11.1":	"तस्स दत्वान आरामं, ",
"bv15:11.2":	"हट्ठो संविग्गमानसो; ",
"bv15:11.3":	"सरणे पञ्च सीले च, ",
"bv15:11.4":	"दळ्हं कत्वा समादियिं। ",
"bv15:12.1":	"सोपि मं बुद्धो ब्याकासि, ",
"bv15:12.2":	"सङ्घमज्झे निसीदिय; ",
"bv15:12.3":	"‘अट्ठारसे कप्पसते, ",
"bv15:12.4":	"अयं बुद्धो भविस्सति। ",
"bv15:13.1":	"पधानं पदहित्वान, ",
"bv15:13.2":	"…पे… ",
"bv15:13.3":	"हेस्साम सम्मुखा इमं’। ",
"bv15:14.1":	"तस्सापि वचनं सुत्वा, ",
"bv15:14.2":	"भिय्यो चित्तं पसादयिं; ",
"bv15:14.3":	"उत्तरिं वतमधिट्ठासिं, ",
"bv15:14.4":	"दसपारमिपूरिया। ",
"bv15:15.1":	"सुधञ्ञं नाम नगरं, ",
"bv15:15.2":	"सुदत्तो नाम खत्तियो; ",
"bv15:15.3":	"चन्दा नामासि जनिका, ",
"bv15:15.4":	"पियदस्सिस्स सत्थुनो। ",
"bv15:16.1":	"नववस्ससहस्सानि, ",
"bv15:16.2":	"अगारं अज्झ सो वसि; ",
"bv15:16.3":	"सुनिम्मलविमलगिरिगुहा, ",
"bv15:16.4":	"तयो पासादमुत्तमा। ",
"bv15:17.1":	"तेत्तिंससहस्सानि च, ",
"bv15:17.2":	"नारियो समलङ्कता; ",
"bv15:17.3":	"विमला नाम नारी च, ",
"bv15:17.4":	"कञ्चनावेळो नाम अत्रजो। ",
"bv15:18.1":	"निमित्ते चतुरो दिस्वा, ",
"bv15:18.2":	"रथयानेन निक्खमि; ",
"bv15:18.3":	"छमासं पधानचारं, ",
"bv15:18.4":	"अचरी पुरिसुत्तमो। ",
"bv15:19.1":	"ब्रह्मुना याचितो सन्तो, ",
"bv15:19.2":	"पियदस्सी महामुनि; ",
"bv15:19.3":	"वत्ति चक्कं महावीरो, ",
"bv15:19.4":	"उसभुय्याने मनोरमे। ",
"bv15:20.1":	"पालितो सब्बदस्सी च, ",
"bv15:20.2":	"अहेसुं अग्गसावका; ",
"bv15:20.3":	"सोभितो नामुपट्ठाको, ",
"bv15:20.4":	"पियदस्सिस्स सत्थुनो। ",
"bv15:21.1":	"सुजाता धम्मदिन्ना च, ",
"bv15:21.2":	"अहेसुं अग्गसाविका; ",
"bv15:21.3":	"बोधि तस्स भगवतो, ",
"bv15:21.4":	"ककुधोति पवुच्चति। ",
"bv15:22.1":	"सन्धको धम्मको चेव, ",
"bv15:22.2":	"अहेसुं अग्गुपट्ठका; ",
"bv15:22.3":	"विसाखा धम्मदिन्ना च, ",
"bv15:22.4":	"अहेसुं अग्गुपट्ठिका। ",
"bv15:23.1":	"सोपि बुद्धो अमितयसो, ",
"bv15:23.2":	"द्वत्तिंसवरलक्खणो; ",
"bv15:23.3":	"असीतिहत्थमुब्बेधो, ",
"bv15:23.4":	"सालराजाव दिस्सति। ",
"bv15:24.1":	"अग्गिचन्दसूरियानं, ",
"bv15:24.2":	"नत्थि तादिसिका पभा; ",
"bv15:24.3":	"यथा अहु पभा तस्स, ",
"bv15:24.4":	"असमस्स महेसिनो। ",
"bv15:25.1":	"तस्सापि देवदेवस्स, ",
"bv15:25.2":	"आयु तावतकं अहु; ",
"bv15:25.3":	"नवुतिवस्ससहस्सानि, ",
"bv15:25.4":	"लोके अट्ठासि चक्खुमा। ",
"bv15:26.1":	"सोपि बुद्धो असमसमो, ",
"bv15:26.2":	"युगानिपि तानि अतुलियानि; ",
"bv15:26.3":	"सब्बं तमन्तरहितं, ",
"bv15:26.4":	"ननु रित्ता सब्बसङ्खारा। ",
"bv15:27.1":	"पियदस्सी मुनिवरो, ",
"bv15:27.2":	"अस्सत्थारामम्हि निब्बुतो; ",
"bv15:27.3":	"तत्थेवस्स जिनथूपो, ",
"bv15:27.4":	"तीणियोजनमुग्गतो”ति। ",
"bv15:28.1":	"पियदस्सिस्स भगवतो वंसो तेरसमो। "
}	
