{	
"bv19:0.1":	"बुद्धवंस ",
"bv19:0.2":	"१९। तिस्सबुद्धवंस ",
"bv19:1.1":	"“सिद्धत्थस्स अपरेन, ",
"bv19:1.2":	"असमो अप्पटिपुग्गलो; ",
"bv19:1.3":	"अनन्ततेजो अमितयसो, ",
"bv19:1.4":	"तिस्सो लोकग्गनायको। ",
"bv19:2.1":	"तमन्धकारं विधमित्वा, ",
"bv19:2.2":	"ओभासेत्वा सदेवकं; ",
"bv19:2.3":	"अनुकम्पको महावीरो, ",
"bv19:2.4":	"लोके उप्पज्जि चक्खुमा। ",
"bv19:3.1":	"तस्सापि अतुला इद्धि, ",
"bv19:3.2":	"अतुलं सीलं समाधि च; ",
"bv19:3.3":	"सब्बत्थ पारमिं गन्त्वा, ",
"bv19:3.4":	"धम्मचक्कं पवत्तयि। ",
"bv19:4.1":	"सो बुद्धो दससहस्सिम्हि, ",
"bv19:4.2":	"विञ्ञापेसि गिरं सुचिं; ",
"bv19:4.3":	"कोटिसतानि अभिसमिंसु, ",
"bv19:4.4":	"पठमे धम्मदेसने। ",
"bv19:5.1":	"दुतियो नवुतिकोटीनं, ",
"bv19:5.2":	"ततियो सट्ठिकोटियो; ",
"bv19:5.3":	"बन्धनातो पमोचेसि, ",
"bv19:5.4":	"सत्ते नरमरू तदा। ",
"bv19:6.1":	"सन्निपाता तयो आसुं, ",
"bv19:6.2":	"तिस्से लोकग्गनायके; ",
"bv19:6.3":	"खीणासवानं विमलानं, ",
"bv19:6.4":	"सन्तचित्तान तादिनं। ",
"bv19:7.1":	"खीणासवसतसहस्सानं, ",
"bv19:7.2":	"पठमो आसि समागमो; ",
"bv19:7.3":	"नवुतिसतसहस्सानं, ",
"bv19:7.4":	"दुतियो आसि समागमो। ",
"bv19:8.1":	"असीतिसतसहस्सानं, ",
"bv19:8.2":	"ततियो आसि समागमो; ",
"bv19:8.3":	"खीणासवानं विमलानं, ",
"bv19:8.4":	"पुप्फितानं विमुत्तिया। ",
"bv19:9.1":	"अहं तेन समयेन, ",
"bv19:9.2":	"सुजातो नाम खत्तियो; ",
"bv19:9.3":	"महाभोगं छड्डयित्वा, ",
"bv19:9.4":	"पब्बजिं इसिपब्बजं। ",
"bv19:10.1":	"मयि पब्बजिते सन्ते, ",
"bv19:10.2":	"उप्पज्जि लोकनायको; ",
"bv19:10.3":	"बुद्धोति सद्दं सुत्वान, ",
"bv19:10.4":	"पीति मे उपपज्जथ। ",
"bv19:11.1":	"दिब्बं मन्दारवं पुप्फं, ",
"bv19:11.2":	"पदुमं पारिछत्तकं; ",
"bv19:11.3":	"उभो हत्थेहि पग्गय्ह, ",
"bv19:11.4":	"धुनमानो उपागमिं। ",
"bv19:12.1":	"चतुवण्णपरिवुतं, ",
"bv19:12.2":	"तिस्सं लोकग्गनायकं; ",
"bv19:12.3":	"तमहं पुप्फं गहेत्वा, ",
"bv19:12.4":	"मत्थके धारयिं जिनं। ",
"bv19:13.1":	"सोपि मं बुद्धो ब्याकासि, ",
"bv19:13.2":	"जनमज्झे निसीदिय; ",
"bv19:13.3":	"‘द्वेनवुते इतो कप्पे, ",
"bv19:13.4":	"अयं बुद्धो भविस्सति। ",
"bv19:14.1":	"पधानं पदहित्वान, ",
"bv19:14.2":	"…पे… ",
"bv19:14.3":	"हेस्साम सम्मुखा इमं’। ",
"bv19:15.1":	"तस्सापि वचनं सुत्वा, ",
"bv19:15.2":	"भिय्यो चित्तं पसादयिं; ",
"bv19:15.3":	"उत्तरिं वतमधिट्ठासिं, ",
"bv19:15.4":	"दसपारमिपूरिया। ",
"bv19:16.1":	"खेमकं नाम नगरं, ",
"bv19:16.2":	"जनसन्धो नाम खत्तियो; ",
"bv19:16.3":	"पदुमा नाम जनिका, ",
"bv19:16.4":	"तिस्सस्स च महेसिनो। ",
"bv19:17.1":	"सत्तवस्ससहस्सानि, ",
"bv19:17.2":	"अगारं अज्झ सो वसि; ",
"bv19:17.3":	"गुहासेल नारिसय निसभा, ",
"bv19:17.4":	"तयो पासादमुत्तमा। ",
"bv19:18.1":	"समतिंससहस्सानि, ",
"bv19:18.2":	"नारियो समलङ्कता; ",
"bv19:18.3":	"सुभद्दानामिका नारी, ",
"bv19:18.4":	"आनन्दो नाम अत्रजो। ",
"bv19:19.1":	"निमित्ते चतुरो दिस्वा, ",
"bv19:19.2":	"अस्सयानेन निक्खमि; ",
"bv19:19.3":	"अनूनअट्ठमासानि, ",
"bv19:19.4":	"पधानं पदही जिनो। ",
"bv19:20.1":	"ब्रह्मुना याचितो सन्तो, ",
"bv19:20.2":	"तिस्सो लोकग्गनायको; ",
"bv19:20.3":	"वत्ति चक्कं महावीरो, ",
"bv19:20.4":	"यसवतियमुत्तमे। ",
"bv19:21.1":	"ब्रह्मदेवो उदयो च, ",
"bv19:21.2":	"अहेसुं अग्गसावका; ",
"bv19:21.3":	"समङ्गो नामुपट्ठाको, ",
"bv19:21.4":	"तिस्सस्स च महेसिनो। ",
"bv19:22.1":	"फुस्सा चेव सुदत्ता च, ",
"bv19:22.2":	"अहेसुं अग्गसाविका; ",
"bv19:22.3":	"बोधि तस्स भगवतो, ",
"bv19:22.4":	"असनोति पवुच्चति। ",
"bv19:23.1":	"सम्बलो च सिरिमा चेव, ",
"bv19:23.2":	"अहेसुं अग्गुपट्ठका; ",
"bv19:23.3":	"किसागोतमी उपसेना, ",
"bv19:23.4":	"अहेसुं अग्गुपट्ठिका। ",
"bv19:24.1":	"सो बुद्धो सट्ठिरतनो, ",
"bv19:24.2":	"अहु उच्चत्तने जिनो; ",
"bv19:24.3":	"अनूपमो असदिसो, ",
"bv19:24.4":	"हिमवा विय दिस्सति। ",
"bv19:25.1":	"तस्सापि अतुलतेजस्स, ",
"bv19:25.2":	"आयु आसि अनुत्तरो; ",
"bv19:25.3":	"वस्ससतसहस्सानि, ",
"bv19:25.4":	"लोके अट्ठासि चक्खुमा। ",
"bv19:26.1":	"उत्तमं पवरं सेट्ठं, ",
"bv19:26.2":	"अनुभोत्वा महायसं; ",
"bv19:26.3":	"जलित्वा अग्गिक्खन्धोव, ",
"bv19:26.4":	"निब्बुतो सो ससावको। ",
"bv19:27.1":	"वलाहकोव अनिलेन, ",
"bv19:27.2":	"सूरियेन विय उस्सवो; ",
"bv19:27.3":	"अन्धकारोव पदीपेन, ",
"bv19:27.4":	"निब्बुतो सो ससावको। ",
"bv19:28.1":	"तिस्सो जिनवरो बुद्धो, ",
"bv19:28.2":	"नन्दारामम्हि निब्बुतो; ",
"bv19:28.3":	"तत्थेवस्स जिनथूपो, ",
"bv19:28.4":	"तीणियोजनमुग्गतो”ति। ",
"bv19:29.1":	"तिस्सस्स भगवतो वंसो सत्तरसमो। "
}	
