{	
"bv20:0.1":	"बुद्धवंस ",
"bv20:0.2":	"२०। फुस्सबुद्धवंस ",
"bv20:1.1":	"“तत्थेव मण्डकप्पम्हि, ",
"bv20:1.2":	"अहु सत्था अनुत्तरो; ",
"bv20:1.3":	"अनूपमो असमसमो, ",
"bv20:1.4":	"फुस्सो लोकग्गनायको। ",
"bv20:2.1":	"सोपि सब्बं तमं हन्त्वा, ",
"bv20:2.2":	"विजटेत्वा महाजटं; ",
"bv20:2.3":	"सदेवकं तप्पयन्तो, ",
"bv20:2.4":	"अभिवस्सि अमतम्बुना। ",
"bv20:3.1":	"धम्मचक्कं पवत्तेन्ते, ",
"bv20:3.2":	"फुस्से नक्खत्तमङ्गले; ",
"bv20:3.3":	"कोटिसतसहस्सानं, ",
"bv20:3.4":	"पठमाभिसमयो अहु। ",
"bv20:4.1":	"नवुतिसतसहस्सानं, ",
"bv20:4.2":	"दुतियाभिसमयो अहु; ",
"bv20:4.3":	"असीतिसतसहस्सानं, ",
"bv20:4.4":	"ततियाभिसमयो अहु। ",
"bv20:5.1":	"सन्निपाता तयो आसुं, ",
"bv20:5.2":	"फुस्सस्सापि महेसिनो; ",
"bv20:5.3":	"खीणासवानं विमलानं, ",
"bv20:5.4":	"सन्तचित्तान तादिनं। ",
"bv20:6.1":	"सट्ठिसतसहस्सानं, ",
"bv20:6.2":	"पठमो आसि समागमो; ",
"bv20:6.3":	"पञ्ञाससतसहस्सानं, ",
"bv20:6.4":	"दुतियो आसि समागमो। ",
"bv20:7.1":	"चत्तारीससतसहस्सानं, ",
"bv20:7.2":	"ततियो आसि समागमो; ",
"bv20:7.3":	"अनुपादा विमुत्तानं, ",
"bv20:7.4":	"वोच्छिन्नपटिसन्धिनं। ",
"bv20:8.1":	"अहं तेन समयेन, ",
"bv20:8.2":	"विजितावी नाम खत्तियो; ",
"bv20:8.3":	"छड्डयित्वा महारज्जं, ",
"bv20:8.4":	"पब्बजिं तस्स सन्तिके। ",
"bv20:9.1":	"सोपि मं बुद्धो ब्याकासि, ",
"bv20:9.2":	"फुस्सो लोकग्गनायको; ",
"bv20:9.3":	"‘द्वेनवुते इतो कप्पे, ",
"bv20:9.4":	"अयं बुद्धो भविस्सति। ",
"bv20:10.1":	"पधानं पदहित्वान, ",
"bv20:10.2":	"…पे… ",
"bv20:10.3":	"हेस्साम सम्मुखा इमं’। ",
"bv20:11.1":	"तस्सापि वचनं सुत्वा, ",
"bv20:11.2":	"भिय्यो चित्तं पसादयिं; ",
"bv20:11.3":	"उत्तरिं वतमधिट्ठासिं, ",
"bv20:11.4":	"दसपारमिपूरिया। ",
"bv20:12.1":	"सुत्तन्तं विनयञ्चापि, ",
"bv20:12.2":	"नवङ्गं सत्थुसासनं; ",
"bv20:12.3":	"सब्बं परियापुणित्वा, ",
"bv20:12.4":	"सोभयिं जिनसासनं। ",
"bv20:13.1":	"तत्थप्पमत्तो विहरन्तो, ",
"bv20:13.2":	"ब्रह्मं भावेत्व भावनं; ",
"bv20:13.3":	"अभिञ्ञासु पारमिं गन्त्वा, ",
"bv20:13.4":	"ब्रह्मलोकमगञ्छहं। ",
"bv20:14.1":	"कासिकं नाम नगरं, ",
"bv20:14.2":	"जयसेनो नाम खत्तियो; ",
"bv20:14.3":	"सिरिमा नाम जनिका, ",
"bv20:14.4":	"फुस्सस्सापि महेसिनो। ",
"bv20:15.1":	"नववस्ससहस्सानि, ",
"bv20:15.2":	"अगारं अज्झ सो वसि; ",
"bv20:15.3":	"गरुळपक्ख हंस सुवण्णभारा, ",
"bv20:15.4":	"तयो पासादमुत्तमा। ",
"bv20:16.1":	"तिंसैत्थिसहस्सानि, ",
"bv20:16.2":	"नारियो समलङ्कता; ",
"bv20:16.3":	"किसागोतमी नाम नारी, ",
"bv20:16.4":	"अनूपमो नाम अत्रजो। ",
"bv20:17.1":	"निमित्ते चतुरो दिस्वा, ",
"bv20:17.2":	"हत्थियानेन निक्खमि; ",
"bv20:17.3":	"छमासं पधानचारं, ",
"bv20:17.4":	"अचरी पुरिसुत्तमो। ",
"bv20:18.1":	"ब्रह्मुना याचितो सन्तो, ",
"bv20:18.2":	"फुस्सो लोकग्गनायको; ",
"bv20:18.3":	"वत्ति चक्कं महावीरो, ",
"bv20:18.4":	"मिगदाये नरुत्तमो। ",
"bv20:19.1":	"सुरक्खितो धम्मसेनो, ",
"bv20:19.2":	"अहेसुं अग्गसावका; ",
"bv20:19.3":	"सभियो नामुपट्ठाको, ",
"bv20:19.4":	"फुस्सस्सापि महेसिनो। ",
"bv20:20.1":	"चाला च उपचाला च, ",
"bv20:20.2":	"अहेसुं अग्गसाविका; ",
"bv20:20.3":	"बोधि तस्स भगवतो, ",
"bv20:20.4":	"आमण्डोति पवुच्चति। ",
"bv20:21.1":	"धनञ्चयो विसाखो च, ",
"bv20:21.2":	"अहेसुं अग्गुपट्ठका; ",
"bv20:21.3":	"पदुमा चेव नागा च, ",
"bv20:21.4":	"अहेसुं अग्गुपट्ठिका। ",
"bv20:22.1":	"अट्ठपण्णासरतनं, ",
"bv20:22.2":	"सोपि अच्चुग्गतो मुनि; ",
"bv20:22.3":	"सोभते सतरंसीव, ",
"bv20:22.4":	"उळुराजाव पूरितो। ",
"bv20:23.1":	"नवुतिवस्ससहस्सानि, ",
"bv20:23.2":	"आयु विज्जति तावदे; ",
"bv20:23.3":	"तावता तिट्ठमानो सो, ",
"bv20:23.4":	"तारेसि जनतं बहुं। ",
"bv20:24.1":	"ओवदित्वा बहू सत्ते, ",
"bv20:24.2":	"सन्तारेत्वा बहू जने; ",
"bv20:24.3":	"सोपि सत्था अतुलयसो, ",
"bv20:24.4":	"निब्बुतो सो ससावको। ",
"bv20:25.1":	"फुस्सो जिनवरो सत्था, ",
"bv20:25.2":	"सेनारामम्हि निब्बुतो; ",
"bv20:25.3":	"धातुवित्थारिकं आसि, ",
"bv20:25.4":	"तेसु तेसु पदेसतो”ति। ",
"bv20:26.1":	"फुस्सस्स भगवतो वंसो अट्ठारसमो। "
}	
