{	
"bv24:0.1":	"बुद्धवंस ",
"bv24:0.2":	"२४। ककुसन्धबुद्धवंस ",
"bv24:1.1":	"“वेस्सभुस्स अपरेन, ",
"bv24:1.2":	"सम्बुद्धो द्विपदुत्तमो; ",
"bv24:1.3":	"ककुसन्धो नाम नामेन, ",
"bv24:1.4":	"अप्पमेय्यो दुरासदो। ",
"bv24:2.1":	"उग्घाटेत्वा सब्बभवं, ",
"bv24:2.2":	"चरियाय पारमिं गतो; ",
"bv24:2.3":	"सीहोव पञ्जरं भेत्वा, ",
"bv24:2.4":	"पत्तो सम्बोधिमुत्तमं। ",
"bv24:3.1":	"धम्मचक्कं पवत्तेन्ते, ",
"bv24:3.2":	"ककुसन्धे लोकनायके; ",
"bv24:3.3":	"चत्तारीसकोटिसहस्सानं, ",
"bv24:3.4":	"धम्माभिसमयो अहु। ",
"bv24:4.1":	"अन्तलिक्खम्हि आकासे, ",
"bv24:4.2":	"यमकं कत्वा विकुब्बनं; ",
"bv24:4.3":	"तिंसकोटिसहस्सानं, ",
"bv24:4.4":	"बोधेसि देवमानुसे। ",
"bv24:5.1":	"नरदेवस्स यक्खस्स, ",
"bv24:5.2":	"चतुसच्चप्पकासने; ",
"bv24:5.3":	"धम्माभिसमयो तस्स, ",
"bv24:5.4":	"गणनातो असङ्खियो। ",
"bv24:6.1":	"ककुसन्धस्स भगवतो, ",
"bv24:6.2":	"एको आसि समागमो; ",
"bv24:6.3":	"खीणासवानं विमलानं, ",
"bv24:6.4":	"सन्तचित्तान तादिनं। ",
"bv24:7.1":	"चत्तालीससहस्सानं, ",
"bv24:7.2":	"तदा आसि समागमो; ",
"bv24:7.3":	"दन्तभूमिमनुप्पत्तानं, ",
"bv24:7.4":	"आसवारिगणक्खया। ",
"bv24:8.1":	"अहं तेन समयेन, ",
"bv24:8.2":	"खेमो नामासि खत्तियो; ",
"bv24:8.3":	"तथागते जिनपुत्ते, ",
"bv24:8.4":	"दानं दत्वा अनप्पकं। ",
"bv24:9.1":	"पत्तञ्च चीवरं दत्वा, ",
"bv24:9.2":	"अञ्जनं मधुलट्ठिकं; ",
"bv24:9.3":	"इमेतं पत्थितं सब्बं, ",
"bv24:9.4":	"पटियादेमि वरं वरं। ",
"bv24:10.1":	"सोपि मं बुद्धो ब्याकासि, ",
"bv24:10.2":	"ककुसन्धो विनायको; ",
"bv24:10.3":	"‘इमम्हि भद्दके कप्पे, ",
"bv24:10.4":	"अयं बुद्धो भविस्सति। ",
"bv24:11.1":	"अहु कपिलव्हया रम्मा, ",
"bv24:11.2":	"…पे… ",
"bv24:11.3":	"हेस्साम सम्मुखा इमं’। ",
"bv24:12.1":	"तस्सापि वचनं सुत्वा, ",
"bv24:12.2":	"भिय्यो चित्तं पसादयिं; ",
"bv24:12.3":	"उत्तरिं वतमधिट्ठासिं, ",
"bv24:12.4":	"दसपारमिपूरिया। ",
"bv24:13.1":	"नगरं खेमावती नाम, ",
"bv24:13.2":	"खेमो नामासहं तदा; ",
"bv24:13.3":	"सब्बञ्ञुतं गवेसन्तो, ",
"bv24:13.4":	"पब्बजिं तस्स सन्तिके। ",
"bv24:14.1":	"ब्राह्मणो अग्गिदत्तो च, ",
"bv24:14.2":	"आसि बुद्धस्स सो पिता; ",
"bv24:14.3":	"विसाखा नाम जनिका, ",
"bv24:14.4":	"ककुसन्धस्स सत्थुनो। ",
"bv24:15.1":	"वसते तत्थ खेमे पुरे, ",
"bv24:15.2":	"सम्बुद्धस्स महाकुलं; ",
"bv24:15.3":	"नरानं पवरं सेट्ठं, ",
"bv24:15.4":	"जातिमन्तं महायसं। ",
"bv24:16.1":	"चतुवस्ससहस्सानि, ",
"bv24:16.2":	"अगारं अज्झ सो वसि; ",
"bv24:16.3":	"कामकामवण्णकामसुद्धिनामा, ",
"bv24:16.4":	"तयो पासादमुत्तमा। ",
"bv24:17.1":	"समत्तिंससहस्सानि, ",
"bv24:17.2":	"नारियो समलङ्कता; ",
"bv24:17.3":	"रोचिनी नाम सा नारी, ",
"bv24:17.4":	"उत्तरो नाम अत्रजो। ",
"bv24:18.1":	"निमित्ते चतुरो दिस्वा, ",
"bv24:18.2":	"रथयानेन निक्खमि; ",
"bv24:18.3":	"अनूनअट्ठमासानि, ",
"bv24:18.4":	"पधानं पदही जिनो। ",
"bv24:19.1":	"ब्रह्मुना याचितो सन्तो, ",
"bv24:19.2":	"ककुसन्धो विनायको; ",
"bv24:19.3":	"वत्ति चक्कं महावीरो, ",
"bv24:19.4":	"मिगदाये नरुत्तमो। ",
"bv24:20.1":	"विधुरो च सञ्जीवो च, ",
"bv24:20.2":	"अहेसुं अग्गसावका; ",
"bv24:20.3":	"बुद्धिजो नामुपट्ठाको, ",
"bv24:20.4":	"ककुसन्धस्स सत्थुनो। ",
"bv24:21.1":	"सामा च चम्पानामा च, ",
"bv24:21.2":	"अहेसुं अग्गसाविका; ",
"bv24:21.3":	"बोधि तस्स भगवतो, ",
"bv24:21.4":	"सिरीसोति पवुच्चति। ",
"bv24:22.1":	"अच्चुतो च सुमनो च, ",
"bv24:22.2":	"अहेसुं अग्गुपट्ठका; ",
"bv24:22.3":	"नन्दा चेव सुनन्दा च, ",
"bv24:22.4":	"अहेसुं अग्गुपट्ठिका। ",
"bv24:23.1":	"चत्तालीसरतनानि, ",
"bv24:23.2":	"अच्चुग्गतो महामुनि; ",
"bv24:23.3":	"कनकप्पभा निच्छरति, ",
"bv24:23.4":	"समन्ता दसयोजनं। ",
"bv24:24.1":	"चत्तालीसवस्ससहस्सानि, ",
"bv24:24.2":	"आयु तस्स महेसिनो; ",
"bv24:24.3":	"तावता तिट्ठमानो सो, ",
"bv24:24.4":	"तारेसि जनतं बहुं। ",
"bv24:25.1":	"धम्मापणं पसारेत्वा, ",
"bv24:25.2":	"नरनारीनं सदेवके; ",
"bv24:25.3":	"नदित्वा सीहनादंव, ",
"bv24:25.4":	"निब्बुतो सो ससावको। ",
"bv24:26.1":	"अट्ठङ्गवचनसम्पन्नो, ",
"bv24:26.2":	"अच्छिद्दानि निरन्तरं; ",
"bv24:26.3":	"सब्बं तमन्तरहितं, ",
"bv24:26.4":	"ननु रित्ता सब्बसङ्खारा। ",
"bv24:27.1":	"ककुसन्धो जिनवरो, ",
"bv24:27.2":	"खेमारामम्हि निब्बुतो; ",
"bv24:27.3":	"तत्थेवस्स थूपवरो, ",
"bv24:27.4":	"गावुतं नभमुग्गतो”ति। ",
"bv24:28.1":	"ककुसन्धस्स भगवतो वंसो द्वावीसतिमो। "
}	
