{	
"bv28:0.1":	"बुद्धवंस ",
"bv28:0.2":	"२८। बुद्धपकिण्णककण्ड ",
"bv28:1.1":	"अपरिमेय्यितो कप्पे, ",
"bv28:1.2":	"चतुरो आसुं विनायका; ",
"bv28:1.3":	"तण्हङ्करो मेधङ्करो, ",
"bv28:1.4":	"अथोपि सरणङ्करो; ",
"bv28:1.5":	"दीपङ्करो च सम्बुद्धो, ",
"bv28:1.6":	"एककप्पम्हि ते जिना। ",
"bv28:2.1":	"दीपङ्करस्स अपरेन, ",
"bv28:2.2":	"कोण्डञ्ञो नाम नायको; ",
"bv28:2.3":	"एकोव एककप्पम्हि, ",
"bv28:2.4":	"तारेसि जनतं बहुं। ",
"bv28:3.1":	"दीपङ्करस्स भगवतो, ",
"bv28:3.2":	"कोण्डञ्ञस्स च सत्थुनो; ",
"bv28:3.3":	"एतेसं अन्तरा कप्पा, ",
"bv28:3.4":	"गणनातो असङ्खिया। ",
"bv28:4.1":	"कोण्डञ्ञस्स अपरेन, ",
"bv28:4.2":	"मङ्गलो नाम नायको; ",
"bv28:4.3":	"तेसम्पि अन्तरा कप्पा, ",
"bv28:4.4":	"गणनातो असङ्खिया। ",
"bv28:5.1":	"मङ्गलो च सुमनो च, ",
"bv28:5.2":	"रेवतो सोभितो मुनि; ",
"bv28:5.3":	"तेपि बुद्धा एककप्पे, ",
"bv28:5.4":	"चक्खुमन्तो पभङ्करा। ",
"bv28:6.1":	"सोभितस्स अपरेन, ",
"bv28:6.2":	"अनोमदस्सी महायसो; ",
"bv28:6.3":	"तेसम्पि अन्तरा कप्पा, ",
"bv28:6.4":	"गणनातो असङ्खिया। ",
"bv28:7.1":	"अनोमदस्सी पदुमो, ",
"bv28:7.2":	"नारदो चापि नायको; ",
"bv28:7.3":	"तेपि बुद्धा एककप्पे, ",
"bv28:7.4":	"तमन्तकारका मुनी। ",
"bv28:8.1":	"नारदस्स अपरेन, ",
"bv28:8.2":	"पदुमुत्तरो नाम नायको; ",
"bv28:8.3":	"एककप्पम्हि उप्पन्नो, ",
"bv28:8.4":	"तारेसि जनतं बहुं। ",
"bv28:9.1":	"नारदस्स भगवतो, ",
"bv28:9.2":	"पदुमुत्तरस्स सत्थुनो; ",
"bv28:9.3":	"तेसम्पि अन्तरा कप्पा, ",
"bv28:9.4":	"गणनातो असङ्खिया। ",
"bv28:10.1":	"कप्पसतसहस्सम्हि, ",
"bv28:10.2":	"एको आसि महामुनि; ",
"bv28:10.3":	"पदुमुत्तरो लोकविदू, ",
"bv28:10.4":	"आहुतीनं पटिग्गहो। ",
"bv28:11.1":	"तिंसकप्पसहस्सम्हि, ",
"bv28:11.2":	"दुवे आसुं विनायका; ",
"bv28:11.3":	"सुमेधो च सुजातो च, ",
"bv28:11.4":	"ओरतो पदुमुत्तरा। ",
"bv28:12.1":	"अट्ठारसे कप्पसते, ",
"bv28:12.2":	"तयो आसुं विनायका; ",
"bv28:12.3":	"पियदस्सी अत्थदस्सी, ",
"bv28:12.4":	"धम्मदस्सी च नायका। ",
"bv28:13.1":	"ओरतो च सुजातस्स, ",
"bv28:13.2":	"सम्बुद्धा द्विपदुत्तमा; ",
"bv28:13.3":	"एककप्पम्हि ते बुद्धा, ",
"bv28:13.4":	"लोके अप्पटिपुग्गला। ",
"bv28:14.1":	"चतुन्नवुतितो कप्पे, ",
"bv28:14.2":	"एको आसि महामुनि; ",
"bv28:14.3":	"सिद्धत्थो सो लोकविदू, ",
"bv28:14.4":	"सल्लकत्तो अनुत्तरो। ",
"bv28:15.1":	"द्वेनवुते इतो कप्पे, ",
"bv28:15.2":	"दुवे आसुं विनायका; ",
"bv28:15.3":	"तिस्सो फुस्सो च सम्बुद्धा, ",
"bv28:15.4":	"असमा अप्पटिपुग्गला। ",
"bv28:16.1":	"एकनवुतितो कप्पे, ",
"bv28:16.2":	"विपस्सी नाम नायको; ",
"bv28:16.3":	"सोपि बुद्धो कारुणिको, ",
"bv28:16.4":	"सत्ते मोचेसि बन्धना। ",
"bv28:17.1":	"एकतिंसे इतो कप्पे, ",
"bv28:17.2":	"दुवे आसुं विनायका; ",
"bv28:17.3":	"सिखी च वेस्सभू चेव, ",
"bv28:17.4":	"असमा अप्पटिपुग्गला। ",
"bv28:18.1":	"इमम्हि भद्दके कप्पे, ",
"bv28:18.2":	"तयो आसुं विनायका; ",
"bv28:18.3":	"ककुसन्धो कोणागमनो, ",
"bv28:18.4":	"कस्सपो चापि नायको। ",
"bv28:19.1":	"अहमेतरहि सम्बुद्धो, ",
"bv28:19.2":	"मेत्तेय्यो चापि हेस्सति; ",
"bv28:19.3":	"एतेपिमे पञ्च बुद्धा, ",
"bv28:19.4":	"धीरा लोकानुकम्पका। ",
"bv28:20.1":	"एतेसं धम्मराजूनं, ",
"bv28:20.2":	"अञ्ञेसंनेककोटिनं; ",
"bv28:20.3":	"आचिक्खित्वान तं मग्गं, ",
"bv28:20.4":	"निब्बुता ते ससावकाति। ",
"bv28:21.1":	"बुद्धपकिण्णककण्डं निट्ठितं। "
}	
