{	
"bv29:0.1":	"बुद्धवंस ",
"bv29:0.2":	"२९। धातुभाजनीयकथा ",
"bv29:1.1":	"महागोतमो जिनवरो, ",
"bv29:1.2":	"कुसिनारम्हि निब्बुतो; ",
"bv29:1.3":	"धातुवित्थारिकं आसि, ",
"bv29:1.4":	"तेसु तेसु पदेसतो। ",
"bv29:2.1":	"एको अजातसत्तुस्स, ",
"bv29:2.2":	"एको वेसालिया पुरे; ",
"bv29:2.3":	"एको कपिलवत्थुस्मिं, ",
"bv29:2.4":	"एको च अल्लकप्पके। ",
"bv29:3.1":	"एको च रामगामम्हि, ",
"bv29:3.2":	"एको च वेठदीपके; ",
"bv29:3.3":	"एको पावेय्यके मल्ले, ",
"bv29:3.4":	"एको च कोसिनारके। ",
"bv29:4.1":	"कुम्भस्स थूपं कारेसि, ",
"bv29:4.2":	"ब्राह्मणो दोणसव्हयो; ",
"bv29:4.3":	"अङ्गारथूपं कारेसुं, ",
"bv29:4.4":	"मोरिया तुट्ठमानसा। ",
"bv29:5.1":	"अट्ठ सारीरिका थूपा, ",
"bv29:5.2":	"नवमो कुम्भचेतियो; ",
"bv29:5.3":	"अङ्गारथूपो दसमो, ",
"bv29:5.4":	"तदायेव पतिट्ठितो। ",
"bv29:6.1":	"उण्हीसं चतस्सो दाठा, ",
"bv29:6.2":	"अक्खका द्वे च धातुयो; ",
"bv29:6.3":	"असम्भिन्ना इमा सत्त, ",
"bv29:6.4":	"सेसा भिन्नाव धातुयो। ",
"bv29:7.1":	"महन्ता मुग्गमत्ता च, ",
"bv29:7.2":	"मज्झिमा भिन्नतण्डुला; ",
"bv29:7.3":	"खुद्दका सासपमत्ता च, ",
"bv29:7.4":	"नानावण्णा च धातुयो। ",
"bv29:8.1":	"महन्ता सुवण्णवण्णा च, ",
"bv29:8.2":	"मुत्तवण्णा च मज्झिमा; ",
"bv29:8.3":	"खुद्दका मकुलवण्णा च, ",
"bv29:8.4":	"सोळसदोणमत्तिका। ",
"bv29:9.1":	"महन्ता पञ्च नाळियो, ",
"bv29:9.2":	"नाळियो पञ्च मज्झिमा; ",
"bv29:9.3":	"खुद्दका छ नाळी चेव, ",
"bv29:9.4":	"एता सब्बापि धातुयो। ",
"bv29:10.1":	"उण्हीसं सीहळे दीपे, ",
"bv29:10.2":	"ब्रह्मलोके च वामकं; ",
"bv29:10.3":	"सीहळे दक्खिणक्खञ्च, ",
"bv29:10.4":	"सब्बापेता पतिट्ठिता। ",
"bv29:11.1":	"एका दाठा तिदसपुरे, ",
"bv29:11.2":	"एका नागपुरे अहु; ",
"bv29:11.3":	"एका गन्धारविसये, ",
"bv29:11.4":	"एका कलिङ्गराजिनो। ",
"bv29:12.1":	"चत्तालीससमा दन्ता, ",
"bv29:12.2":	"केसा लोमा च सब्बसो; ",
"bv29:12.3":	"देवा हरिंसु एकेकं, ",
"bv29:12.4":	"चक्कवाळपरम्परा। ",
"bv29:13.1":	"वजिरायं भगवतो, ",
"bv29:13.2":	"पत्तो दण्डञ्च चीवरं; ",
"bv29:13.3":	"निवासनं कुलघरे, ",
"bv29:13.4":	"पच्चत्थरणं कपिलव्हये। ",
"bv29:14.1":	"पाटलिपुत्तपुरम्हि, ",
"bv29:14.2":	"करणं कायबन्धनं; ",
"bv29:14.3":	"चम्पायुदकसाटियं, ",
"bv29:14.4":	"उण्णलोमञ्च कोसले। ",
"bv29:15.1":	"कासावं ब्रह्मलोके च, ",
"bv29:15.2":	"वेठनं तिदसे पुरे; ",
"bv29:15.3":	"निसीदनं अवन्तीसु, ",
"bv29:15.4":	"रट्ठे अत्थरणं तदा। ",
"bv29:16.1":	"अरणी च मिथिलायं, ",
"bv29:16.2":	"विदेहे परिसावनं; ",
"bv29:16.3":	"वासि सूचिघरञ्चापि, ",
"bv29:16.4":	"इन्दपत्थपुरे तदा। ",
"bv29:17.1":	"परिक्खारा अवसेसा, ",
"bv29:17.2":	"जनपदे अपरन्तके; ",
"bv29:17.3":	"परिभुत्तानि मुनिना, ",
"bv29:17.4":	"अकंसु मनुजा तदा। ",
"bv29:18.1":	"धातुवित्थारिकं आसि, ",
"bv29:18.2":	"गोतमस्स महेसिनो; ",
"bv29:18.3":	"पाणीनं अनुकम्पाय, ",
"bv29:18.4":	"अहु पोराणिकं तदाति। "
}	
