{	
"bv2:0.1":	"बुद्धवंस ",
"bv2:0.2":	"२ सुमेधपत्थनाकथा ",
"bv2:1.1":	"“कप्पे च सतसहस्से, ",
"bv2:1.2":	"चतुरो च असङ्खिये; ",
"bv2:1.3":	"अमरं नाम नगरं, ",
"bv2:1.4":	"दस्सनेय्यं मनोरमं। ",
"bv2:2.1":	"दसहि सद्देहि अविवित्तं, ",
"bv2:2.2":	"अन्नपानसमायुतं; ",
"bv2:2.3":	"हत्थिसद्दं अस्ससद्दं, ",
"bv2:2.4":	"भेरिसङ्खरथानि च; ",
"bv2:2.5":	"खादथ पिवथ चेव, ",
"bv2:2.6":	"अन्नपानेन घोसितं। ",
"bv2:3.1":	"नगरं सब्बङ्गसम्पन्नं, ",
"bv2:3.2":	"सब्बकम्ममुपागतं; ",
"bv2:3.3":	"सत्तरतनसम्पन्नं, ",
"bv2:3.4":	"नानाजनसमाकुलं; ",
"bv2:3.5":	"समिद्धं देवनगरंव, ",
"bv2:3.6":	"आवासं पुञ्ञकम्मिनं। ",
"bv2:4.1":	"नगरे अमरवतिया, ",
"bv2:4.2":	"सुमेधो नाम ब्राह्मणो; ",
"bv2:4.3":	"अनेककोटिसन्निचयो, ",
"bv2:4.4":	"पहूतधनधञ्ञवा। ",
"bv2:5.1":	"अज्झायको मन्तधरो, ",
"bv2:5.2":	"तिण्णं वेदान पारगू; ",
"bv2:5.3":	"लक्खणे इतिहासे च, ",
"bv2:5.4":	"सधम्मे पारमिं गतो। ",
"bv2:6.1":	"रहोगतो निसीदित्वा, ",
"bv2:6.2":	"एवं चिन्तेसहं तदा; ",
"bv2:6.3":	"‘दुक्खो पुनब्भवो नाम, ",
"bv2:6.4":	"सरीरस्स च भेदनं। ",
"bv2:7.1":	"जातिधम्मो जराधम्मो, ",
"bv2:7.2":	"ब्याधिधम्मो सहं तदा; ",
"bv2:7.3":	"अजरं अमतं खेमं, ",
"bv2:7.4":	"परियेसिस्सामि निब्बुतिं। ",
"bv2:8.1":	"यंनूनिमं पूतिकायं, ",
"bv2:8.2":	"नानाकुणपपूरितं; ",
"bv2:8.3":	"छड्डयित्वान गच्छेय्यं, ",
"bv2:8.4":	"अनपेक्खो अनत्थिको। ",
"bv2:9.1":	"अत्थि हेहिति सो मग्गो, ",
"bv2:9.2":	"न सो सक्का न हेतुये; ",
"bv2:9.3":	"परियेसिस्सामि तं मग्गं, ",
"bv2:9.4":	"भवतो परिमुत्तिया। ",
"bv2:10.1":	"यथापि दुक्खे विज्जन्ते, ",
"bv2:10.2":	"सुखं नामपि विज्जति; ",
"bv2:10.3":	"एवं भवे विज्जमाने, ",
"bv2:10.4":	"विभवोपि इच्छितब्बको। ",
"bv2:11.1":	"यथापि उण्हे विज्जन्ते, ",
"bv2:11.2":	"अपरं विज्जति सीतलं; ",
"bv2:11.3":	"एवं तिविधग्गि विज्जन्ते, ",
"bv2:11.4":	"निब्बानं इच्छितब्बकं। ",
"bv2:12.1":	"यथापि पापे विज्जन्ते, ",
"bv2:12.2":	"कल्याणमपि विज्जति; ",
"bv2:12.3":	"एवमेवं जाति विज्जन्ते, ",
"bv2:12.4":	"अजातिपिच्छितब्बकं। ",
"bv2:13.1":	"यथा गूथगतो पुरिसो, ",
"bv2:13.2":	"तळाकं दिस्वान पूरितं; ",
"bv2:13.3":	"न गवेसति तं तळाकं, ",
"bv2:13.4":	"न दोसो तळाकस्स सो। ",
"bv2:14.1":	"एवं किलेसमलधोवं, ",
"bv2:14.2":	"विज्जन्ते अमतन्तळे; ",
"bv2:14.3":	"न गवेसति तं तळाकं, ",
"bv2:14.4":	"न दोसो अमतन्तळे। ",
"bv2:15.1":	"यथा अरीहि परिरुद्धो, ",
"bv2:15.2":	"विज्जन्ते गमनम्पथे; ",
"bv2:15.3":	"न पलायति सो पुरिसो, ",
"bv2:15.4":	"न दोसो अञ्जसस्स सो। ",
"bv2:16.1":	"एवं किलेसपरिरुद्धो, ",
"bv2:16.2":	"विज्जमाने सिवे पथे; ",
"bv2:16.3":	"न गवेसति तं मग्गं, ",
"bv2:16.4":	"न दोसो सिवमञ्जसे। ",
"bv2:17.1":	"यथापि ब्याधितो पुरिसो, ",
"bv2:17.2":	"विज्जमाने तिकिच्छके; ",
"bv2:17.3":	"न तिकिच्छापेति तं ब्याधिं, ",
"bv2:17.4":	"न दोसो सो तिकिच्छके। ",
"bv2:18.1":	"एवं किलेसब्याधीहि, ",
"bv2:18.2":	"दुक्खितो परिपीळितो; ",
"bv2:18.3":	"न गवेसति तं आचरियं, ",
"bv2:18.4":	"न दोसो सो विनायके। ",
"bv2:19.1":	"यथापि कुणपं पुरिसो, ",
"bv2:19.2":	"कण्ठे बद्धं जिगुच्छिय; ",
"bv2:19.3":	"मोचयित्वान गच्छेय्य, ",
"bv2:19.4":	"सुखी सेरी सयंवसी। ",
"bv2:20.1":	"तथेविमं पूतिकायं, ",
"bv2:20.2":	"नानाकुणपसञ्चयं; ",
"bv2:20.3":	"छड्डयित्वान गच्छेय्यं, ",
"bv2:20.4":	"अनपेक्खो अनत्थिको। ",
"bv2:21.1":	"यथा उच्चारट्ठानम्हि, ",
"bv2:21.2":	"करीसं नरनारियो; ",
"bv2:21.3":	"छड्डयित्वान गच्छन्ति, ",
"bv2:21.4":	"अनपेक्खा अनत्थिका। ",
"bv2:22.1":	"एवमेवाहं इमं कायं, ",
"bv2:22.2":	"नानाकुणपपूरितं; ",
"bv2:22.3":	"छड्डयित्वान गच्छिस्सं, ",
"bv2:22.4":	"वच्चं कत्वा यथा कुटिं। ",
"bv2:23.1":	"यथापि जज्जरं नावं, ",
"bv2:23.2":	"पलुग्गं उदगाहिनिं; ",
"bv2:23.3":	"सामी छड्डेत्वा गच्छन्ति, ",
"bv2:23.4":	"अनपेक्खा अनत्थिका। ",
"bv2:24.1":	"एवमेवाहं इमं कायं, ",
"bv2:24.2":	"नवच्छिद्दं धुवस्सवं; ",
"bv2:24.3":	"छड्डयित्वान गच्छिस्सं, ",
"bv2:24.4":	"जिण्णनावंव सामिका। ",
"bv2:25.1":	"यथापि पुरिसो चोरेहि, ",
"bv2:25.2":	"गच्छन्तो भण्डमादिय; ",
"bv2:25.3":	"भण्डच्छेदभयं दिस्वा, ",
"bv2:25.4":	"छड्डयित्वान गच्छति। ",
"bv2:26.1":	"एवमेवं अयं कायो, ",
"bv2:26.2":	"महाचोरसमो विय; ",
"bv2:26.3":	"पहायिमं गमिस्सामि, ",
"bv2:26.4":	"कुसलच्छेदना भया’। ",
"bv2:27.1":	"एवाहं चिन्तयित्वान, ",
"bv2:27.2":	"नेककोटिसतं धनं; ",
"bv2:27.3":	"नाथानाथानं दत्वान, ",
"bv2:27.4":	"हिमवन्तमुपागमिं। ",
"bv2:28.1":	"हिमवन्तस्साविदूरे, ",
"bv2:28.2":	"धम्मिको नाम पब्बतो; ",
"bv2:28.3":	"अस्समो सुकतो मय्हं, ",
"bv2:28.4":	"पण्णसाला सुमापिता। ",
"bv2:29.1":	"चङ्कमं तत्थ मापेसिं, ",
"bv2:29.2":	"पञ्चदोसविवज्जितं; ",
"bv2:29.3":	"अट्ठगुणसमुपेतं, ",
"bv2:29.4":	"अभिञ्ञाबलमाहरिं। ",
"bv2:30.1":	"साटकं पजहिं तत्थ, ",
"bv2:30.2":	"नवदोसमुपागतं; ",
"bv2:30.3":	"वाकचीरं निवासेसिं, ",
"bv2:30.4":	"द्वादसगुणमुपागतं। ",
"bv2:31.1":	"अट्ठदोससमाकिण्णं, ",
"bv2:31.2":	"पजहिं पण्णसालकं; ",
"bv2:31.3":	"उपागमिं रुक्खमूलं, ",
"bv2:31.4":	"गुणे दसहुपागतं। ",
"bv2:32.1":	"वापितं रोपितं धञ्ञं, ",
"bv2:32.2":	"पजहिं निरवसेसतो; ",
"bv2:32.3":	"अनेकगुणसम्पन्नं, ",
"bv2:32.4":	"पवत्तफलमादियिं। ",
"bv2:33.1":	"तत्थप्पधानं पदहिं, ",
"bv2:33.2":	"निसज्जट्ठानचङ्कमे; ",
"bv2:33.3":	"अब्भन्तरम्हि सत्ताहे, ",
"bv2:33.4":	"अभिञ्ञाबलपापुणिं। ",
"bv2:34.1":	"एवं मे सिद्धिप्पत्तस्स, ",
"bv2:34.2":	"वसीभूतस्स सासने; ",
"bv2:34.3":	"दीपङ्करो नाम जिनो, ",
"bv2:34.4":	"उप्पज्जि लोकनायको। ",
"bv2:35.1":	"उप्पज्जन्ते च जायन्ते, ",
"bv2:35.2":	"बुज्झन्ते धम्मदेसने; ",
"bv2:35.3":	"चतुरो निमित्ते नाद्दसं, ",
"bv2:35.4":	"झानरतिसमप्पितो। ",
"bv2:36.1":	"पच्चन्तदेसविसये, ",
"bv2:36.2":	"निमन्तेत्वा तथागतं; ",
"bv2:36.3":	"तस्स आगमनं मग्गं, ",
"bv2:36.4":	"सोधेन्ति तुट्ठमानसा। ",
"bv2:37.1":	"अहं तेन समयेन, ",
"bv2:37.2":	"निक्खमित्वा सकस्समा; ",
"bv2:37.3":	"धुनन्तो वाकचीरानि, ",
"bv2:37.4":	"गच्छामि अम्बरे तदा। ",
"bv2:38.1":	"वेदजातं जनं दिस्वा, ",
"bv2:38.2":	"तुट्ठहट्ठं पमोदितं; ",
"bv2:38.3":	"ओरोहित्वान गगना, ",
"bv2:38.4":	"मनुस्से पुच्छि तावदे। ",
"bv2:39.1":	"‘तुट्ठहट्ठो पमुदितो, ",
"bv2:39.2":	"वेदजातो महाजनो; ",
"bv2:39.3":	"कस्स सोधीयति मग्गो, ",
"bv2:39.4":	"अञ्जसं वटुमायनं’। ",
"bv2:40.1":	"ते मे पुट्ठा वियाकंसु, ",
"bv2:40.2":	"‘बुद्धो लोके अनुत्तरो; ",
"bv2:40.3":	"दीपङ्करो नाम जिनो, ",
"bv2:40.4":	"उप्पज्जि लोकनायको; ",
"bv2:40.5":	"तस्स सोधीयति मग्गो, ",
"bv2:40.6":	"अञ्जसं वटुमायनं’। ",
"bv2:41.1":	"बुद्धोतिवचनं सुत्वान, ",
"bv2:41.2":	"पीति उप्पज्जि तावदे; ",
"bv2:41.3":	"बुद्धो बुद्धोति कथयन्तो, ",
"bv2:41.4":	"सोमनस्सं पवेदयिं। ",
"bv2:42.1":	"तत्थ ठत्वा विचिन्तेसिं, ",
"bv2:42.2":	"तुट्ठो संविग्गमानसो; ",
"bv2:42.3":	"‘इध बीजानि रोपिस्सं, ",
"bv2:42.4":	"खणो वे मा उपच्चगा’। ",
"bv2:43.1":	"‘यदि बुद्धस्स सोधेथ, ",
"bv2:43.2":	"एकोकासं ददाथ मे; ",
"bv2:43.3":	"अहम्पि सोधयिस्सामि, ",
"bv2:43.4":	"अञ्जसं वटुमायनं’। ",
"bv2:44.1":	"अदंसु ते ममोकासं, ",
"bv2:44.2":	"सोधेतुं अञ्जसं तदा; ",
"bv2:44.3":	"बुद्धो बुद्धोति चिन्तेन्तो, ",
"bv2:44.4":	"मग्गं सोधेमहं तदा। ",
"bv2:45.1":	"अनिट्ठिते ममोकासे, ",
"bv2:45.2":	"दीपङ्करो महामुनि; ",
"bv2:45.3":	"चतूहि सतसहस्सेहि, ",
"bv2:45.4":	"छळभिञ्ञेहि तादिहि; ",
"bv2:45.5":	"खीणासवेहि विमलेहि, ",
"bv2:45.6":	"पटिपज्जि अञ्जसं जिनो। ",
"bv2:46.1":	"पच्चुग्गमना वत्तन्ति, ",
"bv2:46.2":	"वज्जन्ति भेरियो बहू; ",
"bv2:46.3":	"आमोदिता नरमरू, ",
"bv2:46.4":	"साधुकारं पवत्तयुं। ",
"bv2:47.1":	"देवा मनुस्से पस्सन्ति, ",
"bv2:47.2":	"मनुस्सापि च देवता; ",
"bv2:47.3":	"उभोपि ते पञ्जलिका, ",
"bv2:47.4":	"अनुयन्ति तथागतं। ",
"bv2:48.1":	"देवा दिब्बेहि तुरियेहि, ",
"bv2:48.2":	"मनुस्सा मानुसेहि च; ",
"bv2:48.3":	"उभोपि ते वज्जयन्ता, ",
"bv2:48.4":	"अनुयन्ति तथागतं। ",
"bv2:49.1":	"दिब्बं मन्दारवं पुप्फं, ",
"bv2:49.2":	"पदुमं पारिछत्तकं; ",
"bv2:49.3":	"दिसोदिसं ओकिरन्ति, ",
"bv2:49.4":	"आकासनभगता मरू। ",
"bv2:50.1":	"दिब्बं चन्दनचुण्णञ्च, ",
"bv2:50.2":	"वरगन्धञ्च केवलं; ",
"bv2:50.3":	"दिसोदिसं ओकिरन्ति, ",
"bv2:50.4":	"आकासनभगता मरू। ",
"bv2:51.1":	"चम्पकं सरलं नीपं, ",
"bv2:51.2":	"नागपुन्नागकेतकं; ",
"bv2:51.3":	"दिसोदिसं उक्खिपन्ति, ",
"bv2:51.4":	"भूमितलगता नरा। ",
"bv2:52.1":	"केसे मुञ्चित्वाहं तत्थ, ",
"bv2:52.2":	"वाकचीरञ्च चम्मकं; ",
"bv2:52.3":	"कलले पत्थरित्वान, ",
"bv2:52.4":	"अवकुज्जो निपज्जहं। ",
"bv2:53.1":	"‘अक्कमित्वान मं बुद्धो, ",
"bv2:53.2":	"सह सिस्सेहि गच्छतु; ",
"bv2:53.3":	"मा नं कलले अक्कमित्थ, ",
"bv2:53.4":	"हिताय मे भविस्सति’। ",
"bv2:54.1":	"पथवियं निपन्नस्स, ",
"bv2:54.2":	"एवं मे आसि चेतसो; ",
"bv2:54.3":	"‘इच्छमानो अहं अज्ज, ",
"bv2:54.4":	"किलेसे झापये मम। ",
"bv2:55.1":	"किं मे अञ्ञातवेसेन, ",
"bv2:55.2":	"धम्मं सच्छिकतेनिध; ",
"bv2:55.3":	"सब्बञ्ञुतं पापुणित्वा, ",
"bv2:55.4":	"बुद्धो हेस्सं सदेवके। ",
"bv2:56.1":	"किं मे एकेन तिण्णेन, ",
"bv2:56.2":	"पुरिसेन थामदस्सिना; ",
"bv2:56.3":	"सब्बञ्ञुतं पापुणित्वा, ",
"bv2:56.4":	"सन्तारेस्सं सदेवकं। ",
"bv2:57.1":	"इमिना मे अधिकारेन, ",
"bv2:57.2":	"कतेन पुरिसुत्तमे; ",
"bv2:57.3":	"सब्बञ्ञुतं पापुणित्वा, ",
"bv2:57.4":	"तारेमि जनतं बहुं। ",
"bv2:58.1":	"संसारसोतं छिन्दित्वा, ",
"bv2:58.2":	"विद्धंसेत्वा तयो भवे; ",
"bv2:58.3":	"धम्मनावं समारुय्ह, ",
"bv2:58.4":	"सन्तारेस्सं सदेवकं। ",
"bv2:59.1":	"मनुस्सत्तं लिङ्गसम्पत्ति, ",
"bv2:59.2":	"हेतु सत्थारदस्सनं; ",
"bv2:59.3":	"पब्बज्जा गुणसम्पत्ति, ",
"bv2:59.4":	"अधिकारो च छन्दता; ",
"bv2:59.5":	"अट्ठधम्मसमोधाना, ",
"bv2:59.6":	"अभिनीहारो समिज्झति’। ",
"bv2:60.1":	"दीपङ्करो लोकविदू, ",
"bv2:60.2":	"आहुतीनं पटिग्गहो; ",
"bv2:60.3":	"उस्सीसके मं ठत्वान, ",
"bv2:60.4":	"इदं वचनमब्रवि। ",
"bv2:61.1":	"‘पस्सथ इमं तापसं, ",
"bv2:61.2":	"जटिलं उग्गतापनं; ",
"bv2:61.3":	"अपरिमेय्यितो कप्पे, ",
"bv2:61.4":	"बुद्धो लोके भविस्सति। ",
"bv2:62.1":	"अहु कपिलव्हया रम्मा, ",
"bv2:62.2":	"निक्खमित्वा तथागतो; ",
"bv2:62.3":	"पधानं पदहित्वान, ",
"bv2:62.4":	"कत्वा दुक्करकारिकं। ",
"bv2:63.1":	"अजपालरुक्खमूलस्मिं, ",
"bv2:63.2":	"निसीदित्वा तथागतो; ",
"bv2:63.3":	"तत्थ पायासं पग्गय्ह, ",
"bv2:63.4":	"नेरञ्जरमुपेहिति। ",
"bv2:64.1":	"नेरञ्जराय तीरम्हि, ",
"bv2:64.2":	"पायासं अद सो जिनो; ",
"bv2:64.3":	"पटियत्तवरमग्गेन, ",
"bv2:64.4":	"बोधिमूलमुपेहिति। ",
"bv2:65.1":	"ततो पदक्खिणं कत्वा, ",
"bv2:65.2":	"बोधिमण्डं अनुत्तरो; ",
"bv2:65.3":	"अस्सत्थरुक्खमूलम्हि, ",
"bv2:65.4":	"बुज्झिस्सति महायसो। ",
"bv2:66.1":	"इमस्स जनिका माता, ",
"bv2:66.2":	"माया नाम भविस्सति; ",
"bv2:66.3":	"पिता सुद्धोदनो नाम, ",
"bv2:66.4":	"अयं हेस्सति गोतमो। ",
"bv2:67.1":	"अनासवा वीतरागा, ",
"bv2:67.2":	"सन्तचित्ता समाहिता; ",
"bv2:67.3":	"कोलितो उपतिस्सो च, ",
"bv2:67.4":	"अग्गा हेस्सन्ति सावका; ",
"bv2:67.5":	"आनन्दो नामुपट्ठाको, ",
"bv2:67.6":	"उपट्ठिस्सतिमं जिनं। ",
"bv2:68.1":	"खेमा उप्पलवण्णा च, ",
"bv2:68.2":	"अग्गा हेस्सन्ति साविका; ",
"bv2:68.3":	"अनासवा वीतरागा, ",
"bv2:68.4":	"सन्तचित्ता समाहिता; ",
"bv2:68.5":	"बोधि तस्स भगवतो, ",
"bv2:68.6":	"अस्सत्थोति पवुच्चति। ",
"bv2:69.1":	"चित्तो च हत्थाळवको, ",
"bv2:69.2":	"अग्गा हेस्सन्तुपट्ठका; ",
"bv2:69.3":	"उत्तरा नन्दमाता च, ",
"bv2:69.4":	"अग्गा हेस्सन्तुपट्ठिका’। ",
"bv2:70.1":	"इदं सुत्वान वचनं, ",
"bv2:70.2":	"असमस्स महेसिनो; ",
"bv2:70.3":	"आमोदिता नरमरू, ",
"bv2:70.4":	"बुद्धबीजं किर अयं। ",
"bv2:71.1":	"उक्कुट्ठिसद्दा वत्तन्ति, ",
"bv2:71.2":	"अप्फोटेन्ति हसन्ति च; ",
"bv2:71.3":	"कतञ्जली नमस्सन्ति, ",
"bv2:71.4":	"दससहस्सी सदेवका। ",
"bv2:72.1":	"‘यदिमस्स लोकनाथस्स, ",
"bv2:72.2":	"विरज्झिस्साम सासनं; ",
"bv2:72.3":	"अनागतम्हि अद्धाने, ",
"bv2:72.4":	"हेस्साम सम्मुखा इमं। ",
"bv2:73.1":	"यथा मनुस्सा नदिं तरन्ता, ",
"bv2:73.2":	"पटितित्थं विरज्झिय; ",
"bv2:73.3":	"हेट्ठातित्थे गहेत्वान, ",
"bv2:73.4":	"उत्तरन्ति महानदिं। ",
"bv2:74.1":	"एवमेवं मयं सब्बे, ",
"bv2:74.2":	"यदि मुञ्चामिमं जिनं; ",
"bv2:74.3":	"अनागतम्हि अद्धाने, ",
"bv2:74.4":	"हेस्साम सम्मुखा इमं’। ",
"bv2:75.1":	"दीपङ्करो लोकविदू, ",
"bv2:75.2":	"आहुतीनं पटिग्गहो; ",
"bv2:75.3":	"मम कम्मं पकित्तेत्वा, ",
"bv2:75.4":	"दक्खिणं पादमुद्धरि। ",
"bv2:76.1":	"ये तत्थासुं जिनपुत्ता, ",
"bv2:76.2":	"पदक्खिणमकंसु मं; ",
"bv2:76.3":	"देवा मनुस्सा असुरा च, ",
"bv2:76.4":	"अभिवादेत्वान पक्कमुं। ",
"bv2:77.1":	"दस्सनं मे अतिक्कन्ते, ",
"bv2:77.2":	"ससङ्घे लोकनायके; ",
"bv2:77.3":	"सयना वुट्ठहित्वान, ",
"bv2:77.4":	"पल्लङ्कं आभुजिं तदा। ",
"bv2:78.1":	"सुखेन सुखितो होमि, ",
"bv2:78.2":	"पामोज्जेन पमोदितो; ",
"bv2:78.3":	"पीतिया च अभिस्सन्नो, ",
"bv2:78.4":	"पल्लङ्कं आभुजिं तदा। ",
"bv2:79.1":	"पल्लङ्केन निसीदित्वा, ",
"bv2:79.2":	"एवं चिन्तेसहं तदा; ",
"bv2:79.3":	"‘वसीभूतो अहं झाने, ",
"bv2:79.4":	"अभिञ्ञासु पारमिङ्गतो। ",
"bv2:80.1":	"सहस्सियम्हि लोकम्हि, ",
"bv2:80.2":	"इसयो नत्थि मे समा; ",
"bv2:80.3":	"असमो इद्धिधम्मेसु, ",
"bv2:80.4":	"अलभिं ईदिसं सुखं’। ",
"bv2:81.1":	"पल्लङ्काभुजने मय्हं, ",
"bv2:81.2":	"दससहस्साधिवासिनो; ",
"bv2:81.3":	"महानादं पवत्तेसुं, ",
"bv2:81.4":	"‘धुवं बुद्धो भविस्ससि। ",
"bv2:82.1":	"या पुब्बे बोधिसत्तानं, ",
"bv2:82.2":	"पल्लङ्कवरमाभुजे; ",
"bv2:82.3":	"निमित्तानि पदिस्सन्ति, ",
"bv2:82.4":	"तानि अज्ज पदिस्सरे। ",
"bv2:83.1":	"सीतं ब्यपगतं होति, ",
"bv2:83.2":	"उण्हञ्च उपसम्मति; ",
"bv2:83.3":	"तानि अज्ज पदिस्सन्ति, ",
"bv2:83.4":	"धुवं बुद्धो भविस्ससि। ",
"bv2:84.1":	"दससहस्सी लोकधातू, ",
"bv2:84.2":	"निस्सद्दा होन्ति निराकुला; ",
"bv2:84.3":	"तानि अज्ज पदिस्सन्ति, ",
"bv2:84.4":	"धुवं बुद्धो भविस्ससि। ",
"bv2:85.1":	"महावाता न वायन्ति, ",
"bv2:85.2":	"न सन्दन्ति सवन्तियो; ",
"bv2:85.3":	"तानि अज्ज पदिस्सन्ति, ",
"bv2:85.4":	"धुवं बुद्धो भविस्ससि। ",
"bv2:86.1":	"थलजा दकजा पुप्फा, ",
"bv2:86.2":	"सब्बे पुप्फन्ति तावदे; ",
"bv2:86.3":	"तेपज्ज पुप्फिता सब्बे, ",
"bv2:86.4":	"धुवं बुद्धो भविस्ससि। ",
"bv2:87.1":	"लता वा यदि वा रुक्खा, ",
"bv2:87.2":	"फलभारा होन्ति तावदे; ",
"bv2:87.3":	"तेपज्ज फलिता सब्बे, ",
"bv2:87.4":	"धुवं बुद्धो भविस्ससि। ",
"bv2:88.1":	"आकासट्ठा च भूमट्ठा, ",
"bv2:88.2":	"रतना जोतन्ति तावदे; ",
"bv2:88.3":	"तेपज्ज रतना जोतन्ति, ",
"bv2:88.4":	"धुवं बुद्धो भविस्ससि। ",
"bv2:89.1":	"मानुस्सका च दिब्बा च, ",
"bv2:89.2":	"तुरिया वज्जन्ति तावदे; ",
"bv2:89.3":	"तेपज्जुभो अभिरवन्ति, ",
"bv2:89.4":	"धुवं बुद्धो भविस्ससि। ",
"bv2:90.1":	"विचित्रपुप्फा गगना, ",
"bv2:90.2":	"अभिवस्सन्ति तावदे; ",
"bv2:90.3":	"तेपि अज्ज पवस्सन्ति, ",
"bv2:90.4":	"धुवं बुद्धो भविस्ससि। ",
"bv2:91.1":	"महासमुद्दो आभुजति, ",
"bv2:91.2":	"दससहस्सी पकम्पति; ",
"bv2:91.3":	"तेपज्जुभो अभिरवन्ति, ",
"bv2:91.4":	"धुवं बुद्धो भविस्ससि। ",
"bv2:92.1":	"निरयेपि दससहस्से, ",
"bv2:92.2":	"अग्गी निब्बन्ति तावदे; ",
"bv2:92.3":	"तेपज्ज निब्बुता अग्गी, ",
"bv2:92.4":	"धुवं बुद्धो भविस्ससि। ",
"bv2:93.1":	"विमलो होति सूरियो, ",
"bv2:93.2":	"सब्बा दिस्सन्ति तारका; ",
"bv2:93.3":	"तेपि अज्ज पदिस्सन्ति, ",
"bv2:93.4":	"धुवं बुद्धो भविस्ससि। ",
"bv2:94.1":	"अनोवट्ठेन उदकं, ",
"bv2:94.2":	"महिया उब्भिज्जि तावदे; ",
"bv2:94.3":	"तम्पज्जुब्भिज्जते महिया, ",
"bv2:94.4":	"धुवं बुद्धो भविस्ससि। ",
"bv2:95.1":	"तारागणा विरोचन्ति, ",
"bv2:95.2":	"नक्खत्ता गगनमण्डले; ",
"bv2:95.3":	"विसाखा चन्दिमायुत्ता, ",
"bv2:95.4":	"धुवं बुद्धो भविस्ससि। ",
"bv2:96.1":	"बिलासया दरीसया, ",
"bv2:96.2":	"निक्खमन्ति सकासया; ",
"bv2:96.3":	"तेपज्ज आसया छुद्धा, ",
"bv2:96.4":	"धुवं बुद्धो भविस्ससि। ",
"bv2:97.1":	"न होन्ति अरती सत्तानं, ",
"bv2:97.2":	"सन्तुट्ठा होन्ति तावदे; ",
"bv2:97.3":	"तेपज्ज सब्बे सन्तुट्ठा, ",
"bv2:97.4":	"धुवं बुद्धो भविस्ससि। ",
"bv2:98.1":	"रोगा तदुपसम्मन्ति, ",
"bv2:98.2":	"जिघच्छा च विनस्सति; ",
"bv2:98.3":	"तानि अज्ज पदिस्सन्ति, ",
"bv2:98.4":	"धुवं बुद्धो भविस्ससि। ",
"bv2:99.1":	"रागो तदा तनु होति, ",
"bv2:99.2":	"दोसो मोहो विनस्सति; ",
"bv2:99.3":	"तेपज्ज विगता सब्बे, ",
"bv2:99.4":	"धुवं बुद्धो भविस्ससि। ",
"bv2:100.1":	"भयं तदा न भवति, ",
"bv2:100.2":	"अज्जपेतं पदिस्सति; ",
"bv2:100.3":	"तेन लिङ्गेन जानाम, ",
"bv2:100.4":	"धुवं बुद्धो भविस्ससि। ",
"bv2:101.1":	"रजोनुद्धंसति उद्धं, ",
"bv2:101.2":	"अज्जपेतं पदिस्सति; ",
"bv2:101.3":	"तेन लिङ्गेन जानाम, ",
"bv2:101.4":	"धुवं बुद्धो भविस्ससि। ",
"bv2:102.1":	"अनिट्ठगन्धो पक्कमति, ",
"bv2:102.2":	"दिब्बगन्धो पवायति; ",
"bv2:102.3":	"सोपज्ज वायति गन्धो, ",
"bv2:102.4":	"धुवं बुद्धो भविस्ससि। ",
"bv2:103.1":	"सब्बे देवा पदिस्सन्ति, ",
"bv2:103.2":	"ठपयित्वा अरूपिनो; ",
"bv2:103.3":	"तेपज्ज सब्बे दिस्सन्ति, ",
"bv2:103.4":	"धुवं बुद्धो भविस्ससि। ",
"bv2:104.1":	"यावता निरया नाम, ",
"bv2:104.2":	"सब्बे दिस्सन्ति तावदे; ",
"bv2:104.3":	"तेपज्ज सब्बे दिस्सन्ति, ",
"bv2:104.4":	"धुवं बुद्धो भविस्ससि। ",
"bv2:105.1":	"कुट्टा कवाटा सेला च, ",
"bv2:105.2":	"न होन्तावरणा तदा; ",
"bv2:105.3":	"आकासभूता तेपज्ज, ",
"bv2:105.4":	"धुवं बुद्धो भविस्ससि। ",
"bv2:106.1":	"चुती च उपपत्ति च, ",
"bv2:106.2":	"खणे तस्मिं न विज्जति; ",
"bv2:106.3":	"तानिपज्ज पदिस्सन्ति, ",
"bv2:106.4":	"धुवं बुद्धो भविस्ससि। ",
"bv2:107.1":	"दळ्हं पग्गण्ह वीरियं, ",
"bv2:107.2":	"मा निवत्त अभिक्कम; ",
"bv2:107.3":	"मयम्पेतं विजानाम, ",
"bv2:107.4":	"धुवं बुद्धो भविस्ससि’। ",
"bv2:108.1":	"बुद्धस्स वचनं सुत्वा, ",
"bv2:108.2":	"दससहस्सीन चूभयं; ",
"bv2:108.3":	"तुट्ठहट्ठो पमोदितो, ",
"bv2:108.4":	"एवं चिन्तेसहं तदा। ",
"bv2:109.1":	"‘अद्वेज्झवचना बुद्धा, ",
"bv2:109.2":	"अमोघवचना जिना; ",
"bv2:109.3":	"वितथं नत्थि बुद्धानं, ",
"bv2:109.4":	"धुवं बुद्धो भवामहं। ",
"bv2:110.1":	"यथा खित्तं नभे लेड्डु, ",
"bv2:110.2":	"धुवं पतति भूमियं; ",
"bv2:110.3":	"तथेव बुद्धसेट्ठानं, ",
"bv2:110.4":	"वचनं धुवसस्सतं; ",
"bv2:110.5":	"वितथं नत्थि बुद्धानं, ",
"bv2:110.6":	"धुवं बुद्धो भवामहं। ",
"bv2:111.1":	"यथापि सब्बसत्तानं, ",
"bv2:111.2":	"मरणं धुवसस्सतं; ",
"bv2:111.3":	"तथेव बुद्धसेट्ठानं, ",
"bv2:111.4":	"वचनं धुवसस्सतं; ",
"bv2:111.5":	"वितथं नत्थि बुद्धानं, ",
"bv2:111.6":	"धुवं बुद्धो भवामहं। ",
"bv2:112.1":	"यथा रत्तिक्खये पत्ते, ",
"bv2:112.2":	"सूरियुग्गमनं धुवं; ",
"bv2:112.3":	"तथेव बुद्धसेट्ठानं, ",
"bv2:112.4":	"वचनं धुवसस्सतं; ",
"bv2:112.5":	"वितथं नत्थि बुद्धानं, ",
"bv2:112.6":	"धुवं बुद्धो भवामहं। ",
"bv2:113.1":	"यथा निक्खन्तसयनस्स, ",
"bv2:113.2":	"सीहस्स नदनं धुवं; ",
"bv2:113.3":	"तथेव बुद्धसेट्ठानं, ",
"bv2:113.4":	"वचनं धुवसस्सतं; ",
"bv2:113.5":	"वितथं नत्थि बुद्धानं, ",
"bv2:113.6":	"धुवं बुद्धो भवामहं। ",
"bv2:114.1":	"यथा आपन्नसत्तानं, ",
"bv2:114.2":	"भारमोरोपनं धुवं; ",
"bv2:114.3":	"तथेव बुद्धसेट्ठानं, ",
"bv2:114.4":	"वचनं धुवसस्सतं; ",
"bv2:114.5":	"वितथं नत्थि बुद्धानं, ",
"bv2:114.6":	"धुवं बुद्धो भवामहं। ",
"bv2:115.1":	"हन्द बुद्धकरे धम्मे, ",
"bv2:115.2":	"विचिनामि इतो चितो; ",
"bv2:115.3":	"उद्धं अधो दस दिसा, ",
"bv2:115.4":	"यावता धम्मधातुया’। ",
"bv2:116.1":	"विचिनन्तो तदा दक्खिं, ",
"bv2:116.2":	"पठमं <ब्>दानपारमिं</ब्>; ",
"bv2:116.3":	"पुब्बकेहि महेसीहि, ",
"bv2:116.4":	"अनुचिण्णं महापथं। ",
"bv2:117.1":	"‘इमं त्वं पठमं ताव, ",
"bv2:117.2":	"दळ्हं कत्वा समादिय; ",
"bv2:117.3":	"दानपारमितं गच्छ, ",
"bv2:117.4":	"यदि बोधिं पत्तुमिच्छसि। ",
"bv2:118.1":	"यथापि कुम्भो सम्पुण्णो, ",
"bv2:118.2":	"यस्स कस्सचि अधोकतो; ",
"bv2:118.3":	"वमतेवुदकं निस्सेसं, ",
"bv2:118.4":	"न तत्थ परिरक्खति। ",
"bv2:119.1":	"तथेव याचके दिस्वा, ",
"bv2:119.2":	"हीनमुक्कट्ठमज्झिमे; ",
"bv2:119.3":	"ददाहि दानं निस्सेसं, ",
"bv2:119.4":	"कुम्भो विय अधोकतो। ",
"bv2:120.1":	"न हेते एत्तकायेव, ",
"bv2:120.2":	"बुद्धधम्मा भविस्सरे; ",
"bv2:120.3":	"अञ्ञेपि विचिनिस्सामि, ",
"bv2:120.4":	"ये धम्मा बोधिपाचना’। ",
"bv2:121.1":	"विचिनन्तो तदा दक्खिं, ",
"bv2:121.2":	"दुतियं <ब्>सीलपारमिं</ब्>; ",
"bv2:121.3":	"पुब्बकेहि महेसीहि, ",
"bv2:121.4":	"आसेवितनिसेवितं। ",
"bv2:122.1":	"‘इमं त्वं दुतियं ताव, ",
"bv2:122.2":	"दळ्हं कत्वा समादिय; ",
"bv2:122.3":	"सीलपारमितं गच्छ, ",
"bv2:122.4":	"यदि बोधिं पत्तुमिच्छसि। ",
"bv2:123.1":	"यथापि चमरी वालं, ",
"bv2:123.2":	"किस्मिञ्चि पटिलग्गितं; ",
"bv2:123.3":	"उपेति मरणं तत्थ, ",
"bv2:123.4":	"न विकोपेति वालधिं। ",
"bv2:124.1":	"तथेव त्वं चतूसु भूमीसु, ",
"bv2:124.2":	"सीलानि परिपूरय; ",
"bv2:124.3":	"परिरक्ख सब्बदा सीलं, ",
"bv2:124.4":	"चमरी विय वालधिं। ",
"bv2:125.1":	"न हेते एत्तकायेव, ",
"bv2:125.2":	"बुद्धधम्मा भविस्सरे; ",
"bv2:125.3":	"अञ्ञेपि विचिनिस्सामि, ",
"bv2:125.4":	"ये धम्मा बोधिपाचना’। ",
"bv2:126.1":	"विचिनन्तो तदा दक्खिं, ",
"bv2:126.2":	"ततियं <ब्>नेक्खम्मपारमिं</ब्>; ",
"bv2:126.3":	"पुब्बकेहि महेसीहि, ",
"bv2:126.4":	"आसेवितनिसेवितं। ",
"bv2:127.1":	"‘इमं त्वं ततियं ताव, ",
"bv2:127.2":	"दळ्हं कत्वा समादिय; ",
"bv2:127.3":	"नेक्खम्मपारमितं गच्छ, ",
"bv2:127.4":	"यदि बोधिं पत्तुमिच्छसि। ",
"bv2:128.1":	"यथा अन्दुघरे पुरिसो, ",
"bv2:128.2":	"चिरवुत्थो दुखट्टितो; ",
"bv2:128.3":	"न तत्थ रागं जनेसि, ",
"bv2:128.4":	"मुत्तिंयेव गवेसति। ",
"bv2:129.1":	"तथेव त्वं सब्बभवे, ",
"bv2:129.2":	"पस्स अन्दुघरे विय; ",
"bv2:129.3":	"नेक्खम्माभिमुखो होहि, ",
"bv2:129.4":	"भवतो परिमुत्तिया। ",
"bv2:130.1":	"न हेते एत्तकायेव, ",
"bv2:130.2":	"बुद्धधम्मा भविस्सरे; ",
"bv2:130.3":	"अञ्ञेपि विचिनिस्सामि, ",
"bv2:130.4":	"ये धम्मा बोधिपाचना’। ",
"bv2:131.1":	"विचिनन्तो तदा दक्खिं, ",
"bv2:131.2":	"चतुत्थं <ब्>पञ्ञापारमिं</ब्>; ",
"bv2:131.3":	"पुब्बकेहि महेसीहि, ",
"bv2:131.4":	"आसेवितनिसेवितं। ",
"bv2:132.1":	"‘इमं त्वं चतुत्थं ताव, ",
"bv2:132.2":	"दळ्हं कत्वा समादिय; ",
"bv2:132.3":	"पञ्ञापारमितं गच्छ, ",
"bv2:132.4":	"यदि बोधिं पत्तुमिच्छसि। ",
"bv2:133.1":	"यथापि भिक्खु भिक्खन्तो, ",
"bv2:133.2":	"हीनमुक्कट्ठमज्झिमे; ",
"bv2:133.3":	"कुलानि न विवज्जेन्तो, ",
"bv2:133.4":	"एवं लभति यापनं। ",
"bv2:134.1":	"तथेव त्वं सब्बकालं, ",
"bv2:134.2":	"परिपुच्छं बुधं जनं; ",
"bv2:134.3":	"पञ्ञापारमितं गन्त्वा, ",
"bv2:134.4":	"सम्बोधिं पापुणिस्ससि। ",
"bv2:135.1":	"न हेते एत्तकायेव, ",
"bv2:135.2":	"बुद्धधम्मा भविस्सरे; ",
"bv2:135.3":	"अञ्ञेपि विचिनिस्सामि, ",
"bv2:135.4":	"ये धम्मा बोधिपाचना’। ",
"bv2:136.1":	"विचिनन्तो तदा दक्खिं, ",
"bv2:136.2":	"पञ्चमं <ब्>वीरियपारमिं</ब्>; ",
"bv2:136.3":	"पुब्बकेहि महेसीहि, ",
"bv2:136.4":	"आसेवितनिसेवितं। ",
"bv2:137.1":	"‘इमं त्वं पञ्चमं ताव, ",
"bv2:137.2":	"दळ्हं कत्वा समादिय; ",
"bv2:137.3":	"वीरियपारमितं गच्छ, ",
"bv2:137.4":	"यदि बोधिं पत्तुमिच्छसि। ",
"bv2:138.1":	"यथापि सीहो मिगराजा, ",
"bv2:138.2":	"निसज्जट्ठानचङ्कमे; ",
"bv2:138.3":	"अलीनवीरियो होति, ",
"bv2:138.4":	"पग्गहितमनो सदा। ",
"bv2:139.1":	"तथेव त्वं सब्बभवे, ",
"bv2:139.2":	"पग्गण्ह वीरियं दळ्हं; ",
"bv2:139.3":	"वीरियपारमितं गन्त्वा, ",
"bv2:139.4":	"सम्बोधिं पापुणिस्ससि। ",
"bv2:140.1":	"न हेते एत्तकायेव, ",
"bv2:140.2":	"बुद्धधम्मा भविस्सरे; ",
"bv2:140.3":	"अञ्ञेपि विचिनिस्सामि, ",
"bv2:140.4":	"ये धम्मा बोधिपाचना’। ",
"bv2:141.1":	"विचिनन्तो तदा दक्खिं, ",
"bv2:141.2":	"छट्ठमं <ब्>खन्तिपारमिं</ब्>; ",
"bv2:141.3":	"पुब्बकेहि महेसीहि, ",
"bv2:141.4":	"आसेवितनिसेवितं। ",
"bv2:142.1":	"‘इमं त्वं छट्ठमं ताव, ",
"bv2:142.2":	"दळ्हं कत्वा समादिय; ",
"bv2:142.3":	"तत्थ अद्वेज्झमानसो, ",
"bv2:142.4":	"सम्बोधिं पापुणिस्ससि। ",
"bv2:143.1":	"यथापि पथवी नाम, ",
"bv2:143.2":	"सुचिम्पि असुचिम्पि च; ",
"bv2:143.3":	"सब्बं सहति निक्खेपं, ",
"bv2:143.4":	"न करोति पटिघं तया। ",
"bv2:144.1":	"तथेव त्वम्पि सब्बेसं, ",
"bv2:144.2":	"सम्मानावमानक्खमो; ",
"bv2:144.3":	"खन्तिपारमितं गन्त्वा, ",
"bv2:144.4":	"सम्बोधिं पापुणिस्ससि। ",
"bv2:145.1":	"न हेते एत्तकायेव, ",
"bv2:145.2":	"बुद्धधम्मा भविस्सरे; ",
"bv2:145.3":	"अञ्ञेपि विचिनिस्सामि, ",
"bv2:145.4":	"ये धम्मा बोधिपाचना’। ",
"bv2:146.1":	"विचिनन्तो तदा दक्खिं, ",
"bv2:146.2":	"सत्तमं <ब्>सच्चपारमिं</ब्>; ",
"bv2:146.3":	"पुब्बकेहि महेसीहि, ",
"bv2:146.4":	"आसेवितनिसेवितं। ",
"bv2:147.1":	"‘इमं त्वं सत्तमं ताव, ",
"bv2:147.2":	"दळ्हं कत्वा समादिय; ",
"bv2:147.3":	"तत्थ अद्वेज्झवचनो, ",
"bv2:147.4":	"सम्बोधिं पापुणिस्ससि। ",
"bv2:148.1":	"यथापि ओसधी नाम, ",
"bv2:148.2":	"तुलाभूता सदेवके; ",
"bv2:148.3":	"समये उतुवस्से वा, ",
"bv2:148.4":	"न वोक्कमति वीथितो। ",
"bv2:149.1":	"तथेव त्वम्पि सच्चेसु, ",
"bv2:149.2":	"मा वोक्कम हि वीथितो; ",
"bv2:149.3":	"सच्चपारमितं गन्त्वा, ",
"bv2:149.4":	"सम्बोधिं पापुणिस्ससि। ",
"bv2:150.1":	"न हेते एत्तकायेव, ",
"bv2:150.2":	"बुद्धधम्मा भविस्सरे; ",
"bv2:150.3":	"अञ्ञेपि विचिनिस्सामि, ",
"bv2:150.4":	"ये धम्मा बोधिपाचना’। ",
"bv2:151.1":	"विचिनन्तो तदा दक्खिं, ",
"bv2:151.2":	"अट्ठमं <ब्>अधिट्ठानपारमिं</ब्>; ",
"bv2:151.3":	"पुब्बकेहि महेसीहि, ",
"bv2:151.4":	"आसेवितनिसेवितं। ",
"bv2:152.1":	"‘इमं त्वं अट्ठमं ताव, ",
"bv2:152.2":	"दळ्हं कत्वा समादिय; ",
"bv2:152.3":	"तत्थ त्वं अचलो हुत्वा, ",
"bv2:152.4":	"सम्बोधिं पापुणिस्ससि। ",
"bv2:153.1":	"यथापि पब्बतो सेलो, ",
"bv2:153.2":	"अचलो सुप्पतिट्ठितो; ",
"bv2:153.3":	"न कम्पति भुसवातेहि, ",
"bv2:153.4":	"सकट्ठानेव तिट्ठति। ",
"bv2:154.1":	"तथेव त्वम्पि अधिट्ठाने, ",
"bv2:154.2":	"सब्बदा अचलो भव; ",
"bv2:154.3":	"अधिट्ठानपारमितं गन्त्वा, ",
"bv2:154.4":	"सम्बोधिं पापुणिस्ससि। ",
"bv2:155.1":	"न हेते एत्तकायेव, ",
"bv2:155.2":	"बुद्धधम्मा भविस्सरे; ",
"bv2:155.3":	"अञ्ञेपि विचिनिस्सामि, ",
"bv2:155.4":	"ये धम्मा बोधिपाचना’। ",
"bv2:156.1":	"विचिनन्तो तदा दक्खिं, ",
"bv2:156.2":	"नवमं <ब्>मेत्तापारमिं</ब्>; ",
"bv2:156.3":	"पुब्बकेहि महेसीहि, ",
"bv2:156.4":	"आसेवितनिसेवितं। ",
"bv2:157.1":	"‘इमं त्वं नवमं ताव, ",
"bv2:157.2":	"दळ्हं कत्वा समादिय; ",
"bv2:157.3":	"मेत्ताय असमो होहि, ",
"bv2:157.4":	"यदि बोधिं पत्तुमिच्छसि। ",
"bv2:158.1":	"यथापि उदकं नाम, ",
"bv2:158.2":	"कल्याणे पापके जने; ",
"bv2:158.3":	"समं फरति सीतेन, ",
"bv2:158.4":	"पवाहेति रजोमलं। ",
"bv2:159.1":	"तथेव त्वं हिताहिते, ",
"bv2:159.2":	"समं मेत्ताय भावय; ",
"bv2:159.3":	"मेत्तापारमितं गन्त्वा, ",
"bv2:159.4":	"सम्बोधिं पापुणिस्ससि। ",
"bv2:160.1":	"न हेते एत्तकायेव, ",
"bv2:160.2":	"बुद्धधम्मा भविस्सरे; ",
"bv2:160.3":	"अञ्ञेपि विचिनिस्सामि, ",
"bv2:160.4":	"ये धम्मा बोधिपाचना’। ",
"bv2:161.1":	"विचिनन्तो तदा दक्खिं, ",
"bv2:161.2":	"दसमं <ब्>उपेक्खापारमिं</ब्>; ",
"bv2:161.3":	"पुब्बकेहि महेसीहि, ",
"bv2:161.4":	"आसेवितनिसेवितं। ",
"bv2:162.1":	"‘इमं त्वं दसमं ताव, ",
"bv2:162.2":	"दळ्हं कत्वा समादिय; ",
"bv2:162.3":	"तुलाभूतो दळ्हो हुत्वा, ",
"bv2:162.4":	"सम्बोधिं पापुणिस्ससि। ",
"bv2:163.1":	"यथापि पथवी नाम, ",
"bv2:163.2":	"निक्खित्तं असुचिं सुचिं; ",
"bv2:163.3":	"उपेक्खति उभोपेते, ",
"bv2:163.4":	"कोपानुनयवज्जिता। ",
"bv2:164.1":	"तथेव त्वं सुखदुक्खे, ",
"bv2:164.2":	"तुलाभूतो सदा भव; ",
"bv2:164.3":	"उपेक्खापारमितं गन्त्वा, ",
"bv2:164.4":	"सम्बोधिं पापुणिस्ससि। ",
"bv2:165.1":	"एत्तकायेव ते लोके, ",
"bv2:165.2":	"ये धम्मा बोधिपाचना; ",
"bv2:165.3":	"ततुद्धं नत्थि अञ्ञत्र, ",
"bv2:165.4":	"दळ्हं तत्थ पतिट्ठह’। ",
"bv2:166.1":	"इमे धम्मे सम्मसतो, ",
"bv2:166.2":	"सभावसरसलक्खणे; ",
"bv2:166.3":	"धम्मतेजेन वसुधा, ",
"bv2:166.4":	"दससहस्सी पकम्पथ। ",
"bv2:167.1":	"चलती रवती पथवी, ",
"bv2:167.2":	"उच्छुयन्तंव पीळितं; ",
"bv2:167.3":	"तेलयन्ते यथा चक्कं, ",
"bv2:167.4":	"एवं कम्पति मेदनी। ",
"bv2:168.1":	"यावता परिसा आसि, ",
"bv2:168.2":	"बुद्धस्स परिवेसने; ",
"bv2:168.3":	"पवेधमाना सा तत्थ, ",
"bv2:168.4":	"मुच्छिता सेति भूमियं। ",
"bv2:169.1":	"घटानेकसहस्सानि, ",
"bv2:169.2":	"कुम्भीनञ्च सता बहू; ",
"bv2:169.3":	"सञ्चुण्णमथिता तत्थ, ",
"bv2:169.4":	"अञ्ञमञ्ञं पघट्टिता। ",
"bv2:170.1":	"उब्बिग्गा तसिता भीता, ",
"bv2:170.2":	"भन्ता ब्यथितमानसा; ",
"bv2:170.3":	"महाजना समागम्म, ",
"bv2:170.4":	"दीपङ्करमुपागमुं। ",
"bv2:171.1":	"‘किं भविस्सति लोकस्स, ",
"bv2:171.2":	"कल्याणमथ पापकं; ",
"bv2:171.3":	"सब्बो उपद्दुतो लोको, ",
"bv2:171.4":	"तं विनोदेहि चक्खुम’। ",
"bv2:172.1":	"तेसं तदा सञ्ञपेसि, ",
"bv2:172.2":	"दीपङ्करो महामुनि; ",
"bv2:172.3":	"‘विसट्ठा होथ मा भेथ, ",
"bv2:172.4":	"इमस्मिं पथविकम्पने। ",
"bv2:173.1":	"यमहं अज्ज ब्याकासिं, ",
"bv2:173.2":	"बुद्धो लोके भविस्सति; ",
"bv2:173.3":	"एसो सम्मसति धम्मं, ",
"bv2:173.4":	"पुब्बकं जिनसेवितं। ",
"bv2:174.1":	"तस्स सम्मसतो धम्मं, ",
"bv2:174.2":	"बुद्धभूमिं असेसतो; ",
"bv2:174.3":	"तेनायं कम्पिता पथवी, ",
"bv2:174.4":	"दससहस्सी सदेवके’। ",
"bv2:175.1":	"बुद्धस्स वचनं सुत्वा, ",
"bv2:175.2":	"मनो निब्बायि तावदे; ",
"bv2:175.3":	"सब्बे मं उपसङ्कम्म, ",
"bv2:175.4":	"पुनापि अभिवन्दिसुं। ",
"bv2:176.1":	"समादियित्वा बुद्धगुणं, ",
"bv2:176.2":	"दळ्हं कत्वान मानसं; ",
"bv2:176.3":	"दीपङ्करं नमस्सित्वा, ",
"bv2:176.4":	"आसना वुट्ठहिं तदा। ",
"bv2:177.1":	"दिब्बं मानुसकं पुप्फं, ",
"bv2:177.2":	"देवा मानुसका उभो; ",
"bv2:177.3":	"समोकिरन्ति पुप्फेहि, ",
"bv2:177.4":	"वुट्ठहन्तस्स आसना। ",
"bv2:178.1":	"वेदयन्ति च ते सोत्थिं, ",
"bv2:178.2":	"देवा मानुसका उभो; ",
"bv2:178.3":	"‘महन्तं पत्थितं तुय्हं, ",
"bv2:178.4":	"तं लभस्सु यथिच्छितं। ",
"bv2:179.1":	"सब्बीतियो विवज्जन्तु, ",
"bv2:179.2":	"सोको रोगो विनस्सतु; ",
"bv2:179.3":	"मा ते भवन्त्वन्तराया, ",
"bv2:179.4":	"फुस खिप्पं बोधिमुत्तमं। ",
"bv2:180.1":	"यथापि समये पत्ते, ",
"bv2:180.2":	"पुप्फन्ति पुप्फिनो दुमा; ",
"bv2:180.3":	"तथेव त्वं महावीर, ",
"bv2:180.4":	"बुद्धञाणेन पुप्फसि। ",
"bv2:181.1":	"यथा ये केचि सम्बुद्धा, ",
"bv2:181.2":	"पूरयुं दस पारमी; ",
"bv2:181.3":	"तथेव त्वं महावीर, ",
"bv2:181.4":	"पूरय दस पारमी। ",
"bv2:182.1":	"यथा ये केचि सम्बुद्धा, ",
"bv2:182.2":	"बोधिमण्डम्हि बुज्झरे; ",
"bv2:182.3":	"तथेव त्वं महावीर, ",
"bv2:182.4":	"बुज्झस्सु जिनबोधियं। ",
"bv2:183.1":	"यथा ये केचि सम्बुद्धा, ",
"bv2:183.2":	"धम्मचक्कं पवत्तयुं; ",
"bv2:183.3":	"तथेव त्वं महावीर, ",
"bv2:183.4":	"धम्मचक्कं पवत्तय। ",
"bv2:184.1":	"पुण्णमाये यथा चन्दो, ",
"bv2:184.2":	"परिसुद्धो विरोचति; ",
"bv2:184.3":	"तथेव त्वं पुण्णमनो, ",
"bv2:184.4":	"विरोच दससहस्सियं। ",
"bv2:185.1":	"राहुमुत्तो यथा सूरियो, ",
"bv2:185.2":	"तापेन अतिरोचति; ",
"bv2:185.3":	"तथेव लोका मुञ्चित्वा, ",
"bv2:185.4":	"विरोच सिरिया तुवं। ",
"bv2:186.1":	"यथा या काचि नदियो, ",
"bv2:186.2":	"ओसरन्ति महोदधिं; ",
"bv2:186.3":	"एवं सदेवका लोका, ",
"bv2:186.4":	"ओसरन्तु तवन्तिके’। ",
"bv2:187.1":	"तेहि थुतप्पसत्थो सो, ",
"bv2:187.2":	"दस धम्मे समादिय; ",
"bv2:187.3":	"ते धम्मे परिपूरेन्तो, ",
"bv2:187.4":	"पवनं पाविसी तदा”ति। ",
"bv2:188.1":	"सुमेधपत्थनाकथा निट्ठिता। "
}	
