{	
"bv3:0.1":	"बुद्धवंस ",
"bv3:0.2":	"३। दीपङ्करबुद्धवंस ",
"bv3:1.1":	"“तदा ते भोजयित्वान, ",
"bv3:1.2":	"ससङ्घं लोकनायकं; ",
"bv3:1.3":	"उपगच्छुं सरणं तस्स, ",
"bv3:1.4":	"दीपङ्करस्स सत्थुनो। ",
"bv3:2.1":	"सरणागमने कञ्चि, ",
"bv3:2.2":	"निवेसेसि तथागतो; ",
"bv3:2.3":	"कञ्चि पञ्चसु सीलेसु, ",
"bv3:2.4":	"सीले दसविधे परं। ",
"bv3:3.1":	"कस्सचि देति सामञ्ञं, ",
"bv3:3.2":	"चतुरो फलमुत्तमे; ",
"bv3:3.3":	"कस्सचि असमे धम्मे, ",
"bv3:3.4":	"देति सो पटिसम्भिदा। ",
"bv3:4.1":	"कस्सचि वरसमापत्तियो, ",
"bv3:4.2":	"अट्ठ देति नरासभो; ",
"bv3:4.3":	"तिस्सो कस्सचि विज्जायो, ",
"bv3:4.4":	"छळभिञ्ञा पवेच्छति। ",
"bv3:5.1":	"तेन योगेन जनकायं, ",
"bv3:5.2":	"ओवदति महामुनि; ",
"bv3:5.3":	"तेन वित्थारिकं आसि, ",
"bv3:5.4":	"लोकनाथस्स सासनं। ",
"bv3:6.1":	"महाहनुसभक्खन्धो, ",
"bv3:6.2":	"दीपङ्करस्स नामको; ",
"bv3:6.3":	"बहू जने तारयति, ",
"bv3:6.4":	"परिमोचेति दुग्गतिं। ",
"bv3:7.1":	"बोधनेय्यं जनं दिस्वा, ",
"bv3:7.2":	"सतसहस्सेपि योजने; ",
"bv3:7.3":	"खणेन उपगन्त्वान, ",
"bv3:7.4":	"बोधेति तं महामुनि। ",
"bv3:8.1":	"पठमाभिसमये बुद्धो, ",
"bv3:8.2":	"कोटिसतमबोधयि; ",
"bv3:8.3":	"दुतियाभिसमये नाथो, ",
"bv3:8.4":	"नवुतिकोटिमबोधयि। ",
"bv3:9.1":	"यदा च देवभवनम्हि, ",
"bv3:9.2":	"बुद्धो धम्ममदेसयि; ",
"bv3:9.3":	"नवुतिकोटिसहस्सानं, ",
"bv3:9.4":	"ततियाभिसमयो अहु। ",
"bv3:10.1":	"सन्निपाता तयो आसुं, ",
"bv3:10.2":	"दीपङ्करस्स सत्थुनो; ",
"bv3:10.3":	"कोटिसतसहस्सानं, ",
"bv3:10.4":	"पठमो आसि समागमो। ",
"bv3:11.1":	"पुन नारदकूटम्हि, ",
"bv3:11.2":	"पविवेकगते जिने; ",
"bv3:11.3":	"खीणासवा वीतमला, ",
"bv3:11.4":	"समिंसु सतकोटियो। ",
"bv3:12.1":	"यम्हि काले महावीरो, ",
"bv3:12.2":	"सुदस्सनसिलुच्चये; ",
"bv3:12.3":	"नवकोटिसहस्सेहि, ",
"bv3:12.4":	"पवारेसि महामुनि। ",
"bv3:13.1":	"दसवीससहस्सानं, ",
"bv3:13.2":	"धम्माभिसमयो अहु; ",
"bv3:13.3":	"एकद्विन्नं अभिसमया, ",
"bv3:13.4":	"गणनातो असङ्खिया। ",
"bv3:14.1":	"वित्थारिकं बाहुजञ्ञं, ",
"bv3:14.2":	"इद्धं फीतं अहू तदा; ",
"bv3:14.3":	"दीपङ्करस्स भगवतो, ",
"bv3:14.4":	"सासनं सुविसोधितं। ",
"bv3:15.1":	"चत्तारि सतसहस्सानि, ",
"bv3:15.2":	"छळभिञ्ञा महिद्धिका; ",
"bv3:15.3":	"दीपङ्करं लोकविदुं, ",
"bv3:15.4":	"परिवारेन्ति सब्बदा। ",
"bv3:16.1":	"ये केचि तेन समयेन, ",
"bv3:16.2":	"जहन्ति मानुसं भवं; ",
"bv3:16.3":	"अपत्तमानसा सेखा, ",
"bv3:16.4":	"गरहिता भवन्ति ते। ",
"bv3:17.1":	"सुपुप्फितं पावचनं, ",
"bv3:17.2":	"अरहन्तेहि तादिहि; ",
"bv3:17.3":	"खीणासवेहि विमलेहि, ",
"bv3:17.4":	"उपसोभति सब्बदा। ",
"bv3:18.1":	"नगरं रम्मवती नाम, ",
"bv3:18.2":	"सुदेवो नाम खत्तियो; ",
"bv3:18.3":	"सुमेधा नाम जनिका, ",
"bv3:18.4":	"दीपङ्करस्स सत्थुनो। ",
"bv3:19.1":	"दसवस्ससहस्सानि, ",
"bv3:19.2":	"अगारं अज्झ सो वसि; ",
"bv3:19.3":	"हंसा कोञ्चा मयूरा च, ",
"bv3:19.4":	"तयो पासादमुत्तमा। ",
"bv3:20.1":	"तीणि सतसहस्सानि, ",
"bv3:20.2":	"नारियो समलङ्कता; ",
"bv3:20.3":	"पदुमा नाम सा नारी, ",
"bv3:20.4":	"उसभक्खन्धो अत्रजो। ",
"bv3:21.1":	"निमित्ते चतुरो दिस्वा, ",
"bv3:21.2":	"हत्थियानेन निक्खमि; ",
"bv3:21.3":	"अनूनदसमासानि, ",
"bv3:21.4":	"पधाने पदही जिनो। ",
"bv3:22.1":	"पधानचारं चरित्वान, ",
"bv3:22.2":	"अबुज्झि मानसं मुनि; ",
"bv3:22.3":	"ब्रह्मुना याचितो सन्तो, ",
"bv3:22.4":	"दीपङ्करो महामुनि। ",
"bv3:23.1":	"वत्ति चक्कं महावीरो, ",
"bv3:23.2":	"नन्दारामे सिरीघरे; ",
"bv3:23.3":	"निसिन्नो सिरीसमूलम्हि, ",
"bv3:23.4":	"अका तित्थियमद्दनं। ",
"bv3:24.1":	"सुमङ्गलो च तिस्सो च, ",
"bv3:24.2":	"अहेसुं अग्गसावका; ",
"bv3:24.3":	"सागतो नामुपट्ठाको, ",
"bv3:24.4":	"दीपङ्करस्स सत्थुनो। ",
"bv3:25.1":	"नन्दा चेव सुनन्दा च, ",
"bv3:25.2":	"अहेसुं अग्गसाविका; ",
"bv3:25.3":	"बोधि तस्स भगवतो, ",
"bv3:25.4":	"पिप्फलीति पवुच्चति। ",
"bv3:26.1":	"तपुस्सभल्लिका नाम, ",
"bv3:26.2":	"अहेसुं अग्गुपट्ठका; ",
"bv3:26.3":	"सिरिमा कोणा उपट्ठिका, ",
"bv3:26.4":	"दीपङ्करस्स सत्थुनो। ",
"bv3:27.1":	"असीतिहत्थमुब्बेधो, ",
"bv3:27.2":	"दीपङ्करो महामुनि; ",
"bv3:27.3":	"सोभति दीपरुक्खोव, ",
"bv3:27.4":	"सालराजाव फुल्लितो। ",
"bv3:28.1":	"सतसहस्सवस्सानि, ",
"bv3:28.2":	"आयु तस्स महेसिनो; ",
"bv3:28.3":	"तावता तिट्ठमानो सो, ",
"bv3:28.4":	"तारेसि जनतं बहुं। ",
"bv3:29.1":	"जोतयित्वान सद्धम्मं, ",
"bv3:29.2":	"सन्तारेत्वा महाजनं; ",
"bv3:29.3":	"जलित्वा अग्गिक्खन्धोव, ",
"bv3:29.4":	"निब्बुतो सो ससावको। ",
"bv3:30.1":	"सा च इद्धि सो च यसो, ",
"bv3:30.2":	"तानि च पादेसु चक्करतनानि; ",
"bv3:30.3":	"सब्बं तमन्तरहितं, ",
"bv3:30.4":	"ननु रित्ता सब्बसङ्खारा। ",
"bv3:31.1":	"दीपङ्करो जिनो सत्था, ",
"bv3:31.2":	"नन्दारामम्हि निब्बुतो; ",
"bv3:31.3":	"तत्थेवस्स जिनथूपो, ",
"bv3:31.4":	"छत्तिंसुब्बेधयोजनो”ति। ",
"bv3:32.1":	"दीपङ्करस्स भगवतो वंसो पठमो। "
}	
