{	
"bv4:0.1":	"बुद्धवंस ",
"bv4:0.2":	"४। कोण्डञ्ञबुद्धवंस ",
"bv4:1.1":	"“दीपङ्करस्स अपरेन, ",
"bv4:1.2":	"कोण्डञ्ञो नाम नायको; ",
"bv4:1.3":	"अनन्ततेजो अमितयसो, ",
"bv4:1.4":	"अप्पमेय्यो दुरासदो। ",
"bv4:2.1":	"धरणूपमो खमनेन, ",
"bv4:2.2":	"सीलेन सागरूपमो; ",
"bv4:2.3":	"समाधिना मेरूपमो, ",
"bv4:2.4":	"ञाणेन गगनूपमो। ",
"bv4:3.1":	"इन्द्रियबलबोज्झङ्ग- ",
"bv4:3.2":	"मग्गसच्चप्पकासनं; ",
"bv4:3.3":	"पकासेसि सदा बुद्धो, ",
"bv4:3.4":	"हिताय सब्बपाणिनं। ",
"bv4:4.1":	"धम्मचक्कं पवत्तेन्ते, ",
"bv4:4.2":	"कोण्डञ्ञे लोकनायके; ",
"bv4:4.3":	"कोटिसतसहस्सानं, ",
"bv4:4.4":	"पठमाभिसमयो अहु। ",
"bv4:5.1":	"ततो परम्पि देसेन्ते, ",
"bv4:5.2":	"नरमरूनं समागमे; ",
"bv4:5.3":	"नवुतिकोटिसहस्सानं, ",
"bv4:5.4":	"दुतियाभिसमयो अहु। ",
"bv4:6.1":	"तित्थिये अभिमद्दन्तो, ",
"bv4:6.2":	"यदा धम्ममदेसयि; ",
"bv4:6.3":	"असीतिकोटिसहस्सानं, ",
"bv4:6.4":	"ततियाभिसमयो अहु। ",
"bv4:7.1":	"सन्निपाता तयो आसुं, ",
"bv4:7.2":	"कोण्डञ्ञस्स महेसिनो; ",
"bv4:7.3":	"खीणासवानं विमलानं, ",
"bv4:7.4":	"सन्तचित्तान तादिनं। ",
"bv4:8.1":	"कोटिसतसहस्सानं, ",
"bv4:8.2":	"पठमो आसि समागमो; ",
"bv4:8.3":	"दुतियो कोटिसहस्सानं, ",
"bv4:8.4":	"ततियो नवुतिकोटिनं। ",
"bv4:9.1":	"अहं तेन समयेन, ",
"bv4:9.2":	"विजितावी नाम खत्तियो; ",
"bv4:9.3":	"समुद्दं अन्तमन्तेन, ",
"bv4:9.4":	"इस्सरियं वत्तयामहं। ",
"bv4:10.1":	"कोटिसतसहस्सानं, ",
"bv4:10.2":	"विमलानं महेसिनं; ",
"bv4:10.3":	"सह लोकग्गनाथेन, ",
"bv4:10.4":	"परमन्नेन तप्पयिं। ",
"bv4:11.1":	"सोपि मं बुद्धो ब्याकासि, ",
"bv4:11.2":	"कोण्डञ्ञो लोकनायको; ",
"bv4:11.3":	"‘अपरिमेय्यितो कप्पे, ",
"bv4:11.4":	"बुद्धो लोके भविस्सति। ",
"bv4:12.1":	"पधानं पदहित्वान, ",
"bv4:12.2":	"कत्वा दुक्करकारिकं; ",
"bv4:12.3":	"अस्सत्थमूले सम्बुद्धो, ",
"bv4:12.4":	"बुज्झिस्सति महायसो। ",
"bv4:13.1":	"इमस्स जनिका माता, ",
"bv4:13.2":	"माया नाम भविस्सति; ",
"bv4:13.3":	"पिता सुद्धोदनो नाम, ",
"bv4:13.4":	"अयं हेस्सति गोतमो। ",
"bv4:14.1":	"कोलितो उपतिस्सो च, ",
"bv4:14.2":	"अग्गा हेस्सन्ति सावका; ",
"bv4:14.3":	"आनन्दो नामुपट्ठाको, ",
"bv4:14.4":	"उपट्ठिस्सतिमं जिनं। ",
"bv4:15.1":	"खेमा उप्पलवण्णा च, ",
"bv4:15.2":	"अग्गा हेस्सन्ति साविका; ",
"bv4:15.3":	"बोधि तस्स भगवतो, ",
"bv4:15.4":	"अस्सत्थोति पवुच्चति। ",
"bv4:16.1":	"चित्तो च हत्थाळवको, ",
"bv4:16.2":	"अग्गा हेस्सन्तुपट्ठका; ",
"bv4:16.3":	"नन्दमाता च उत्तरा, ",
"bv4:16.4":	"अग्गा हेस्सन्तुपट्ठिका; ",
"bv4:16.5":	"आयु वस्ससतं तस्स, ",
"bv4:16.6":	"गोतमस्स यसस्सिनो’। ",
"bv4:17.1":	"इदं सुत्वान वचनं, ",
"bv4:17.2":	"असमस्स महेसिनो; ",
"bv4:17.3":	"आमोदिता नरमरू, ",
"bv4:17.4":	"‘बुद्धबीजं किर अयं’। ",
"bv4:18.1":	"उक्कुट्ठिसद्दा वत्तन्ति, ",
"bv4:18.2":	"अप्फोटेन्ति हसन्ति च; ",
"bv4:18.3":	"कतञ्जली नमस्सन्ति, ",
"bv4:18.4":	"दससहस्सिदेवता। ",
"bv4:19.1":	"‘यदिमस्स लोकनाथस्स, ",
"bv4:19.2":	"विरज्झिस्साम सासनं; ",
"bv4:19.3":	"अनागतम्हि अद्धाने, ",
"bv4:19.4":	"हेस्साम सम्मुखा इमं। ",
"bv4:20.1":	"यथा मनुस्सा नदिं तरन्ता, ",
"bv4:20.2":	"पटितित्थं विरज्झिय; ",
"bv4:20.3":	"हेट्ठातित्थे गहेत्वान, ",
"bv4:20.4":	"उत्तरन्ति महानदिं। ",
"bv4:21.1":	"एवमेवं मयं सब्बे, ",
"bv4:21.2":	"यदि मुञ्चामिमं जिनं; ",
"bv4:21.3":	"अनागतम्हि अद्धाने, ",
"bv4:21.4":	"हेस्साम सम्मुखा इमं’। ",
"bv4:22.1":	"तस्साहं वचनं सुत्वा, ",
"bv4:22.2":	"भिय्यो चित्तं पसादयिं; ",
"bv4:22.3":	"तमेव अत्थं साधेन्तो, ",
"bv4:22.4":	"महारज्जं जिने अदं; ",
"bv4:22.5":	"महारज्जं ददित्वान, ",
"bv4:22.6":	"पब्बजिं तस्स सन्तिके। ",
"bv4:23.1":	"सुत्तन्तं विनयञ्चापि, ",
"bv4:23.2":	"नवङ्गं सत्थुसासनं; ",
"bv4:23.3":	"सब्बं परियापुणित्वान, ",
"bv4:23.4":	"सोभयिं जिनसासनं। ",
"bv4:24.1":	"तत्थप्पमत्तो विहरन्तो, ",
"bv4:24.2":	"निसज्जट्ठानचङ्कमे; ",
"bv4:24.3":	"अभिञ्ञापारमिं गन्त्वा, ",
"bv4:24.4":	"ब्रह्मलोकमगञ्छहं। ",
"bv4:25.1":	"नगरं रम्मवती नाम, ",
"bv4:25.2":	"सुनन्दो नाम खत्तियो; ",
"bv4:25.3":	"सुजाता नाम जनिका, ",
"bv4:25.4":	"कोण्डञ्ञस्स महेसिनो। ",
"bv4:26.1":	"दसवस्ससहस्सानि, ",
"bv4:26.2":	"अगारं अज्झ सो वसि; ",
"bv4:26.3":	"सुचि सुरुचि सुभो च, ",
"bv4:26.4":	"तयो पासादमुत्तमा। ",
"bv4:27.1":	"तीणि सतसहस्सानि, ",
"bv4:27.2":	"नारियो समलङ्कता; ",
"bv4:27.3":	"रुचिदेवी नाम नारी, ",
"bv4:27.4":	"विजितसेनो अत्रजो। ",
"bv4:28.1":	"निमित्ते चतुरो दिस्वा, ",
"bv4:28.2":	"रथयानेन निक्खमि; ",
"bv4:28.3":	"अनूनदसमासानि, ",
"bv4:28.4":	"पधानं पदही जिनो। ",
"bv4:29.1":	"ब्रह्मुना याचितो सन्तो, ",
"bv4:29.2":	"कोण्डञ्ञो द्विपदुत्तमो; ",
"bv4:29.3":	"वत्ति चक्कं महावीरो, ",
"bv4:29.4":	"देवानं नगरुत्तमे। ",
"bv4:30.1":	"भद्दो चेव सुभद्दो च, ",
"bv4:30.2":	"अहेसुं अग्गसावका; ",
"bv4:30.3":	"अनुरुद्धो नामुपट्ठाको, ",
"bv4:30.4":	"कोण्डञ्ञस्स महेसिनो। ",
"bv4:31.1":	"तिस्सा च उपतिस्सा च, ",
"bv4:31.2":	"अहेसुं अग्गसाविका; ",
"bv4:31.3":	"सालकल्याणिको बोधि, ",
"bv4:31.4":	"कोण्डञ्ञस्स महेसिनो। ",
"bv4:32.1":	"सोणो च उपसोणो च, ",
"bv4:32.2":	"अहेसुं अग्गुपट्ठका; ",
"bv4:32.3":	"नन्दा चेव सिरीमा च, ",
"bv4:32.4":	"अहेसुं अग्गुपट्ठिका। ",
"bv4:33.1":	"सो अट्ठासीति हत्थानि, ",
"bv4:33.2":	"अच्चुग्गतो महामुनि; ",
"bv4:33.3":	"सोभते उळुराजाव, ",
"bv4:33.4":	"सूरियो मज्झन्हिके यथा। ",
"bv4:34.1":	"वस्ससतसहस्सानि, ",
"bv4:34.2":	"आयु विज्जति तावदे; ",
"bv4:34.3":	"तावता तिट्ठमानो सो, ",
"bv4:34.4":	"तारेसि जनतं बहुं। ",
"bv4:35.1":	"खीणासवेहि विमलेहि, ",
"bv4:35.2":	"विचित्ता आसि मेदनी; ",
"bv4:35.3":	"यथा गगनमुळूहि, ",
"bv4:35.4":	"एवं सो उपसोभथ। ",
"bv4:36.1":	"तेपि नागा अप्पमेय्या, ",
"bv4:36.2":	"असङ्खोब्भा दुरासदा; ",
"bv4:36.3":	"विज्जुपातंव दस्सेत्वा, ",
"bv4:36.4":	"निब्बुता ते महायसा। ",
"bv4:37.1":	"सा च अतुलिया जिनस्स इद्धि, ",
"bv4:37.2":	"ञाणपरिभावितो च समाधि; ",
"bv4:37.3":	"सब्बं तमन्तरहितं, ",
"bv4:37.4":	"ननु रित्ता सब्बसङ्खारा। ",
"bv4:38.1":	"कोण्डञ्ञो पवरो बुद्धो, ",
"bv4:38.2":	"चन्दारामम्हि निब्बुतो; ",
"bv4:38.3":	"तत्थेव चेतियो चित्तो, ",
"bv4:38.4":	"सत्त योजनमुस्सितो”ति। ",
"bv4:39.1":	"कोण्डञ्ञस्स भगवतो वंसो दुतियो। "
}	
