{	
"bv6:0.1":	"बुद्धवंस ",
"bv6:0.2":	"६। सुमनबुद्धवंस ",
"bv6:1.1":	"“मङ्गलस्स अपरेन, ",
"bv6:1.2":	"सुमनो नाम नायको; ",
"bv6:1.3":	"सब्बधम्मेहि असमो, ",
"bv6:1.4":	"सब्बसत्तानमुत्तमो। ",
"bv6:2.1":	"तदा अमतभेरिं सो, ",
"bv6:2.2":	"आहनी मेखले पुरे; ",
"bv6:2.3":	"धम्मसङ्खसमायुत्तं, ",
"bv6:2.4":	"नवङ्गं जिनसासनं। ",
"bv6:3.1":	"निज्जिनित्वा किलेसे सो, ",
"bv6:3.2":	"पत्वा सम्बोधिमुत्तमं; ",
"bv6:3.3":	"मापेसि नगरं सत्था, ",
"bv6:3.4":	"सद्धम्मपुरवरुत्तमं। ",
"bv6:4.1":	"निरन्तरं अकुटिलं, ",
"bv6:4.2":	"उजुं विपुलवित्थतं; ",
"bv6:4.3":	"मापेसि सो महावीथिं, ",
"bv6:4.4":	"सतिपट्ठानवरुत्तमं। ",
"bv6:5.1":	"फले चत्तारि सामञ्ञे, ",
"bv6:5.2":	"चतस्सो पटिसम्भिदा; ",
"bv6:5.3":	"छळभिञ्ञाट्ठसमापत्ती, ",
"bv6:5.4":	"पसारेसि तत्थ वीथियं। ",
"bv6:6.1":	"ये अप्पमत्ता अखिला, ",
"bv6:6.2":	"हिरिवीरियेहुपागता; ",
"bv6:6.3":	"ते ते इमे गुणवरे, ",
"bv6:6.4":	"आदियन्ति यथा सुखं। ",
"bv6:7.1":	"एवमेतेन योगेन, ",
"bv6:7.2":	"उद्धरन्तो महाजनं; ",
"bv6:7.3":	"बोधेसि पठमं सत्था, ",
"bv6:7.4":	"कोटिसतसहस्सियो। ",
"bv6:8.1":	"यम्हि काले महावीरो, ",
"bv6:8.2":	"ओवदी तित्थिये गणे; ",
"bv6:8.3":	"कोटिसहस्साभिसमिंसु, ",
"bv6:8.4":	"दुतिये धम्मदेसने। ",
"bv6:9.1":	"यदा देवा मनुस्सा च, ",
"bv6:9.2":	"समग्गा एकमानसा; ",
"bv6:9.3":	"निरोधपञ्हं पुच्छिंसु, ",
"bv6:9.4":	"संसयञ्चापि मानसं। ",
"bv6:10.1":	"तदापि धम्मदेसने, ",
"bv6:10.2":	"निरोधपरिदीपने; ",
"bv6:10.3":	"नवुतिकोटिसहस्सानं, ",
"bv6:10.4":	"ततियाभिसमयो अहु। ",
"bv6:11.1":	"सन्निपाता तयो आसुं, ",
"bv6:11.2":	"सुमनस्स महेसिनो; ",
"bv6:11.3":	"खीणासवानं विमलानं, ",
"bv6:11.4":	"सन्तचित्तान तादिनं। ",
"bv6:12.1":	"वस्संवुत्थस्स भगवतो, ",
"bv6:12.2":	"अभिघुट्ठे पवारणे; ",
"bv6:12.3":	"कोटिसतसहस्सेहि, ",
"bv6:12.4":	"पवारेसि तथागतो। ",
"bv6:13.1":	"ततोपरं सन्निपाते, ",
"bv6:13.2":	"विमले कञ्चनपब्बते; ",
"bv6:13.3":	"नवुतिकोटिसहस्सानं, ",
"bv6:13.4":	"दुतियो आसि समागमो। ",
"bv6:14.1":	"यदा सक्को देवराजा, ",
"bv6:14.2":	"बुद्धदस्सनुपागमि; ",
"bv6:14.3":	"असीतिकोटिसहस्सानं, ",
"bv6:14.4":	"ततियो आसि समागमो। ",
"bv6:15.1":	"अहं तेन समयेन, ",
"bv6:15.2":	"नागराजा महिद्धिको; ",
"bv6:15.3":	"अतुलो नाम नामेन, ",
"bv6:15.4":	"उस्सन्नकुसलसञ्चयो। ",
"bv6:16.1":	"तदाहं नागभवना, ",
"bv6:16.2":	"निक्खमित्वा सञातिभि; ",
"bv6:16.3":	"नागानं दिब्बतुरियेहि, ",
"bv6:16.4":	"ससङ्घं जिनमुपट्ठहिं। ",
"bv6:17.1":	"कोटिसतसहस्सानं, ",
"bv6:17.2":	"अन्नपानेन तप्पयिं; ",
"bv6:17.3":	"पच्चेकदुस्सयुगं दत्वा, ",
"bv6:17.4":	"सरणं तमुपागमिं। ",
"bv6:18.1":	"सोपि मं बुद्धो ब्याकासि, ",
"bv6:18.2":	"सुमनो लोकनायको; ",
"bv6:18.3":	"‘अपरिमेय्यितो कप्पे, ",
"bv6:18.4":	"अयं बुद्धो भविस्सति। ",
"bv6:19.1":	"पधानं पदहित्वान, ",
"bv6:19.2":	"…पे… ",
"bv6:19.3":	"हेस्साम सम्मुखा इमं’। ",
"bv6:20.1":	"तस्सापि वचनं सुत्वा, ",
"bv6:20.2":	"भिय्यो चित्तं पसादयिं; ",
"bv6:20.3":	"उत्तरिं वतमधिट्ठासिं, ",
"bv6:20.4":	"दसपारमिपूरिया। ",
"bv6:21.1":	"नगरं मेखलं नाम, ",
"bv6:21.2":	"सुदत्तो नाम खत्तियो; ",
"bv6:21.3":	"सिरिमा नाम जनिका, ",
"bv6:21.4":	"सुमनस्स महेसिनो। ",
"bv6:22.1":	"नववस्ससहस्सानि, ",
"bv6:22.2":	"अगारं अज्झ सो वसि; ",
"bv6:22.3":	"चन्दो सुचन्दो वटंसो च, ",
"bv6:22.4":	"तयो पासादमुत्तमा। ",
"bv6:23.1":	"तेसट्ठिसतसहस्सानि, ",
"bv6:23.2":	"नारियो समलङ्कता; ",
"bv6:23.3":	"वटंसिका नाम नारी, ",
"bv6:23.4":	"अनूपमो नाम अत्रजो। ",
"bv6:24.1":	"निमित्ते चतुरो दिस्वा, ",
"bv6:24.2":	"हत्थियानेन निक्खमि; ",
"bv6:24.3":	"अनूनदसमासानि, ",
"bv6:24.4":	"पधानं पदही जिनो। ",
"bv6:25.1":	"ब्रह्मुना याचितो सन्तो, ",
"bv6:25.2":	"सुमनो लोकनायको; ",
"bv6:25.3":	"वत्ति चक्कं महावीरो, ",
"bv6:25.4":	"मेखले पुरमुत्तमे। ",
"bv6:26.1":	"सरणो भावितत्तो च, ",
"bv6:26.2":	"अहेसुं अग्गसावका; ",
"bv6:26.3":	"उदेनो नामुपट्ठाको, ",
"bv6:26.4":	"सुमनस्स महेसिनो। ",
"bv6:27.1":	"सोणा च उपसोणा च, ",
"bv6:27.2":	"अहेसुं अग्गसाविका; ",
"bv6:27.3":	"सोपि बुद्धो अमितयसो, ",
"bv6:27.4":	"नागमूले अबुज्झथ। ",
"bv6:28.1":	"वरुणो चेव सरणो च, ",
"bv6:28.2":	"अहेसुं अग्गुपट्ठका; ",
"bv6:28.3":	"चाला च उपचाला च, ",
"bv6:28.4":	"अहेसुं अग्गुपट्ठिका। ",
"bv6:29.1":	"उच्चत्तनेन सो बुद्धो, ",
"bv6:29.2":	"नवुतिहत्थमुग्गतो; ",
"bv6:29.3":	"कञ्चनग्घियसङ्कासो, ",
"bv6:29.4":	"दससहस्सी विरोचति। ",
"bv6:30.1":	"नवुतिवस्ससहस्सानि, ",
"bv6:30.2":	"आयु विज्जति तावदे; ",
"bv6:30.3":	"तावता तिट्ठमानो सो, ",
"bv6:30.4":	"तारेसि जनतं बहुं। ",
"bv6:31.1":	"तारणीये तारयित्वा, ",
"bv6:31.2":	"बोधनीये च बोधयि; ",
"bv6:31.3":	"परिनिब्बायि सम्बुद्धो, ",
"bv6:31.4":	"उळुराजाव अत्थमि। ",
"bv6:32.1":	"ते च खीणासवा भिक्खू, ",
"bv6:32.2":	"सो च बुद्धो असादिसो; ",
"bv6:32.3":	"अतुलप्पभं दस्सयित्वा, ",
"bv6:32.4":	"निब्बुता ये महायसा। ",
"bv6:33.1":	"तञ्च ञाणं अतुलियं, ",
"bv6:33.2":	"तानि च अतुलानि रतनानि; ",
"bv6:33.3":	"सब्बं तमन्तरहितं, ",
"bv6:33.4":	"ननु रित्ता सब्बसङ्खारा। ",
"bv6:34.1":	"सुमनो यसधरो बुद्धो, ",
"bv6:34.2":	"अङ्गारामम्हि निब्बुतो; ",
"bv6:34.3":	"तत्थेव तस्स जिनथूपो, ",
"bv6:34.4":	"चतुयोजनमुग्गतो”ति। ",
"bv6:35.1":	"सुमनस्स भगवतो वंसो चतुत्थो। "
}	
