{	
"bv9:0.1":	"बुद्धवंस ",
"bv9:0.2":	"९ अनोमदस्सीबुद्धवंस ",
"bv9:1.1":	"“सोभितस्स अपरेन, ",
"bv9:1.2":	"सम्बुद्धो द्विपदुत्तमो; ",
"bv9:1.3":	"अनोमदस्सी अमितयसो, ",
"bv9:1.4":	"तेजस्सी दुरतिक्कमो। ",
"bv9:2.1":	"सो छेत्वा बन्धनं सब्बं, ",
"bv9:2.2":	"विद्धंसेत्वा तयो भवे; ",
"bv9:2.3":	"अनिवत्तिगमनं मग्गं, ",
"bv9:2.4":	"देसेसि देवमानुसे। ",
"bv9:3.1":	"सागरोव असङ्खोब्भो, ",
"bv9:3.2":	"पब्बतोव दुरासदो; ",
"bv9:3.3":	"आकासोव अनन्तो सो, ",
"bv9:3.4":	"सालराजाव फुल्लितो। ",
"bv9:4.1":	"दस्सनेनपि तं बुद्धं, ",
"bv9:4.2":	"तोसिता होन्ति पाणिनो; ",
"bv9:4.3":	"ब्याहरन्तं गिरं सुत्वा, ",
"bv9:4.4":	"अमतं पापुणन्ति ते। ",
"bv9:5.1":	"धम्माभिसमयो तस्स, ",
"bv9:5.2":	"इद्धो फीतो तदा अहु; ",
"bv9:5.3":	"कोटिसतानि अभिसमिंसु, ",
"bv9:5.4":	"पठमे धम्मदेसने। ",
"bv9:6.1":	"ततो परं अभिसमये, ",
"bv9:6.2":	"वस्सन्ते धम्मवुट्ठियो; ",
"bv9:6.3":	"असीतिकोटियोभिसमिंसु, ",
"bv9:6.4":	"दुतिये धम्मदेसने। ",
"bv9:7.1":	"ततोपरञ्हि वस्सन्ते, ",
"bv9:7.2":	"तप्पयन्ते च पाणिनं; ",
"bv9:7.3":	"अट्ठसत्ततिकोटीनं, ",
"bv9:7.4":	"ततियाभिसमयो अहु। ",
"bv9:8.1":	"सन्निपाता तयो आसुं, ",
"bv9:8.2":	"तस्सापि च महेसिनो; ",
"bv9:8.3":	"अभिञ्ञाबलप्पत्तानं, ",
"bv9:8.4":	"पुप्फितानं विमुत्तिया। ",
"bv9:9.1":	"अट्ठसतसहस्सानं, ",
"bv9:9.2":	"सन्निपातो तदा अहु; ",
"bv9:9.3":	"पहीनमदमोहानं, ",
"bv9:9.4":	"सन्तचित्तान तादिनं। ",
"bv9:10.1":	"सत्तसतसहस्सानं, ",
"bv9:10.2":	"दुतियो आसि समागमो; ",
"bv9:10.3":	"अनङ्गणानं विरजानं, ",
"bv9:10.4":	"उपसन्तान तादिनं। ",
"bv9:11.1":	"छन्नं सतसहस्सानं, ",
"bv9:11.2":	"ततियो आसि समागमो; ",
"bv9:11.3":	"अभिञ्ञाबलप्पत्तानं, ",
"bv9:11.4":	"निब्बुतानं तपस्सिनं। ",
"bv9:12.1":	"अहं तेन समयेन, ",
"bv9:12.2":	"यक्खो आसिं महिद्धिको; ",
"bv9:12.3":	"नेकानं यक्खकोटीनं, ",
"bv9:12.4":	"वसवत्तिम्हि इस्सरो। ",
"bv9:13.1":	"तदापि तं बुद्धवरं, ",
"bv9:13.2":	"उपगन्त्वा महेसिनं; ",
"bv9:13.3":	"अन्नपानेन तप्पेसिं, ",
"bv9:13.4":	"ससङ्घं लोकनायकं। ",
"bv9:14.1":	"सोपि मं तदा ब्याकासि, ",
"bv9:14.2":	"विसुद्धनयनो मुनि; ",
"bv9:14.3":	"‘अपरिमेय्यितो कप्पे, ",
"bv9:14.4":	"अयं बुद्धो भविस्सति। ",
"bv9:15.1":	"पधानं पदहित्वान, ",
"bv9:15.2":	"…पे… ",
"bv9:15.3":	"हेस्साम सम्मुखा इमं’। ",
"bv9:16.1":	"तस्सापि वचनं सुत्वा, ",
"bv9:16.2":	"हट्ठो संविग्गमानसो; ",
"bv9:16.3":	"उत्तरिं वतमधिट्ठासिं, ",
"bv9:16.4":	"दसपारमिपूरिया। ",
"bv9:17.1":	"नगरं चन्दवती नाम, ",
"bv9:17.2":	"यसवा नाम खत्तियो; ",
"bv9:17.3":	"माता यसोधरा नाम, ",
"bv9:17.4":	"अनोमदस्सिस्स सत्थुनो। ",
"bv9:18.1":	"दसवस्ससहस्सानि, ",
"bv9:18.2":	"अगारं अज्झ सो वसि; ",
"bv9:18.3":	"सिरी उपसिरी वड्ढो, ",
"bv9:18.4":	"तयो पासादमुत्तमा। ",
"bv9:19.1":	"तेवीसतिसहस्सानि, ",
"bv9:19.2":	"नारियो समलङ्कता; ",
"bv9:19.3":	"सिरिमा नाम सा नारी, ",
"bv9:19.4":	"उपवाणो नाम अत्रजो। ",
"bv9:20.1":	"निमित्ते चतुरो दिस्वा, ",
"bv9:20.2":	"सिविकायाभिनिक्खमि; ",
"bv9:20.3":	"अनूनदसमासानि, ",
"bv9:20.4":	"पधानं पदही जिनो। ",
"bv9:21.1":	"ब्रह्मुना याचितो सन्तो, ",
"bv9:21.2":	"अनोमदस्सी महामुनि; ",
"bv9:21.3":	"वत्ति चक्कं महावीरो, ",
"bv9:21.4":	"उय्याने सो सुदस्सने। ",
"bv9:22.1":	"निसभो च अनोमो च, ",
"bv9:22.2":	"अहेसुं अग्गसावका; ",
"bv9:22.3":	"वरुणो नामुपट्ठाको, ",
"bv9:22.4":	"अनोमदस्सिस्स सत्थुनो। ",
"bv9:23.1":	"सुन्दरी च सुमना च, ",
"bv9:23.2":	"अहेसुं अग्गसाविका; ",
"bv9:23.3":	"बोधि तस्स भगवतो, ",
"bv9:23.4":	"अज्जुनोति पवुच्चति। ",
"bv9:24.1":	"नन्दिवड्ढो सिरिवड्ढो, ",
"bv9:24.2":	"अहेसुं अग्गुपट्ठका; ",
"bv9:24.3":	"उप्पला चेव पदुमा च, ",
"bv9:24.4":	"अहेसुं अग्गुपट्ठिका। ",
"bv9:25.1":	"अट्ठपण्णासरतनं, ",
"bv9:25.2":	"अच्चुग्गतो महामुनि; ",
"bv9:25.3":	"पभा निद्धावती तस्स, ",
"bv9:25.4":	"सतरंसीव उग्गतो। ",
"bv9:26.1":	"वस्ससतसहस्सानि, ",
"bv9:26.2":	"आयु विज्जति तावदे; ",
"bv9:26.3":	"तावता तिट्ठमानो सो, ",
"bv9:26.4":	"तारेसि जनतं बहुं। ",
"bv9:27.1":	"सुपुप्फितं पावचनं, ",
"bv9:27.2":	"अरहन्तेहि तादिहि; ",
"bv9:27.3":	"वीतरागेहि विमलेहि, ",
"bv9:27.4":	"सोभित्थ जिनसासनं। ",
"bv9:28.1":	"सो च सत्था अमितयसो, ",
"bv9:28.2":	"युगानि तानि अतुलियानि; ",
"bv9:28.3":	"सब्बं तमन्तरहितं, ",
"bv9:28.4":	"ननु रित्ता सब्बसङ्खारा। ",
"bv9:29.1":	"अनोमदस्सी जिनो सत्था, ",
"bv9:29.2":	"धम्मारामम्हि निब्बुतो; ",
"bv9:29.3":	"तत्थेवस्स जिनथूपो, ",
"bv9:29.4":	"उब्बेधो पञ्चवीसती”ति। ",
"bv9:30.1":	"अनोमदस्सिस्स भगवतो वंसो सत्तमो। "
}	
