{	
"cnd10:0.1":	"चूळनिद्देस ",
"cnd10:0.2":	"पारायनवग्गनिद्देस ",
"cnd10:0.3":	"पुच्छानिद्देस ",
"cnd10:0.4":	"६। उपसीवमाणवपुच्छानिद्देस ",
"cnd10:1.1":	"<ब्>एको अहं सक्क महन्तमोघं,</ब्> ",
"cnd10:1.2":	"(इच्चायस्मा उपसीवो) ",
"cnd10:1.3":	"<ब्>अनिस्सितो नो विसहामि तारितुं;</ब्> ",
"cnd10:1.4":	"<ब्>आरम्मणं ब्रूहि समन्तचक्खु,</ब्> ",
"cnd10:1.5":	"<ब्>यं निस्सितो ओघमिमं तरेय्यं।</ब्> ",
"cnd10:2.1":	"<ब्>एको अहं सक्क महन्तमोघन्</ब्>ति। ",
"cnd10:2.2":	"<ब्>एको</ब्>ति पुग्गलो वा मे दुतियो नत्थि, धम्मो वा मे दुतियो नत्थि, यं वा पुग्गलं निस्साय धम्मं वा निस्साय महन्तं कामोघं भवोघं दिट्ठोघं अविज्जोघं तरेय्यं उत्तरेय्यं पतरेय्यं समतिक्कमेय्यं वीतिवत्तेय्यन्ति। ",
"cnd10:2.3":	"<ब्>सक्का</ब्>ति सक्को। ",
"cnd10:2.4":	"भगवा सक्यकुला पब्बजितोतिपि सक्को। ",
"cnd10:2.5":	"अथ वा अड्ढो महद्धनो धनवातिपि सक्को। ",
"cnd10:2.6":	"तस्सिमानि धनानि, सेय्यथिदं—",
"cnd10:2.7":	"सद्धाधनं सीलधनं हिरिधनं ओत्तप्पधनं सुतधनं चागधनं पञ्ञाधनं सतिपट्ठानधनं …पे… ",
"cnd10:2.8":	"निब्बानधनं। ",
"cnd10:2.9":	"इमेहि अनेकेहि धनरतनेहि अड्ढो महद्धनो धनवातिपि सक्को। ",
"cnd10:2.10":	"अथ वा सक्को पहु विसवी अलमत्तो सूरो वीरो विक्कन्तो अभीरू अछम्भी अनुत्रासी अपलायी पहीनभयभेरवो विगतलोमहंसोतिपि सक्कोति—",
"cnd10:2.11":	"एको अहं सक्क महन्तमोघं। ",
"cnd10:3.1":	"<ब्>इच्चायस्मा उपसीवो</ब्>ति। ",
"cnd10:3.2":	"<ब्>इच्चा</ब्>ति पदसन्धि …पे…। ",
"cnd10:3.3":	"<ब्>आयस्मा</ब्>ति पियवचनं …पे…। ",
"cnd10:3.4":	"<ब्>उपसीवो</ब्>ति तस्स ब्राह्मणस्स नामं …पे… अभिलापोति—",
"cnd10:3.5":	"इच्चायस्मा उपसीवो। ",
"cnd10:4.1":	"<ब्>अनिस्सितो नो विसहामि तारितुन्</ब्>ति। ",
"cnd10:4.2":	"<ब्>अनिस्सितो</ब्>ति पुग्गलं वा अनिस्सितो धम्मं वा अनिस्सितो नो विसहामि न उस्सहामि न सक्कोमि न पटिबलो महन्तं कामोघं भवोघं दिट्ठोघं अविज्जोघं तरितुं उत्तरितुं पतरितुं समतिक्कमितुं वीतिवत्तितुन्ति—",
"cnd10:4.3":	"अनिस्सितो नो विसहामि तारितुं। ",
"cnd10:5.1":	"<ब्>आरम्मणं ब्रूहि समन्तचक्खू</ब्>ति आरम्मणं आलम्बणं निस्सयं उपनिस्सयं ब्रूहि आचिक्खाहि देसेहि पञ्ञपेहि पट्ठपेहि विवराहि विभजाहि उत्तानीकरोहि पकासेहि। ",
"cnd10:5.2":	"<ब्>समन्तचक्खू</ब्>ति समन्तचक्खु वुच्चति सब्बञ्ञुतञाणं। ",
"cnd10:5.3":	"भगवा तेन सब्बञ्ञुतञाणेन उपेतो समुपेतो उपागतो समुपागतो उपपन्नो समुपपन्नो समन्नागतो। ",
"cnd10:6.1":	"न तस्स अदिट्ठमिधत्थि किञ्चि, ",
"cnd10:6.2":	"अथो अविञ्ञातमजानितब्बं; ",
"cnd10:6.3":	"सब्बं अभिञ्ञासि यदत्थि नेय्यं, ",
"cnd10:6.4":	"तथागतो तेन समन्तचक्खूति। ",
"cnd10:7.1":	"आरम्मणं ब्रूहि समन्तचक्खु। ",
"cnd10:8.1":	"<ब्>यं निस्सितो ओघमिमं तरेय्यन्</ब्>ति। ",
"cnd10:8.2":	"<ब्>यं निस्सितो</ब्>ति यं पुग्गलं वा निस्सितो धम्मं वा निस्सितो महन्तं कामोघं भवोघं दिट्ठोघं अविज्जोघं तरेय्यं उत्तरेय्यं पतरेय्यं समतिक्कमेय्यं वीतिवत्तेय्यन्ति—",
"cnd10:8.3":	"यं निस्सितो ओघमिमं तरेय्यं। ",
"cnd10:8.4":	"तेनाह सो ब्राह्मणो—",
"cnd10:9.1":	"“एको अहं सक्क महन्तमोघं, ",
"cnd10:9.2":	"(इच्चायस्मा उपसीवो) ",
"cnd10:9.3":	"अनिस्सितो नो विसहामि तारितुं; ",
"cnd10:9.4":	"आरम्मणं ब्रूहि समन्तचक्खु, ",
"cnd10:9.5":	"यं निस्सितो ओघमिमं तरेय्यन्”ति। ",
"cnd10:10.1":	"<ब्>आकिञ्चञ्ञं पेक्खमानो सतिमा,</ब्> ",
"cnd10:10.2":	"(उपसीवाति भगवा) ",
"cnd10:10.3":	"<ब्>नत्थीति निस्साय तरस्सु ओघं;</ब्> ",
"cnd10:10.4":	"<ब्>कामे पहाय विरतो कथाहि,</ब्> ",
"cnd10:10.5":	"<ब्>तण्हक्खयं नत्तमहाभिपस्स।</ब्> ",
"cnd10:11.1":	"<ब्>आकिञ्चञ्ञं पेक्खमानो सतिमा</ब्>ति सो ब्राह्मणो पकतिया आकिञ्चञ्ञायतनसमापत्तिं लाभीयेव निस्सयं न जानाति—",
"cnd10:11.2":	"“अयं मे निस्सयो”ति। ",
"cnd10:11.3":	"तस्स भगवा निस्सयञ्च आचिक्खति उत्तरिञ्च निय्यानपथं। ",
"cnd10:11.4":	"आकिञ्चञ्ञायतनसमापत्तिं सतो समापज्जित्वा ततो वुट्ठहित्वा तत्थ जाते चित्तचेतसिके धम्मे अनिच्चतो पेक्खमानो, दुक्खतो …पे… ",
"cnd10:11.5":	"रोगतो … ",
"cnd10:11.6":	"गण्डतो … ",
"cnd10:11.7":	"सल्लतो … ",
"cnd10:11.8":	"अघतो … ",
"cnd10:11.9":	"आबाधतो … ",
"cnd10:11.10":	"परतो … ",
"cnd10:11.11":	"पलोकतो … ",
"cnd10:11.12":	"ईतितो … ",
"cnd10:11.13":	"उपद्दवतो … ",
"cnd10:11.14":	"भयतो … ",
"cnd10:11.15":	"उपसग्गतो … ",
"cnd10:11.16":	"चलतो … ",
"cnd10:11.17":	"पभङ्गुतो … ",
"cnd10:11.18":	"अद्धुवतो … ",
"cnd10:11.19":	"अताणतो … ",
"cnd10:11.20":	"अलेणतो … ",
"cnd10:11.21":	"असरणतो … ",
"cnd10:11.22":	"असरणीभूततो … ",
"cnd10:11.23":	"रित्ततो … ",
"cnd10:11.24":	"तुच्छतो … ",
"cnd10:11.25":	"सुञ्ञतो … ",
"cnd10:11.26":	"अनत्ततो … ",
"cnd10:11.27":	"आदीनवतो … ",
"cnd10:11.28":	"विपरिणामधम्मतो … ",
"cnd10:11.29":	"असारकतो … ",
"cnd10:11.30":	"अघमूलतो … ",
"cnd10:11.31":	"भवतो … ",
"cnd10:11.32":	"विभवतो … ",
"cnd10:11.33":	"सासवतो … ",
"cnd10:11.34":	"सङ्खततो … ",
"cnd10:11.35":	"मारामिसतो … ",
"cnd10:11.36":	"जातिधम्मतो … ",
"cnd10:11.37":	"जराधम्मतो … ",
"cnd10:11.38":	"ब्याधिधम्मतो … ",
"cnd10:11.39":	"मरणधम्मतो … ",
"cnd10:11.40":	"सोकपरिदेवदुक्खदोमनस्सुपायासधम्मतो … ",
"cnd10:11.41":	"समुदयधम्मतो … ",
"cnd10:11.42":	"अत्थङ्गमतो … ",
"cnd10:11.43":	"अस्सादतो … ",
"cnd10:11.44":	"आदीनवतो … ",
"cnd10:11.45":	"निस्सरणतो पेक्खमानो दक्खमानो ओलोकयमानो निज्झायमानो उपपरिक्खमानो। ",
"cnd10:12.1":	"<ब्>सतिमा</ब्>ति या सति अनुस्सति पटिस्सति …पे… सम्मासति—",
"cnd10:12.2":	"अयं वुच्चति सति। ",
"cnd10:12.3":	"इमाय सतिया उपेतो होति …पे… समन्नागतो, सो वुच्चति सतिमाति—",
"cnd10:12.4":	"आकिञ्चञ्ञं पेक्खमानो सतिमा। ",
"cnd10:13.1":	"<ब्>उपसीवाति भगवा</ब्>ति। ",
"cnd10:13.2":	"<ब्>उपसीवा</ब्>ति भगवा तं ब्राह्मणं नामेन आलपति। ",
"cnd10:13.3":	"<ब्>भगवा</ब्>ति गारवाधिवचनमेतं …पे… सच्छिका पञ्ञत्ति, यदिदं भगवाति—",
"cnd10:13.4":	"उपसीवाति भगवा। ",
"cnd10:14.1":	"<ब्>नत्थीति निस्साय तरस्सु ओघन्</ब्>ति नत्थि किञ्चीति आकिञ्चञ्ञायतनसमापत्ति। ",
"cnd10:14.2":	"किङ्कारणा नत्थि किञ्चीति आकिञ्चञ्ञायतनसमापत्ति? ",
"cnd10:14.3":	"विञ्ञाणञ्चायतनसमापत्तिं सतो समापज्जित्वा ततो वुट्ठहित्वा तञ्ञेव विञ्ञाणं अभावेति, विभावेति, अन्तरधापेति, नत्थि किञ्चीति पस्सति। ",
"cnd10:14.4":	"तङ्कारणा नत्थि किञ्चीति आकिञ्चञ्ञायतनसमापत्तिं निस्साय उपनिस्साय आलम्बणं करित्वा कामोघं भवोघं दिट्ठोघं अविज्जोघं तरस्सु उत्तरस्सु पतरस्सु समतिक्कमस्सु वीतिवत्तस्सूति—",
"cnd10:14.5":	"नत्थीति निस्साय तरस्सु ओघं। ",
"cnd10:15.1":	"<ब्>कामे पहाय विरतो कथाही</ब्>ति। ",
"cnd10:15.2":	"<ब्>कामा</ब्>ति उद्दानतो द्वे कामा—",
"cnd10:15.3":	"वत्थुकामा च किलेसकामा च …पे… ",
"cnd10:15.4":	"इमे वुच्चन्ति वत्थुकामा …पे… ",
"cnd10:15.5":	"इमे वुच्चन्ति किलेसकामा। ",
"cnd10:15.6":	"<ब्>कामे पहाया</ब्>ति वत्थुकामे परिजानित्वा किलेसकामे पहाय पजहित्वा विनोदेत्वा ब्यन्तीकरित्वा अनभावं गमेत्वाति—",
"cnd10:15.7":	"कामे पहाय। ",
"cnd10:15.8":	"<ब्>विरतो कथाही</ब्>ति कथङ्कथा वुच्चति विचिकिच्छा। ",
"cnd10:15.9":	"दुक्खे कङ्खा …पे… छम्भितत्तं चित्तस्स मनोविलेखो कथङ्कथाय आरतो विरतो पटिविरतो निक्खन्तो निस्सटो विप्पमुत्तो विसञ्ञुत्तो विमरियादिकतेन चेतसा विहरतीति—",
"cnd10:15.10":	"एवम्पि विरतो कथाहि …पे… ",
"cnd10:15.11":	"अथ वा द्वत्तिंसाय तिरच्छानकथाय आरतो विरतो पटिविरतो निक्खन्तो निस्सटो विप्पमुत्तो विसञ्ञुत्तो विमरियादिकतेन चेतसा विहरतीति एवम्पि विरतो कथाहीति—",
"cnd10:15.12":	"कामे पहाय विरतो कथाहि। ",
"cnd10:16.1":	"<ब्>तण्हक्खयं नत्तमहाभिपस्सा</ब्>ति। ",
"cnd10:16.2":	"<ब्>तण्हा</ब्>ति रूपतण्हा …पे… धम्मतण्हा। ",
"cnd10:16.3":	"<ब्>नत्तं</ब्> वुच्चति रत्ति। ",
"cnd10:16.4":	"<ब्>अहो</ब्>ति दिवसो। ",
"cnd10:16.5":	"रत्तिञ्च दिवा च तण्हक्खयं रागक्खयं दोसक्खयं मोहक्खयं गतिक्खयं उपपत्तिक्खयं पटिसन्धिक्खयं भवक्खयं संसारक्खयं वट्टक्खयं पस्स अभिपस्स दक्ख ओलोकय निज्झाय उपपरिक्खाति—",
"cnd10:16.6":	"तण्हक्खयं नत्तमहाभिपस्स। ",
"cnd10:16.7":	"तेनाह भगवा—",
"cnd10:17.1":	"“आकिञ्चञ्ञं पेक्खमानो सतिमा, ",
"cnd10:17.2":	"(उपसीवाति भगवा) ",
"cnd10:17.3":	"नत्थीति निस्साय तरस्सु ओघं; ",
"cnd10:17.4":	"कामे पहाय विरतो कथाहि, ",
"cnd10:17.5":	"तण्हक्खयं नत्तमहाभिपस्सा”ति। ",
"cnd10:18.1":	"<ब्>सब्बेसु कामेसु यो वीतरागो,</ब्> ",
"cnd10:18.2":	"(इच्चायस्मा उपसीवो) ",
"cnd10:18.3":	"<ब्>आकिञ्चञ्ञं निस्सितो हित्वा मञ्ञं;</ब्> ",
"cnd10:18.4":	"<ब्>सञ्ञाविमोक्खे परमेधिमुत्तो,</ब्> ",
"cnd10:18.5":	"<ब्>तिट्ठे नु सो तत्थ अनानुयायी।</ब्> ",
"cnd10:19.1":	"<ब्>सब्बेसु कामेसु यो वीतरागो</ब्>ति। ",
"cnd10:19.2":	"<ब्>सब्बेसू</ब्>ति सब्बेन सब्बं सब्बथा सब्बं असेसं निस्सेसं परियादियनवचनमेतं सब्बेसूति। ",
"cnd10:19.3":	"<ब्>कामेसू</ब्>ति <ब्>कामा</ब्>ति उद्दानतो द्वे कामा—",
"cnd10:19.4":	"वत्थुकामा च किलेसकामा च …पे… ",
"cnd10:19.5":	"इमे वुच्चन्ति वत्थुकामा …पे… ",
"cnd10:19.6":	"इमे वुच्चन्ति किलेसकामा। ",
"cnd10:19.7":	"सब्बेसु कामेसु यो वीतरागोति। ",
"cnd10:19.8":	"सब्बेसु कामेसु यो वीतरागो विगतरागो चत्तरागो वन्तरागो मुत्तरागो पहीनरागो पटिनिस्सट्ठरागो विक्खम्भनतोति—",
"cnd10:19.9":	"सब्बेसु कामेसु यो वीतरागो। ",
"cnd10:20.1":	"<ब्>इच्चायस्मा उपसीवो</ब्>ति। ",
"cnd10:20.2":	"<ब्>इच्चा</ब्>ति पदसन्धि …पे…। ",
"cnd10:20.3":	"<ब्>आयस्मा</ब्>ति पियवचनं …पे…। ",
"cnd10:20.4":	"<ब्>उपसीवो</ब्>ति तस्स ब्राह्मणस्स नामं …पे… अभिलापोति—",
"cnd10:20.5":	"इच्चायस्मा उपसीवो। ",
"cnd10:21.1":	"<ब्>आकिञ्चञ्ञं निस्सितो हित्वा मञ्ञन्</ब्>ति। ",
"cnd10:21.2":	"हेट्ठिमा छ समापत्तियो हित्वा चजित्वा परिच्चजित्वा अतिक्कमित्वा समतिक्कमित्वा वीतिवत्तित्वा आकिञ्चञ्ञायतनसमापत्तिं निस्सितो अल्लीनो उपगतो समुपगतो अज्झोसितो अधिमुत्तोति—",
"cnd10:21.3":	"आकिञ्चञ्ञं निस्सितो हित्वा मञ्ञं। ",
"cnd10:22.1":	"<ब्>सञ्ञाविमोक्खे परमेधिमुत्तो</ब्>ति सञ्ञाविमोक्खा वुच्चन्ति सत्त सञ्ञासमापत्तियो। ",
"cnd10:22.2":	"तासं सञ्ञासमापत्तीनं आकिञ्चञ्ञायतनसमापत्तिविमोक्खो अग्गो च सेट्ठो च विसेट्ठो च पामोक्खो च उत्तमो च पवरो च, परमे अग्गे सेट्ठे विसेट्ठे पामोक्खे उत्तमे पवरे अधिमुत्तिविमोक्खेन अधिमुत्तो तत्राधिमुत्तो तदधिमुत्तो तच्चरितो तब्बहुलो तग्गरुको तन्निन्नो तप्पोणो तप्पब्भारो तदधिमुत्तो तदधिपतेय्योति—",
"cnd10:22.3":	"सञ्ञाविमोक्खे परमेधिमुत्तो। ",
"cnd10:23.1":	"<ब्>तिट्ठे नु सो तत्थ अनानुयायी</ब्>ति। ",
"cnd10:23.2":	"<ब्>तिट्ठे नू</ब्>ति संसयपुच्छा विमतिपुच्छा द्वेळ्हकपुच्छा अनेकंसपुच्छा, “एवं नु खो, ननु खो, किं नु खो, कथं नु खो”ति—",
"cnd10:23.3":	"तिट्ठे नु। ",
"cnd10:23.4":	"<ब्>तत्था</ब्>ति आकिञ्चञ्ञायतने। ",
"cnd10:23.5":	"<ब्>अनानुयायी</ब्>ति अनानुयायी अविच्चमानो अविगच्छमानो अनन्तरधायमानो अपरिहायमानो …पे…। ",
"cnd10:23.6":	"अथ वा अरज्जमानो अदुस्समानो अमुय्हमानो अकिलिस्समानोति—",
"cnd10:23.7":	"तिट्ठे नु सो तत्थ अनानुयायी। ",
"cnd10:23.8":	"तेनाह सो ब्राह्मणो—",
"cnd10:24.1":	"“सब्बेसु कामेसु यो वीतरागो, ",
"cnd10:24.2":	"(इच्चायस्मा उपसीवो) ",
"cnd10:24.3":	"आकिञ्चञ्ञं निस्सितो हित्वा मञ्ञं; ",
"cnd10:24.4":	"सञ्ञाविमोक्खे परमेधिमुत्तो, ",
"cnd10:24.5":	"तिट्ठे नु सो तत्थ अनानुयायी”ति। ",
"cnd10:25.1":	"<ब्>सब्बेसु कामेसु यो वीतरागो,</ब्> ",
"cnd10:25.2":	"(उपसीवाति भगवा) ",
"cnd10:25.3":	"<ब्>आकिञ्चञ्ञं निस्सितो हित्वा मञ्ञं;</ब्> ",
"cnd10:25.4":	"<ब्>सञ्ञाविमोक्खे परमेधिमुत्तो,</ब्> ",
"cnd10:25.5":	"<ब्>तिट्ठेय्य सो तत्थ अनानुयायी।</ब्> ",
"cnd10:26.1":	"<ब्>सब्बेसु कामेसु यो वीतरागो</ब्>ति। ",
"cnd10:26.2":	"<ब्>सब्बेसू</ब्>ति सब्बेन सब्बं सब्बथा सब्बं असेसं निस्सेसं परियादियनवचनमेतं सब्बेसूति। ",
"cnd10:26.3":	"<ब्>कामेसू</ब्>ति <ब्>कामा</ब्>ति उद्दानतो द्वे कामा—",
"cnd10:26.4":	"वत्थुकामा च किलेसकामा च …पे… ",
"cnd10:26.5":	"इमे वुच्चन्ति वत्थुकामा …पे… ",
"cnd10:26.6":	"इमे वुच्चन्ति किलेसकामा। ",
"cnd10:26.7":	"<ब्>सब्बेसु कामेसु यो वीतरागो</ब्>ति सब्बेसु कामेसु यो वीतरागो …पे… ",
"cnd10:26.8":	"पटिनिस्सट्ठरागो विक्खम्भनतोति—",
"cnd10:26.9":	"सब्बेसु कामेसु यो वीतरागो। ",
"cnd10:27.1":	"<ब्>उपसीवाति भगवा</ब्>ति। ",
"cnd10:27.2":	"<ब्>उपसीवा</ब्>ति भगवा तं ब्राह्मणं नामेन आलपति। ",
"cnd10:27.3":	"<ब्>भगवा</ब्>ति गारवाधिवचनमेतं …पे… सच्छिका पञ्ञत्ति, यदिदं भगवाति—",
"cnd10:27.4":	"उपसीवाति भगवा। ",
"cnd10:28.1":	"<ब्>आकिञ्चञ्ञं निस्सितो हित्वा मञ्ञन्</ब्>ति। ",
"cnd10:28.2":	"हेट्ठिमा छ समापत्तियो हित्वा चजित्वा परिच्चजित्वा अतिक्कमित्वा समतिक्कमित्वा वीतिवत्तित्वा आकिञ्चञ्ञायतनसमापत्तिं निस्सितो अल्लीनो उपगतो समुपगतो अज्झोसितो अधिमुत्तोति—",
"cnd10:28.3":	"आकिञ्चञ्ञं निस्सितो हित्वा मञ्ञं। ",
"cnd10:29.1":	"<ब्>सञ्ञाविमोक्खे परमेधिमुत्तो</ब्>ति सञ्ञाविमोक्खा वुच्चन्ति सत्त सञ्ञासमापत्तियो। ",
"cnd10:29.2":	"तासं सञ्ञासमापत्तीनं आकिञ्चञ्ञायतनसमापत्तिविमोक्खो अग्गो च सेट्ठो च विसेट्ठो च पामोक्खो च उत्तमो च पवरो च, परमे अग्गे सेट्ठे विसेट्ठे पामोक्खे उत्तमे पवरे अधिमुत्तिविमोक्खेन अधिमुत्तो तत्राधिमुत्तो तदधिमुत्तो …पे… ",
"cnd10:29.3":	"तदधिपतेय्योति—",
"cnd10:29.4":	"सञ्ञाविमोक्खे परमेधिमुत्तो। ",
"cnd10:30.1":	"<ब्>तिट्ठेय्य सो तत्थ अनानुयायी</ब्>ति। ",
"cnd10:30.2":	"<ब्>तिट्ठेय्या</ब्>ति तिट्ठेय्य सट्ठिकप्पसहस्सानि। ",
"cnd10:30.3":	"<ब्>तत्था</ब्>ति आकिञ्चञ्ञायतने। ",
"cnd10:30.4":	"<ब्>अनानुयायी</ब्>ति अनानुयायी अविच्चमानो अविगच्छमानो अनन्तरधायमानो अपरिहायमानो। ",
"cnd10:30.5":	"अथ वा अरज्जमानो अदुस्समानो अमुय्हमानो अकिलिस्समानोति—",
"cnd10:30.6":	"तिट्ठेय्य सो तत्थ अनानुयायी। ",
"cnd10:30.7":	"तेनाह भगवा—",
"cnd10:31.1":	"“सब्बेसु कामेसु यो वीतरागो, ",
"cnd10:31.2":	"(उपसीवाति भगवा) ",
"cnd10:31.3":	"आकिञ्चञ्ञं निस्सितो हित्वा मञ्ञं; ",
"cnd10:31.4":	"सञ्ञाविमोक्खे परमेधिमुत्तो, ",
"cnd10:31.5":	"तिट्ठेय्य सो तत्थ अनानुयायी”ति। ",
"cnd10:32.1":	"<ब्>तिट्ठे चे सो तत्थ अनानुयायी,</ब्> ",
"cnd10:32.2":	"<ब्>पूगम्पि वस्सानि समन्तचक्खु;</ब्> ",
"cnd10:32.3":	"<ब्>तत्थेव सो सीतिसिया विमुत्तो,</ब्> ",
"cnd10:32.4":	"<ब्>चवेथ विञ्ञाणं तथाविधस्स।</ब्> ",
"cnd10:33.1":	"<ब्>तिट्ठे चे सो तत्थ अनानुयायी</ब्>ति सचे सो तिट्ठेय्य सट्ठिकप्पसहस्सानि। ",
"cnd10:33.2":	"<ब्>तत्था</ब्>ति आकिञ्चञ्ञायतने। ",
"cnd10:33.3":	"<ब्>अनानुयायी</ब्>ति अनानुयायी अविच्चमानो अविगच्छमानो अनन्तरधायमानो अपरिहायमानो। ",
"cnd10:33.4":	"अथ वा अरज्जमानो अदुस्समानो अमुय्हमानो अकिलिस्समानोति—",
"cnd10:33.5":	"तिट्ठे चे सो तत्थ अनानुयायी। ",
"cnd10:34.1":	"<ब्>पूगम्पि वस्सानि समन्तचक्खू</ब्>ति। ",
"cnd10:34.2":	"<ब्>पूगम्पि वस्सानी</ब्>ति पूगम्पि वस्सानि बहूनि वस्सानि बहूनि वस्ससतानि बहूनि वस्ससहस्सानि बहूनि वस्ससतसहस्सानि बहूनि कप्पानि बहूनि कप्पसतानि बहूनि कप्पसहस्सानि बहूनि कप्पसतसहस्सानि। ",
"cnd10:34.3":	"<ब्>समन्तचक्खू</ब्>ति समन्तचक्खु वुच्चति सब्बञ्ञुतञाणं …पे… ",
"cnd10:34.4":	"तथागतो तेन समन्तचक्खूति—",
"cnd10:34.5":	"पूगम्पि वस्सानि समन्तचक्खु। ",
"cnd10:35.1":	"<ब्>तत्थेव सो सीतिसिया विमुत्तो, चवेथ विञ्ञाणं तथाविधस्सा</ब्>ति तत्थेव सो सीतिभावमनुप्पत्तो निच्चो धुवो सस्सतो अविपरिणामधम्मो सस्सतिसमं तथेव तिट्ठेय्य। ",
"cnd10:35.2":	"अथ वा तस्स विञ्ञाणं चवेय्य उच्छिज्जेय्य नस्सेय्य विनस्सेय्य न भवेय्याति पुनब्भवपटिसन्धिविञ्ञाणं निब्बत्तेय्य कामधातुया वा रूपधातुया वा अरूपधातुया वाति आकिञ्चञ्ञायतनं समापन्नस्स सस्सतञ्च उच्छेदञ्च पुच्छति। ",
"cnd10:35.3":	"उदाहु तत्थेव अनुपादिसेसाय निब्बानधातुया परिनिब्बायेय्य। ",
"cnd10:35.4":	"अथ वा तस्स विञ्ञाणं चवेय्य पुन पटिसन्धिविञ्ञाणं निब्बत्तेय्य कामधातुया वा रूपधातुया वा अरूपधातुया वाति, आकिञ्चञ्ञायतनं उपपन्नस्स परिनिब्बानञ्च पटिसन्धिञ्च पुच्छति। ",
"cnd10:35.5":	"<ब्>तथाविधस्सा</ब्>ति तथाविधस्स तादिसस्स तस्सण्ठितस्स तप्पकारस्स तप्पटिभागस्स आकिञ्चञ्ञायतनं उपपन्नस्साति—",
"cnd10:35.6":	"तत्थेव सो सीतिसिया विमुत्तो, चवेथ विञ्ञाणं तथाविधस्स। ",
"cnd10:35.7":	"तेनाह सो ब्राह्मणो—",
"cnd10:36.1":	"“तिट्ठे चे सो तत्थ अनानुयायी, ",
"cnd10:36.2":	"पूगम्पि वस्सानि समन्तचक्खु; ",
"cnd10:36.3":	"तत्थेव सो सीतिसिया विमुत्तो, ",
"cnd10:36.4":	"चवेथ विञ्ञाणं तथाविधस्सा”ति। ",
"cnd10:37.1":	"<ब्>अच्चि यथा वातवेगेन खित्ता,</ब्> ",
"cnd10:37.2":	"(उपसीवाति भगवा) ",
"cnd10:37.3":	"<ब्>अत्थं पलेति न उपेति सङ्खं;</ब्> ",
"cnd10:37.4":	"<ब्>एवं मुनी नामकाया विमुत्तो,</ब्> ",
"cnd10:37.5":	"<ब्>अत्थं पलेति न उपेति सङ्खं।</ब्> ",
"cnd10:38.1":	"<ब्>अच्चि यथा वातवेगेन खित्ता</ब्>ति अच्चि वुच्चति जालसिखा। ",
"cnd10:38.2":	"<ब्>वाता</ब्>ति पुरत्थिमा वाता पच्छिमा वाता उत्तरा वाता दक्खिणा वाता सरजा वाता अरजा वाता सीता वाता उण्हा वाता परित्ता वाता अधिमत्ता वाता वेरम्भवाता पक्खवाता सुपण्णवाता तालपण्णवाता विधूपनवाता। ",
"cnd10:38.3":	"<ब्>वातवेगेन खित्ता</ब्>ति वातवेगेन खित्ता उक्खित्ता नुन्ना पणुन्ना खम्भिता विक्खम्भिताति—",
"cnd10:38.4":	"अच्चि यथा वातवेगेन खित्ता। ",
"cnd10:38.5":	"<ब्>उपसीवाति भगवा</ब्>ति। ",
"cnd10:38.6":	"<ब्>उपसीवा</ब्>ति भगवा तं ब्राह्मणं नामेन आलपति। ",
"cnd10:38.7":	"<ब्>भगवा</ब्>ति गारवाधिवचनमेतं …पे… सच्छिका पञ्ञत्ति, यदिदं भगवाति—",
"cnd10:38.8":	"उपसीवाति भगवा। ",
"cnd10:39.1":	"<ब्>अत्थं पलेति न उपेति सङ्खन्</ब्>ति। ",
"cnd10:39.2":	"<ब्>अत्थं पलेती</ब्>ति अत्थं पलेति, अत्थं गमेति, अत्थं गच्छति निरुज्झति वूपसमति पटिप्पस्सम्भति। ",
"cnd10:39.3":	"<ब्>न उपेति सङ्खन्</ब्>ति सङ्खं न उपेति, उद्देसं न उपेति, गणनं न उपेति, पण्णत्तिं न उपेति, “पुरत्थिमं वा दिसं गता, पच्छिमं वा दिसं गता, उत्तरं वा दिसं गता, दक्खिणं वा दिसं गता उद्धं वा गता, अधो वा गता, तिरियं वा गता, विदिसं वा गता”ति, सो हेतु नत्थि, पच्चयो नत्थि, कारणं नत्थि, येन सङ्खं गच्छेय्याति—",
"cnd10:39.4":	"अत्थं पलेति न उपेति सङ्खं। ",
"cnd10:40.1":	"<ब्>एवं मुनी नामकाया विमुत्तो</ब्>ति। ",
"cnd10:40.2":	"<ब्>एवन्</ब्>ति ओपम्मसम्पटिपादनं। ",
"cnd10:40.3":	"<ब्>मुनी</ब्>ति मोनं वुच्चति ञाणं …पे… सङ्गजालमतिच्च सो मुनि। ",
"cnd10:40.4":	"<ब्>नामकाया विमुत्तो</ब्>ति सो मुनि पकतिया पुब्बेव रूपकाया विमुत्तो। ",
"cnd10:40.5":	"तदङ्गं समतिक्कमा विक्खम्भनप्पहानेन पहीनो। ",
"cnd10:40.6":	"तस्स मुनिनो भवन्तं आगम्म चत्तारो अरियमग्गा पटिलद्धा होन्ति। ",
"cnd10:40.7":	"चतुन्नं अरियमग्गानं पटिलद्धत्ता नामकायो च रूपकायो च परिञ्ञाता होन्ति। ",
"cnd10:40.8":	"नामकायस्स च रूपकायस्स च परिञ्ञातत्ता नामकाया च रूपकाया च मुत्तो विमुत्तो सुविमुत्तो अच्चन्तअनुपादाविमोक्खेनाति—",
"cnd10:40.9":	"एवं मुनी नामकाया विमुत्तो। ",
"cnd10:41.1":	"<ब्>अत्थं पलेति न उपेति सङ्खन्</ब्>ति। ",
"cnd10:41.2":	"<ब्>अत्थं पलेती</ब्>ति अनुपादिसेसाय निब्बानधातुया परिनिब्बायति। ",
"cnd10:41.3":	"<ब्>न उपेति सङ्खन्</ब्>ति अनुपादिसेसाय निब्बानधातुया परिनिब्बुतो सङ्खं न उपेति, उद्देसं न उपेति, गणनं न उपेति, पण्णत्तिं न उपेति—",
"cnd10:41.4":	"खत्तियोति वा ब्राह्मणोति वा वेस्सोति वा सुद्दोति वा गहट्ठोति वा पब्बजितोति वा देवोति वा मनुस्सोति वा रूपीति वा अरूपीति वा सञ्ञीति वा असञ्ञीति वा नेवसञ्ञीनासञ्ञीति वा। ",
"cnd10:41.5":	"सो हेतु नत्थि पच्चयो नत्थि कारणं नत्थि येन सङ्खं गच्छेय्याति—",
"cnd10:41.6":	"अत्थं पलेति न उपेति सङ्खं। ",
"cnd10:41.7":	"तेनाह भगवा—",
"cnd10:42.1":	"“अच्चि यथा वातवेगेन खित्ता, ",
"cnd10:42.2":	"(उपसीवाति भगवा) ",
"cnd10:42.3":	"अत्थं पलेति न उपेति सङ्खं; ",
"cnd10:42.4":	"एवं मुनी नामकाया विमुत्तो, ",
"cnd10:42.5":	"अत्थं पलेति न उपेति सङ्खन्”ति। ",
"cnd10:43.1":	"<ब्>अत्थङ्गतो सो उद वा सो नत्थि,</ब्> ",
"cnd10:43.2":	"<ब्>उदाहु वे सस्सतिया अरोगो;</ब्> ",
"cnd10:43.3":	"<ब्>तं मे मुनी साधु वियाकरोहि,</ब्> ",
"cnd10:43.4":	"<ब्>तथा हि ते विदितो एस धम्मो।</ब्> ",
"cnd10:44.1":	"<ब्>अत्थङ्गतो सो उद वा सो नत्थी</ब्>ति सो अत्थङ्गतो उदाहु नत्थि सो निरुद्धो उच्छिन्नो विनट्ठोति—",
"cnd10:44.2":	"अत्थङ्गतो सो उद वा सो नत्थि। ",
"cnd10:45.1":	"<ब्>उदाहु वे सस्सतिया अरोगो</ब्>ति उदाहु निच्चो धुवो सस्सतो अविपरिणामधम्मो सस्सतिसमं तथेव तिट्ठेय्याति—",
"cnd10:45.2":	"उदाहु वे सस्सतिया अरोगो। ",
"cnd10:46.1":	"<ब्>तं मे मुनी साधु वियाकरोही</ब्>ति। ",
"cnd10:46.2":	"<ब्>तन्</ब्>ति यं पुच्छामि यं याचामि यं अज्झेसामि यं पसादेमि। ",
"cnd10:46.3":	"<ब्>मुनी</ब्>ति मोनं वुच्चति ञाणं …पे… सङ्गजालमतिच्च सो मुनि। ",
"cnd10:46.4":	"<ब्>साधु वियाकरोही</ब्>ति साधु आचिक्खाहि देसेहि पञ्ञपेहि पट्ठपेहि विवराहि विभजाहि उत्तानीकरोहि पकासेहीति—",
"cnd10:46.5":	"तं मे मुनी साधु वियाकरोहि। ",
"cnd10:47.1":	"<ब्>तथा हि ते विदितो एस धम्मो</ब्>ति तथा हि ते विदितो तुलितो तीरितो विभूतो विभावितो एस धम्मोति—",
"cnd10:47.2":	"तथा हि ते विदितो एस धम्मो। ",
"cnd10:47.3":	"तेनाह सो ब्राह्मणो—",
"cnd10:48.1":	"“अत्थङ्गतो सो उद वा सो नत्थि, ",
"cnd10:48.2":	"उदाहु वे सस्सतिया अरोगो; ",
"cnd10:48.3":	"तं मे मुनी साधु वियाकरोहि, ",
"cnd10:48.4":	"तथा हि ते विदितो एस धम्मो”ति। ",
"cnd10:49.1":	"<ब्>अत्थङ्गतस्स न पमाणमत्थि,</ब्> ",
"cnd10:49.2":	"(उपसीवाति भगवा) ",
"cnd10:49.3":	"<ब्>येन नं वज्जुं तं तस्स नत्थि;</ब्> ",
"cnd10:49.4":	"<ब्>सब्बेसु धम्मेसु समूहतेसु,</ब्> ",
"cnd10:49.5":	"<ब्>समूहता वादपथापि सब्बे।</ब्> ",
"cnd10:50.1":	"<ब्>अत्थङ्गतस्स न पमाणमत्थी</ब्>ति अत्थङ्गतस्स अनुपादिसेसाय निब्बानधातुया परिनिब्बुतस्स रूपपमाणं नत्थि, वेदनापमाणं नत्थि, सञ्ञापमाणं नत्थि, सङ्खारपमाणं नत्थि, विञ्ञाणपमाणं नत्थि, न अत्थि न संविज्जति नुपलब्भति पहीनं समुच्छिन्नं वूपसन्तं पटिप्पस्सद्धं अभब्बुप्पत्तिकं ञाणग्गिना दड्ढन्ति—",
"cnd10:50.2":	"अत्थङ्गतस्स न पमाणमत्थि। ",
"cnd10:50.3":	"<ब्>उपसीवाति भगवा</ब्>ति <ब्>उपसीवा</ब्>ति भगवा तं ब्राह्मणं नामेन आलपति। ",
"cnd10:50.4":	"<ब्>भगवा</ब्>ति गारवाधिवचनमेतं …पे… सच्छिका पञ्ञत्ति, यदिदं भगवाति—",
"cnd10:50.5":	"उपसीवाति भगवा। ",
"cnd10:51.1":	"<ब्>येन नं वज्जुं तं तस्स नत्थी</ब्>ति येन तं रागेन वदेय्युं, येन दोसेन वदेय्युं, येन मोहेन वदेय्युं, येन मानेन वदेय्युं, याय दिट्ठिया वदेय्युं, येन उद्धच्चेन वदेय्युं, याय विचिकिच्छाय वदेय्युं, येहि अनुसयेहि वदेय्युं—",
"cnd10:51.2":	"रत्तोति वा दुट्ठोति वा मूळ्होति वा विनिबद्धोति वा परामट्ठोति वा विक्खेपगतोति वा अनिट्ठङ्गतोति वा थामगतोति वा, ते अभिसङ्खारा पहीना। ",
"cnd10:51.3":	"अभिसङ्खारानं पहीनत्ता गतिया येन तं वदेय्युं—",
"cnd10:51.4":	"नेरयिकोति वा तिरच्छानयोनिकोति वा पेत्तिविसयिकोति वा मनुस्सोति वा देवोति वा रूपीति वा अरूपीति वा सञ्ञीति वा असञ्ञीति वा नेवसञ्ञीनासञ्ञीति वा, सो हेतु नत्थि पच्चयो नत्थि कारणं नत्थि येन वदेय्युं कथेय्युं भणेय्युं दीपेय्युं वोहरेय्युन्ति—",
"cnd10:51.5":	"येन नं वज्जुं तं तस्स नत्थि। ",
"cnd10:52.1":	"<ब्>सब्बेसु धम्मेसु समूहतेसू</ब्>ति सब्बेसु धम्मेसु सब्बेसु खन्धेसु सब्बेसु आयतनेसु सब्बासु धातूसु सब्बासु गतीसु सब्बासु उपपत्तीसु सब्बासु पटिसन्धीसु सब्बेसु भवेसु सब्बेसु संसारेसु सब्बेसु वट्टेसु ऊहतेसु समूहतेसु उद्धतेसु समुद्धतेसु उप्पाटितेसु समुप्पाटितेसु पहीनेसु समुच्छिन्नेसु वूपसन्तेसु पटिप्पस्सद्धेसु अभब्बुप्पत्तिकेसु ञाणग्गिना दड्ढेसूति—",
"cnd10:52.2":	"सब्बेसु धम्मेसु समूहतेसु। ",
"cnd10:53.1":	"<ब्>समूहता वादपथापि सब्बे</ब्>ति वादपथा वुच्चन्ति किलेसा च खन्धा च अभिसङ्खारा च। ",
"cnd10:53.2":	"तस्स वादा च वादपथा च अधिवचनानि च अधिवचनपथा च निरुत्ति च निरुत्तिपथा च पञ्ञत्ति च पञ्ञत्तिपथा च ऊहता समूहता उद्धता समुद्धता उप्पाटिता समुप्पाटिता पहीना समुच्छिन्ना वूपसन्ता पटिप्पस्सद्धा अभब्बुप्पत्तिका ञाणग्गिना दड्ढाति—",
"cnd10:53.3":	"समूहता वादपथापि सब्बे। ",
"cnd10:53.4":	"तेनाह भगवा—",
"cnd10:54.1":	"“अत्थङ्गतस्स न पमाणमत्थि, ",
"cnd10:54.2":	"(उपसीवाति भगवा) ",
"cnd10:54.3":	"येन नं वज्जुं तं तस्स नत्थि; ",
"cnd10:54.4":	"सब्बेसु धम्मेसु समूहतेसु, ",
"cnd10:54.5":	"समूहता वादपथापि सब्बे”ति। ",
"cnd10:55.1":	"सह गाथापरियोसाना ये ते ब्राह्मणेन सद्धिं …पे… ",
"cnd10:55.2":	"पञ्जलिको नमस्समानो निसिन्नो होति—",
"cnd10:55.3":	"सत्था मे, भन्ते भगवा, सावकोहमस्मीति। ",
"cnd10:55.4":	"उपसीवमाणवपुच्छानिद्देसो छट्ठो। "
}	
