{	
"cnd13:0.1":	"चूळनिद्देस ",
"cnd13:0.2":	"पारायनवग्गनिद्देस ",
"cnd13:0.3":	"पुच्छानिद्देस ",
"cnd13:0.4":	"९। तोदेय्यमाणवपुच्छानिद्देस ",
"cnd13:1.1":	"<ब्>यस्मिं कामा न वसन्ति,</ब्> ",
"cnd13:1.2":	"(इच्चायस्मा तोदेय्यो) ",
"cnd13:1.3":	"<ब्>तण्हा यस्स न विज्जति;</ब्> ",
"cnd13:1.4":	"<ब्>कथङ्कथा च यो तिण्णो,</ब्> ",
"cnd13:1.5":	"<ब्>विमोक्खो तस्स कीदिसो। </ब्> ",
"cnd13:2.1":	"<ब्>यस्मिं कामा न वसन्ती</ब्>ति यस्मिं कामा न वसन्ति न संवसन्ति न आवसन्ति न परिवसन्तीति—",
"cnd13:2.2":	"यस्मिं कामा न वसन्ति। ",
"cnd13:2.3":	"<ब्>इच्चायस्मा तोदेय्यो</ब्>ति। ",
"cnd13:2.4":	"<ब्>इच्चा</ब्>ति पदसन्धि …पे… पदानुपुब्बतापेतं—",
"cnd13:2.5":	"इच्चाति। ",
"cnd13:2.6":	"<ब्>आयस्मा</ब्>ति पियवचनं …पे…। ",
"cnd13:2.7":	"<ब्>तोदेय्यो</ब्>ति तस्स ब्राह्मणस्स नामं …पे… अभिलापोति—",
"cnd13:2.8":	"इच्चायस्मा तोदेय्यो। ",
"cnd13:3.1":	"<ब्>तण्हा यस्स न विज्जती</ब्>ति तण्हा यस्स नत्थि न अत्थि न संविज्जति नुपलब्भति ञाणग्गिना दड्ढाति—",
"cnd13:3.2":	"तण्हा यस्स न विज्जति। ",
"cnd13:4.1":	"<ब्>कथङ्कथा च यो तिण्णो</ब्>ति कथङ्कथा च यो तिण्णो उत्तिण्णो नित्थिण्णो अतिक्कन्तो समतिक्कन्तो वीतिवत्तोति—",
"cnd13:4.2":	"कथङ्कथा च यो तिण्णो। ",
"cnd13:5.1":	"<ब्>विमोक्खो तस्स कीदिसो</ब्>ति विमोक्खो तस्स कीदिसो किंसण्ठितो किंपकारो किंपटिभागो इच्छितब्बोति विमोक्खं पुच्छतीति—",
"cnd13:5.2":	"विमोक्खो तस्स कीदिसो। ",
"cnd13:5.3":	"तेनाह सो ब्राह्मणो—",
"cnd13:6.1":	"“यस्मिं कामा न वसन्ति, ",
"cnd13:6.2":	"(इच्चायस्मा तोदेय्यो) ",
"cnd13:6.3":	"तण्हा यस्स न विज्जति; ",
"cnd13:6.4":	"कथङ्कथा च यो तिण्णो, ",
"cnd13:6.5":	"विमोक्खो तस्स कीदिसो”ति। ",
"cnd13:7.1":	"<ब्>यस्मिं कामा न वसन्ति,</ब्> ",
"cnd13:7.2":	"(तोदेय्याति भगवा) ",
"cnd13:7.3":	"<ब्>तण्हा यस्स न विज्जति;</ब्> ",
"cnd13:7.4":	"<ब्>कथङ्कथा च यो तिण्णो,</ब्> ",
"cnd13:7.5":	"<ब्>विमोक्खो तस्स नापरो। </ब्> ",
"cnd13:8.1":	"<ब्>यस्मिं कामा न वसन्ती</ब्>ति। ",
"cnd13:8.2":	"<ब्>यस्मिन्</ब्>ति यस्मिं पुग्गले अरहन्ते खीणासवे। ",
"cnd13:8.3":	"<ब्>कामा</ब्>ति उद्दानतो द्वे कामा—",
"cnd13:8.4":	"वत्थुकामा च किलेसकामा च …पे… ",
"cnd13:8.5":	"इमे वुच्चन्ति वत्थुकामा …पे… ",
"cnd13:8.6":	"इमे वुच्चन्ति किलेसकामा। ",
"cnd13:8.7":	"<ब्>यस्मिं कामा न वसन्ती</ब्>ति यस्मिं कामा न वसन्ति न संवसन्ति न आवसन्ति न परिवसन्तीति—",
"cnd13:8.8":	"यस्मिं कामा न वसन्ति। ",
"cnd13:9.1":	"<ब्>तोदेय्याति भगवा</ब्>ति। ",
"cnd13:9.2":	"<ब्>तोदेय्या</ब्>ति भगवा तं ब्राह्मणं नामेन आलपति। ",
"cnd13:9.3":	"<ब्>भगवा</ब्>ति गारवाधिवचनमेतं …पे… सच्छिका पञ्ञत्ति, यदिदं भगवाति—",
"cnd13:9.4":	"तोदेय्याति भगवा। ",
"cnd13:10.1":	"<ब्>तण्हा यस्स न विज्जती</ब्>ति। ",
"cnd13:10.2":	"<ब्>तण्हा</ब्>ति रूपतण्हा सद्दतण्हा गन्धतण्हा रसतण्हा फोट्ठब्बतण्हा धम्मतण्हा। ",
"cnd13:10.3":	"<ब्>यस्सा</ब्>ति अरहतो खीणासवस्स। ",
"cnd13:10.4":	"<ब्>तण्हा यस्स न विज्जती</ब्>ति तण्हा यस्स नत्थि न अत्थि न संविज्जति नुपलब्भति, पहीना समुच्छिन्ना वूपसन्ता पटिप्पस्सद्धा अभब्बुप्पत्तिका ञाणग्गिना दड्ढाति—",
"cnd13:10.5":	"तण्हा यस्स न विज्जति। ",
"cnd13:11.1":	"<ब्>कथङ्कथा च यो तिण्णो</ब्>ति कथङ्कथा वुच्चति विचिकिच्छा। ",
"cnd13:11.2":	"दुक्खे कङ्खा …पे… छम्भितत्तं चित्तस्स मनोविलेखो। ",
"cnd13:11.3":	"<ब्>यो</ब्>ति यो सो अरहं खीणासवो। ",
"cnd13:11.4":	"<ब्>कथङ्कथा च यो तिण्णो</ब्>ति कथङ्कथा च यो तिण्णो उत्तिण्णो नित्थिण्णो अतिक्कन्तो समतिक्कन्तो वीतिवत्तोति—",
"cnd13:11.5":	"कथङ्कथा च यो तिण्णो। ",
"cnd13:12.1":	"<ब्>विमोक्खो तस्स नापरो</ब्>ति नत्थि तस्स अपरो विमोक्खो। ",
"cnd13:12.2":	"येन विमोक्खेन विमुच्चेय्य विमुत्तो सो। ",
"cnd13:12.3":	"कतं तस्स विमोक्खेन करणीयन्ति—",
"cnd13:12.4":	"विमोक्खो तस्स नापरो। ",
"cnd13:12.5":	"तेनाह भगवा—",
"cnd13:13.1":	"“यस्मिं कामा न वसन्ति, ",
"cnd13:13.2":	"(तोदेय्याति भगवा) ",
"cnd13:13.3":	"तण्हा यस्स न विज्जति; ",
"cnd13:13.4":	"कथङ्कथा च यो तिण्णो, ",
"cnd13:13.5":	"विमोक्खो तस्स नापरो”ति। ",
"cnd13:14.1":	"<ब्>निराससो सो उद आससानो,</ब्> ",
"cnd13:14.2":	"<ब्>पञ्ञाणवा सो उद पञ्ञकप्पी;</ब्> ",
"cnd13:14.3":	"<ब्>मुनिं अहं सक्क यथा विजञ्ञं,</ब्> ",
"cnd13:14.4":	"<ब्>तं मे वियाचिक्ख समन्तचक्खु। </ब्> ",
"cnd13:15.1":	"<ब्>निराससो सो उद आससानो</ब्>ति नित्तण्हो सो, उदाहु सतण्हो रूपे आसीसति, सद्दे …पे… ",
"cnd13:15.2":	"गन्धे … ",
"cnd13:15.3":	"रसे … ",
"cnd13:15.4":	"फोट्ठब्बे … ",
"cnd13:15.5":	"कुलं … ",
"cnd13:15.6":	"गणं … ",
"cnd13:15.7":	"आवासं … ",
"cnd13:15.8":	"लाभं … ",
"cnd13:15.9":	"यसं … ",
"cnd13:15.10":	"पसंसं … ",
"cnd13:15.11":	"सुखं … ",
"cnd13:15.12":	"चीवरं … ",
"cnd13:15.13":	"पिण्डपातं … ",
"cnd13:15.14":	"सेनासनं … ",
"cnd13:15.15":	"गिलानपच्चयभेसज्जपरिक्खारं … ",
"cnd13:15.16":	"कामधातुं … ",
"cnd13:15.17":	"रूपधातुं … ",
"cnd13:15.18":	"अरूपधातुं … ",
"cnd13:15.19":	"कामभवं … ",
"cnd13:15.20":	"रूपभवं … ",
"cnd13:15.21":	"अरूपभवं … ",
"cnd13:15.22":	"सञ्ञाभवं … ",
"cnd13:15.23":	"असञ्ञाभवं … ",
"cnd13:15.24":	"नेवसञ्ञानासञ्ञाभवं … ",
"cnd13:15.25":	"एकवोकारभवं … ",
"cnd13:15.26":	"चतुवोकारभवं … ",
"cnd13:15.27":	"पञ्चवोकारभवं … ",
"cnd13:15.28":	"अतीतं … ",
"cnd13:15.29":	"अनागतं … ",
"cnd13:15.30":	"पच्चुप्पन्नं … ",
"cnd13:15.31":	"दिट्ठसुतमुतविञ्ञातब्बे धम्मे आसीसति सादियति पत्थेति पिहेति अभिजप्पतीति—",
"cnd13:15.32":	"निराससो सो उद आससानो। ",
"cnd13:16.1":	"<ब्>पञ्ञाणवा सो उद पञ्ञकप्पी</ब्>ति। ",
"cnd13:16.2":	"<ब्>पञ्ञाणवा सो</ब्>ति पण्डितो पञ्ञवा बुद्धिमा ञाणी विभावी मेधावी। ",
"cnd13:16.3":	"<ब्>उद पञ्ञकप्पी</ब्>ति उदाहु अट्ठसमापत्तिञाणेन वा पञ्चाभिञ्ञाञाणेन वा मिच्छाञाणेन वा तण्हाकप्पं वा दिट्ठिकप्पं वा कप्पेति जनेति सञ्जनेति निब्बत्तेति अभिनिब्बत्तेतीति—",
"cnd13:16.4":	"पञ्ञाणवा सो उद पञ्ञकप्पी। ",
"cnd13:17.1":	"<ब्>मुनिं अहं सक्क यथा विजञ्ञन्</ब्>ति। ",
"cnd13:17.2":	"<ब्>सक्का</ब्>ति सक्को भगवा। ",
"cnd13:17.3":	"सक्यकुला पब्बजितोतिपि सक्को। ",
"cnd13:17.4":	"अथ वा अड्ढो महद्धनो धनवातिपि सक्को। ",
"cnd13:17.5":	"तस्सिमानि धनानि, सेय्यथिदं—",
"cnd13:17.6":	"सद्धाधनं सीलधनं हिरिधनं ओत्तप्पधनं सुतधनं चागधनं पञ्ञाधनं सतिपट्ठानधनं सम्मप्पधानधनं इद्धिपादधनं इन्द्रियधनं बलधनं बोज्झङ्गधनं मग्गधनं फलधनं निब्बानधनन्ति। ",
"cnd13:17.7":	"तेहि अनेकविधेहि धनरतनेहि अड्ढो महद्धनो धनवातिपि सक्को। ",
"cnd13:17.8":	"अथ वा सक्को पहु विसवी अलमत्तो सूरो वीरो विक्कन्तो अभीरू अच्छम्भी अनुत्रासी अपलायी पहीनभयभेरवो विगतलोमहंसोतिपि सक्को। ",
"cnd13:17.9":	"<ब्>मुनिं अहं सक्क यथा विजञ्ञन्</ब्>ति सक्क यथाहं मुनिं जानेय्यं आजानेय्यं विजानेय्यं पटिविजानेय्यं पटिविज्झेय्यन्ति—",
"cnd13:17.10":	"मुनिं अहं सक्क यथा विजञ्ञं। ",
"cnd13:18.1":	"<ब्>तं मे वियाचिक्ख समन्तचक्खू</ब्>ति। ",
"cnd13:18.2":	"<ब्>तन्</ब्>ति यं पुच्छामि यं याचामि यं अज्झेसामि यं पसादेमि। ",
"cnd13:18.3":	"<ब्>वियाचिक्खा</ब्>ति आचिक्खाहि देसेहि पञ्ञपेहि पट्ठपेहि विवराहि विभजाहि उत्तानीकरोहि पकासेहि। ",
"cnd13:18.4":	"<ब्>समन्तचक्खू</ब्>ति समन्तचक्खु वुच्चति सब्बञ्ञुतञाणं …पे… ",
"cnd13:18.5":	"तथागतो तेन समन्तचक्खूति—",
"cnd13:18.6":	"तं मे वियाचिक्ख समन्तचक्खु। ",
"cnd13:18.7":	"तेनाह सो ब्राह्मणो—",
"cnd13:19.1":	"“निराससो सो उद आससानो, ",
"cnd13:19.2":	"पञ्ञाणवा सो उद पञ्ञकप्पी; ",
"cnd13:19.3":	"मुनिं अहं सक्क यथा विजञ्ञं, ",
"cnd13:19.4":	"तं मे वियाचिक्ख समन्तचक्खू”ति। ",
"cnd13:20.1":	"<ब्>निराससो सो न च आससानो,</ब्> ",
"cnd13:20.2":	"<ब्>पञ्ञाणवा सो न च पञ्ञकप्पी;</ब्> ",
"cnd13:20.3":	"<ब्>एवम्पि तोदेय्य मुनिं विजान,</ब्> ",
"cnd13:20.4":	"<ब्>अकिञ्चनं कामभवे असत्तं। </ब्> ",
"cnd13:21.1":	"<ब्>निराससो सो न च आससानो</ब्>ति नित्तण्हो सो। ",
"cnd13:21.2":	"न सो सतण्हो रूपे नासीसति। ",
"cnd13:21.3":	"सद्दे …पे… ",
"cnd13:21.4":	"गन्धे … ",
"cnd13:21.5":	"दिट्ठसुतमुतविञ्ञातब्बे धम्मे नासीसति न इच्छति न सादियति न पत्थेति न पिहेति नाभिजप्पतीति—",
"cnd13:21.6":	"निराससो सो न च आससानो। ",
"cnd13:22.1":	"<ब्>पञ्ञाणवा सो न च पञ्ञकप्पी</ब्>ति। ",
"cnd13:22.2":	"<ब्>पञ्ञाणवा</ब्>ति पण्डितो पञ्ञवा बुद्धिमा ञाणी विभावी मेधावी। ",
"cnd13:22.3":	"<ब्>न च पञ्ञकप्पी</ब्>ति अट्ठसमापत्तिञाणेन वा पञ्चाभिञ्ञाञाणेन वा मिच्छाञाणेन वा तण्हाकप्पं वा न कप्पेति दिट्ठिकप्पं वा न कप्पेति न जनेति न सञ्जनेति न निब्बत्तेति नाभिनिब्बत्तेतीति—",
"cnd13:22.4":	"पञ्ञाणवा सो न च पञ्ञकप्पी। ",
"cnd13:23.1":	"<ब्>एवम्पि तोदेय्य मुनिं विजाना</ब्>ति। ",
"cnd13:23.2":	"<ब्>मुनी</ब्>ति मोनं वुच्चति ञाणं …पे… सङ्गजालमतिच्च सो मुनि। ",
"cnd13:23.3":	"<ब्>एवम्पि तोदेय्य मुनिं विजाना</ब्>ति तोदेय्य, एवं मुनिं जान पटिजान पटिविजान पटिविज्झाति—",
"cnd13:23.4":	"एवम्पि तोदेय्य मुनिं विजान। ",
"cnd13:24.1":	"<ब्>अकिञ्चनं कामभवे असत्तन्</ब्>ति। ",
"cnd13:24.2":	"<ब्>अकिञ्चनन्</ब्>ति रागकिञ्चनं दोसकिञ्चनं मोहकिञ्चनं मानकिञ्चनं दिट्ठिकिञ्चनं किलेसकिञ्चनं दुच्चरितकिञ्चनं। ",
"cnd13:24.3":	"यस्सेतानि किञ्चनानि पहीनानि समुच्छिन्नानि वूपसन्तानि पटिप्पस्सद्धानि अभब्बुप्पत्तिकानि ञाणग्गिना दड्ढानि, सो वुच्चति अकिञ्चनो। ",
"cnd13:24.4":	"<ब्>कामा</ब्>ति उद्दानतो द्वे कामा—",
"cnd13:24.5":	"वत्थुकामा च किलेसकामा च …पे… ",
"cnd13:24.6":	"इमे वुच्चन्ति वत्थुकामा …पे… ",
"cnd13:24.7":	"इमे वुच्चन्ति किलेसकामा। ",
"cnd13:24.8":	"<ब्>भवा</ब्>ति द्वे भवा—",
"cnd13:24.9":	"कम्मभवो च पटिसन्धिको च पुनब्भवो …पे… ",
"cnd13:24.10":	"अयं पटिसन्धिको पुनब्भवो। ",
"cnd13:25.1":	"<ब्>अकिञ्चनं कामभवे असत्तन्</ब्>ति अकिञ्चनं पुग्गलं कामे च भवे च असत्तं अलग्गं अलग्गितं अपलिबुद्धं निक्खन्तं निस्सटं विप्पमुत्तं विसञ्ञुत्तं विमरियादिकतेन चेतसा विहरन्तन्ति—",
"cnd13:25.2":	"अकिञ्चनं कामभवे असत्तं। ",
"cnd13:25.3":	"तेनाह भगवा—",
"cnd13:26.1":	"“निराससो सो न च आससानो, ",
"cnd13:26.2":	"पञ्ञाणवा सो न च पञ्ञकप्पी; ",
"cnd13:26.3":	"एवम्पि तोदेय्य मुनिं विजान, ",
"cnd13:26.4":	"अकिञ्चनं कामभवे असत्तन्”ति। ",
"cnd13:27.1":	"सह गाथापरियोसाना …पे… ",
"cnd13:27.2":	"सत्था मे भन्ते भगवा, सावकोहमस्मीति। ",
"cnd13:27.3":	"तोदेय्यमाणवपुच्छानिद्देसो नवमो। "
}	
