{	
"cnd11:0.1":	"चूळनिद्देस ",
"cnd11:0.2":	"पारायनवग्गनिद्देस ",
"cnd11:0.3":	"पुच्छानिद्देस ",
"cnd11:0.4":	"७। नन्दमाणवपुच्छानिद्देस ",
"cnd11:1.1":	"<ब्>सन्ति लोके मुनयो,</ब्> ",
"cnd11:1.2":	"(इच्चायस्मा नन्दो) ",
"cnd11:1.3":	"<ब्>जना वदन्ति तयिदं कथंसु;</ब्> ",
"cnd11:1.4":	"<ब्>ञाणूपपन्नं मुनि नो वदन्ति,</ब्> ",
"cnd11:1.5":	"<ब्>उदाहु वे जीवितेनूपपन्नं। </ब्> ",
"cnd11:2.1":	"<ब्>सन्ति लोके मुनयो</ब्>ति। ",
"cnd11:2.2":	"<ब्>सन्ती</ब्>ति सन्ति संविज्जन्ति अत्थि उपलब्भन्ति। ",
"cnd11:2.3":	"<ब्>लोके</ब्>ति अपायलोके …पे… आयतनलोके। ",
"cnd11:2.4":	"<ब्>मुनयो</ब्>ति मुनिनामका आजीवका निगण्ठा जटिला तापसा। ",
"cnd11:2.5":	"देवा लोके मुनयोति सञ्जानन्ति, न च ते मुनयोति। ",
"cnd11:2.6":	"सन्ति लोके मुनयो। ",
"cnd11:2.7":	"<ब्>इच्चायस्मा नन्दो</ब्>ति। ",
"cnd11:2.8":	"<ब्>इच्चा</ब्>ति पदसन्धि …पे…। ",
"cnd11:2.9":	"<ब्>आयस्मा</ब्>ति पियवचनं …पे…। ",
"cnd11:2.10":	"<ब्>नन्दो</ब्>ति तस्स ब्राह्मणस्स नामं …पे… अभिलापोति—",
"cnd11:2.11":	"इच्चायस्मा नन्दो। ",
"cnd11:3.1":	"<ब्>जना वदन्ति तयिदं कथंसू</ब्>ति। ",
"cnd11:3.2":	"<ब्>जना</ब्>ति खत्तिया च ब्राह्मणा च वेस्सा च सुद्दा च गहट्ठा च पब्बजिता च देवा च मनुस्सा च। ",
"cnd11:3.3":	"<ब्>वदन्ती</ब्>ति कथेन्ति भणन्ति दीपयन्ति वोहरन्ति। ",
"cnd11:3.4":	"<ब्>तयिदं कथंसू</ब्>ति संसयपुच्छा विमतिपुच्छा द्वेळ्हकपुच्छा अनेकंसपुच्छा “एवं नु खो, न नु खो, किं नु खो, कथं नु खो”ति—",
"cnd11:3.5":	"जना वदन्ति तयिदं कथंसु। ",
"cnd11:4.1":	"<ब्>ञाणूपपन्नं मुनि नो वदन्ती</ब्>ति। ",
"cnd11:4.2":	"अट्ठ समापत्तिञाणेन वा पञ्चाभिञ्ञाञाणेन वा उपेतं समुपेतं उपागतं समुपागतं उपपन्नं समुपपन्नं समन्नागतं मुनिं वदन्ति कथेन्ति भणन्ति दीपयन्ति वोहरन्तीति—",
"cnd11:4.3":	"ञाणूपपन्नं मुनि नो वदन्ति। ",
"cnd11:5.1":	"<ब्>उदाहु वे जीवितेनूपपन्नन्</ब्>ति उदाहु अनेकविविधअतिपरमदुक्करकारिकलूखजीवितानुयोगेन उपेतं समुपेतं उपागतं समुपागतं उपपन्नं समुपपन्नं समन्नागतं मुनिं वदन्ति कथेन्ति भणन्ति दीपयन्ति वोहरन्तीति—",
"cnd11:5.2":	"उदाहु वे जीवितेनूपपन्नं। ",
"cnd11:5.3":	"तेनाह सो ब्राह्मणो—",
"cnd11:6.1":	"“सन्ति लोके मुनयो, ",
"cnd11:6.2":	"(इच्चायस्मा नन्दो) ",
"cnd11:6.3":	"जना वदन्ति तयिदं कथंसु; ",
"cnd11:6.4":	"ञाणूपपन्नं मुनि नो वदन्ति, ",
"cnd11:6.5":	"उदाहु वे जीवितेनूपपन्नन्”ति। ",
"cnd11:7.1":	"<ब्>न दिट्ठिया न सुतिया न ञाणेन,</ब्> ",
"cnd11:7.2":	"<ब्>मुनीध नन्द कुसला वदन्ति;</ब्> ",
"cnd11:7.3":	"<ब्>विसेनिकत्वा अनीघा निरासा,</ब्> ",
"cnd11:7.4":	"<ब्>चरन्ति ये ते मुनयोति ब्रूमि। </ब्> ",
"cnd11:8.1":	"<ब्>न दिट्ठिया न सुतिया न ञाणेना</ब्>ति। ",
"cnd11:8.2":	"<ब्>न दिट्ठिया</ब्>ति न दिट्ठसुद्धिया। ",
"cnd11:8.3":	"<ब्>न सुतिया</ब्>ति न सुतसुद्धिया। ",
"cnd11:8.4":	"<ब्>न ञाणेना</ब्>ति नपि अट्ठसमापत्तिञाणेन नपि पञ्चाभिञ्ञाञाणेन नपि मिच्छाञाणेनाति—",
"cnd11:8.5":	"न दिट्ठिया न सुतिया न ञाणेन। ",
"cnd11:9.1":	"<ब्>मुनीध नन्द कुसला वदन्ती</ब्>ति। ",
"cnd11:9.2":	"<ब्>कुसला</ब्>ति ये ते खन्धकुसला धातुकुसला आयतनकुसला पटिच्चसमुप्पादकुसला सतिपट्ठानकुसला सम्मप्पधानकुसला इद्धिपादकुसला इन्द्रियकुसला बलकुसला बोज्झङ्गकुसला मग्गकुसला फलकुसला निब्बानकुसला दिट्ठसुद्धिया वा सुतसुद्धिया वा अट्ठसमापत्तिञाणेन वा पञ्चाभिञ्ञाञाणेन वा मिच्छाञाणेन वा दिट्ठेन वा सुतेन वा उपेतं समुपेतं उपागतं समुपागतं उपपन्नं समुपपन्नं समन्नागतं मुनिं न वदन्ति न कथेन्ति न भणन्ति न दीपयन्ति न वोहरन्तीति—",
"cnd11:9.3":	"मुनीध नन्द कुसला वदन्ति। ",
"cnd11:10.1":	"<ब्>विसेनिकत्वा अनीघा निरासा, चरन्ति ये ते मुनयोति ब्रूमी</ब्>ति ",
"cnd11:10.2":	"<ब्>सेना</ब्> वुच्चति मारसेना, कायदुच्चरितं मारसेना, वचीदुच्चरितं मारसेना, मनोदुच्चरितं मारसेना, रागो मारसेना, दोसो मारसेना, मोहो मारसेना, कोधो …पे… उपनाहो … मक्खो … पळासो … इस्सा … मच्छरियं … माया … साठेय्यं … थम्भो … सारम्भो … मानो … अतिमानो … मदो … पमादो … सब्बे किलेसा सब्बे दुच्चरिता सब्बे दरथा सब्बे परिळाहा सब्बे सन्तापा सब्बाकुसलाभिसङ्खारा मारसेना। ",
"cnd11:10.3":	"वुत्तञ्हेतं भगवता—",
"cnd11:11.1":	"“कामा ते पठमा सेना, ",
"cnd11:11.2":	"दुतिया अरति वुच्चति; ",
"cnd11:11.3":	"ततिया खुप्पिपासा ते, ",
"cnd11:11.4":	"चतुत्थी तण्हा पवुच्चति। ",
"cnd11:12.1":	"पञ्चमं थिनमिद्धं ते, ",
"cnd11:12.2":	"छट्ठा भीरू पवुच्चति; ",
"cnd11:12.3":	"सत्तमी विचिकिच्छा ते, ",
"cnd11:12.4":	"मक्खो थम्भो ते अट्ठमो; ",
"cnd11:12.5":	"लाभो सिलोको सक्कारो, ",
"cnd11:12.6":	"मिच्छालद्धो च यो यसो। ",
"cnd11:13.1":	"यो चत्तानं समुक्कंसे, ",
"cnd11:13.2":	"परे च अवजानति; ",
"cnd11:13.3":	"एसा नमुचि ते सेना, ",
"cnd11:13.4":	"कण्हस्साभिप्पहारिनी; ",
"cnd11:13.5":	"न नं असूरो जिनाति, ",
"cnd11:13.6":	"जेत्वा च लभते सुखन्”ति। ",
"cnd11:14.1":	"यतो चतूहि अरियमग्गेहि सब्बा च मारसेना सब्बे च पटिसेनिकरा किलेसा जिता च पराजिता च भग्गा विप्पलुग्गा परम्मुखा, तेन वुच्चन्ति विसेनिकत्वा। ",
"cnd11:14.2":	"<ब्>अनीघा</ब्>ति रागो नीघो, दोसो नीघो, मोहो नीघो, कोधो नीघो, उपनाहो नीघो …पे… सब्बाकुसलाभिसङ्खारा नीघा। ",
"cnd11:14.3":	"येसं एते नीघा पहीना समुच्छिन्ना वूपसन्ता पटिप्पस्सद्धा अभब्बुप्पत्तिका ञाणग्गिना दड्ढा ते वुच्चन्ति अनीघा। ",
"cnd11:14.4":	"<ब्>निरासा</ब्>ति आसा वुच्चति तण्हा। ",
"cnd11:14.5":	"यो रागो सारागो …पे… ",
"cnd11:14.6":	"अविज्जा लोभो अकुसलमूलं। ",
"cnd11:14.7":	"येसं एसा आसा तण्हा पहीना समुच्छिन्ना वूपसन्ता पटिप्पस्सद्धा अभब्बुप्पत्तिका ञाणग्गिना दड्ढा, ते वुच्चन्ति निरासा अरहन्तो खीणासवा। ",
"cnd11:14.8":	"<ब्>विसेनिकत्वा अनीघा निरासा, चरन्ति ये ते मुनयोति ब्रूमी</ब्>ति ये ते विसेनिकत्वाव अनीघा च निरासा च चरन्ति विहरन्ति इरियन्ति वत्तेन्ति पालेन्ति यपेन्ति यापेन्ति, ते लोके मुनयोति ब्रूमि आचिक्खामि देसेमि पञ्ञपेमि पट्ठपेमि विवरामि विभजामि उत्तानीकरोमि पकासेमीति—",
"cnd11:14.9":	"विसेनिकत्वा अनीघा निरासा, चरन्ति ये ते मुनयोति ब्रूमि। ",
"cnd11:14.10":	"तेनाह भगवा—",
"cnd11:15.1":	"“न दिट्ठिया न सुतिया न ञाणेन, ",
"cnd11:15.2":	"मुनीध नन्द कुसला वदन्ति; ",
"cnd11:15.3":	"विसेनिकत्वा अनीघा निरासा, ",
"cnd11:15.4":	"चरन्ति ये ते मुनयोति ब्रूमी”ति। ",
"cnd11:16.1":	"<ब्>ये केचिमे समणब्राह्मणासे,</ब्> ",
"cnd11:16.2":	"(इच्चायस्मा नन्दो) ",
"cnd11:16.3":	"<ब्>दिट्ठस्सुतेनापि वदन्ति सुद्धिं;</ब्> ",
"cnd11:16.4":	"<ब्>सीलब्बतेनापि वदन्ति सुद्धिं,</ब्> ",
"cnd11:16.5":	"<ब्>अनेकरूपेन वदन्ति सुद्धिं।</ब्> ",
"cnd11:17.1":	"<ब्>कच्चिस्सु ते भगवा तत्थ यता चरन्ता,</ब्> ",
"cnd11:17.2":	"<ब्>अतारु जातिञ्च जरञ्च मारिस;</ब्> ",
"cnd11:17.3":	"<ब्>पुच्छामि तं भगवा ब्रूहि मेतं। </ब्> ",
"cnd11:18.1":	"<ब्>ये केचिमे समणब्राह्मणासे</ब्>ति। ",
"cnd11:18.2":	"<ब्>ये केची</ब्>ति सब्बेन सब्बं सब्बथा सब्बं असेसं निस्सेसं परियादियनवचनमेतं—",
"cnd11:18.3":	"ये केचीति। ",
"cnd11:18.4":	"<ब्>समणा</ब्>ति ये केचि इतो बहिद्धा पब्बज्जूपगता परिब्बाजकसमापन्ना। ",
"cnd11:18.5":	"<ब्>ब्राह्मणा</ब्>ति ये केचि भोवादिकाति—",
"cnd11:18.6":	"ये केचिमे समणब्राह्मणासे। ",
"cnd11:18.7":	"<ब्>इच्चायस्मा नन्दो</ब्>ति। ",
"cnd11:18.8":	"<ब्>इच्चा</ब्>ति पदसन्धि …पे…। ",
"cnd11:18.9":	"<ब्>आयस्मा</ब्>ति पियवचनं …पे…। ",
"cnd11:18.10":	"<ब्>नन्दो</ब्>ति। ",
"cnd11:18.11":	"तस्स ब्राह्मणस्स नामं …पे… अभिलापोति—",
"cnd11:18.12":	"इच्चायस्मा नन्दो। ",
"cnd11:19.1":	"<ब्>दिट्ठस्सुतेनापि वदन्ति सुद्धिन्</ब्>ति दिट्ठेनापि सुद्धिं विसुद्धिं परिसुद्धिं मुत्तिं विमुत्तिं परिमुत्तिं वदन्ति कथेन्ति भणन्ति दीपयन्ति वोहरन्ति; ",
"cnd11:19.2":	"सुतेनपि सुद्धिं विसुद्धिं परिसुद्धिं मुत्तिं विमुत्तिं परिमुत्तिं वदन्ति कथेन्ति भणन्ति दीपयन्ति वोहरन्ति; ",
"cnd11:19.3":	"दिट्ठस्सुतेनापि सुद्धिं विसुद्धिं परिसुद्धिं मुत्तिं विमुत्तिं परिमुत्तिं वदन्ति कथेन्ति भणन्ति दीपयन्ति वोहरन्तीति—",
"cnd11:19.4":	"दिट्ठस्सुतेनापि वदन्ति सुद्धिं। ",
"cnd11:20.1":	"<ब्>सीलब्बतेनापि वदन्ति सुद्धिन्</ब्>ति सीलेनपि सुद्धिं विसुद्धिं परिसुद्धिं मुत्तिं विमुत्तिं परिमुत्तिं वदन्ति कथेन्ति भणन्ति दीपयन्ति वोहरन्ति; ",
"cnd11:20.2":	"वतेनापि सुद्धिं विसुद्धिं परिसुद्धिं मुत्तिं विमुत्तिं परिमुत्तिं वदन्ति कथेन्ति भणन्ति दीपयन्ति वोहरन्ति; ",
"cnd11:20.3":	"सीलब्बतेनापि सुद्धिं विसुद्धिं परिसुद्धिं मुत्तिं विमुत्तिं परिमुत्तिं वदन्ति कथेन्ति भणन्ति दीपयन्ति वोहरन्तीति—",
"cnd11:20.4":	"सीलब्बतेनापि वदन्ति सुद्धिं। ",
"cnd11:21.1":	"<ब्>अनेकरूपेन वदन्ति सुद्धिन्</ब्>ति अनेकविधकोतूहलमङ्गलेन सुद्धिं विसुद्धिं परिसुद्धिं मुत्तिं विमुत्तिं परिमुत्तिं वदन्ति कथेन्ति भणन्ति दीपयन्ति वोहरन्तीति—",
"cnd11:21.2":	"अनेकरूपेन वदन्ति सुद्धिं। ",
"cnd11:22.1":	"<ब्>कच्चिस्सु ते भगवा तत्थ यता चरन्ता</ब्>ति। ",
"cnd11:22.2":	"<ब्>कच्चिस्सू</ब्>ति संसयपुच्छा विमतिपुच्छा द्वेळ्हकपुच्छा अनेकंसपुच्छा, “एवं नु खो, न नु खो, किं नु खो, कथं नु खो”ति—",
"cnd11:22.3":	"कच्चिस्सु। ",
"cnd11:22.4":	"<ब्>ते</ब्>ति दिट्ठिगतिका। ",
"cnd11:22.5":	"<ब्>भगवा</ब्>ति गारवाधिवचनमेतं …पे… सच्छिका पञ्ञत्ति, यदिदं भगवाति—",
"cnd11:22.6":	"कच्चिस्सु ते भगवा। ",
"cnd11:22.7":	"<ब्>तत्थ यता चरन्ता</ब्>ति। ",
"cnd11:22.8":	"<ब्>तत्था</ब्>ति सकाय दिट्ठिया सकाय खन्तिया सकाय रुचिया सकाय लद्धिया। ",
"cnd11:22.9":	"<ब्>यता</ब्>ति यत्ता पटियत्ता गुत्ता गोपिता रक्खिता संवुता। ",
"cnd11:22.10":	"<ब्>चरन्ता</ब्>ति चरन्ता विहरन्ता इरियन्ता वत्तेन्ता पालेन्ता यपेन्ता यापेन्ताति—",
"cnd11:22.11":	"कच्चिस्सु ते भगवा तत्थ यता चरन्ता। ",
"cnd11:23.1":	"<ब्>अतारु जातिञ्च जरञ्च मारिसा</ब्>ति जातिजरामरणं अतरिंसु उत्तरिंसु पतरिंसु समतिक्कमिंसु वीतिवत्तिंसु। ",
"cnd11:23.2":	"<ब्>मारिसा</ब्>ति पियवचनं गरुवचनं सगारवसप्पतिस्साधिवचनमेतं—",
"cnd11:23.3":	"मारिसाति—",
"cnd11:23.4":	"अतारु जातिञ्च जरञ्च मारिस। ",
"cnd11:24.1":	"<ब्>पुच्छामि तं भगवा ब्रूहि मेतन्</ब्>ति। ",
"cnd11:24.2":	"<ब्>पुच्छामि तन्</ब्>ति पुच्छामि तं याचामि तं अज्झेसामि तं, कथयस्सु मेति पुच्छामि तं। ",
"cnd11:24.3":	"<ब्>भगवा</ब्>ति …पे… ",
"cnd11:24.4":	"सच्छिका पञ्ञत्ति, यदिदं भगवाति। ",
"cnd11:24.5":	"<ब्>ब्रूहि मेतन्</ब्>ति ब्रूहि आचिक्खाहि देसेहि पञ्ञपेहि पट्ठपेहि विवराहि विभजाहि उत्तानीकरोहि पकासेहीति—",
"cnd11:24.6":	"पुच्छामि तं भगवा ब्रूहि मेतं। ",
"cnd11:24.7":	"तेनाह सो ब्राह्मणो—",
"cnd11:25.1":	"“ये केचिमे समणब्राह्मणासे, ",
"cnd11:25.2":	"(इच्चायस्मा नन्दो) ",
"cnd11:25.3":	"दिट्ठस्सुतेनापि वदन्ति सुद्धिं; ",
"cnd11:25.4":	"सीलब्बतेनापि वदन्ति सुद्धिं, ",
"cnd11:25.5":	"अनेकरूपेन वदन्ति सुद्धिं। ",
"cnd11:26.1":	"कच्चिस्सु ते भगवा तत्थ यता चरन्ता, ",
"cnd11:26.2":	"अतारु जातिञ्च जरञ्च मारिस; ",
"cnd11:26.3":	"पुच्छामि तं भगवा ब्रूहि मेतन्”ति। ",
"cnd11:27.1":	"<ब्>ये केचिमे समणब्राह्मणासे,</ब्> ",
"cnd11:27.2":	"(नन्दाति भगवा) ",
"cnd11:27.3":	"<ब्>दिट्ठस्सुतेनापि वदन्ति सुद्धिं;</ब्> ",
"cnd11:27.4":	"<ब्>सीलब्बतेनापि वदन्ति सुद्धिं,</ब्> ",
"cnd11:27.5":	"<ब्>अनेकरूपेन वदन्ति सुद्धिं;</ब्> ",
"cnd11:27.6":	"<ब्>किञ्चापि ते तत्थ यता चरन्ति,</ब्> ",
"cnd11:27.7":	"<ब्>नातरिंसु जातिजरन्ति ब्रूमि। </ब्> ",
"cnd11:28.1":	"<ब्>ये केचिमे समणब्राह्मणासे</ब्>ति। ",
"cnd11:28.2":	"<ब्>ये केची</ब्>ति सब्बेन सब्बं सब्बथा सब्बं असेसं निस्सेसं परियादियनवचनमेतं—",
"cnd11:28.3":	"ये केचीति। ",
"cnd11:28.4":	"<ब्>समणा</ब्>ति ये केचि इतो बहिद्धा पब्बज्जूपगता परिब्बाजकसमापन्ना। ",
"cnd11:28.5":	"<ब्>ब्राह्मणा</ब्>ति ये केचि भोवादिकाति—",
"cnd11:28.6":	"ये केचिमे समणब्राह्मणासे। ",
"cnd11:28.7":	"<ब्>नन्दाति भगवा</ब्>ति। ",
"cnd11:28.8":	"<ब्>नन्दा</ब्>ति भगवा तं ब्राह्मणं नामेन आलपति। ",
"cnd11:28.9":	"<ब्>भगवा</ब्>ति गारवाधिवचनमेतं …पे… सच्छिका पञ्ञत्ति, यदिदं भगवाति—",
"cnd11:28.10":	"नन्दाति भगवा। ",
"cnd11:29.1":	"<ब्>दिट्ठस्सुतेनापि वदन्ति सुद्धिन्</ब्>ति दिट्ठेनापि सुद्धिं विसुद्धिं परिसुद्धिं मुत्तिं विमुत्तिं परिमुत्तिं वदन्ति कथेन्ति भणन्ति दीपयन्ति वोहरन्ति; ",
"cnd11:29.2":	"सुतेनपि सुद्धिं …पे… ",
"cnd11:29.3":	"दिट्ठस्सुतेनापि सुद्धिं विसुद्धिं परिसुद्धिं मुत्तिं विमुत्तिं परिमुत्तिं वदन्ति कथेन्ति भणन्ति दीपयन्ति वोहरन्तीति—",
"cnd11:29.4":	"दिट्ठस्सुतेनापि वदन्ति सुद्धिं। ",
"cnd11:30.1":	"<ब्>सीलब्बतेनापि वदन्ति सुद्धिन्</ब्>ति सीलेनपि सुद्धिं विसुद्धिं परिसुद्धिं मुत्तिं विमुत्तिं परिमुत्तिं वदन्ति कथेन्ति भणन्ति दीपयन्ति वोहरन्ति; ",
"cnd11:30.2":	"वतेनापि सुद्धिं …पे… वोहरन्ति; ",
"cnd11:30.3":	"सीलब्बतेनापि सुद्धिं विसुद्धिं परिसुद्धिं मुत्तिं विमुत्तिं परिमुत्तिं वदन्ति कथेन्ति भणन्ति दीपयन्ति वोहरन्तीति—",
"cnd11:30.4":	"सीलब्बतेनापि वदन्ति सुद्धिं। ",
"cnd11:31.1":	"<ब्>अनेकरूपेन वदन्ति सुद्धिन्</ब्>ति अनेकविधकोतूहलमङ्गलेन सुद्धिं विसुद्धिं परिसुद्धिं मुत्तिं विमुत्तिं परिमुत्तिं वदन्ति कथेन्ति भणन्ति दीपयन्ति वोहरन्तीति—",
"cnd11:31.2":	"अनेकरूपेन वदन्ति सुद्धिं। ",
"cnd11:32.1":	"<ब्>किञ्चापि ते तत्थ यता चरन्ती</ब्>ति। ",
"cnd11:32.2":	"<ब्>किञ्चापी</ब्>ति पदसन्धि पदसंसग्गो पदपारिपूरी अक्खरसमवायो ब्यञ्जनसिलिट्ठता पदानुपुब्बतापेतं—",
"cnd11:32.3":	"किञ्चापीति। ",
"cnd11:32.4":	"<ब्>ते</ब्>ति दिट्ठिगतिका। ",
"cnd11:32.5":	"<ब्>तत्था</ब्>ति सकाय दिट्ठिया सकाय खन्तिया सकाय रुचिया सकाय लद्धिया। ",
"cnd11:32.6":	"<ब्>यता</ब्>ति यत्ता पटियत्ता गुत्ता गोपिता रक्खिता संवुता। ",
"cnd11:32.7":	"<ब्>चरन्ती</ब्>ति चरन्ति विहरन्ति इरियन्ति वत्तेन्ति पालेन्ति यपेन्ति यापेन्तीति—",
"cnd11:32.8":	"किञ्चापि ते तत्थ यता चरन्ति। ",
"cnd11:33.1":	"<ब्>नातरिंसु जातिजरन्ति ब्रूमी</ब्>ति जातिजरामरणं न तरिंसु न उत्तरिंसु न पतरिंसु न समतिक्कमिंसु न वीतिवत्तिंसु, जातिजरामरणा अनिक्खन्ता अनिस्सटा अनतिक्कन्ता असमतिक्कन्ता अवीतिवत्ता, अन्तोजातिजरामरणे परिवत्तेन्ति, अन्तोसंसारपथे परिवत्तेन्ति, जातिया अनुगता, जराय अनुसटा, ब्याधिना अभिभूता, मरणेन अब्भाहता अताणा अलेणा असरणा असरणीभूताति ब्रूमि आचिक्खामि देसेमि पञ्ञपेमि पट्ठपेमि विवरामि विभजामि उत्तानीकरोमि पकासेमीति—",
"cnd11:33.2":	"नातरिंसु जातिजरन्ति ब्रूमि। ",
"cnd11:33.3":	"तेनाह भगवा—",
"cnd11:34.1":	"“ये केचिमे समणब्राह्मणासे, ",
"cnd11:34.2":	"(नन्दाति भगवा) ",
"cnd11:34.3":	"दिट्ठस्सुतेनापि वदन्ति सुद्धिं; ",
"cnd11:34.4":	"सीलब्बतेनापि वदन्ति सुद्धिं, ",
"cnd11:34.5":	"अनेकरूपेन वदन्ति सुद्धिं; ",
"cnd11:34.6":	"किञ्चापि ते तत्थ यता चरन्ति, ",
"cnd11:34.7":	"नातरिंसु जातिजरन्ति ब्रूमी”ति। ",
"cnd11:35.1":	"<ब्>ये केचिमे समणब्राह्मणासे,</ब्> ",
"cnd11:35.2":	"(इच्चायस्मा नन्दो) ",
"cnd11:35.3":	"<ब्>दिट्ठस्सुतेनापि वदन्ति सुद्धिं;</ब्> ",
"cnd11:35.4":	"<ब्>सीलब्बतेनापि वदन्ति सुद्धिं,</ब्> ",
"cnd11:35.5":	"<ब्>अनेकरूपेन वदन्ति सुद्धिं।</ब्> ",
"cnd11:36.1":	"<ब्>ते चे मुनी ब्रूसि अनोघतिण्णे,</ब्> ",
"cnd11:36.2":	"<ब्>अथ को चरहि देवमनुस्सलोके;</ब्> ",
"cnd11:36.3":	"<ब्>अतारि जातिञ्च जरञ्च मारिस,</ब्> ",
"cnd11:36.4":	"<ब्>पुच्छामि तं भगवा ब्रूहि मेतं। </ब्> ",
"cnd11:37.1":	"<ब्>ये केचिमे समणब्राह्मणासे</ब्>ति। ",
"cnd11:37.2":	"<ब्>ये केची</ब्>ति सब्बेन सब्बं सब्बथा सब्बं असेसं निस्सेसं परियादियनवचनमेतं—",
"cnd11:37.3":	"ये केचीति। ",
"cnd11:37.4":	"<ब्>समणा</ब्>ति ये केचि इतो बहिद्धा पब्बज्जूपगता परिब्बाजकसमापन्ना। ",
"cnd11:37.5":	"<ब्>ब्राह्मणा</ब्>ति ये केचि भोवादिकाति—",
"cnd11:37.6":	"ये केचिमे समणब्राह्मणासे। ",
"cnd11:37.7":	"<ब्>इच्चायस्मा नन्दो</ब्>ति। ",
"cnd11:37.8":	"<ब्>इच्चा</ब्>ति पदसन्धि …पे… ",
"cnd11:37.9":	"इच्चायस्मा नन्दो। ",
"cnd11:38.1":	"<ब्>दिट्ठस्सुतेनापि वदन्ति सुद्धिन्</ब्>ति दिट्ठेनापि सुद्धिं विसुद्धिं परिसुद्धिं मुत्तिं विमुत्तिं परिमुत्तिं वदन्ति कथेन्ति भणन्ति दीपयन्ति वोहरन्ति; ",
"cnd11:38.2":	"सुतेनापि सुद्धिं …पे… ",
"cnd11:38.3":	"दिट्ठस्सुतेनापि सुद्धिं विसुद्धिं परिसुद्धिं मुत्तिं विमुत्तिं परिमुत्तिं वदन्ति कथेन्ति भणन्ति दीपयन्ति वोहरन्तीति—",
"cnd11:38.4":	"दिट्ठस्सुतेनापि वदन्ति सुद्धिं। ",
"cnd11:39.1":	"<ब्>सीलब्बतेनापि वदन्ति सुद्धिन्</ब्>ति सीलेनापि सुद्धिं विसुद्धिं परिसुद्धिं मुत्तिं विमुत्तिं परिमुत्तिं वदन्ति कथेन्ति भणन्ति दीपयन्ति वोहरन्ति; ",
"cnd11:39.2":	"वतेनापि सुद्धिं …पे… वोहरन्ति; ",
"cnd11:39.3":	"सीलब्बतेनापि सुद्धिं विसुद्धिं परिसुद्धिं मुत्तिं विमुत्तिं परिमुत्तिं वदन्ति कथेन्ति भणन्ति दीपयन्ति वोहरन्तीति—",
"cnd11:39.4":	"सीलब्बतेनापि वदन्ति सुद्धिं। ",
"cnd11:40.1":	"<ब्>अनेकरूपेन वदन्ति सुद्धिन्</ब्>ति अनेकविधकोतूहलमङ्गलेन सुद्धिं विसुद्धिं परिसुद्धिं मुत्तिं विमुत्तिं परिमुत्तिं वदन्ति कथेन्ति भणन्ति दीपयन्ति वोहरन्तीति—",
"cnd11:40.2":	"अनेकरूपेन वदन्ति सुद्धिं। ",
"cnd11:41.1":	"<ब्>ते चे मुनी ब्रूसि अनोघतिण्णे</ब्>ति। ",
"cnd11:41.2":	"<ब्>ते चे</ब्>ति दिट्ठिगतिके। ",
"cnd11:41.3":	"<ब्>मुनी</ब्>ति मोनं वुच्चति ञाणं …पे… सङ्गजालमतिच्च सो मुनि। ",
"cnd11:41.4":	"<ब्>ब्रूसि अनोघतिण्णे</ब्>ति कामोघं भवोघं दिट्ठोघं अविज्जोघं अतिण्णे अनतिक्कन्ते असमतिक्कन्ते अवीतिवत्ते अन्तोजातिजरामरणे परिवत्तेन्ते अन्तोसंसारपथे परिवत्तेन्ते जातिया अनुगते जराय अनुसटे ब्याधिना अभिभूते मरणेन अब्भाहते अताणे अलेणे असरणे असरणीभूते। ",
"cnd11:41.5":	"<ब्>ब्रूसी</ब्>ति ब्रूसि आचिक्खसि देसेसि पञ्ञपेसि पट्ठपेसि विवरसि विभजसि उत्तानीकरोसि पकासेसीति—",
"cnd11:41.6":	"ते चे मुनी ब्रूसि अनोघतिण्णे। ",
"cnd11:42.1":	"<ब्>अथ को चरहि देवमनुस्सलोके, अतारि जातिञ्च जरञ्च मारिसा</ब्>ति अथ को एसो सदेवके लोके समारके सब्रह्मके सस्समणब्राह्मणिया पजाय सदेवमनुस्साय जातिजरामरणं अतरि उत्तरि पतरि समतिक्कमि वीतिवत्तयि। ",
"cnd11:42.2":	"<ब्>मारिसा</ब्>ति पियवचनं गरुवचनं सगारवसप्पतिस्साधिवचनमेतं मारिसाति—",
"cnd11:42.3":	"अथ को चरहि देवमनुस्सलोके, अतारि जातिञ्च जरञ्च मारिस। ",
"cnd11:43.1":	"<ब्>पुच्छामि तं भगवा ब्रूहि मेतन्</ब्>ति। ",
"cnd11:43.2":	"<ब्>पुच्छामि तन्</ब्>ति पुच्छामि तं याचामि तं अज्झेसामि तं पसादेमि तं। ",
"cnd11:43.3":	"<ब्>भगवा</ब्>ति गारवाधिवचनमेतं …पे… सच्छिका पञ्ञत्ति, यदिदं भगवाति। ",
"cnd11:43.4":	"<ब्>ब्रूहि मेतन्</ब्>ति ब्रूहि आचिक्खाहि देसेहि पञ्ञपेहि पट्ठपेहि विवराहि विभजाहि उत्तानीकरोहि पकासेहीति—",
"cnd11:43.5":	"पुच्छामि तं भगवा ब्रूहि मेतं। ",
"cnd11:43.6":	"तेनाह सो ब्राह्मणो—",
"cnd11:44.1":	"“ये केचिमे समणब्राह्मणासे, ",
"cnd11:44.2":	"(इच्चायस्मा नन्दो) ",
"cnd11:44.3":	"दिट्ठस्सुतेनापि वदन्ति सुद्धिं; ",
"cnd11:44.4":	"सीलब्बतेनापि वदन्ति सुद्धिं, ",
"cnd11:44.5":	"अनेकरूपेन वदन्ति सुद्धिं। ",
"cnd11:45.1":	"ते चे मुनी ब्रूसि अनोघतिण्णे, ",
"cnd11:45.2":	"अथ को चरहि देवमनुस्सलोके; ",
"cnd11:45.3":	"अतारि जातिञ्च जरञ्च मारिस, ",
"cnd11:45.4":	"पुच्छामि तं भगवा ब्रूहि मेतन्”ति। ",
"cnd11:46.1":	"<ब्>नाहं सब्बे समणब्राह्मणासे,</ब्> ",
"cnd11:46.2":	"(नन्दाति भगवा) ",
"cnd11:46.3":	"<ब्>जातिजराय निवुताति ब्रूमि;</ब्> ",
"cnd11:46.4":	"<ब्>ये सीध दिट्ठं व सुतं मुतं वा,</ब्> ",
"cnd11:46.5":	"<ब्>सीलब्बतं वापि पहाय सब्बं।</ब्> ",
"cnd11:47.1":	"<ब्>अनेकरूपम्पि पहाय सब्बं,</ब्> ",
"cnd11:47.2":	"<ब्>तण्हं परिञ्ञाय अनासवासे;</ब्> ",
"cnd11:47.3":	"<ब्>ते वे नरा ओघतिण्णाति ब्रूमि। </ब्> ",
"cnd11:48.1":	"<ब्>नाहं सब्बे समणब्राह्मणासे, (नन्दाति भगवा) जातिजराय निवुताति ब्रूमी</ब्>ति नाहं, नन्द, सब्बे समणब्राह्मणा जातिजराय आवुता निवुता ओवुता पिहिता पटिच्छन्ना पटिकुज्जिताति वदामि। ",
"cnd11:48.2":	"अत्थि ते समणब्राह्मणा येसं जाति च जरामरणञ्च पहीना उच्छिन्नमूला तालावत्थुकता अनभावङ्कता आयतिं अनुप्पादधम्माति ब्रूमि आचिक्खामि देसेमि पञ्ञपेमि पट्ठपेमि विवरामि विभजामि उत्तानीकरोमि पकासेमीति—",
"cnd11:48.3":	"नाहं सब्बे समणब्राह्मणासे, (नन्दाति भगवा) जातिजराय निवुताति ब्रूमि। ",
"cnd11:49.1":	"<ब्>ये सीध दिट्ठं व सुतं मुतं वा, सीलब्बतं वापि पहाय सब्बन्</ब्>ति ये सब्बा दिट्ठसुद्धियो पहाय जहित्वा पजहित्वा विनोदेत्वा ब्यन्तीकरित्वा अनभावं गमेत्वा। ",
"cnd11:49.2":	"ये सब्बा सुतसुद्धियो पहाय …पे… ",
"cnd11:49.3":	"ये सब्बा मुतसुद्धियो पहाय, ",
"cnd11:49.4":	"ये सब्बा दिट्ठसुतमुतसुद्धियो पहाय ",
"cnd11:49.5":	"ये सब्बा सीलसुद्धियो पहाय, ",
"cnd11:49.6":	"ये सब्बा वतसुद्धियो पहाय, ",
"cnd11:49.7":	"ये सब्बा सीलब्बतसुद्धियो पहाय जहित्वा पजहित्वा विनोदेत्वा ब्यन्तीकरित्वा अनभावं गमेत्वाति—",
"cnd11:49.8":	"ये सीध दिट्ठं व सुतं मुतं वा, सीलब्बतं वापि पहाय सब्बं। ",
"cnd11:50.1":	"<ब्>अनेकरूपम्पि पहाय सब्बन्</ब्>ति अनेकविधकोतूहलमङ्गलेन सुद्धिं विसुद्धिं परिसुद्धिं मुत्तिं विमुत्तिं परिमुत्तिं पहाय जहित्वा पजहित्वा विनोदेत्वा ब्यन्तीकरित्वा अनभावं गमेत्वाति—",
"cnd11:50.2":	"अनेकरूपम्पि पहाय सब्बं। ",
"cnd11:51.1":	"<ब्>तण्हं परिञ्ञाय अनासवा से, ते वे नरा ओघतिण्णाति ब्रूमी</ब्>ति। ",
"cnd11:51.2":	"<ब्>तण्हा</ब्>ति रूपतण्हा सद्दतण्हा गन्धतण्हा रसतण्हा फोट्ठब्बतण्हा धम्मतण्हा। ",
"cnd11:51.3":	"<ब्>तण्हं परिञ्ञाया</ब्>ति तण्हं तीहि परिञ्ञाहि परिजानित्वा—",
"cnd11:51.4":	"ञातपरिञ्ञाय, तीरणपरिञ्ञाय, पहानपरिञ्ञाय। ",
"cnd11:51.5":	"कतमा ञातपरिञ्ञा? ",
"cnd11:51.6":	"तण्हं जानाति “अयं रूपतण्हा, अयं सद्दतण्हा, अयं गन्धतण्हा, अयं रसतण्हा, अयं फोट्ठब्बतण्हा, अयं धम्मतण्हा”ति जानाति पस्सति—",
"cnd11:51.7":	"अयं ञातपरिञ्ञा। ",
"cnd11:52.1":	"कतमा तीरणपरिञ्ञा? ",
"cnd11:52.2":	"एवं ञातं कत्वा तण्हं तीरेति अनिच्चतो दुक्खतो रोगतो गण्डतो …पे… ",
"cnd11:52.3":	"निस्सरणतो तीरेति—",
"cnd11:52.4":	"अयं तीरणपरिञ्ञा। ",
"cnd11:53.1":	"कतमा पहानपरिञ्ञा? ",
"cnd11:53.2":	"एवं तीरयित्वा तण्हं पजहति विनोदेति ब्यन्तीकरोति अनभावं गमेति। ",
"cnd11:53.3":	"वुत्तञ्हेतं भगवता—",
"cnd11:53.4":	"“यो, भिक्खवे, तण्हाय छन्दरागो तं पजहथ। ",
"cnd11:53.5":	"एवं सा तण्हा पहीना भविस्सति उच्छिन्नमूला तालावत्थुकता अनभावङ्कता आयतिं अनुप्पादधम्मा”। ",
"cnd11:53.6":	"अयं पहानपरिञ्ञा। ",
"cnd11:53.7":	"<ब्>तण्हं परिञ्ञाया</ब्>ति तण्हं इमाहि तीहि परिञ्ञाहि परिजानित्वा। ",
"cnd11:53.8":	"<ब्>अनासवा</ब्>ति चत्तारो आसवा—",
"cnd11:53.9":	"कामासवो, भवासवो, दिट्ठासवो, अविज्जासवो। ",
"cnd11:53.10":	"येसं इमे आसवा पहीना उच्छिन्नमूला तालावत्थुकता अनभावङ्कता आयतिं अनुप्पादधम्मा, ते वुच्चन्ति अनासवा अरहन्तो खीणासवा—",
"cnd11:53.11":	"तण्हं परिञ्ञाय अनासवा। ",
"cnd11:54.1":	"<ब्>ते वे नरा ओघतिण्णाति ब्रूमी</ब्>ति ये तण्हं परिञ्ञाय अनासवा, ते कामोघं तिण्णा भवोघं तिण्णा दिट्ठोघं तिण्णा अविज्जोघं तिण्णा सब्बसंसारपथं तिण्णा उत्तिण्णा नित्थिण्णा अतिक्कन्ता समतिक्कन्ता वीतिवत्ताति ब्रूमि आचिक्खामि देसेमि पञ्ञपेमि पट्ठपेमि विवरामि विभजामि उत्तानीकरोमि पकासेमीति—",
"cnd11:54.2":	"तण्हं परिञ्ञाय अनासवासे ते वे नरा ओघतिण्णाति ब्रूमि। ",
"cnd11:54.3":	"तेनाह भगवा—",
"cnd11:55.1":	"“नाहं सब्बे समणब्राह्मणासे, ",
"cnd11:55.2":	"(नन्दाति भगवा) ",
"cnd11:55.3":	"जातिजराय निवुताति ब्रूमि; ",
"cnd11:55.4":	"ये सीध दिट्ठं व सुतं मुतं वा, ",
"cnd11:55.5":	"सीलब्बतं वापि पहाय सब्बं। ",
"cnd11:56.1":	"अनेकरूपम्पि पहाय सब्बं, ",
"cnd11:56.2":	"तण्हं परिञ्ञाय अनासवासे; ",
"cnd11:56.3":	"ते वे नरा ओघतिण्णाति ब्रूमी”ति। ",
"cnd11:57.1":	"<ब्>एताभिनन्दामि वचो महेसिनो,</ब्> ",
"cnd11:57.2":	"<ब्>सुकित्तितं गोतमनूपधीकं;</ब्> ",
"cnd11:57.3":	"<ब्>ये सीध दिट्ठं व सुतं मुतं वा,</ब्> ",
"cnd11:57.4":	"<ब्>सीलब्बतं वापि पहाय सब्बं।</ब्> ",
"cnd11:58.1":	"<ब्>अनेकरूपम्पि पहाय सब्बं,</ब्> ",
"cnd11:58.2":	"<ब्>तण्हं परिञ्ञाय अनासवासे;</ब्> ",
"cnd11:58.3":	"<ब्>अहम्पि ते ओघतिण्णाति ब्रूमि। </ब्> ",
"cnd11:59.1":	"<ब्>एताभिनन्दामि वचो महेसिनो</ब्>ति। ",
"cnd11:59.2":	"<ब्>एतन्</ब्>ति तुय्हं वचनं ब्यप्पथं देसनं अनुसासनं अनुसिट्ठं नन्दामि अभिनन्दामि मोदामि अनुमोदामि इच्छामि सादियामि पत्थयामि पिहयामि अभिजप्पामि। ",
"cnd11:59.3":	"<ब्>महेसिनो</ब्>ति किं महेसि भगवा? ",
"cnd11:59.4":	"महन्तं सीलक्खन्धं एसी गवेसी परियेसीति महेसि …पे… ",
"cnd11:59.5":	"कहं नरासभोति महेसीति—",
"cnd11:59.6":	"एताभिनन्दामि वचो महेसिनो। ",
"cnd11:60.1":	"<ब्>सुकित्तितं गोतमनूपधीकन्</ब्>ति। ",
"cnd11:60.2":	"<ब्>सुकित्तितन्</ब्>ति सुकित्तितं सुआचिक्खितं सुदेसितं सुपञ्ञपितं सुपट्ठपितं सुविवटं सुविभत्तं सुउत्तानीकतं सुपकासितं। ",
"cnd11:60.3":	"<ब्>गोतमनूपधीकन्</ब्>ति उपधी वुच्चन्ति किलेसा च खन्धा च अभिसङ्खारा च। ",
"cnd11:60.4":	"उपधिप्पहानं उपधिवूपसमं उपधिनिस्सग्गं उपधिपटिप्पस्सद्धं अमतं निब्बानन्ति—",
"cnd11:60.5":	"सुकित्तितं गोतमनूपधीकं। ",
"cnd11:61.1":	"<ब्>ये सीध दिट्ठं व सुतं मुतं वा, सीलब्बतं वापि पहाय सब्बन्</ब्>ति ये सब्बा दिट्ठसुद्धियो पहाय जहित्वा पजहित्वा विनोदेत्वा ब्यन्तीकरित्वा अनभावं गमेत्वा। ",
"cnd11:61.2":	"ये सब्बा सुतसुद्धियो …पे… ",
"cnd11:61.3":	"ये सब्बा मुतसुद्धियो … ",
"cnd11:61.4":	"ये सब्बा दिट्ठसुतमुतसुद्धियो … ",
"cnd11:61.5":	"ये सब्बा सीलसुद्धियो … ",
"cnd11:61.6":	"ये सब्बा वतसुद्धियो … ",
"cnd11:61.7":	"ये सब्बा सीलब्बतसुद्धियो पहाय जहित्वा पजहित्वा विनोदेत्वा ब्यन्तीकरित्वा अनभावं गमेत्वाति—",
"cnd11:61.8":	"ये सीध दिट्ठं व सुतं मुतं वा, सीलब्बतं वापि पहाय सब्बं। ",
"cnd11:62.1":	"<ब्>अनेकरूपम्पि पहाय सब्बन्</ब्>ति अनेकविधकोतूहलमङ्गलेन सुद्धिं विसुद्धिं परिसुद्धिं मुत्तिं विमुत्तिं परिमुत्तिं पहाय जहित्वा पजहित्वा विनोदेत्वा ब्यन्तीकरित्वा अनभावं गमेत्वाति—",
"cnd11:62.2":	"अनेकरूपम्पि पहाय सब्बं। ",
"cnd11:63.1":	"<ब्>तण्हं परिञ्ञाय अनासवासे, अहम्पि ते ओघतिण्णाति ब्रूमी</ब्>ति। ",
"cnd11:63.2":	"<ब्>तण्हा</ब्>ति रूपतण्हा सद्दतण्हा गन्धतण्हा रसतण्हा फोट्ठब्बतण्हा धम्मतण्हा। ",
"cnd11:63.3":	"<ब्>तण्हं परिञ्ञाया</ब्>ति तण्हं तीहि परिञ्ञाहि परिजानित्वा—",
"cnd11:63.4":	"ञातपरिञ्ञाय, तीरणपरिञ्ञाय, पहानपरिञ्ञाय। ",
"cnd11:63.5":	"कतमा ञातपरिञ्ञा? ",
"cnd11:63.6":	"तण्हं जानाति—",
"cnd11:63.7":	"अयं रूपतण्हा, अयं सद्दतण्हा, अयं गन्धतण्हा, अयं रसतण्हा, अयं फोट्ठब्बतण्हा, अयं धम्मतण्हाति जानाति पस्सति—",
"cnd11:63.8":	"अयं ञातपरिञ्ञा। ",
"cnd11:64.1":	"कतमा तीरणपरिञ्ञा? ",
"cnd11:64.2":	"एवं ञातं कत्वा तण्हं तीरेति अनिच्चतो दुक्खतो रोगतो गण्डतो सल्लतो अघतो आबाधतो परतो पलोकतो ईतितो उपद्दवतो भयतो उपसग्गतो चलतो पभङ्गुतो अद्धुवतो अताणतो अलेणतो असरणतो असरणीभूततो रित्ततो तुच्छतो सुञ्ञतो अनत्ततो आदीनवतो विपरिणामधम्मतो असारकतो अघमूलतो वधकतो विभवतो सासवतो सङ्खततो मारामिसतो जातिधम्मतो जराधम्मतो ब्याधिधम्मतो मरणधम्मतो सोकपरिदेवदुक्खदोमनस्सुपायासधम्मतो सङ्किलेसधम्मतो समुदयतो अत्थङ्गमतो अस्सादतो आदीनवतो निस्सरणतो तीरेति—",
"cnd11:64.3":	"अयं तीरणपरिञ्ञा। ",
"cnd11:65.1":	"कतमा पहानपरिञ्ञा? ",
"cnd11:65.2":	"एवं तीरयित्वा तण्हं पजहति विनोदेति ब्यन्तीकरोति अनभावं गमेति—",
"cnd11:65.3":	"अयं पहानपरिञ्ञा। ",
"cnd11:66.1":	"<ब्>तण्हं परिञ्ञाया</ब्>ति तण्हं इमाहि तीहि परिञ्ञाहि परिजानित्वा। ",
"cnd11:66.2":	"<ब्>अनासवा</ब्>ति चत्तारो आसवा—",
"cnd11:66.3":	"कामासवो, भवासवो, दिट्ठासवो, अविज्जासवो। ",
"cnd11:66.4":	"येसं इमे आसवा पहीना उच्छिन्नमूला तालावत्थुकता अनभावङ्कता आयतिं अनुप्पादधम्मा, ते वुच्चन्ति अनासवा अरहन्तो खीणासवा। ",
"cnd11:66.5":	"<ब्>तण्हं परिञ्ञाय अनासवासे, अहम्पि ते ओघतिण्णा</ब्>ति। ",
"cnd11:66.6":	"<ब्>ब्रूमी</ब्>ति ये तण्हं परिञ्ञाय अनासवा, अहम्पि ते कामोघं तिण्णा भवोघं तिण्णा दिट्ठोघं तिण्णा अविज्जोघं तिण्णा सब्बसंसारपथं तिण्णा उत्तिण्णा नित्थिण्णा अतिक्कन्ता समतिक्कन्ता वीतिवत्ताति ब्रूमि वदामीति—",
"cnd11:66.7":	"तण्हं परिञ्ञाय अनासवासे, अहम्पि ते ओघतिण्णाति ब्रूमि। ",
"cnd11:66.8":	"तेनाह सो ब्राह्मणो—",
"cnd11:67.1":	"“एताभिनन्दामि वचो महेसिनो, ",
"cnd11:67.2":	"सुकित्तितं गोतमनूपधीकं; ",
"cnd11:67.3":	"ये सीध दिट्ठं व सुतं मुतं वा, ",
"cnd11:67.4":	"सीलब्बतं वापि पहाय सब्बं। ",
"cnd11:68.1":	"अनेकरूपम्पि पहाय सब्बं, ",
"cnd11:68.2":	"तण्हं परिञ्ञाय अनासवासे; ",
"cnd11:68.3":	"अहम्पि ते ओघतिण्णाति ब्रूमी”ति। ",
"cnd11:68.4":	"नन्दमाणवपुच्छानिद्देसो सत्तमो। "
}	
