{	
"cnd14:0.1":	"चूळनिद्देस ",
"cnd14:0.2":	"पारायनवग्गनिद्देस ",
"cnd14:0.3":	"पुच्छानिद्देस ",
"cnd14:0.4":	"१०। कप्पमाणवपुच्छानिद्देस ",
"cnd14:1.1":	"<ब्>मज्झे सरस्मिं तिट्ठतं,</ब्> ",
"cnd14:1.2":	"(इच्चायस्मा कप्पो) ",
"cnd14:1.3":	"<ब्>ओघे जाते महब्भये;</ब्> ",
"cnd14:1.4":	"<ब्>जरामच्चुपरेतानं,</ब्> ",
"cnd14:1.5":	"<ब्>दीपं पब्रूहि मारिस;</ब्> ",
"cnd14:1.6":	"<ब्>त्वञ्च मे दीपमक्खाहि,</ब्> ",
"cnd14:1.7":	"<ब्>यथायिदं नापरं सिया। </ब्> ",
"cnd14:2.1":	"<ब्>मज्झे सरस्मिं तिट्ठतन्</ब्>ति सरो वुच्चति संसारो आगमनं गमनं गमनागमनं कालं गति भवाभवो चुति च उपपत्ति च निब्बत्ति च भेदो च जाति च जरा च मरणञ्च। ",
"cnd14:2.2":	"संसारस्स पुरिमापि कोटि न पञ्ञायति, पच्छिमापि कोटि न पञ्ञायति; ",
"cnd14:2.3":	"मज्झेव संसारे सत्ता ठिता पतिट्ठिता अल्लीना उपगता अज्झोसिता अधिमुत्ता। ",
"cnd14:3.1":	"कथं संसारस्स पुरिमा कोटि न पञ्ञायति? ",
"cnd14:3.2":	"एत्तका जातियो वट्टं वत्ति, ततो परं न वत्ततीति हेवं नत्थि, एवम्पि संसारस्स पुरिमा कोटि न पञ्ञायति। ",
"cnd14:3.3":	"एत्तकानि जातिसतानि वट्टं वत्ति, ततो परं न वत्ततीति हेवं नत्थि, एवम्पि संसारस्स पुरिमा कोटि न पञ्ञायति। ",
"cnd14:3.4":	"एत्तकानि जातिसहस्सानि वट्टं वत्ति, ततो परं न वत्ततीति हेवं नत्थि, एवम्पि संसारस्स पुरिमा कोटि न पञ्ञायति। ",
"cnd14:3.5":	"एत्तकानि जातिसतसहस्सानि वट्टं वत्ति, ततो परं न वत्ततीति हेवं नत्थि, एवम्पि संसारस्स पुरिमा कोटि न पञ्ञायति। ",
"cnd14:3.6":	"एत्तका जातिकोटियो वट्टं वत्ति, ततो परं न वत्ततीति हेवं नत्थि, एवम्पि संसारस्स पुरिमा कोटि न पञ्ञायति। ",
"cnd14:3.7":	"एत्तकानि जातिकोटिसतानि वट्टं वत्ति, ततो परं न वत्ततीति हेवं नत्थि, एवम्पि संसारस्स पुरिमा कोटि न पञ्ञायति। ",
"cnd14:3.8":	"एत्तकानि जातिकोटिसहस्सानि वट्टं वत्ति, ततो परं न वत्ततीति, हेवं नत्थि। ",
"cnd14:3.9":	"एवम्पि संसारस्स पुरिमा कोटि न पञ्ञायति। ",
"cnd14:3.10":	"एत्तकानि जातिकोटिसतसहस्सानि वट्टं वत्ति, ततो परं न वत्ततीति हेवं नत्थि, एवम्पि संसारस्स पुरिमा कोटि न पञ्ञायति। ",
"cnd14:4.1":	"एत्तकानि वस्सानि वट्टं वत्ति, ततो परं न वत्ततीति हेवं नत्थि, एवम्पि संसारस्स पुरिमा कोटि न पञ्ञायति। ",
"cnd14:4.2":	"एत्तकानि वस्ससतानि वट्टं वत्ति, ततो परं न वत्ततीति हेवं नत्थि, एवम्पि संसारस्स पुरिमा कोटि न पञ्ञायति। ",
"cnd14:4.3":	"एत्तकानि वस्ससहस्सानि वट्टं वत्ति, ततो परं न वत्ततीति हेवं नत्थि, एवम्पि संसारस्स पुरिमा कोटि न पञ्ञायति। ",
"cnd14:4.4":	"एत्तकानि वस्ससतसहस्सानि वट्टं वत्ति, ततो परं न वत्ततीति हेवं नत्थि, एवम्पि संसारस्स पुरिमा कोटि न पञ्ञायति। ",
"cnd14:4.5":	"एत्तका वस्सकोटियो वट्टं वत्ति, ततो परं न वत्ततीति हेवं नत्थि, एवम्पि संसारस्स पुरिमा कोटि न पञ्ञायति। ",
"cnd14:4.6":	"एत्तकानि वस्सकोटिसतानि वट्टं वत्ति, ततो परं न वत्ततीति हेवं नत्थि, एवम्पि संसारस्स पुरिमा कोटि न पञ्ञायति। ",
"cnd14:4.7":	"एत्तकानि वस्सकोटिसहस्सानि वट्टं वत्ति, ततो परं न वत्ततीति हेवं नत्थि, एवम्पि संसारस्स पुरिमा कोटि न पञ्ञायति। ",
"cnd14:4.8":	"एत्तकानि वस्सकोटिसतसहस्सानि वट्टं वत्ति, ततो परं न वत्ततीति हेवं नत्थि, एवम्पि संसारस्स पुरिमा कोटि न पञ्ञायति। ",
"cnd14:5.1":	"एत्तकानि कप्पानि वट्टं वत्ति, ततो परं न वत्ततीति हेवं नत्थि, एवम्पि संसारस्स पुरिमा कोटि न पञ्ञायति। ",
"cnd14:5.2":	"एत्तकानि कप्पसतानि वट्टं वत्ति, ततो परं न वत्ततीति हेवं नत्थि, एवम्पि संसारस्स पुरिमा कोटि न पञ्ञायति। ",
"cnd14:5.3":	"एत्तकानि कप्पसहस्सानि वट्टं वत्ति, ततो परं न वत्ततीति हेवं नत्थि, एवम्पि संसारस्स पुरिमा कोटि न पञ्ञायति। ",
"cnd14:5.4":	"एत्तकानि कप्पसतसहस्सानि वट्टं वत्ति, ततो परं न वत्ततीति हेवं नत्थि, एवम्पि संसारस्स पुरिमा कोटि न पञ्ञायति। ",
"cnd14:5.5":	"एत्तका कप्पकोटियो वट्टं वत्ति, ततो परं न वत्ततीति हेवं नत्थि, एवम्पि संसारस्स पुरिमा कोटि न पञ्ञायति। ",
"cnd14:5.6":	"एत्तकानि कप्पकोटिसतानि वट्टं वत्ति, ततो परं न वत्ततीति हेवं नत्थि, एवम्पि संसारस्स पुरिमा कोटि न पञ्ञायति। ",
"cnd14:5.7":	"एत्तकानि कप्पकोटिसहस्सानि वट्टं वत्ति, ततो परं न वत्ततीति हेवं नत्थि, एवम्पि संसारस्स पुरिमा कोटि न पञ्ञायति। ",
"cnd14:5.8":	"एत्तकानि कप्पकोटिसतसहस्सानि वट्टं वत्ति, ततो परं न वत्ततीति हेवं नत्थि, एवम्पि संसारस्स पुरिमा कोटि न पञ्ञायति। ",
"cnd14:6.1":	"वुत्तञ्हेतं भगवता—",
"cnd14:6.2":	"“अनमतग्गोयं, भिक्खवे, संसारो, पुब्बा कोटि न पञ्ञायति अविज्जानीवरणानं सत्तानं तण्हासंयोजनानं सन्धावतं संसरतं। ",
"cnd14:6.3":	"एवं दीघरत्तं खो, भिक्खवे, दुक्खं पच्चनुभूतं तिब्बं पच्चनुभूतं ब्यसनं पच्चनुभूतं, कटसी वड्ढिता। ",
"cnd14:6.4":	"यावञ्चिदं, भिक्खवे, अलमेव सब्बसङ्खारेसु निब्बिन्दितुं अलं विरज्जितुं अलं विमुच्चितुन्”ति। ",
"cnd14:6.5":	"एवम्पि संसारस्स पुरिमा कोटि न पञ्ञायति। ",
"cnd14:7.1":	"कथं संसारस्स पच्छिमा कोटि न पञ्ञायति? ",
"cnd14:7.2":	"एत्तका जातियो वट्टं वत्तिस्सति, ततो परं न वत्तिस्सतीति हेवं नत्थि, एवम्पि संसारस्स पच्छिमा कोटि न पञ्ञायति। ",
"cnd14:7.3":	"एत्तकानि जातिसतानि, एत्तकानि जातिसहस्सानि, एत्तकानि जातिसतसहस्सानि …पे… ",
"cnd14:7.4":	"एत्तका जातिकोटियो, एत्तकानि जातिकोटिसतानि, एत्तकानि जातिकोटिसहस्सानि, एत्तकानि जातिकोटिसतसहस्सानि, एत्तकानि वस्सानि, एत्तकानि वस्ससतानि, एत्तकानि वस्ससहस्सानि, एत्तकानि वस्ससतसहस्सानि, एत्तका वस्सकोटियो, एत्तकानि वस्सकोटिसतानि, एत्तकानि वस्सकोटिसहस्सानि, एत्तकानि वस्सकोटिसतसहस्सानि, एत्तकानि कप्पानि, एत्तकानि कप्पसतानि, एत्तकानि कप्पसहस्सानि, एत्तकानि कप्पसतसहस्सानि, एत्तका कप्पकोटियो, एत्तकानि कप्पकोटिसतानि, एत्तकानि कप्पकोटिसहस्सानि, एत्तकानि कप्पकोटिसतसहस्सानि वट्टं वत्तिस्सति, ततो परं न वत्तिस्सतीति हेवं नत्थि, एवम्पि संसारस्स पच्छिमा कोटि न पञ्ञायति। ",
"cnd14:7.5":	"एवम्पि संसारस्स पुरिमापि कोटि न पञ्ञायति, पच्छिमापि कोटि न पञ्ञायति, मज्झेव संसारे सत्ता ठिता पतिट्ठिता अल्लीना उपगता अज्झोसिता अधिमुत्ताति—",
"cnd14:7.6":	"मज्झे सरस्मिं तिट्ठतं। ",
"cnd14:7.7":	"<ब्>इच्चायस्मा कप्पो</ब्>ति। ",
"cnd14:7.8":	"<ब्>इच्चा</ब्>ति पदसन्धि …पे…। ",
"cnd14:7.9":	"<ब्>आयस्मा</ब्>ति पियवचनं …पे…। ",
"cnd14:7.10":	"<ब्>कप्पो</ब्>ति तस्स ब्राह्मणस्स नामं …पे… अभिलापोति—",
"cnd14:7.11":	"इच्चायस्मा कप्पो। ",
"cnd14:8.1":	"<ब्>ओघे जाते महब्भये</ब्>ति कामोघे भवोघे दिट्ठोघे अविज्जोघे जाते सञ्जाते निब्बत्ते अभिनिब्बत्ते पातुभूते। ",
"cnd14:8.2":	"<ब्>महब्भये</ब्>ति जातिभये जराभये ब्याधिभये मरणभयेति—",
"cnd14:8.3":	"ओघे जाते महब्भये। ",
"cnd14:9.1":	"<ब्>जरामच्चुपरेतानन्</ब्>ति जराय फुट्ठानं परेतानं समोहितानं समन्नागतानं। ",
"cnd14:9.2":	"मच्चुना फुट्ठानं परेतानं समोहितानं समन्नागतानं, जातिया अनुगतानं जराय अनुसटानं ब्याधिना अभिभूतानं मरणेन अब्भाहतानं अताणानं अलेणानं असरणानं असरणीभूतानन्ति—",
"cnd14:9.3":	"जरामच्चुपरेतानं। ",
"cnd14:10.1":	"<ब्>दीपं पब्रूहि मारिसा</ब्>ति दीपं ताणं लेणं सरणं गतिं परायनं ब्रूहि आचिक्खाहि देसेहि पञ्ञपेहि पट्ठपेहि विवराहि विभजाहि उत्तानीकरोहि पकासेहि। ",
"cnd14:10.2":	"<ब्>मारिसा</ब्>ति पियवचनं गरुवचनं सगारवसप्पतिस्साधिवचनमेतं मारिसाति—",
"cnd14:10.3":	"दीपं पब्रूहि मारिस। ",
"cnd14:11.1":	"<ब्>त्वञ्च मे दीपमक्खाही</ब्>ति। ",
"cnd14:11.2":	"<ब्>त्वन्</ब्>ति भगवन्तं भणति। ",
"cnd14:11.3":	"<ब्>दीपमक्खाही</ब्>ति दीपं ताणं लेणं सरणं गतिं परायनं अक्खाहि आचिक्खाहि देसेहि पञ्ञपेहि पट्ठपेहि विवराहि विभजाहि उत्तानीकरोहि पकासेहीति—",
"cnd14:11.4":	"त्वञ्च मे दीपमक्खाहि। ",
"cnd14:12.1":	"<ब्>यथायिदं नापरं सिया</ब्>ति यथयिदं दुक्खं इधेव निरुज्झेय्य वूपसमेय्य अत्थं गच्छेय्य पटिप्पस्सम्भेय्य पुनपटिसन्धिकं दुक्खं न निब्बत्तेय्य, कामधातुया वा रूपधातुया वा अरूपधातुया वा कामभवे वा रूपभवे वा अरूपभवे वा सञ्ञाभवे वा असञ्ञाभवे वा नेवसञ्ञानासञ्ञाभवे वा एकवोकारभवे वा चतुवोकारभवे वा पञ्चवोकारभवे वा पुनगतिया वा उपपत्तिया वा पटिसन्धिया वा भवे वा संसारे वा वट्टे वा न जनेय्य न सञ्जनेय्य न निब्बत्तेय्य नाभिनिब्बत्तेय्य। ",
"cnd14:12.2":	"इधेव निरुज्झेय्य वूपसमेय्य अत्थं गच्छेय्य पटिप्पस्सम्भेय्याति—",
"cnd14:12.3":	"यथायिदं नापरं सिया। ",
"cnd14:12.4":	"तेनाह सो ब्राह्मणो—",
"cnd14:13.1":	"“मज्झे सरस्मिं तिट्ठतं, ",
"cnd14:13.2":	"(इच्चायस्मा कप्पो) ",
"cnd14:13.3":	"ओघे जाते महब्भये; ",
"cnd14:13.4":	"जरामच्चुपरेतानं, ",
"cnd14:13.5":	"दीपं पब्रूहि मारिस; ",
"cnd14:13.6":	"त्वञ्च मे दीपमक्खाहि, ",
"cnd14:13.7":	"यथायिदं नापरं सिया”ति। ",
"cnd14:14.1":	"<ब्>मज्झे सरस्मिं तिट्ठतं,</ब्> ",
"cnd14:14.2":	"(कप्पाति भगवा) ",
"cnd14:14.3":	"<ब्>ओघे जाते महब्भये;</ब्> ",
"cnd14:14.4":	"<ब्>जरामच्चुपरेतानं,</ब्> ",
"cnd14:14.5":	"<ब्>दीपं पब्रूमि कप्प ते। </ब्> ",
"cnd14:15.1":	"<ब्>मज्झे सरस्मिं तिट्ठतन्</ब्>ति सरो वुच्चति संसारो आगमनं गमनं गमनागमनं कालं गति भवाभवो, चुति च उपपत्ति च निब्बत्ति च भेदो च जाति च जरा च मरणञ्च। ",
"cnd14:15.2":	"संसारस्स पुरिमापि कोटि न पञ्ञायति, पच्छिमापि कोटि न पञ्ञायति। ",
"cnd14:15.3":	"मज्झेव संसारे सत्ता ठिता पतिट्ठिता अल्लीना उपगता अज्झोसिता अधिमुत्ता। ",
"cnd14:16.1":	"कथं संसारस्स पुरिमा कोटि न पञ्ञायति …पे… ",
"cnd14:16.2":	"एवं संसारस्स पुरिमा कोटि न पञ्ञायति। ",
"cnd14:16.3":	"कथं संसारस्स पच्छिमा कोटि न पञ्ञायति …पे… ",
"cnd14:16.4":	"एवं संसारस्स पच्छिमा कोटि न पञ्ञायति। ",
"cnd14:16.5":	"एवं संसारस्स पुरिमापि कोटि न पञ्ञायति, पच्छिमापि कोटि न पञ्ञायति। ",
"cnd14:16.6":	"मज्झेव संसारे सत्ता ठिता पतिट्ठिता अल्लीना उपगता अज्झोसिता अधिमुत्ताति—",
"cnd14:16.7":	"मज्झे सरस्मिं तिट्ठतं। ",
"cnd14:16.8":	"<ब्>कप्पाति भगवा</ब्>ति। ",
"cnd14:16.9":	"<ब्>कप्पा</ब्>ति भगवा तं ब्राह्मणं नामेन आलपति। ",
"cnd14:16.10":	"<ब्>भगवा</ब्>ति गारवाधिवचनमेतं …पे… सच्छिका पञ्ञत्ति, यदिदं भगवाति—",
"cnd14:16.11":	"कप्पाति भगवा। ",
"cnd14:17.1":	"<ब्>ओघे जाते महब्भये</ब्>ति कामोघे भवोघे दिट्ठोघे अविज्जोघे जाते सञ्जाते निब्बत्ते अभिनिब्बत्ते पातुभूते। ",
"cnd14:17.2":	"<ब्>महब्भये</ब्>ति जातिभये जराभये ब्याधिभये मरणभयेति—",
"cnd14:17.3":	"ओघे जाते महब्भये। ",
"cnd14:18.1":	"<ब्>जरामच्चुपरेतानन्</ब्>ति जराय फुट्ठानं परेतानं समोहितानं समन्नागतानं, मच्चुना फुट्ठानं परेतानं समोहितानं समन्नागतानं जातिया अनुगतानं जराय अनुसटानं ब्याधिना अभिभूतानं मरणेन अब्भाहतानं अताणानं अलेणानं असरणानं असरणीभूतानन्ति—",
"cnd14:18.2":	"जरामच्चुपरेतानं। ",
"cnd14:19.1":	"<ब्>दीपं पब्रूमि कप्प ते</ब्>ति दीपं ताणं लेणं सरणं गतिं परायनं ब्रूमि आचिक्खामि देसेमि पञ्ञपेमि पट्ठपेमि विवरामि विभजामि उत्तानीकरोमि पकासेमीति—",
"cnd14:19.2":	"दीपं पब्रूमि कप्प ते। ",
"cnd14:19.3":	"तेनाह भगवा—",
"cnd14:20.1":	"“मज्झे सरस्मिं तिट्ठतं, ",
"cnd14:20.2":	"(कप्पाति भगवा) ",
"cnd14:20.3":	"ओघे जाते महब्भये; ",
"cnd14:20.4":	"जरामच्चुपरेतानं, ",
"cnd14:20.5":	"दीपं पब्रूमि कप्प ते”ति। ",
"cnd14:21.1":	"<ब्>अकिञ्चनं अनादानं,</ब्> ",
"cnd14:21.2":	"<ब्>एतं दीपं अनापरं;</ब्> ",
"cnd14:21.3":	"<ब्>निब्बानं इति नं ब्रूमि,</ब्> ",
"cnd14:21.4":	"<ब्>जरामच्चुपरिक्खयं। </ब्> ",
"cnd14:22.1":	"<ब्>अकिञ्चनं अनादानन्</ब्>ति। ",
"cnd14:22.2":	"<ब्>किञ्चनन्</ब्>ति—",
"cnd14:22.3":	"रागकिञ्चनं दोसकिञ्चनं मोहकिञ्चनं मानकिञ्चनं दिट्ठिकिञ्चनं किलेसकिञ्चनं दुच्चरितकिञ्चनं; ",
"cnd14:22.4":	"किञ्चनप्पहानं किञ्चनवूपसमं किञ्चनपटिनिस्सग्गं किञ्चनपटिप्पस्सद्धिं अमतं निब्बानन्ति—",
"cnd14:22.5":	"अकिञ्चनं। ",
"cnd14:22.6":	"<ब्>अनादानन्</ब्>ति <ब्>आदानं</ब्> वुच्चति तण्हा। ",
"cnd14:22.7":	"यो रागो सारागो …पे… अभिज्झा लोभो अकुसलमूलं। ",
"cnd14:22.8":	"आदानप्पहानं आदानवूपसमं आदानपटिनिस्सग्गं आदानपटिप्पस्सद्धिं अमतं निब्बानन्ति—",
"cnd14:22.9":	"अकिञ्चनं अनादानं। ",
"cnd14:23.1":	"<ब्>एतं दीपं अनापरन्</ब्>ति एतं दीपं ताणं लेणं सरणं गति परायनं। ",
"cnd14:23.2":	"<ब्>अनापरन्</ब्>ति तम्हा परो अञ्ञो दीपो नत्थि। ",
"cnd14:23.3":	"अथ खो सो एवं दीपो अग्गो च सेट्ठो च विसेट्ठो च पामोक्खो च उत्तमो च पवरो चाति—",
"cnd14:23.4":	"एतं दीपं अनापरं। ",
"cnd14:24.1":	"<ब्>निब्बानं इति नं ब्रूमी</ब्>ति वानं वुच्चति तण्हा। ",
"cnd14:24.2":	"यो रागो सारागो …पे… अभिज्झा लोभो अकुसलमूलं। ",
"cnd14:24.3":	"वानप्पहानं वानवूपसमं वानपटिनिस्सग्गं वानपटिप्पस्सद्धिं अमतं निब्बानं। ",
"cnd14:24.4":	"<ब्>इती</ब्>ति पदसन्धि पदसंसग्गो पदपारिपूरी अक्खरसमवायो ब्यञ्जनसिलिट्ठता पदानुपुब्बतापेतं—",
"cnd14:24.5":	"इतीति। ",
"cnd14:24.6":	"<ब्>ब्रूमी</ब्>ति ब्रूमि आचिक्खामि देसेमि पञ्ञपेमि पट्ठपेमि विवरामि विभजामि उत्तानीकरोमि पकासेमीति—",
"cnd14:24.7":	"निब्बानं इति नं ब्रूमि। ",
"cnd14:25.1":	"<ब्>जरामच्चुपरिक्खयन्</ब्>ति जरामरणस्स पहानं वूपसमं पटिनिस्सग्गं पटिप्पस्सद्धिं अमतं निब्बानन्ति—",
"cnd14:25.2":	"जरामच्चुपरिक्खयं। ",
"cnd14:25.3":	"तेनाह भगवा—",
"cnd14:26.1":	"“अकिञ्चनं अनादानं, ",
"cnd14:26.2":	"एतं दीपं अनापरं; ",
"cnd14:26.3":	"निब्बानं इति नं ब्रूमि, ",
"cnd14:26.4":	"जरामच्चुपरिक्खयन्”ति। ",
"cnd14:27.1":	"<ब्>एतदञ्ञाय ये सता,</ब्> ",
"cnd14:27.2":	"<ब्>दिट्ठधम्माभिनिब्बुता;</ब्> ",
"cnd14:27.3":	"<ब्>न ते मारवसानुगा,</ब्> ",
"cnd14:27.4":	"<ब्>न ते मारस्स पद्धगू। </ब्> ",
"cnd14:28.1":	"<ब्>एतदञ्ञाय ये सता</ब्>ति। ",
"cnd14:28.2":	"<ब्>एतन्</ब्>ति अमतं निब्बानं। ",
"cnd14:28.3":	"यो सो सब्बसङ्खारसमथो सब्बूपधिपटिनिस्सग्गो तण्हक्खयो विरागो निरोधो निब्बानं। ",
"cnd14:28.4":	"<ब्>अञ्ञाया</ब्>ति अञ्ञाय जानित्वा तुलयित्वा तीरयित्वा विभावयित्वा विभूतं कत्वा, “सब्बे सङ्खारा अनिच्चा”ति …पे… ",
"cnd14:28.5":	"“यं किञ्चि समुदयधम्मं, सब्बं तं निरोधधम्मन्”ति अञ्ञाय जानित्वा तुलयित्वा तीरयित्वा विभावयित्वा विभूतं कत्वा। ",
"cnd14:28.6":	"<ब्>ये</ब्>ति अरहन्तो खीणासवा। ",
"cnd14:28.7":	"<ब्>सता</ब्>ति चतूहि कारणेहि सता—",
"cnd14:28.8":	"काये कायानुपस्सनासतिपट्ठानं भावेन्ता सता …पे… ",
"cnd14:28.9":	"ते वुच्चन्ति सताति—",
"cnd14:28.10":	"एतदञ्ञाय ये सता। ",
"cnd14:29.1":	"<ब्>दिट्ठधम्माभिनिब्बुता</ब्>ति। ",
"cnd14:29.2":	"<ब्>दिट्ठधम्मा</ब्>ति दिट्ठधम्मा ञातधम्मा तुलितधम्मा तीरितधम्मा विभूतधम्मा विभावितधम्मा। ",
"cnd14:29.3":	"<ब्>अभिनिब्बुता</ब्>ति रागस्स निब्बापितत्ता निब्बुता, दोसस्स …पे… ",
"cnd14:29.4":	"सब्बाकुसलाभिसङ्खारानं सन्तत्ता समितत्ता वूपसमितत्ता निज्झातत्ता निब्बुतत्ता पटिप्पस्सद्धत्ता सन्ता उपसन्ता वूपसन्ता निब्बुता पटिप्पस्सद्धाति—",
"cnd14:29.5":	"दिट्ठधम्माभिनिब्बुता। ",
"cnd14:30.1":	"<ब्>न ते मारवसानुगा</ब्>ति। ",
"cnd14:30.2":	"<ब्>मारो</ब्>ति यो सो मारो कण्हो अधिपति अन्तगू नमुचि पमत्तबन्धु। ",
"cnd14:30.3":	"<ब्>न ते मारवसानुगा</ब्>ति न ते मारस्स वसे वत्तन्ति, नापि मारो तेसु वसं वत्तेति। ",
"cnd14:30.4":	"ते मारञ्च मारपक्खञ्च मारपासञ्च मारबळिसञ्च मारामिसञ्च मारविसयञ्च मारनिवासञ्च मारगोचरञ्च मारबन्धनञ्च अभिभुय्य अभिभवित्वा अज्झोत्थरित्वा परियादियित्वा मद्दित्वा चरन्ति विहरन्ति इरियन्ति वत्तेन्ति पालेन्ति यपेन्ति यापेन्तीति—",
"cnd14:30.5":	"न ते मारवसानुगा। ",
"cnd14:31.1":	"<ब्>न ते मारस्स पद्धगू</ब्>ति न ते मारस्स पद्धा पद्धचरा परिचारिका सिया; ",
"cnd14:31.2":	"बुद्धस्स ते भगवतो पद्धा पद्धचरा परिचारिका सियाति—",
"cnd14:31.3":	"न ते मारस्स पद्धगू। ",
"cnd14:31.4":	"तेनाह भगवा—",
"cnd14:32.1":	"“एतदञ्ञाय ये सता, ",
"cnd14:32.2":	"दिट्ठधम्माभिनिब्बुता; ",
"cnd14:32.3":	"न ते मारवसानुगा, ",
"cnd14:32.4":	"न ते मारस्स पद्धगू”ति। ",
"cnd14:33.1":	"सह गाथापरियोसाना …पे… ",
"cnd14:33.2":	"सत्था मे भन्ते भगवा, सावकोहमस्मीति। ",
"cnd14:33.3":	"कप्पमाणवपुच्छानिद्देसो दसमो। "
}	
