{	
"cnd19:0.1":	"चूळनिद्देस ",
"cnd19:0.2":	"पारायनवग्गनिद्देस ",
"cnd19:0.3":	"पुच्छानिद्देस ",
"cnd19:0.4":	"१५। मोघराजमाणवपुच्छानिद्देस ",
"cnd19:1.1":	"<ब्>द्वाहं सक्कं अपुच्छिस्सं,</ब्> ",
"cnd19:1.2":	"(इच्चायस्मा मोघराजा) ",
"cnd19:1.3":	"<ब्>न मे ब्याकासि चक्खुमा;</ब्> ",
"cnd19:1.4":	"<ब्>यावततियञ्च देवीसि</ब्>, ",
"cnd19:1.5":	"<ब्>ब्याकरोतीति मे सुतं। </ब्> ",
"cnd19:2.1":	"<ब्>द्वाहं सक्कं अपुच्छिस्सन्</ब्>ति सो ब्राह्मणो द्विक्खत्तुं बुद्धं भगवन्तं पञ्हं अपुच्छि। ",
"cnd19:2.2":	"तस्स भगवा पञ्हं पुट्ठो न ब्याकासि—",
"cnd19:2.3":	"“तदन्तरा इमस्स ब्राह्मणस्स इन्द्रियपरिपाको भविस्सती”ति। ",
"cnd19:2.4":	"<ब्>सक्कन्</ब्>ति सक्को। ",
"cnd19:2.5":	"भगवा सक्यकुला पब्बजितोतिपि सक्को। ",
"cnd19:2.6":	"अथ वा अड्ढो महद्धनो धनवातिपि सक्को। ",
"cnd19:2.7":	"तस्सिमानि धनानि, सेय्यथिदं—",
"cnd19:2.8":	"सद्धाधनं सीलधनं हिरिधनं ओत्तप्पधनं सुतधनं चागधनं पञ्ञाधनं सतिपट्ठानधनं सम्मप्पधानधनं इद्धिपादधनं इन्द्रियधनं बलधनं बोज्झङ्गधनं मग्गधनं फलधनं निब्बानधनं। ",
"cnd19:2.9":	"इमेहि अनेकविधेहि धनरतनेहि अड्ढो महद्धनो धनवातिपि सक्को। ",
"cnd19:2.10":	"अथ वा सक्को पहु विसवी अलमत्तो सूरो वीरो विक्कन्तो अभीरू अच्छम्भी अनुत्रासी अपलायी पहीनभयभेरवो विगतलोमहंसोतिपि सक्को। ",
"cnd19:2.11":	"<ब्>द्वाहं सक्कं अपुच्छिस्सन्</ब्>ति द्वाहं सक्कं अपुच्छिस्सं अयाचिस्सं अज्झेसिस्सं पसादयिस्सन्ति—",
"cnd19:2.12":	"द्वाहं सक्कं अपुच्छिस्सं। ",
"cnd19:3.1":	"<ब्>इच्चायस्मा मोघराजा</ब्>ति। ",
"cnd19:3.2":	"<ब्>इच्चा</ब्>ति पदसन्धि …पे… ",
"cnd19:3.3":	"<ब्>आयस्मा</ब्>ति पियवचनं …पे… ",
"cnd19:3.4":	"<ब्>मोघराजा</ब्>ति तस्स ब्राह्मणस्स नामं …पे… अभिलापोति—",
"cnd19:3.5":	"इच्चायस्मा मोघराजा। ",
"cnd19:4.1":	"<ब्>न मे ब्याकासि चक्खुमा</ब्>ति। ",
"cnd19:4.2":	"<ब्>न मे ब्याकासी</ब्>ति न मे ब्याकासि न आचिक्खि न देसेसि न पञ्ञपेसि न पट्ठपेसि न विवरि न विभजि न उत्तानीअकासि न पकासेसि। ",
"cnd19:4.3":	"<ब्>चक्खुमा</ब्>ति भगवा पञ्चहि चक्खूहि चक्खुमा—",
"cnd19:4.4":	"मंसचक्खुनापि चक्खुमा, दिब्बचक्खुनापि चक्खुमा, पञ्ञाचक्खुनापि चक्खुमा, बुद्धचक्खुनापि चक्खुमा, समन्तचक्खुनापि चक्खुमा। ",
"cnd19:5.1":	"कथं भगवा मंसचक्खुनापि चक्खुमा? ",
"cnd19:5.2":	"मंसचक्खुम्हि भगवतो पञ्च वण्णा संविज्जन्ति—",
"cnd19:5.3":	"नीलो च वण्णो, पीतको च वण्णो, लोहितको च वण्णो, कण्हो च वण्णो, ओदातो च वण्णो (…)। ",
"cnd19:5.4":	"यत्थ च अक्खिलोमानि पतिट्ठितानि तं नीलं होति सुनीलं पासादिकं दस्सनेय्यं उमापुप्फसमानं। ",
"cnd19:5.5":	"तस्स परतो पीतकं होति सुपीतकं सुवण्णवण्णं पासादिकं दस्सनेय्यं कणिकारपुप्फसमानं। ",
"cnd19:5.6":	"उभतो च अक्खिकूटानि भगवतो लोहितकानि होन्ति सुलोहितकानि पासादिकानि दस्सनेय्यानि इन्दगोपकसमानानि। ",
"cnd19:5.7":	"मज्झे कण्हं होति सुकण्हं अलूखं सिनिद्धं पासादिकं दस्सनेय्यं अद्दारिट्ठकसमानं। ",
"cnd19:5.8":	"तस्स परतो ओदातं होति सुओदातं सेतं पण्डरं पासादिकं दस्सनेय्यं ओसधितारकसमानं। ",
"cnd19:5.9":	"तेन भगवा पाकतिकेन मंसचक्खुना अत्तभावपरियापन्नेन पुरिमसुचरितकम्माभिनिब्बत्तेन समन्ता योजनं पस्सति दिवा चेव रत्तिञ्च। ",
"cnd19:5.10":	"यदा हि चतुरङ्गसमन्नागतो अन्धकारो होति सूरियो च अत्थङ्गतो होति; ",
"cnd19:5.11":	"काळपक्खो च उपोसथो होति, तिब्बो च वनसण्डो होति, महा च काळमेघो अब्भुट्ठितो होति। ",
"cnd19:5.12":	"एवरूपे चतुरङ्गसमन्नागते अन्धकारे समन्ता योजनं पस्सति। ",
"cnd19:5.13":	"नत्थि सो कुट्टो वा कवाटं वा पाकारो वा पब्बतो वा गच्छो वा लता वा आवरणं रूपानं दस्सनाय। ",
"cnd19:5.14":	"एकञ्चे तिलफलं निमित्तं कत्वा तिलवाहे पक्खिपेय्य, तंयेव तिलफलं उद्धरेय्य। ",
"cnd19:5.15":	"एवं परिसुद्धं भगवतो पाकतिकं मंसचक्खु। ",
"cnd19:5.16":	"एवं भगवा मंसचक्खुनापि चक्खुमा। ",
"cnd19:6.1":	"कथं भगवा दिब्बेन चक्खुनापि चक्खुमा? ",
"cnd19:6.2":	"भगवा दिब्बेन चक्खुना विसुद्धेन अतिक्कन्तमानुसकेन सत्ते पस्सति चवमाने उपपज्जमाने हीने पणीते सुवण्णे दुब्बण्णे; ",
"cnd19:6.3":	"सुगते दुग्गते यथाकम्मूपगे सत्ते पजानाति—",
"cnd19:6.4":	"“इमे वत भोन्तो सत्ता कायदुच्चरितेन समन्नागता वचीदुच्चरितेन समन्नागता मनोदुच्चरितेन समन्नागता अरियानं उपवादका मिच्छादिट्ठिका मिच्छादिट्ठिकम्मसमादाना, ते कायस्स भेदा परं मरणा अपायं दुग्गतिं विनिपातं निरयं उपपन्ना; ",
"cnd19:6.5":	"इमे वा पन भोन्तो सत्ता कायसुचरितेन समन्नागता वचीसुचरितेन समन्नागता मनोसुचरितेन समन्नागता अरियानं अनुपवादका सम्मादिट्ठिका सम्मादिट्ठिकम्मसमादाना, ते कायस्स भेदा परं मरणा सुगतिं सग्गं लोकं उपपन्ना”ति। ",
"cnd19:6.6":	"इति दिब्बेन चक्खुना विसुद्धेन अतिक्कन्तमानुसकेन सत्ते पस्सति चवमाने उपपज्जमाने हीने पणीते सुवण्णे दुब्बण्णे सुगते दुग्गते, यथाकम्मूपगे सत्ते पजानाति। ",
"cnd19:6.7":	"आकङ्खमानो च भगवा एकम्पि लोकधातुं पस्सेय्य, द्वेपि लोकधातुयो पस्सेय्य, तिस्सोपि लोकधातुयो पस्सेय्य, चतस्सोपि लोकधातुयो पस्सेय्य, पञ्चपि लोकधातुयो पस्सेय्य, दसपि लोकधातुयो पस्सेय्य, वीसम्पि लोकधातुयो पस्सेय्य, तिंसम्पि लोकधातुयो पस्सेय्य, चत्तालीसम्पि लोकधातुयो पस्सेय्य, पञ्ञासम्पि लोकधातुयो पस्सेय्य, सतम्पि लोकधातुयो पस्सेय्य, सहस्सिम्पि चूळनिकं लोकधातुं पस्सेय्य, द्विसहस्सिम्पि मज्झिमिकं लोकधातुं पस्सेय्य, तिसहस्सिम्पि लोकधातुं पस्सेय्य, महासहस्सिम्पि लोकधातुं पस्सेय्य, यावतकं वा पन आकङ्खेय्य तावतकं पस्सेय्य। ",
"cnd19:6.8":	"एवं परिसुद्धं भगवतो दिब्बचक्खु। ",
"cnd19:6.9":	"एवं भगवा दिब्बेन चक्खुनापि चक्खुमा। ",
"cnd19:7.1":	"कथं भगवा पञ्ञाचक्खुनापि चक्खुमा? ",
"cnd19:7.2":	"भगवा महापञ्ञो पुथुपञ्ञो जवनपञ्ञो हासपञ्ञो तिक्खपञ्ञो निब्बेधिकपञ्ञो पञ्ञापभेदकुसलो पभिन्नञाणो अधिगतपटिसम्भिदो चतुवेसारज्जप्पत्तो दसबलधारी पुरिसासभो पुरिससीहो पुरिसनागो पुरिसाजञ्ञो पुरिसधोरय्हो अनन्तञाणो अनन्ततेजो अनन्तयसो अड्ढो महद्धनो धनवा नेता विनेता अनुनेता पञ्ञापेता निज्झापेता पेक्खेता पसादेता। ",
"cnd19:7.3":	"सो हि भगवा अनुप्पन्नस्स मग्गस्स उप्पादेता असञ्जातस्स मग्गस्स सञ्जनेता अनक्खातस्स मग्गस्स अक्खाता, मग्गञ्ञू मग्गविदू मग्गकोविदो मग्गानुगा च पन एतरहि सावका विहरन्ति पच्छा समन्नागता। ",
"cnd19:8.1":	"सो हि भगवा जानं जानाति, पस्सं पस्सति, चक्खुभूतो ञाणभूतो धम्मभूतो ब्रह्मभूतो वत्ता पवत्ता अत्थस्स निन्नेता अमतस्स दाता धम्मस्सामी तथागतो। ",
"cnd19:8.2":	"नत्थि तस्स भगवतो अञ्ञातं अदिट्ठं अविदितं असच्छिकतं अफस्सितं पञ्ञाय। ",
"cnd19:8.3":	"अतीतं अनागतं पच्चुप्पन्नं उपादाय सब्बे धम्मा सब्बाकारेन बुद्धस्स भगवतो ञाणमुखे आपाथं आगच्छन्ति। ",
"cnd19:8.4":	"यं किञ्चि नेय्यं नाम अत्थि जानितब्बं अत्तत्थो वा परत्थो वा उभयत्थो वा दिट्ठधम्मिको वा अत्थो सम्परायिको वा अत्थो उत्तानो वा अत्थो गम्भीरो वा अत्थो गूळ्हो वा अत्थो पटिच्छन्नो वा अत्थो नेय्यो वा अत्थो नीतो वा अत्थो अनवज्जो वा अत्थो निक्किलेसो वा अत्थो वोदानो वा अत्थो परमत्थो वा अत्थो, सब्बं तं अन्तो बुद्धञाणे परिवत्तति। ",
"cnd19:9.1":	"सब्बं कायकम्मं बुद्धस्स भगवतो ञाणानुपरिवत्ति, सब्बं वचीकम्मं ञाणानुपरिवत्ति, सब्बं मनोकम्मं ञाणानुपरिवत्ति। ",
"cnd19:9.2":	"अतीते बुद्धस्स भगवतो अप्पटिहतं ञाणं, अनागते अप्पटिहतं ञाणं, पच्चुप्पन्ने अप्पटिहतं ञाणं, यावतकं नेय्यं तावतकं ञाणं, यावतकं ञाणं तावतकं नेय्यं। ",
"cnd19:9.3":	"नेय्यपरियन्तिकं ञाणं, ञाणपरियन्तिकं नेय्यं, नेय्यं अतिक्कमित्वा ञाणं नप्पवत्तति, ञाणं अतिक्कमित्वा नेय्यपथो नत्थि। ",
"cnd19:9.4":	"अञ्ञमञ्ञपरियन्तट्ठायिनो ते धम्मा। ",
"cnd19:9.5":	"यथा द्विन्नं समुग्गपटलानं सम्माफुसितानं हेट्ठिमं समुग्गपटलं उपरिमं नातिवत्तति, उपरिमं समुग्गपटलं हेट्ठिमं नातिवत्तति, अञ्ञमञ्ञपरियन्तट्ठायिनो; ",
"cnd19:9.6":	"एवमेव बुद्धस्स भगवतो नेय्यञ्च ञाणञ्च अञ्ञमञ्ञपरियन्तट्ठायिनो। ",
"cnd19:9.7":	"यावतकं नेय्यं तावतकं ञाणं, यावतकं ञाणं तावतकं नेय्यं, नेय्यपरियन्तिकं ञाणं, ञाणपरियन्तिकं नेय्यं। ",
"cnd19:9.8":	"नेय्यं अतिक्कमित्वा ञाणं नप्पवत्तति, ञाणं अतिक्कमित्वा नेय्यपथो नत्थि। ",
"cnd19:9.9":	"अञ्ञमञ्ञपरियन्तट्ठायिनो ते धम्मा। ",
"cnd19:10.1":	"सब्बधम्मेसु बुद्धस्स भगवतो ञाणं पवत्तति। ",
"cnd19:10.2":	"सब्बे धम्मा बुद्धस्स भगवतो आवज्जनपटिबद्धा आकङ्खपटिबद्धा मनसिकारपटिबद्धा चित्तुप्पादपटिबद्धा। ",
"cnd19:10.3":	"सब्बसत्तेसु बुद्धस्स भगवतो ञाणं पवत्तति। ",
"cnd19:10.4":	"सब्बेसञ्च सत्तानं भगवा आसयं जानाति, अनुसयं जानाति, चरितं जानाति, अधिमुत्तिं जानाति, अप्परजक्खे महारजक्खे तिक्खिन्द्रिये मुदिन्द्रिये स्वाकारे द्वाकारे सुविञ्ञापये दुविञ्ञापये भब्बाभब्बे सत्ते जानाति। ",
"cnd19:10.5":	"सदेवको लोको समारको सब्रह्मको सस्समणब्राह्मणी पजा सदेवमनुस्सा अन्तोबुद्धञाणे परिवत्तति। ",
"cnd19:11.1":	"यथा ये केचि मच्छकच्छपा अन्तमसो तिमितिमिङ्गलं उपादाय अन्तोमहासमुद्दे परिवत्तन्ति, एवमेव सदेवको लोको समारको लोको सब्रह्मको लोको सस्समणब्राह्मणी पजा सदेवमनुस्सा अन्तोबुद्धञाणे परिवत्तति। ",
"cnd19:12.1":	"यथा ये केचि पक्खी अन्तमसो गरुळं वेनतेय्यं उपादाय आकासस्स पदेसे परिवत्तन्ति, एवमेव येपि ते सारिपुत्तसमा पञ्ञाय समन्नागता तेपि बुद्धञाणस्स पदेसे परिवत्तन्ति; ",
"cnd19:12.2":	"बुद्धञाणं देवमनुस्सानं पञ्ञं फरित्वा अभिभवित्वा तिट्ठति। ",
"cnd19:13.1":	"येपि ते खत्तियपण्डिता ब्राह्मणपण्डिता गहपतिपण्डिता समणपण्डिता निपुणा कतपरप्पवादा वालवेधिरूपा वोभिन्दन्ता मञ्ञे चरन्ति पञ्ञागतेन दिट्ठिगतानि, ते पञ्हे अभिसङ्खरित्वा अभिसङ्खरित्वा तथागतं उपसङ्कमित्वा पुच्छन्ति गूळ्हानि च पटिच्छन्नानि। ",
"cnd19:13.2":	"कथिता विसज्जिता च ते पञ्हा भगवता होन्ति निद्दिट्ठकारणा। ",
"cnd19:13.3":	"उपक्खित्तका च ते भगवतो सम्पज्जन्ति। ",
"cnd19:13.4":	"अथ खो भगवाव तत्थ अतिरोचति—",
"cnd19:13.5":	"यदिदं पञ्ञायाति। ",
"cnd19:13.6":	"एवं भगवा पञ्ञाचक्खुनापि चक्खुमा। ",
"cnd19:14.1":	"कथं भगवा बुद्धचक्खुनापि चक्खुमा? ",
"cnd19:14.2":	"भगवा बुद्धचक्खुना लोकं वोलोकेन्तो अद्दस सत्ते अप्परजक्खे महारजक्खे तिक्खिन्द्रिये मुदिन्द्रिये स्वाकारे द्वाकारे सुविञ्ञापये दुविञ्ञापये अप्पेकच्चे परलोकवज्जभयदस्साविनो विहरन्ते। ",
"cnd19:14.3":	"सेय्यथापि नाम उप्पलिनियं वा पदुमिनियं वा पुण्डरीकिनियं वा अप्पेकच्चानि उप्पलानि वा पदुमानि वा पुण्डरीकानि वा उदके जातानि उदके संवड्ढानि उदकानुग्गतानि अन्तोनिमुग्गपोसीनि, अप्पेकच्चानि उप्पलानि वा पदुमानि वा पुण्डरीकानि वा उदके जातानि उदके संवड्ढानि समोदकं ठितानि, अप्पेकच्चानि उप्पलानि वा पदुमानि वा पुण्डरीकानि वा उदके जातानि उदके संवड्ढानि उदका अच्चुग्गम्म तिट्ठन्ति अनुपलित्तानि उदकेन; ",
"cnd19:14.4":	"एवमेवं भगवा बुद्धचक्खुना लोकं वोलोकेन्तो अद्दस सत्ते अप्परजक्खे महारजक्खे तिक्खिन्द्रिये मुदिन्द्रिये स्वाकारे द्वाकारे सुविञ्ञापये दुविञ्ञापये अप्पेकच्चे परलोकवज्जभयदस्साविनो विहरन्ते। ",
"cnd19:14.5":	"जानाति भगवा—",
"cnd19:14.6":	"“अयं पुग्गलो रागचरितो, अयं दोसचरितो, अयं मोहचरितो, अयं वितक्कचरितो, अयं सद्धाचरितो, अयं ञाणचरितो”ति। ",
"cnd19:14.7":	"रागचरितस्स भगवा पुग्गलस्स असुभकथं कथेति; ",
"cnd19:14.8":	"दोसचरितस्स भगवा पुग्गलस्स मेत्ताभावनं आचिक्खति; ",
"cnd19:14.9":	"मोहचरितस्स भगवा पुग्गलस्स उद्देसे परिपुच्छाय कालेन धम्मस्सवने कालेन धम्मसाकच्छाय गरुसंवासे निवेसेति; ",
"cnd19:14.10":	"वितक्कचरितस्स भगवा पुग्गलस्स आनापानस्सतिं आचिक्खति; ",
"cnd19:14.11":	"सद्धाचरितस्स भगवा पुग्गलस्स पसादनीयं निमित्तं आचिक्खति बुद्धसुबोधिं धम्मसुधम्मतं सङ्घसुप्पटिपत्तिं सीलानि च; ",
"cnd19:14.12":	"अत्तनो ञाणचरितस्स भगवा पुग्गलस्स विपस्सनानिमित्तं आचिक्खति अनिच्चाकारं दुक्खाकारं अनत्ताकारं। ",
"cnd19:15.1":	"“सेले यथा पब्बतमुद्धनिट्ठितो, ",
"cnd19:15.2":	"यथापि पस्से जनतं समन्ततो; ",
"cnd19:15.3":	"तथूपमं धम्ममयं सुमेध, ",
"cnd19:15.4":	"पासादमारुय्ह समन्तचक्खु; ",
"cnd19:15.5":	"सोकावतिण्णं जनतमपेतसोको, ",
"cnd19:15.6":	"अवेक्खस्सु जातिजराभिभूतन्”ति। ",
"cnd19:16.1":	"एवं भगवा बुद्धचक्खुनापि चक्खुमा। ",
"cnd19:17.1":	"कथं भगवा समन्तचक्खुनापि चक्खुमा? ",
"cnd19:17.2":	"<ब्>समन्तचक्खु</ब्> वुच्चति सब्बञ्ञुतञाणं। ",
"cnd19:17.3":	"भगवा सब्बञ्ञुतञाणेन उपेतो समुपेतो उपागतो समुपागतो उपपन्नो समुपपन्नो समन्नागतो। ",
"cnd19:18.1":	"“न तस्स अद्दिट्ठमिधत्थि किञ्चि, ",
"cnd19:18.2":	"अथो अविञ्ञातमजानितब्बं; ",
"cnd19:18.3":	"सब्बं अभिञ्ञासि यदत्थि नेय्यं, ",
"cnd19:18.4":	"तथागतो तेन समन्तचक्खू”ति। ",
"cnd19:19.1":	"एवं भगवा समन्तचक्खुनापि चक्खुमाति—",
"cnd19:19.2":	"न मे ब्याकासि चक्खुमा। ",
"cnd19:20.1":	"<ब्>यावततियञ्च देवीसि, ब्याकरोतीति मे सुतन्</ब्>ति यावततियं बुद्धो सहधम्मिकं पञ्हं पुट्ठो ब्याकरोति नो संसारेतीति—",
"cnd19:20.2":	"एवं मया उग्गहितं, एवं मया उपधारितं, एवं मया उपलक्खितं। ",
"cnd19:20.3":	"<ब्>देवीसी</ब्>ति भगवा चेव इसि चाति—",
"cnd19:20.4":	"देवीसि। ",
"cnd19:20.5":	"यथा राजा पब्बजिता वुच्चन्ति राजिसयो, ब्राह्मणा पब्बजिता वुच्चन्ति ब्राह्मणिसयो, एवमेव भगवा चेव इसि चाति—",
"cnd19:20.6":	"देवीसि। ",
"cnd19:21.1":	"अथ वा भगवा पब्बजितोतिपि <ब्>इसि</ब्>। ",
"cnd19:21.2":	"महन्तं सीलक्खन्धं एसी गवेसी परियेसीतिपि इसि। ",
"cnd19:21.3":	"महन्तं समाधिक्खन्धं …पे… ",
"cnd19:21.4":	"महन्तं पञ्ञाक्खन्धं … ",
"cnd19:21.5":	"महन्तं विमुत्तिक्खन्धं … ",
"cnd19:21.6":	"महन्तं विमुत्तिञाणदस्सनक्खन्धं एसी गवेसी परियेसीतिपि इसि। ",
"cnd19:21.7":	"महतो तमोकायस्स पदालनं एसी गवेसी परियेसीतिपि इसि। ",
"cnd19:21.8":	"महतो विपल्लासस्स पभेदनं एसी गवेसी परियेसीतिपि इसि। ",
"cnd19:21.9":	"महतो तण्हासल्लस्स अब्बहनं … ",
"cnd19:21.10":	"महतो दिट्ठिसङ्घाटस्स विनिवेठनं … ",
"cnd19:21.11":	"महतो मानधजस्स पपातनं … ",
"cnd19:21.12":	"महतो अभिसङ्खारस्स वूपसमं … ",
"cnd19:21.13":	"महतो ओघस्स नित्थरणं … ",
"cnd19:21.14":	"महतो भारस्स निक्खेपनं … ",
"cnd19:21.15":	"महतो संसारवट्टस्स उपच्छेदं … ",
"cnd19:21.16":	"महतो सन्तापस्स निब्बापनं … ",
"cnd19:21.17":	"महतो परिळाहस्स पटिप्पस्सद्धिं … ",
"cnd19:21.18":	"महतो धम्मधजस्स उस्सापनं एसी गवेसी परियेसीतिपि इसि। ",
"cnd19:21.19":	"महन्ते सतिपट्ठाने … ",
"cnd19:21.20":	"महन्ते सम्मप्पधाने … ",
"cnd19:21.21":	"महन्तानि इन्द्रियानि … ",
"cnd19:21.22":	"महन्तानि बलानि … ",
"cnd19:21.23":	"महन्ते बोज्झङ्गे … ",
"cnd19:21.24":	"महन्तं अरियं अट्ठङ्गिकं मग्गं … ",
"cnd19:21.25":	"महन्तं परमत्थं अमतं निब्बानं एसी गवेसी परियेसीतिपि इसि। ",
"cnd19:21.26":	"महेसक्खेहि वा सत्तेहि एसितो गवेसितो परियेसितो—",
"cnd19:21.27":	"“कहं बुद्धो, कहं भगवा, कहं देवदेवो, कहं नरासभो”तिपि इसीति—",
"cnd19:21.28":	"यावततियञ्च देवीसि ब्याकरोतीति मे सुतं। ",
"cnd19:21.29":	"तेनाह सो ब्राह्मणो—",
"cnd19:22.1":	"“द्वाहं सक्कं अपुच्छिस्सं, ",
"cnd19:22.2":	"(इच्चायस्मा मोघराजा) ",
"cnd19:22.3":	"न मे ब्याकासि चक्खुमा; ",
"cnd19:22.4":	"यावततियञ्च देवीसि, ",
"cnd19:22.5":	"ब्याकरोतीति मे सुतन्”ति। ",
"cnd19:23.1":	"<ब्>अयं लोको परो लोको,</ब्> ",
"cnd19:23.2":	"<ब्>ब्रह्मलोको सदेवको;</ब्> ",
"cnd19:23.3":	"<ब्>दिट्ठिं ते नाभिजानाति,</ब्> ",
"cnd19:23.4":	"<ब्>गोतमस्स यसस्सिनो। </ब्> ",
"cnd19:24.1":	"<ब्>अयं लोको परो लोको</ब्>ति। ",
"cnd19:24.2":	"<ब्>अयं लोको</ब्>ति मनुस्सलोको। ",
"cnd19:24.3":	"<ब्>परो लोको</ब्>ति मनुस्सलोकं ठपेत्वा सब्बो परो लोकोति—",
"cnd19:24.4":	"अयं लोको परो लोको। ",
"cnd19:25.1":	"<ब्>ब्रह्मलोको सदेवको</ब्>ति सदेवको लोको समारको सब्रह्मको सस्समणब्राह्मणी पजा सदेवमनुस्साति—",
"cnd19:25.2":	"ब्रह्मलोको सदेवको। ",
"cnd19:26.1":	"<ब्>दिट्ठिं ते नाभिजानाती</ब्>ति तुय्हं दिट्ठिं खन्तिं रुचिं लद्धिं अज्झासयं अधिप्पायं लोको न जानाति—",
"cnd19:26.2":	"“अयं एवंदिट्ठिको एवङ्खन्तिको एवंरुचिको एवंलद्धिको एवंअज्झासयो एवंअधिप्पायो”ति न जानाति न पस्सति न दक्खति नाधिगच्छति न विन्दति न पटिलभतीति—",
"cnd19:26.3":	"दिट्ठिं ते नाभिजानाति। ",
"cnd19:27.1":	"<ब्>गोतमस्स यसस्सिनो</ब्>ति भगवा यसप्पत्तोति यसस्सी। ",
"cnd19:27.2":	"अथ वा भगवा सक्कतो गरुकतो मानितो पूजितो अपचितो लाभी चीवरपिण्डपातसेनासनगिलानपच्चयभेसज्जपरिक्खारानन्तिपि यसस्सीति—",
"cnd19:27.3":	"गोतमस्स यसस्सिनो। ",
"cnd19:27.4":	"तेनाह सो ब्राह्मणो—",
"cnd19:28.1":	"“अयं लोको परो लोको, ",
"cnd19:28.2":	"ब्रह्मलोको सदेवको; ",
"cnd19:28.3":	"दिट्ठिं ते नाभिजानाति, ",
"cnd19:28.4":	"गोतमस्स यसस्सिनो”ति। ",
"cnd19:29.1":	"<ब्>एवं अभिक्कन्तदस्साविं,</ब्> ",
"cnd19:29.2":	"<ब्>अत्थि पञ्हेन आगमं;</ब्> ",
"cnd19:29.3":	"<ब्>कथं लोकं अवेक्खन्तं,</ब्> ",
"cnd19:29.4":	"<ब्>मच्चुराजा न पस्सति। </ब्> ",
"cnd19:30.1":	"<ब्>एवं अभिक्कन्तदस्साविन्</ब्>ति एवं अभिक्कन्तदस्साविं अग्गदस्साविं सेट्ठदस्साविं विसेट्ठदस्साविं पामोक्खदस्साविं उत्तमदस्साविं परमदस्साविन्ति—",
"cnd19:30.2":	"एवं अभिक्कन्तदस्साविं। ",
"cnd19:31.1":	"<ब्>अत्थि पञ्हेन आगमन्</ब्>ति पञ्हेन अत्थिको आगतोम्हि …पे… ",
"cnd19:31.2":	"वहस्सेतं भारन्ति, एवम्पि अत्थि पञ्हेन आगमं। ",
"cnd19:32.1":	"<ब्>कथं लोकं अवेक्खन्तन्</ब्>ति कथं लोकं अवेक्खन्तं पच्चवेक्खन्तं तुलयन्तं तीरयन्तं विभावयन्तं विभूतं करोन्तन्ति—",
"cnd19:32.2":	"कथं लोकं अवेक्खन्तं। ",
"cnd19:33.1":	"<ब्>मच्चुराजा न पस्सती</ब्>ति मच्चुराजा न पस्सति न दक्खति नाधिगच्छति न विन्दति न पटिलभतीति—",
"cnd19:33.2":	"मच्चुराजा न पस्सति। ",
"cnd19:33.3":	"तेनाह सो ब्राह्मणो—",
"cnd19:34.1":	"“एवं अभिक्कन्तदस्साविं, ",
"cnd19:34.2":	"अत्थि पञ्हेन आगमं; ",
"cnd19:34.3":	"कथं लोकं अवेक्खन्तं, ",
"cnd19:34.4":	"मच्चुराजा न पस्सती”ति। ",
"cnd19:35.1":	"<ब्>सुञ्ञतो लोकं अवेक्खस्सु,</ब्> ",
"cnd19:35.2":	"<ब्>मोघराज सदा सतो;</ब्> ",
"cnd19:35.3":	"<ब्>अत्तानुदिट्ठिं ऊहच्च,</ब्> ",
"cnd19:35.4":	"<ब्>एवं मच्चुतरो सिया;</ब्> ",
"cnd19:35.5":	"<ब्>एवं लोकं अवेक्खन्तं,</ब्> ",
"cnd19:35.6":	"<ब्>मच्चुराजा न पस्सति। </ब्> ",
"cnd19:36.1":	"<ब्>सुञ्ञतो लोकं अवेक्खस्सू</ब्>ति। ",
"cnd19:36.2":	"<ब्>लोको</ब्>ति निरयलोको तिरच्छानलोको पेत्तिविसयलोको मनुस्सलोको देवलोको खन्धलोको धातुलोको आयतनलोको अयं लोको परो लोको ब्रह्मलोको सदेवको। ",
"cnd19:36.3":	"अञ्ञतरो भिक्खु भगवन्तं एतदवोच—",
"cnd19:36.4":	"“लोको लोकोति, भन्ते, वुच्चति। ",
"cnd19:36.5":	"कित्तावता नु खो, भन्ते, लोकोति वुच्चती”ति? ",
"cnd19:36.6":	"“लुज्जतीति खो, भिक्खु, तस्मा लोकोति वुच्चति। ",
"cnd19:36.7":	"किञ्च लुज्जति? ",
"cnd19:36.8":	"चक्खु खो भिक्खु लुज्जति, रूपा लुज्जन्ति, चक्खुविञ्ञाणं लुज्जति, चक्खुसम्फस्सो लुज्जति, यम्पिदं चक्खुसम्फस्सपच्चया उप्पज्जति वेदयितं सुखं वा दुक्खं वा अदुक्खमसुखं वा तम्पि लुज्जति; ",
"cnd19:36.9":	"सोतं लुज्जति, ",
"cnd19:36.10":	"गन्धा लुज्जन्ति …पे… ",
"cnd19:36.11":	"कायो लुज्जति, फोट्ठब्बा लुज्जन्ति; ",
"cnd19:36.12":	"मनो लुज्जति, धम्मा लुज्जन्ति, मनोविञ्ञाणं लुज्जति, मनोसम्फस्सो लुज्जति; यम्पिदं मनोसम्फस्सपच्चया उप्पज्जति वेदयितं सुखं वा दुक्खं वा अदुक्खमसुखं वा तम्पि लुज्जति। ",
"cnd19:36.13":	"लुज्जतीति खो, भिक्खु, तस्मा लोकोति वुच्चति”। ",
"cnd19:37.1":	"<ब्>सुञ्ञतो लोकं अवेक्खस्सू</ब्>ति द्वीहि कारणेहि सुञ्ञतो लोकं अवेक्खति—",
"cnd19:37.2":	"अवसियपवत्तसल्लक्खणवसेन वा तुच्छसङ्खारसमनुपस्सनावसेन वा। ",
"cnd19:37.3":	"कथं अवसियपवत्तसल्लक्खणवसेन सुञ्ञतो लोकं अवेक्खति? ",
"cnd19:37.4":	"रूपे वसो न लब्भति, वेदनाय वसो न लब्भति, सञ्ञाय वसो न लब्भति, सङ्खारेसु वसो न लब्भति, विञ्ञाणे वसो न लब्भति। ",
"cnd19:37.5":	"वुत्तञ्हेतं भगवता—",
"cnd19:37.6":	"“रूपं, भिक्खवे, अनत्ता। ",
"cnd19:37.7":	"रूपञ्च हिदं, भिक्खवे, अत्ता अभविस्स, नयिदं रूपं आबाधाय संवत्तेय्य, लब्भेथ च रूपे—",
"cnd19:37.8":	"‘एवं मे रूपं होतु, एवं मे रूपं मा अहोसी’ति। ",
"cnd19:37.9":	"यस्मा च खो, भिक्खवे, रूपं अनत्ता, तस्मा रूपं आबाधाय संवत्तति न च लब्भति रूपे—",
"cnd19:37.10":	"‘एवं मे रूपं होतु, एवं मे रूपं मा अहोसी’ति। ",
"cnd19:38.1":	"वेदना अनत्ता। ",
"cnd19:38.2":	"वेदना च हिदं, भिक्खवे, अत्ता अभविस्स, नयिदं वेदना आबाधाय संवत्तेय्य, लब्भेथ च वेदनाय—",
"cnd19:38.3":	"‘एवं मे वेदना होतु, एवं मे वेदना मा अहोसी’ति। ",
"cnd19:38.4":	"यस्मा च खो, भिक्खवे, वेदना अनत्ता, तस्मा वेदना आबाधाय संवत्तति, न च लब्भति वेदनाय—",
"cnd19:38.5":	"‘एवं मे वेदना होतु, एवं मे वेदना मा अहोसी’ति। ",
"cnd19:39.1":	"सञ्ञा अनत्ता। ",
"cnd19:39.2":	"सञ्ञा च हिदं, भिक्खवे, अत्ता अभविस्स, नयिदं सञ्ञा आबाधाय संवत्तेय्य, लब्भेथ च सञ्ञाय—",
"cnd19:39.3":	"‘एवं मे सञ्ञा होतु, एवं मे सञ्ञा मा अहोसी’ति। ",
"cnd19:39.4":	"यस्मा च खो, भिक्खवे, सञ्ञा अनत्ता, तस्मा सञ्ञा आबाधाय संवत्तति, न च लब्भति सञ्ञाय—",
"cnd19:39.5":	"‘एवं मे सञ्ञा होतु, एवं मे सञ्ञा मा अहोसी’ति। ",
"cnd19:40.1":	"सङ्खारा अनत्ता। ",
"cnd19:40.2":	"सङ्खारा च हिदं, भिक्खवे, अत्ता अभविस्संसु, नयिदं सङ्खारा आबाधाय संवत्तेय्युं, लब्भेथ च सङ्खारेसु—",
"cnd19:40.3":	"‘एवं मे सङ्खारा होन्तु, एवं मे सङ्खारा मा अहेसुन्’ति। ",
"cnd19:40.4":	"यस्मा च खो, भिक्खवे, सङ्खारा अनत्ता, तस्मा सङ्खारा आबाधाय संवत्तन्ति, न च लब्भति सङ्खारेसु—",
"cnd19:40.5":	"‘एवं मे सङ्खारा होन्तु, एवं मे सङ्खारा मा अहेसुन्’ति। ",
"cnd19:41.1":	"विञ्ञाणं अनत्ता। ",
"cnd19:41.2":	"विञ्ञाणञ्च हिदं, भिक्खवे, अत्ता अभविस्स, नयिदं विञ्ञाणं आबाधाय संवत्तेय्य, लब्भेथ च विञ्ञाणे—",
"cnd19:41.3":	"‘एवं मे विञ्ञाणं होतु, एवं मे विञ्ञाणं मा अहोसी’ति। ",
"cnd19:41.4":	"यस्मा च खो, भिक्खवे, विञ्ञाणं अनत्ता, तस्मा विञ्ञाणं आबाधाय संवत्तति, न च लब्भति विञ्ञाणे—",
"cnd19:41.5":	"‘एवं मे विञ्ञाणं होतु, एवं मे विञ्ञाणं मा अहोसी’”ति। ",
"cnd19:42.1":	"वुत्तञ्हेतं भगवता—",
"cnd19:42.2":	"“नायं, भिक्खवे, कायो तुम्हाकं, नपि अञ्ञेसं। ",
"cnd19:42.3":	"पुराणमिदं, भिक्खवे, कम्मं अभिसङ्खतं अभिसञ्चेतयितं वेदनियं दट्ठब्बं। ",
"cnd19:42.4":	"तत्र खो, भिक्खवे, सुतवा अरियसावको पटिच्चसमुप्पादंयेव साधुकं योनिसो मनसि करोति—",
"cnd19:42.5":	"‘इति इमस्मिं सति इदं होति, इमस्सुप्पादा इदं उप्पज्जति; ",
"cnd19:42.6":	"इमस्मिं असति इदं न होति, इमस्स निरोधा इदं निरुज्झति, यदिदं—",
"cnd19:42.7":	"अविज्जापच्चया सङ्खारा, सङ्खारपच्चया विञ्ञाणं, विञ्ञाणपच्चया नामरूपं, नामरूपपच्चया सळायतनं, सळायतनपच्चया फस्सो, फस्सपच्चया वेदना, वेदनापच्चया तण्हा, तण्हापच्चया उपादानं, उपादानपच्चया भवो, भवपच्चया जाति, जातिपच्चया जरामरणं सोकपरिदेवदुक्खदोमनस्सुपायासा सम्भवन्ति—",
"cnd19:42.8":	"एवमेतस्स केवलस्स दुक्खक्खन्धस्स समुदयो होति’। ",
"cnd19:43.1":	"अविज्जाय त्वेव असेसविरागनिरोधा सङ्खारनिरोधो, सङ्खारनिरोधा विञ्ञाणनिरोधो …पे… ",
"cnd19:43.2":	"जातिनिरोधा जरामरणं सोकपरिदेवदुक्खदोमनस्सुपायासा निरुज्झन्ति, एवमेतस्स केवलस्स दुक्खक्खन्धस्स निरोधो होती”ति। ",
"cnd19:43.3":	"एवं अवसियपवत्तसल्लक्खणवसेन सुञ्ञतो लोकं अवेक्खति। ",
"cnd19:44.1":	"कथं तुच्छसङ्खारसमनुपस्सनावसेन सुञ्ञतो लोकं अवेक्खति? ",
"cnd19:44.2":	"रूपे सारो न लब्भति, वेदनाय सारो न लब्भति, सञ्ञाय सारो न लब्भति, सङ्खारेसु सारो न लब्भति, विञ्ञाणे सारो न लब्भति; ",
"cnd19:44.3":	"रूपं अस्सारं निस्सारं सारापगतं निच्चसारसारेन वा सुखसारसारेन वा अत्तसारसारेन वा निच्चेन वा धुवेन वा सस्सतेन वा अविपरिणामधम्मेन वा। ",
"cnd19:44.4":	"वेदना अस्सारा निस्सारा सारापगता …पे… ",
"cnd19:44.5":	"सञ्ञा अस्सारा निस्सारा सारापगता … ",
"cnd19:44.6":	"सङ्खारा अस्सारा निस्सारा सारापगता … ",
"cnd19:44.7":	"विञ्ञाणं अस्सारं निस्सारं सारापगतं निच्चसारसारेन वा सुखसारसारेन वा अत्तसारसारेन वा निच्चेन वा धुवेन वा सस्सतेन वा अविपरिणामधम्मेन वा। ",
"cnd19:45.1":	"यथा नळो अस्सारो निस्सारो सारापगतो, यथा च एरण्डो …पे… ",
"cnd19:45.2":	"यथा च उदुम्बरो अस्सारो निस्सारो सारापगतो, यथा च सेतकच्छो अस्सारो निस्सारो सारापगतो, यथा च पालिभद्दको अस्सारो निस्सारो सारापगतो, यथा च फेणपिण्डो अस्सारो निस्सारो सारापगतो, यथा च उदकपुब्बुळं अस्सारं निस्सारं सारापगतं, यथा च मरीचि अस्सारा निस्सारा सारापगता, यथा कदलिक्खन्धो अस्सारो निस्सारो सारापगतो, यथा माया अस्सारा निस्सारा सारापगता—",
"cnd19:45.3":	"एवमेव रूपं अस्सारं निस्सारं सारापगतं निच्चसारसारेन वा सुखसारसारेन वा अत्तसारसारेन वा निच्चेन वा धुवेन वा सस्सतेन वा अविपरिणामधम्मेन वा। ",
"cnd19:45.4":	"वेदना अस्सारा निस्सारा सारापगता …पे… ",
"cnd19:45.5":	"सञ्ञा अस्सारा निस्सारा सारापगता … ",
"cnd19:45.6":	"सङ्खारा अस्सारा निस्सारा सारापगता … ",
"cnd19:45.7":	"विञ्ञाणं अस्सारं निस्सारं सारापगतं निच्चसारसारेन वा सुखसारसारेन वा अत्तसारसारेन वा निच्चेन वा धुवेन वा सस्सतेन वा अविपरिणामधम्मेन वा। ",
"cnd19:45.8":	"एवं तुच्छसङ्खारसमनुपस्सनावसेन सुञ्ञतो लोकं अवेक्खति। ",
"cnd19:45.9":	"इमेहि द्वीहि कारणेहि सुञ्ञतो लोकं अवेक्खति। ",
"cnd19:46.1":	"अपि च छहाकारेहि सुञ्ञतो लोकं अवेक्खति। ",
"cnd19:46.2":	"चक्खु सुञ्ञं अत्तेन वा अत्तनियेन वा निच्चेन वा धुवेन वा सस्सतेन वा अविपरिणामधम्मेन वा, ",
"cnd19:46.3":	"सोतं सुञ्ञं …पे… ",
"cnd19:46.4":	"घानं सुञ्ञं … ",
"cnd19:46.5":	"जिव्हा सुञ्ञा … ",
"cnd19:46.6":	"कायो सुञ्ञो … ",
"cnd19:46.7":	"मनो सुञ्ञो अत्तेन वा अत्तनियेन वा निच्चेन वा धुवेन वा सस्सतेन वा अविपरिणामधम्मेन वा। ",
"cnd19:46.8":	"रूपा सुञ्ञा …पे… ",
"cnd19:46.9":	"सद्दा सुञ्ञा … ",
"cnd19:46.10":	"गन्धा सुञ्ञा … ",
"cnd19:46.11":	"रसा सुञ्ञा … ",
"cnd19:46.12":	"फोट्ठब्बा सुञ्ञा … ",
"cnd19:46.13":	"धम्मा सुञ्ञा अत्तेन वा अत्तनियेन वा निच्चेन वा धुवेन वा सस्सतेन वा अविपरिणामधम्मेन वा। ",
"cnd19:46.14":	"चक्खुविञ्ञाणं सुञ्ञं …पे… ",
"cnd19:46.15":	"मनोविञ्ञाणं सुञ्ञं … ",
"cnd19:46.16":	"चक्खुसम्फस्सो सुञ्ञो … ",
"cnd19:46.17":	"मनोसम्फस्सो सुञ्ञो … ",
"cnd19:46.18":	"चक्खुसम्फस्सजा वेदना सुञ्ञा … ",
"cnd19:46.19":	"मनोसम्फस्सजा वेदना सुञ्ञा … ",
"cnd19:46.20":	"रूपसञ्ञा सुञ्ञा … ",
"cnd19:46.21":	"धम्मसञ्ञा सुञ्ञा … ",
"cnd19:46.22":	"रूपसञ्चेतना सुञ्ञा … ",
"cnd19:46.23":	"धम्मसञ्चेतना सुञ्ञा … ",
"cnd19:46.24":	"रूपतण्हा सुञ्ञा … ",
"cnd19:46.25":	"रूपवितक्को सुञ्ञो … ",
"cnd19:46.26":	"रूपविचारो सुञ्ञो … ",
"cnd19:46.27":	"धम्मविचारो सुञ्ञो अत्तेन वा अत्तनियेन वा निच्चेन वा धुवेन वा सस्सतेन वा अविपरिणामधम्मेन वा। ",
"cnd19:46.28":	"एवं छहाकारेहि सुञ्ञतो लोकं अवेक्खति। ",
"cnd19:47.1":	"अपि च दसहाकारेहि सुञ्ञतो लोकं अवेक्खति। ",
"cnd19:47.2":	"रूपं रित्ततो तुच्छतो सुञ्ञतो अनत्ततो असारकतो वधकतो विभवतो अघमूलतो सासवतो सङ्खततो; ",
"cnd19:47.3":	"वेदनं …पे… ",
"cnd19:47.4":	"सञ्ञं … ",
"cnd19:47.5":	"सङ्खारे … ",
"cnd19:47.6":	"विञ्ञाणं … ",
"cnd19:47.7":	"चुतिं … ",
"cnd19:47.8":	"उपपत्तिं … ",
"cnd19:47.9":	"पटिसन्धिं … ",
"cnd19:47.10":	"भवं … ",
"cnd19:47.11":	"संसारवट्टं रित्ततो तुच्छतो सुञ्ञतो अनत्ततो असारकतो वधकतो विभवतो अघमूलतो सासवतो सङ्खततो। ",
"cnd19:47.12":	"एवं दसहाकारेहि सुञ्ञतो लोकं अवेक्खति। ",
"cnd19:48.1":	"अपि च द्वादसहाकारेहि सुञ्ञतो लोकं अवेक्खति। ",
"cnd19:48.2":	"रूपं न सत्तो न जीवो न नरो न माणवो न इत्थी न पुरिसो न अत्ता न अत्तनियं नाहं न मम न कोचि न कस्सचि; ",
"cnd19:48.3":	"वेदना …पे… ",
"cnd19:48.4":	"सञ्ञा … ",
"cnd19:48.5":	"सङ्खारा … ",
"cnd19:48.6":	"विञ्ञाणं न सत्तो न जीवो न नरो न माणवो न इत्थी न पुरिसो न अत्ता न अत्तनियं नाहं न मम न कोचि न कस्सचि। ",
"cnd19:48.7":	"एवं द्वादसहाकारेहि सुञ्ञतो लोकं अवेक्खति। ",
"cnd19:49.1":	"वुत्तञ्हेतं भगवता—",
"cnd19:49.2":	"“यं, भिक्खवे, न तुम्हाकं तं पजहथ। ",
"cnd19:49.3":	"तं वो पहीनं दीघरत्तं हिताय सुखाय भविस्सति। ",
"cnd19:49.4":	"किञ्च, भिक्खवे, न तुम्हाकं? ",
"cnd19:49.5":	"रूपं, भिक्खवे, न तुम्हाकं, तं पजहथ। ",
"cnd19:49.6":	"तं वो पहीनं दीघरत्तं हिताय सुखाय भविस्सति। ",
"cnd19:49.7":	"वेदना, भिक्खवे, न तुम्हाकं, तं पजहथ। ",
"cnd19:49.8":	"सा वो पहीना दीघरत्तं हिताय सुखाय भविस्सति। ",
"cnd19:49.9":	"सञ्ञा, भिक्खवे, न तुम्हाकं, तं पजहथ। ",
"cnd19:49.10":	"सा वो पहीना दीघरत्तं हिताय सुखाय भविस्सति। ",
"cnd19:49.11":	"सङ्खारा, भिक्खवे, न तुम्हाकं, ते पजहथ। ",
"cnd19:49.12":	"ते वो पहीना दीघरत्तं हिताय सुखाय भविस्सन्ति। ",
"cnd19:49.13":	"विञ्ञाणं, भिक्खवे, न तुम्हाकं, तं पजहथ। ",
"cnd19:49.14":	"तं वो पहीनं दीघरत्तं हिताय सुखाय भविस्सति। ",
"cnd19:49.15":	"सेय्यथापि, भिक्खवे, यं इमस्मिं जेतवने तिणकट्ठसाखापलासं तं जनो हरेय्य वा डहेय्य वा यथापच्चयं वा करेय्य। ",
"cnd19:49.16":	"अपि नु तुम्हाकं एवमस्स—",
"cnd19:49.17":	"‘अम्हे जनो हरति वा डहति वा यथापच्चयं वा करोती’”ति? ",
"cnd19:49.18":	"“नो हेतं, भन्ते”। ",
"cnd19:49.19":	"“तं किस्स हेतु”? ",
"cnd19:49.20":	"“न हि नो एतं, भन्ते, अत्ता वा अत्तनियं” वाति। ",
"cnd19:49.21":	"“एवमेव खो, भिक्खवे, यं न तुम्हाकं तं पजहथ; ",
"cnd19:49.22":	"तं वो पहीनं दीघरत्तं हिताय सुखाय भविस्सति। ",
"cnd19:49.23":	"किञ्च, भिक्खवे, न तुम्हाकं? ",
"cnd19:49.24":	"रूपं, भिक्खवे, न तुम्हाकं, तं पजहथ। ",
"cnd19:49.25":	"तं वो पहीनं दीघरत्तं हिताय सुखाय भविस्सति। ",
"cnd19:49.26":	"वेदना …पे… ",
"cnd19:49.27":	"सञ्ञा … ",
"cnd19:49.28":	"सङ्खारा … ",
"cnd19:49.29":	"विञ्ञाणं, भिक्खवे, न तुम्हाकं, तं पजहथ। ",
"cnd19:49.30":	"तं वो पहीनं दीघरत्तं हिताय सुखाय भविस्सती”ति। ",
"cnd19:49.31":	"एवम्पि सुञ्ञतो लोकं अवेक्खति। ",
"cnd19:50.1":	"आयस्मा आनन्दो भगवन्तं एतदवोच—",
"cnd19:50.2":	"“‘सुञ्ञो लोको, सुञ्ञो लोको’ति, भन्ते, वुच्चति। ",
"cnd19:50.3":	"कित्तावता नु खो, भन्ते, सुञ्ञो लोकोति वुच्चती”ति? ",
"cnd19:50.4":	"“यस्मा च खो, आनन्द, सुञ्ञं अत्तेन वा अत्तनियेन वा, तस्मा सुञ्ञो लोकोति वुच्चति। ",
"cnd19:50.5":	"किञ्चानन्द, सुञ्ञं अत्तेन वा अत्तनियेन वा? ",
"cnd19:50.6":	"चक्खु खो, आनन्द, सुञ्ञं अत्तेन वा अत्तनियेन वा। ",
"cnd19:50.7":	"रूपा सुञ्ञा …पे… ",
"cnd19:50.8":	"चक्खुविञ्ञाणं सुञ्ञं … ",
"cnd19:50.9":	"चक्खुसम्फस्सो सुञ्ञो … ",
"cnd19:50.10":	"यम्पिदं चक्खुसम्फस्सपच्चया उप्पज्जति वेदयितं सुखं वा दुक्खं वा अदुक्खमसुखं वा तम्पि सुञ्ञं अत्तेन वा अत्तनियेन वा। ",
"cnd19:50.11":	"सोतं सुञ्ञं … ",
"cnd19:50.12":	"सद्दा सुञ्ञा … ",
"cnd19:50.13":	"घानं सुञ्ञं … ",
"cnd19:50.14":	"गन्धा सुञ्ञा … ",
"cnd19:50.15":	"जिव्हा सुञ्ञा … ",
"cnd19:50.16":	"रसा सुञ्ञा … ",
"cnd19:50.17":	"कायो सुञ्ञो … ",
"cnd19:50.18":	"फोट्ठब्बा सुञ्ञा … ",
"cnd19:50.19":	"मनो सुञ्ञो … ",
"cnd19:50.20":	"धम्मा सुञ्ञा … ",
"cnd19:50.21":	"मनोविञ्ञाणं सुञ्ञं … ",
"cnd19:50.22":	"मनोसम्फस्सो सुञ्ञो … ",
"cnd19:50.23":	"यम्पिदं सुञ्ञं मनोसम्फस्सपच्चया उप्पज्जति वेदयितं सुखं वा दुक्खं वा अदुक्खमसुखं वा तम्पि सुञ्ञं अत्तेन वा अत्तनियेन वा। ",
"cnd19:50.24":	"यस्मा च खो, आनन्द, सुञ्ञं अत्तेन वा अत्तनियेन वा, तस्मा सुञ्ञो लोकोति वुच्चती”ति। ",
"cnd19:50.25":	"एवम्पि सुञ्ञतो लोकं अवेक्खति। ",
"cnd19:51.1":	"“सुद्धं धम्मसमुप्पादं, ",
"cnd19:51.2":	"सुद्धसङ्खारसन्ततिं; ",
"cnd19:51.3":	"पस्सन्तस्स यथाभूतं, ",
"cnd19:51.4":	"न भयं होति गामणि। ",
"cnd19:52.1":	"तिणकट्ठसमं लोकं, ",
"cnd19:52.2":	"यदा पञ्ञाय पस्सति; ",
"cnd19:52.3":	"नाञ्ञं पत्थयते किञ्चि, ",
"cnd19:52.4":	"अञ्ञत्रप्पटिसन्धिया”ति। ",
"cnd19:53.1":	"एवम्पि सुञ्ञतो लोकं अवेक्खति। ",
"cnd19:54.1":	"वुत्तञ्हेतं भगवता—",
"cnd19:54.2":	"“एवमेव खो, भिक्खवे, भिक्खु रूपं समन्नेसति यावता रूपस्स गति, ",
"cnd19:54.3":	"वेदनं समन्नेसति यावता वेदनाय गति, ",
"cnd19:54.4":	"सञ्ञं समन्नेसति यावता सञ्ञाय गति, ",
"cnd19:54.5":	"सङ्खारे समन्नेसति यावता सङ्खारानं गति, ",
"cnd19:54.6":	"विञ्ञाणं समन्नेसति यावता विञ्ञाणस्स गति। ",
"cnd19:54.7":	"तस्स रूपं समन्नेसतो यावता रूपस्स गति, ",
"cnd19:54.8":	"वेदनं …पे… ",
"cnd19:54.9":	"सञ्ञं … ",
"cnd19:54.10":	"सङ्खारे … ",
"cnd19:54.11":	"विञ्ञाणं समन्नेसतो यावता विञ्ञाणस्स गति, यम्पिस्स तं होति अहन्ति वा ममन्ति वा अस्मीति वा, तम्पि तस्स न होती”ति। ",
"cnd19:54.12":	"एवम्पि सुञ्ञतो लोकं अवेक्खति। ",
"cnd19:55.1":	"<ब्>सुञ्ञतो लोकं अवेक्खस्सू</ब्>ति सुञ्ञतो लोकं अवेक्खस्सु पच्चवेक्खस्सु दक्खस्सु तुलेहि तीरेहि विभावेहि विभूतं करोहीति—",
"cnd19:55.2":	"सुञ्ञतो लोकं अवेक्खस्सु। ",
"cnd19:56.1":	"<ब्>मोघराज सदा सतो</ब्>ति। ",
"cnd19:56.2":	"<ब्>मोघराजा</ब्>ति भगवा तं ब्राह्मणं नामेन आलपति। ",
"cnd19:56.3":	"<ब्>सदा</ब्>ति सब्बकालं …पे… ",
"cnd19:56.4":	"पच्छिमे वयोखन्धे। ",
"cnd19:56.5":	"<ब्>सतो</ब्>ति चतूहि कारणेहि सतो—",
"cnd19:56.6":	"काये कायानुपस्सनासतिपट्ठानं भावेन्तो सतो …पे… ",
"cnd19:56.7":	"सो वुच्चति सतोति—",
"cnd19:56.8":	"मोघराज सदा सतो। ",
"cnd19:57.1":	"<ब्>अत्तानुदिट्ठिं ऊहच्चा</ब्>ति अत्तानुदिट्ठि वुच्चति वीसतिवत्थुका सक्कायदिट्ठि। ",
"cnd19:57.2":	"इध अस्सुतवा पुथुज्जनो अरियानं अदस्सावी अरियधम्मस्स अकोविदो अरियधम्मे अविनीतो सप्पुरिसानं अदस्सावी सप्पुरिसधम्मस्स अकोविदो सप्पुरिसधम्मे अविनीतो रूपं अत्ततो समनुपस्सति रूपवन्तं वा अत्तानं अत्तनि वा रूपं रूपस्मिं वा अत्तानं, ",
"cnd19:57.3":	"वेदनं …पे… ",
"cnd19:57.4":	"सञ्ञं … ",
"cnd19:57.5":	"सङ्खारे … ",
"cnd19:57.6":	"विञ्ञाणं अत्ततो समनुपस्सति विञ्ञाणवन्तं वा अत्तानं अत्तनि वा विञ्ञाणं विञ्ञाणस्मिं वा अत्तानं। ",
"cnd19:57.7":	"या एवरूपा दिट्ठि दिट्ठिगतं दिट्ठिगहनं दिट्ठिकन्तारो दिट्ठिविसूकायिकं दिट्ठिविप्फन्दितं दिट्ठिसंयोजनं गाहो पटिग्गाहो अभिनिवेसो परामासो कुम्मग्गो मिच्छापथो मिच्छत्तं तित्थायतनं विपरियेसग्गाहो विपरीतग्गाहो विपल्लासग्गाहो मिच्छागाहो अयाथावकस्मिं याथावकन्ति गाहो यावता द्वासट्ठि दिट्ठिगतानि, अयं अत्तानुदिट्ठि। ",
"cnd19:57.8":	"<ब्>अत्तानुदिट्ठिं ऊहच्चा</ब्>ति अत्तानुदिट्ठिं ऊहच्च समूहच्च उद्धरित्वा समुद्धरित्वा उप्पाटयित्वा समुप्पाटयित्वा पजहित्वा विनोदेत्वा ब्यन्तीकरित्वा अनभावं गमेत्वाति—",
"cnd19:57.9":	"अत्तानुदिट्ठिं ऊहच्च। ",
"cnd19:58.1":	"<ब्>एवं मच्चुतरो सिया</ब्>ति एवं मच्चुपि तरेय्यासि, जरापि तरेय्यासि, मरणम्पि तरेय्यासि उत्तरेय्यासि पतरेय्यासि समतिक्कमेय्यासि वीतिवत्तेय्यासीति—",
"cnd19:58.2":	"एवं मच्चुतरो सिया। ",
"cnd19:59.1":	"<ब्>एवं लोकं अवेक्खन्तन्</ब्>ति एवं लोकं अवेक्खन्तं पच्चवेक्खन्तं तुलयन्तं तीरयन्तं विभावयन्तं विभूतं करोन्तन्ति—",
"cnd19:59.2":	"एवं लोकं अवेक्खन्तं। ",
"cnd19:60.1":	"<ब्>मच्चुराजा न पस्सती</ब्>ति मच्चुपि मच्चुराजा, मारोपि मच्चुराजा, मरणम्पि मच्चुराजा। ",
"cnd19:60.2":	"<ब्>न पस्सती</ब्>ति मच्चुराजा न पस्सति न दक्खति नाधिगच्छति न विन्दति न पटिलभति। ",
"cnd19:60.3":	"वुत्तञ्हेतं भगवता—",
"cnd19:60.4":	"“सेय्यथापि, भिक्खवे, आरञ्ञिको मिगो अरञ्ञे पवने चरमानो विस्सत्थो गच्छति विस्सत्थो तिट्ठति विस्सत्थो निसीदति विस्सत्थो सेय्यं कप्पेति। ",
"cnd19:60.5":	"तं किस्स हेतु? ",
"cnd19:60.6":	"अनापाथगतो, भिक्खवे, लुद्दस्स। ",
"cnd19:60.7":	"एवमेव खो, भिक्खवे, भिक्खु विविच्चेव कामेहि विविच्च अकुसलेहि धम्मेहि सवितक्कं सविचारं विवेकजं पीतिसुखं पठमं झानं उपसम्पज्ज विहरति। ",
"cnd19:60.8":	"अयं वुच्चति, भिक्खवे, ‘भिक्खु अन्धमकासि मारं, अपदं वधित्वा मारचक्खुं अदस्सनं गतो पापिमतो’। ",
"cnd19:61.1":	"पुन चपरं, भिक्खवे, भिक्खु वितक्कविचारानं वूपसमा अज्झत्तं सम्पसादनं चेतसो एकोदिभावं अवितक्कं अविचारं समाधिजं पीतिसुखं दुतियं झानं …पे… ",
"cnd19:61.2":	"ततियं झानं … ",
"cnd19:61.3":	"चतुत्थं झानं उपसम्पज्ज विहरति। ",
"cnd19:61.4":	"अयं वुच्चति, भिक्खवे, ‘भिक्खु अन्धमकासि मारं, अपदं वधित्वा मारचक्खुं अदस्सनं गतो पापिमतो’। ",
"cnd19:62.1":	"पुन चपरं, भिक्खवे, भिक्खु सब्बसो रूपसञ्ञानं समतिक्कमा, पटिघसञ्ञानं अत्थङ्गमा, नानत्तसञ्ञानं अमनसिकारा, अनन्तो आकासोति आकासानञ्चायतनं उपसम्पज्ज विहरति। ",
"cnd19:62.2":	"अयं वुच्चति, भिक्खवे, ‘भिक्खु अन्धमकासि मारं, अपदं वधित्वा मारचक्खुं अदस्सनं गतो पापिमतो’। ",
"cnd19:63.1":	"पुन चपरं, भिक्खवे, भिक्खु सब्बसो आकासानञ्चायतनं समतिक्कम्म अनन्तं विञ्ञाणन्ति विञ्ञाणञ्चायतनं उपसम्पज्ज विहरति …पे…। ",
"cnd19:64.1":	"पुन चपरं, भिक्खवे, सब्बसो विञ्ञाणञ्चायतनं समतिक्कम्म नत्थि किञ्चीति आकिञ्चञ्ञायतनं उपसम्पज्ज विहरति …पे…। ",
"cnd19:65.1":	"पुन चपरं, भिक्खवे, सब्बसो आकिञ्चञ्ञायतनं समतिक्कम्म नेवसञ्ञानासञ्ञायतनं उपसम्पज्ज विहरति …पे…। ",
"cnd19:66.1":	"पुन चपरं, भिक्खवे, सब्बसो नेवसञ्ञानासञ्ञायतनं समतिक्कम्म सञ्ञावेदयितनिरोधं उपसम्पज्ज विहरति; ",
"cnd19:66.2":	"पञ्ञाय चस्स दिस्वा आसवा परिक्खीणा होन्ति। ",
"cnd19:66.3":	"अयं वुच्चति, भिक्खवे, ‘भिक्खु अन्धमकासि मारं, अपदं वधित्वा मारचक्खुं अदस्सनं गतो पापिमतो, तिण्णो लोके विसत्तिकन्’ति। ",
"cnd19:66.4":	"सो विस्सत्थो गच्छति विस्सत्थो तिट्ठति विस्सत्थो निसीदति विस्सत्थो सेय्यं कप्पेति। ",
"cnd19:66.5":	"तं किस्स हेतु? ",
"cnd19:66.6":	"अनापाथगतो भिक्खु पापिमतो”ति—",
"cnd19:66.7":	"मच्चुराजा न पस्सति। ",
"cnd19:66.8":	"तेनाह भगवा—",
"cnd19:67.1":	"“सुञ्ञतो लोकं अवेक्खस्सु, ",
"cnd19:67.2":	"मोघराज सदा सतो; ",
"cnd19:67.3":	"अत्तानुदिट्ठिं ऊहच्च, ",
"cnd19:67.4":	"एवं मच्चुतरो सिया; ",
"cnd19:67.5":	"एवं लोकं अवेक्खन्तं, ",
"cnd19:67.6":	"मच्चुराजा न पस्सती”ति। ",
"cnd19:68.1":	"सह गाथापरियोसाना …पे… ",
"cnd19:68.2":	"सत्था मे, भन्ते भगवा, सावकोहमस्मीति। ",
"cnd19:68.3":	"मोघराजमाणवपुच्छानिद्देसो पन्नरसमो। "
}	
