{	
"cnd20:0.1":	"चूळनिद्देस ",
"cnd20:0.2":	"पारायनवग्गनिद्देस ",
"cnd20:0.3":	"पुच्छानिद्देस ",
"cnd20:0.4":	"१६। पिङ्गियमाणवपुच्छानिद्देस ",
"cnd20:1.1":	"<ब्>जिण्णोहमस्मि अबलो वीतवण्णो</ब्>, ",
"cnd20:1.2":	"(इच्चायस्मा पिङ्गियो) ",
"cnd20:1.3":	"<ब्>नेत्ता न सुद्धा सवनं न फासु;</ब्> ",
"cnd20:1.4":	"<ब्>माहं नस्सं मोमुहो अन्तराव,</ब्> ",
"cnd20:1.5":	"<ब्>आचिक्ख धम्मं यमहं विजञ्ञं;</ब्> ",
"cnd20:1.6":	"<ब्>जातिजराय इध विप्पहानं। </ब्> ",
"cnd20:2.1":	"<ब्>जिण्णोहमस्मि अबलो वीतवण्णो</ब्>ति। ",
"cnd20:2.2":	"<ब्>जिण्णोहमस्मी</ब्>ति जिण्णो वुड्ढो महल्लको अद्धगतो वयोअनुप्पत्तो वीसवस्ससतिको जातिया। ",
"cnd20:2.3":	"<ब्>अबलो</ब्>ति दुब्बलो अप्पबलो अप्पथामो। ",
"cnd20:2.4":	"<ब्>वीतवण्णो</ब्>ति वीतवण्णो विगतवण्णो विगच्छितवण्णो। ",
"cnd20:2.5":	"या सा पुरिमा सुभा वण्णनिभा सा अन्तरहिता, आदीनवो पातुभूतोति—",
"cnd20:2.6":	"जिण्णोहमस्मि अबलो वीतवण्णो। ",
"cnd20:3.1":	"<ब्>इच्चायस्मा पिङ्गियो</ब्>ति। ",
"cnd20:3.2":	"<ब्>इच्चा</ब्>ति पदसन्धि …पे…। ",
"cnd20:3.3":	"<ब्>आयस्मा</ब्>ति पियवचनं …पे…। ",
"cnd20:3.4":	"<ब्>पिङ्गियो</ब्>ति तस्स ब्राह्मणस्स नामं …पे… अभिलापोति—",
"cnd20:3.5":	"इच्चायस्मा पिङ्गियो। ",
"cnd20:4.1":	"<ब्>नेत्ता न सुद्धा सवनं न फासू</ब्>ति नेत्ता असुद्धा अविसुद्धा अपरिसुद्धा अवोदाता। ",
"cnd20:4.2":	"नो तथा चक्खुना रूपे पस्सामीति—",
"cnd20:4.3":	"नेत्ता न सुद्धा। ",
"cnd20:4.4":	"<ब्>सवनं न फासू</ब्>ति सोतं असुद्धं अविसुद्धं अपरिसुद्धं अवोदातं। ",
"cnd20:4.5":	"नो तथा सोतेन सद्दं सुणोमीति—",
"cnd20:4.6":	"नेत्ता न सुद्धा सवनं न फासु। ",
"cnd20:5.1":	"<ब्>माहं नस्सं मोमुहो अन्तरावा</ब्>ति। ",
"cnd20:5.2":	"<ब्>माहं नस्सन्</ब्>ति माहं नस्सं माहं विनस्सं माहं पनस्सं। ",
"cnd20:5.3":	"<ब्>मोमुहो</ब्>ति मोहमुहो अविज्जागतो अञ्ञाणी अविभावी दुप्पञ्ञो। ",
"cnd20:5.4":	"<ब्>अन्तरावा</ब्>ति तुय्हं धम्मं दिट्ठिं पटिपदं मग्गं अनञ्ञाय अनधिगन्त्वा अविदित्वा अप्पटिलभित्वा अफस्सयित्वा असच्छिकरित्वा अन्तरायेव कालं करेय्यन्ति—",
"cnd20:5.5":	"माहं नस्सं मोमुहो अन्तराव। ",
"cnd20:6.1":	"<ब्>आचिक्ख धम्मं यमहं विजञ्ञन्</ब्>ति। ",
"cnd20:6.2":	"<ब्>धम्मन्</ब्>ति आदिकल्याणं मज्झेकल्याणं परियोसानकल्याणं सात्थं सब्यञ्जनं केवलपरिपुण्णं परिसुद्धं ब्रह्मचरियं, चत्तारो सतिपट्ठाने, चत्तारो सम्मप्पधाने, चत्तारो इद्धिपादे, पञ्चिन्द्रियानि, पञ्च बलानि, सत्त बोज्झङ्गे, अरियं अट्ठङ्गिकं मग्गं, निब्बानञ्च निब्बानगामिनिञ्च पटिपदं आचिक्खाहि देसेहि पञ्ञपेहि पट्ठपेहि विवराहि विभजाहि उत्तानीकरोहि पकासेहीति—",
"cnd20:6.3":	"आचिक्ख धम्मं। ",
"cnd20:6.4":	"<ब्>यमहं विजञ्ञन्</ब्>ति यमहं जानेय्यं आजानेय्यं विजानेय्यं पटिविजानेय्यं पटिविज्झेय्यं अधिगच्छेय्यं फस्सेय्यं सच्छिकरेय्यन्ति—",
"cnd20:6.5":	"आचिक्ख धम्मं यमहं विजञ्ञं। ",
"cnd20:7.1":	"<ब्>जातिजराय इध विप्पहानन्</ब्>ति इधेव जातिजरामरणस्स पहानं वूपसमं पटिनिस्सग्गं पटिप्पस्सद्धिं अमतं निब्बानन्ति—",
"cnd20:7.2":	"जातिजराय इध विप्पहानं। ",
"cnd20:7.3":	"तेनाह सो ब्राह्मणो—",
"cnd20:8.1":	"“जिण्णोहमस्मि अबलो वीतवण्णो, ",
"cnd20:8.2":	"(इच्चायस्मा पिङ्गियो) ",
"cnd20:8.3":	"नेत्ता न सुद्धा सवनं न फासु; ",
"cnd20:8.4":	"माहं नस्सं मोमुहो अन्तराव, ",
"cnd20:8.5":	"आचिक्ख धम्मं यमहं विजञ्ञं; ",
"cnd20:8.6":	"जातिजराय इध विप्पहानन्”ति। ",
"cnd20:9.1":	"<ब्>दिस्वान रूपेसु विहञ्ञमाने,</ब्> ",
"cnd20:9.2":	"(पिङ्गियाति भगवा) ",
"cnd20:9.3":	"<ब्>रुप्पन्ति रूपेसु जना पमत्ता;</ब्> ",
"cnd20:9.4":	"<ब्>तस्मा तुवं पिङ्गिय अप्पमत्तो,</ब्> ",
"cnd20:9.5":	"<ब्>जहस्सु रूपं अपुनब्भवाय। </ब्> ",
"cnd20:10.1":	"<ब्>दिस्वान रूपेसु विहञ्ञमाने</ब्>ति। ",
"cnd20:10.2":	"<ब्>रूपन्</ब्>ति चत्तारो च महाभूता चतुन्नञ्च महाभूतानं उपादाय रूपं। ",
"cnd20:10.3":	"सत्ता रूपहेतु रूपप्पच्चया रूपकारणा हञ्ञन्ति विहञ्ञन्ति उपहञ्ञन्ति उपघातियन्ति। ",
"cnd20:10.4":	"रूपे सति विविधकम्मकारणा कारेन्ति। ",
"cnd20:10.5":	"कसाहिपि ताळेन्ति, वेत्तेहिपि ताळेन्ति, अड्ढदण्डकेहिपि ताळेन्ति, हत्थम्पि छिन्दन्ति, पादम्पि छिन्दन्ति, हत्थपादम्पि छिन्दन्ति, कण्णम्पि छिन्दन्ति, नासम्पि छिन्दन्ति, कण्णनासम्पि छिन्दन्ति, बिलङ्गथालिकम्पि करोन्ति, सङ्खमुण्डिकम्पि करोन्ति, राहुमुखम्पि करोन्ति, जोतिमालिकम्पि करोन्ति, हत्थपज्जोतिकम्पि करोन्ति, एरकवत्तिकम्पि करोन्ति, चीरकवासिकम्पि करोन्ति, एणेय्यकम्पि करोन्ति, बळिसमंसिकम्पि करोन्ति, कहापणिकम्पि करोन्ति, खारापतच्छिकम्पि करोन्ति, पलिघपरिवत्तिकम्पि करोन्ति, पलालपीठकम्पि करोन्ति, तत्तेनपि तेलेन ओसिञ्चन्ति, सुनखेहिपि खादापेन्ति, जीवन्तम्पि सूले उत्तासेन्ति, असिनापि सीसं छिन्दन्ति। ",
"cnd20:10.6":	"एवं सत्ता रूपहेतु रूपप्पच्चया रूपकारणा हञ्ञन्ति विहञ्ञन्ति उपहञ्ञन्ति उपघातियन्ति। ",
"cnd20:10.7":	"एवं हञ्ञमाने विहञ्ञमाने उपहञ्ञमाने उपघातियमाने दिस्वा पस्सित्वा तुलयित्वा तीरयित्वा विभावयित्वा विभूतं कत्वाति—",
"cnd20:10.8":	"दिस्वान रूपेसु विहञ्ञमाने। ",
"cnd20:11.1":	"<ब्>पिङ्गियाति भगवा</ब्>ति। ",
"cnd20:11.2":	"<ब्>पिङ्गिया</ब्>ति भगवा तं ब्राह्मणं नामेन आलपति। ",
"cnd20:11.3":	"<ब्>भगवा</ब्>ति गारवाधिवचनमेतं …पे… सच्छिका पञ्ञत्ति, यदिदं भगवाति—",
"cnd20:11.4":	"पिङ्गियाति भगवा। ",
"cnd20:12.1":	"<ब्>रुप्पन्ति रूपेसु जना पमत्ता</ब्>ति। ",
"cnd20:12.2":	"<ब्>रुप्पन्ती</ब्>ति रुप्पन्ति कुप्पन्ति पीळयन्ति घट्टयन्ति, ब्याधिता दोमनस्सिता होन्ति। ",
"cnd20:12.3":	"चक्खुरोगेन रुप्पन्ति कुप्पन्ति पीळयन्ति घट्टयन्ति, ब्याधिता दोमनस्सिता होन्ति। ",
"cnd20:12.4":	"सोतरोगेन …पे… ",
"cnd20:12.5":	"कायरोगेन …पे… ",
"cnd20:12.6":	"डंसमकसवातातपसरीसपसम्फस्सेहि रुप्पन्ति कुप्पन्ति पीळयन्ति घट्टयन्ति, ब्याधिता दोमनस्सिता होन्तीति—",
"cnd20:12.7":	"रुप्पन्ति रूपेसु। ",
"cnd20:13.1":	"अथ वा चक्खुस्मिं हीयमाने हायमाने परिहायमाने वेमाने विगच्छमाने अन्तरधायमाने रुप्पन्ति …पे… ",
"cnd20:13.2":	"दोमनस्सिता होन्ति। ",
"cnd20:13.3":	"सोतस्मिं …पे… ",
"cnd20:13.4":	"घानस्मिं … ",
"cnd20:13.5":	"जिव्हाय … ",
"cnd20:13.6":	"कायस्मिं … ",
"cnd20:13.7":	"रूपस्मिं … ",
"cnd20:13.8":	"सद्दस्मिं … ",
"cnd20:13.9":	"गन्धस्मिं … ",
"cnd20:13.10":	"रसस्मिं … ",
"cnd20:13.11":	"फोट्ठब्बस्मिं … ",
"cnd20:13.12":	"कुलस्मिं … ",
"cnd20:13.13":	"गणस्मिं … ",
"cnd20:13.14":	"आवासस्मिं … ",
"cnd20:13.15":	"लाभस्मिं … ",
"cnd20:13.16":	"यसस्मिं … ",
"cnd20:13.17":	"पसंसाय … ",
"cnd20:13.18":	"सुखस्मिं … ",
"cnd20:13.19":	"चीवरस्मिं … ",
"cnd20:13.20":	"पिण्डपातस्मिं … ",
"cnd20:13.21":	"सेनासनस्मिं … ",
"cnd20:13.22":	"गिलानपच्चयभेसज्जपरिक्खारस्मिं हीयमाने हायमाने परिहायमाने वेमाने विगच्छमाने अन्तरधायमाने रुप्पन्ति कुप्पन्ति पीळयन्ति घट्टयन्ति, ब्याधिता दोमनस्सिता होन्तीति—",
"cnd20:13.23":	"एवम्पि रुप्पन्ति रूपेसु। ",
"cnd20:14.1":	"<ब्>जना</ब्>ति खत्तिया च ब्राह्मणा च वेस्सा च सुद्दा च गहट्ठा च पब्बजिता च देवा च मनुस्सा च। ",
"cnd20:14.2":	"<ब्>पमत्ता</ब्>ति पमादो वत्तब्बो कायदुच्चरितेन वा वचीदुच्चरितेन वा मनोदुच्चरितेन वा पञ्चसु कामगुणेसु चित्तस्स वोसग्गो वोसग्गानुप्पदानं कुसलानं वा धम्मानं भावनाय असक्कच्चकिरियता असातच्चकिरियता अनट्ठितकिरियता ओलीनवुत्तिता निक्खित्तच्छन्दता निक्खित्तधुरता अनासेवना अभावना अबहुलीकम्मं अनधिट्ठानं अननुयोगो पमादो। ",
"cnd20:14.3":	"यो एवरूपो पमादो पमज्जना पमज्जितत्तं—",
"cnd20:14.4":	"अयं वुच्चति पमादो। ",
"cnd20:14.5":	"इमिना पमादेन समन्नागता जना पमत्ताति—",
"cnd20:14.6":	"रुप्पन्ति रूपेसु जना पमत्ता। ",
"cnd20:15.1":	"<ब्>तस्मा तुवं पिङ्गिय अप्पमत्तो</ब्>ति। ",
"cnd20:15.2":	"<ब्>तस्मा</ब्>ति तस्मा तङ्कारणा तंहेतु तप्पच्चया तंनिदाना एवं आदीनवं सम्पस्समानो रूपेसूति—",
"cnd20:15.3":	"तस्मा तुवं पिङ्गिय। ",
"cnd20:15.4":	"<ब्>अप्पमत्तो</ब्>ति सक्कच्चकारी सातच्चकारी …पे… अप्पमादो कुसलेसु धम्मेसूति—",
"cnd20:15.5":	"तस्मा तुवं पिङ्गिय अप्पमत्तो। ",
"cnd20:16.1":	"<ब्>जहस्सु रूपं अपुनब्भवाया</ब्>ति। ",
"cnd20:16.2":	"<ब्>रूपन्</ब्>ति चत्तारो च महाभूता चतुन्नञ्च महाभूतानं उपादाय रूपं। ",
"cnd20:16.3":	"<ब्>जहस्सु रूपन्</ब्>ति जहस्सु रूपं, पजहस्सु रूपं, विनोदेहि रूपं, ब्यन्तीकरोहि रूपं, अनभावं गमेहि रूपं। ",
"cnd20:16.4":	"<ब्>अपुनब्भवाया</ब्>ति यथा ते रूपं इधेव निरुज्झेय्य, पुनपटिसन्धिको भवो न निब्बत्तेय्य कामधातुया वा रूपधातुया वा अरूपधातुया वा, कामभवे वा रूपभवे वा अरूपभवे वा, सञ्ञाभवे वा असञ्ञाभवे वा नेवसञ्ञानासञ्ञाभवे वा, एकवोकारभवे वा चतुवोकारभवे वा पञ्चवोकारभवे वा, पुन गतिया वा उपपत्तिया वा पटिसन्धिया वा भवे वा संसारे वा वट्टे वा न जनेय्य न सञ्जनेय्य न निब्बत्तेय्य नाभिनिब्बत्तेय्य, इधेव निरुज्झेय्य वूपसमेय्य अत्थं गच्छेय्य पटिप्पस्सम्भेय्याति—",
"cnd20:16.5":	"जहस्सु रूपं अपुनब्भवाय। ",
"cnd20:16.6":	"तेनाह भगवा—",
"cnd20:17.1":	"“दिस्वान रूपेसु विहञ्ञमाने, ",
"cnd20:17.2":	"(पिङ्गियाति भगवा) ",
"cnd20:17.3":	"रुप्पन्ति रूपेसु जना पमत्ता; ",
"cnd20:17.4":	"तस्मा तुवं पिङ्गिय अप्पमत्तो, ",
"cnd20:17.5":	"जहस्सु रूपं अपुनब्भवाया”ति। ",
"cnd20:18.1":	"<ब्>दिसा चतस्सो विदिसा चतस्सो,</ब्> ",
"cnd20:18.2":	"<ब्>उद्धं अधो दस दिसा इमायो;</ब्> ",
"cnd20:18.3":	"<ब्>न तुय्हं अदिट्ठं असुतं अमुतं,</ब्> ",
"cnd20:18.4":	"<ब्>अथो अविञ्ञातं किञ्चनमत्थि लोके;</ब्> ",
"cnd20:18.5":	"<ब्>आचिक्ख धम्मं यमहं विजञ्ञं,</ब्> ",
"cnd20:18.6":	"<ब्>जातिजराय इध विप्पहानं। </ब्> ",
"cnd20:19.1":	"<ब्>दिसा चतस्सो विदिसा चतस्सो, उद्धं अधो दस दिसा इमायो</ब्>ति दस दिसा। ",
"cnd20:20.1":	"<ब्>न तुय्हं अदिट्ठं असुतं अमुतं, अथो अविञ्ञातं किञ्चनमत्थि लोके</ब्>ति न तुय्हं अदिट्ठं असुतं अमुतं अविञ्ञातं किञ्चि अत्तत्थो वा परत्थो वा उभयत्थो वा दिट्ठधम्मिको वा अत्थो सम्परायिको वा अत्थो उत्तानो वा अत्थो गम्भीरो वा अत्थो गूळ्हो वा अत्थो पटिच्छन्नो वा अत्थो नेय्यो वा अत्थो नीतो वा अत्थो अनवज्जो वा अत्थो निक्किलेसो वा अत्थो वोदानो वा अत्थो परमत्थो वा अत्थो नत्थि न अत्थि न संविज्जति नुपलब्भतीति—",
"cnd20:20.2":	"न तुय्हं अदिट्ठं असुतं अमुतं, अथो अविञ्ञातं किञ्चनमत्थि लोके। ",
"cnd20:21.1":	"<ब्>आचिक्ख धम्मं यमहं विजञ्ञन्</ब्>ति। ",
"cnd20:21.2":	"<ब्>धम्मन्</ब्>ति आदिकल्याणं …पे… ",
"cnd20:21.3":	"निब्बानञ्च निब्बानगामिनिञ्च पटिपदं आचिक्खाहि देसेहि पञ्ञपेहि पट्ठपेहि विवराहि विभजाहि उत्तानीकरोहि पकासेहि। ",
"cnd20:21.4":	"<ब्>यमहं विजञ्ञन्</ब्>ति यमहं जानेय्यं आजानेय्यं विजानेय्यं पटिविजानेय्यं पटिविज्झेय्यं अधिगच्छेय्यं फस्सेय्यं सच्छिकरेय्यन्ति—",
"cnd20:21.5":	"आचिक्ख धम्मं यमहं विजञ्ञं। ",
"cnd20:22.1":	"<ब्>जातिजराय इध विप्पहानन्</ब्>ति इधेव जातिजरामरणस्स पहानं वूपसमं पटिनिस्सग्गं पटिप्पस्सद्धिं अमतं निब्बानन्ति—",
"cnd20:22.2":	"जातिजराय इध विप्पहानं। ",
"cnd20:22.3":	"तेनाह सो ब्राह्मणो—",
"cnd20:23.1":	"“दिसा चतस्सो विदिसा चतस्सो, ",
"cnd20:23.2":	"उद्धं अधो दस दिसा इमायो; ",
"cnd20:23.3":	"न तुय्हं अदिट्ठं असुतं अमुतं, ",
"cnd20:23.4":	"अथो अविञ्ञातं किञ्चनमत्थि लोके; ",
"cnd20:23.5":	"आचिक्ख धम्मं यमहं विजञ्ञं, ",
"cnd20:23.6":	"जातिजराय इध विप्पहानन्”ति। ",
"cnd20:24.1":	"<ब्>तण्हाधिपन्ने मनुजे पेक्खमानो,</ब्> ",
"cnd20:24.2":	"(पिङ्गियाति भगवा) ",
"cnd20:24.3":	"<ब्>सन्तापजाते जरसा परेते;</ब्> ",
"cnd20:24.4":	"<ब्>तस्मा तुवं पिङ्गिय अप्पमत्तो,</ब्> ",
"cnd20:24.5":	"<ब्>जहस्सु तण्हं अपुनब्भवाय। </ब्> ",
"cnd20:25.1":	"<ब्>तण्हाधिपन्ने मनुजे पेक्खमानो</ब्>ति। ",
"cnd20:25.2":	"<ब्>तण्हा</ब्>ति रूपतण्हा …पे… धम्मतण्हा। ",
"cnd20:25.3":	"<ब्>तण्हाधिपन्ने</ब्>ति तण्हाधिपन्ने तण्हानुगे तण्हानुगते तण्हानुसटे तण्हाय पन्ने पटिपन्ने अभिभूते परियादिन्नचित्ते। ",
"cnd20:25.4":	"<ब्>मनुजे</ब्>ति सत्ताधिवचनं। ",
"cnd20:25.5":	"<ब्>पेक्खमानो</ब्>ति पेक्खमानो दक्खमानो ओलोकयमानो निज्झायमानो उपपरिक्खमानोति—",
"cnd20:25.6":	"तण्हाधिपन्ने मनुजे पेक्खमानो। ",
"cnd20:25.7":	"<ब्>पिङ्गियाति भगवा</ब्>ति। ",
"cnd20:25.8":	"<ब्>पिङ्गिया</ब्>ति भगवा तं ब्राह्मणं नामेन आलपति। ",
"cnd20:25.9":	"<ब्>भगवा</ब्>ति गारवाधिवचनमेतं …पे… सच्छिका पञ्ञत्ति, यदिदं भगवाति—",
"cnd20:25.10":	"पिङ्गियाति भगवा। ",
"cnd20:26.1":	"<ब्>सन्तापजाते जरसा परेते</ब्>ति। ",
"cnd20:26.2":	"<ब्>सन्तापजाते</ब्>ति जातिया सन्तापजाते, जराय सन्तापजाते, ब्याधिना सन्तापजाते, मरणेन सन्तापजाते, सोकपरिदेवदुक्खदोमनस्सुपायासेहि सन्तापजाते, नेरयिकेन दुक्खेन सन्तापजाते …पे… ",
"cnd20:26.3":	"दिट्ठिब्यसनेन दुक्खेन सन्तापजाते ईतिजाते उपद्दवजाते उपसग्गजातेति—",
"cnd20:26.4":	"सन्तापजाते। ",
"cnd20:26.5":	"<ब्>जरसा परेते</ब्>ति जराय फुट्ठे परेते समोहिते समन्नागते। ",
"cnd20:26.6":	"जातिया अनुगते जराय अनुसटे ब्याधिना अभिभूते मरणेन अब्भाहते अताणे अलेणे असरणे असरणीभूतेति—",
"cnd20:26.7":	"सन्तापजाते जरसा परेते। ",
"cnd20:27.1":	"<ब्>तस्मा तुवं पिङ्गिय अप्पमत्तो</ब्>ति। ",
"cnd20:27.2":	"<ब्>तस्मा</ब्>ति तस्मा तङ्कारणा तंहेतु तप्पच्चया तंनिदाना एवं आदीनवं सम्पस्समानो तण्हायाति—",
"cnd20:27.3":	"तस्मा तुवं पिङ्गिय। ",
"cnd20:27.4":	"<ब्>अप्पमत्तो</ब्>ति सक्कच्चकारी …पे… ",
"cnd20:27.5":	"अप्पमादो कुसलेसु धम्मेसूति—",
"cnd20:27.6":	"तस्मा तुवं पिङ्गिय अप्पमत्तो। ",
"cnd20:28.1":	"<ब्>जहस्सु तण्हं अपुनब्भवाया</ब्>ति। ",
"cnd20:28.2":	"<ब्>तण्हा</ब्>ति रूपतण्हा …पे… धम्मतण्हा। ",
"cnd20:28.3":	"<ब्>जहस्सु तण्हन्</ब्>ति जहस्सु तण्हं पजहस्सु तण्हं विनोदेहि तण्हं ब्यन्तीकरोहि तण्हं अनभावं गमेहि तण्हं। ",
"cnd20:28.4":	"<ब्>अपुनब्भवाया</ब्>ति यथा ते …पे… ",
"cnd20:28.5":	"पुनपटिसन्धिको भवो न निब्बत्तेय्य कामधातुया वा रूपधातुया वा अरूपधातुया वा, कामभवे वा रूपभवे वा अरूपभवे वा, सञ्ञाभवे वा असञ्ञाभवे वा नेवसञ्ञानासञ्ञाभवे वा, एकवोकारभवे वा चतुवोकारभवे वा पञ्चवोकारभवे वा, पुनगतिया वा उपपत्तिया वा पटिसन्धिया वा भवे वा संसारे वा वट्टे वा न जनेय्य न सञ्जनेय्य न निब्बत्तेय्य नाभिनिब्बत्तेय्य, इधेव निरुज्झेय्य वूपसमेय्य अत्थं गच्छेय्य पटिप्पस्सम्भेय्याति—",
"cnd20:28.6":	"जहस्सु तण्हं अपुनब्भवाय। ",
"cnd20:28.7":	"तेनाह भगवा—",
"cnd20:29.1":	"“तण्हाधिपन्ने मनुजे पेक्खमानो, ",
"cnd20:29.2":	"(पिङ्गियाति भगवा) ",
"cnd20:29.3":	"सन्तापजाते जरसा परेते; ",
"cnd20:29.4":	"तस्मा तुवं पिङ्गिय अप्पमत्तो, ",
"cnd20:29.5":	"जहस्सु तण्हं अपुनब्भवाया”ति। ",
"cnd20:30.1":	"सह गाथापरियोसाना ये ते ब्राह्मणेन सद्धिं एकच्छन्दा एकपयोगा एकाधिप्पाया एकवासनवासिता, तेसं अनेकपाणसहस्सानं विरजं वीतमलं धम्मचक्खुं उदपादि—",
"cnd20:30.2":	"“यं किञ्चि समुदयधम्मं सब्बं तं निरोधधम्मन्”ति। ",
"cnd20:30.3":	"तस्स च ब्राह्मणस्स विरजं वीतमलं धम्मचक्खुं उदपादि—",
"cnd20:30.4":	"“यं किञ्चि समुदयधम्मं सब्बं तं निरोधधम्मन्”ति। ",
"cnd20:30.5":	"सह धम्मचक्खुस्स पटिलाभा अजिनजटावाकचीरतिदण्डकमण्डलुकेसा च मस्सू च अन्तरहिता भण्डुकासायवत्थवसनो सङ्घाटिपत्तचीवरधरो अन्वत्थपटिपत्तिया पञ्जलिको भगवन्तं नमस्समानो निसिन्नो होति—",
"cnd20:30.6":	"“सत्था मे, भन्ते, भगवा, सावकोहमस्मी”ति। ",
"cnd20:30.7":	"पिङ्गियमाणवपुच्छानिद्देसो सोळसमो। "
}	
