{	
"cnd3:0.1":	"चूळनिद्देस ",
"cnd3:0.2":	"पारायनवग्गगाथा ",
"cnd3:0.3":	"३। पारायनत्थुतिगाथा ",
"cnd3:1.1":	"इदमवोच भगवा मगधेसु विहरन्तो पासाणके चेतिये, परिचारकसोळसानं ब्राह्मणानं अज्झिट्ठो पुट्ठो पुट्ठो पञ्हं ब्याकासि। ",
"cnd3:1.2":	"एकमेकस्स चेपि पञ्हस्स अत्थमञ्ञाय धम्ममञ्ञाय धम्मानुधम्मं पटिपज्जेय्य, गच्छेय्येव जरामरणस्स पारं। ",
"cnd3:1.3":	"“पारङ्गमनीया इमे धम्मा”ति—",
"cnd3:1.4":	"तस्मा इमस्स धम्मपरियायस्स पारायनन्तेव अधिवचनं। ",
"cnd3:2.1":	"अजितो तिस्समेत्तेय्यो, ",
"cnd3:2.2":	"पुण्णको अथ मेत्तगू; ",
"cnd3:2.3":	"धोतको उपसीवो च, ",
"cnd3:2.4":	"नन्दो च अथ हेमको। ",
"cnd3:3.1":	"तोदेय्यकप्पा दुभयो, ",
"cnd3:3.2":	"जतुकण्णी च पण्डितो; ",
"cnd3:3.3":	"भद्रावुधो उदयो च, ",
"cnd3:3.4":	"पोसालो चापि ब्राह्मणो; ",
"cnd3:3.5":	"मोघराजा च मेधावी, ",
"cnd3:3.6":	"पिङ्गियो च महाइसि। ",
"cnd3:4.1":	"एते बुद्धं उपागच्छुं, ",
"cnd3:4.2":	"सम्पन्नचरणं इसिं; ",
"cnd3:4.3":	"पुच्छन्ता निपुणे पञ्हे, ",
"cnd3:4.4":	"बुद्धसेट्ठं उपागमुं। ",
"cnd3:5.1":	"तेसं बुद्धो पब्याकासि, ",
"cnd3:5.2":	"पञ्हे पुट्ठो यथातथं; ",
"cnd3:5.3":	"पञ्हानं वेय्याकरणेन, ",
"cnd3:5.4":	"तोसेसि ब्राह्मणे मुनि। ",
"cnd3:6.1":	"ते तोसिता चक्खुमता, ",
"cnd3:6.2":	"बुद्धेनादिच्चबन्धुना; ",
"cnd3:6.3":	"ब्रह्मचरियमचरिंसु, ",
"cnd3:6.4":	"वरपञ्ञस्स सन्तिके। ",
"cnd3:7.1":	"एकमेकस्स पञ्हस्स, ",
"cnd3:7.2":	"यथा बुद्धेन देसितं; ",
"cnd3:7.3":	"तथा यो पटिपज्जेय्य, ",
"cnd3:7.4":	"गच्छे पारं अपारतो। ",
"cnd3:8.1":	"अपारा पारं गच्छेय्य, ",
"cnd3:8.2":	"भावेन्तो मग्गमुत्तमं; ",
"cnd3:8.3":	"मग्गो सो पारं गमनाय, ",
"cnd3:8.4":	"तस्मा पारायनं इति। "
}	
