{	
"cnd4:0.1":	"चूळनिद्देस ",
"cnd4:0.2":	"पारायनवग्गगाथा ",
"cnd4:0.3":	"४। पारायनानुगीतिगाथा ",
"cnd4:1.1":	"“पारायनमनुगायिस्सं, ",
"cnd4:1.2":	"(इच्चायस्मा पिङ्गियो) ",
"cnd4:1.3":	"यथाद्दक्खि तथाक्खासि; ",
"cnd4:1.4":	"विमलो भूरिमेधसो, ",
"cnd4:1.5":	"निक्कामो निब्बनो नागो; ",
"cnd4:1.6":	"किस्स हेतु मुसा भणे। ",
"cnd4:2.1":	"पहीनमलमोहस्स, ",
"cnd4:2.2":	"मानमक्खप्पहायिनो; ",
"cnd4:2.3":	"हन्दाहं कित्तयिस्सामि, ",
"cnd4:2.4":	"गिरं वण्णूपसञ्हितं। ",
"cnd4:3.1":	"तमोनुदो बुद्धो समन्तचक्खु, ",
"cnd4:3.2":	"लोकन्तगू सब्बभवातिवत्तो; ",
"cnd4:3.3":	"अनासवो सब्बदुक्खप्पहीनो, ",
"cnd4:3.4":	"सच्चव्हयो ब्रह्मे उपासितो मे। ",
"cnd4:4.1":	"दिजो यथा कुब्बनकं पहाय, ",
"cnd4:4.2":	"बहुप्फलं काननमावसेय्य; ",
"cnd4:4.3":	"एवम्पहं अप्पदस्से पहाय, ",
"cnd4:4.4":	"महोदधिं हंसोरिव अज्झपत्तो। ",
"cnd4:5.1":	"येमे पुब्बे वियाकंसु, ",
"cnd4:5.2":	"हुरं गोतमसासना; ",
"cnd4:5.3":	"इच्चासि इति भविस्सति, ",
"cnd4:5.4":	"सब्बं तं इतिहीतिहं; ",
"cnd4:5.5":	"सब्बं तं तक्कवड्ढनं। ",
"cnd4:6.1":	"एको तमोनुदासिनो, ",
"cnd4:6.2":	"जुतिमा सो पभङ्करो; ",
"cnd4:6.3":	"गोतमो भूरिपञ्ञाणो, ",
"cnd4:6.4":	"गोतमो भूरिमेधसो। ",
"cnd4:7.1":	"यो मे धम्ममदेसेसि, ",
"cnd4:7.2":	"सन्दिट्ठिकमकालिकं; ",
"cnd4:7.3":	"तण्हक्खयमनीतिकं, ",
"cnd4:7.4":	"यस्स नत्थि उपमा क्वचि”। ",
"cnd4:8.1":	"“किं नु तम्हा विप्पवससि, ",
"cnd4:8.2":	"मुहुत्तमपि पिङ्गिय; ",
"cnd4:8.3":	"गोतमा भूरिपञ्ञाणा, ",
"cnd4:8.4":	"गोतमा भूरिमेधसा। ",
"cnd4:9.1":	"यो ते धम्ममदेसेसि, ",
"cnd4:9.2":	"सन्दिट्ठिकमकालिकं; ",
"cnd4:9.3":	"तण्हक्खयमनीतिकं, ",
"cnd4:9.4":	"यस्स नत्थि उपमा क्वचि”। ",
"cnd4:10.1":	"“नाहं तम्हा विप्पवसामि, ",
"cnd4:10.2":	"मुहुत्तमपि ब्राह्मण; ",
"cnd4:10.3":	"गोतमा भूरिपञ्ञाणा, ",
"cnd4:10.4":	"गोतमा भूरिमेधसा। ",
"cnd4:11.1":	"यो मे धम्ममदेसेसि, ",
"cnd4:11.2":	"सन्दिट्ठिकमकालिकं; ",
"cnd4:11.3":	"तण्हक्खयमनीतिकं, ",
"cnd4:11.4":	"यस्स नत्थि उपमा क्वचि। ",
"cnd4:12.1":	"पस्सामि नं मनसा चक्खुनाव, ",
"cnd4:12.2":	"रत्तिन्दिवं ब्राह्मण अप्पमत्तो; ",
"cnd4:12.3":	"नमस्समानो विवसेमि रत्तिं, ",
"cnd4:12.4":	"तेनेव मञ्ञामि अविप्पवासं। ",
"cnd4:13.1":	"सद्धा च पीति च मनो सति च, ",
"cnd4:13.2":	"नापेन्तिमे गोतमसासनम्हा; ",
"cnd4:13.3":	"यं यं दिसं वजति भूरिपञ्ञो, ",
"cnd4:13.4":	"स तेन तेनेव नतोहमस्मि। ",
"cnd4:14.1":	"जिण्णस्स मे दुब्बलथामकस्स, ",
"cnd4:14.2":	"तेनेव कायो न पलेति तत्थ; ",
"cnd4:14.3":	"सङ्कप्पयन्ताय वजामि निच्चं, ",
"cnd4:14.4":	"मनो हि मे ब्राह्मण तेन युत्तो। ",
"cnd4:15.1":	"पङ्के सयानो परिफन्दमानो, ",
"cnd4:15.2":	"दीपा दीपं उपल्लविं; ",
"cnd4:15.3":	"अथद्दसासिं सम्बुद्धं, ",
"cnd4:15.4":	"ओघतिण्णमनासवं”। ",
"cnd4:16.1":	"“यथा अहू वक्कलि मुत्तसद्धो, ",
"cnd4:16.2":	"भद्रावुधो आळविगोतमो च; ",
"cnd4:16.3":	"एवमेव त्वम्पि पमुञ्चस्सु सद्धं, ",
"cnd4:16.4":	"गमिस्ससि त्वं पिङ्गिय मच्चुधेय्यस्स पारं”। ",
"cnd4:17.1":	"“एस भिय्यो पसीदामि, ",
"cnd4:17.2":	"सुत्वान मुनिनो वचो; ",
"cnd4:17.3":	"विवट्टच्छदो सम्बुद्धो, ",
"cnd4:17.4":	"अखिलो पटिभानवा। ",
"cnd4:18.1":	"अधिदेवे अभिञ्ञाय, ",
"cnd4:18.2":	"सब्बं वेदि परोपरं; ",
"cnd4:18.3":	"पञ्हानन्तकरो सत्था, ",
"cnd4:18.4":	"कङ्खीनं पटिजानतं। ",
"cnd4:19.1":	"असंहीरं असङ्कुप्पं, ",
"cnd4:19.2":	"यस्स नत्थि उपमा क्वचि; ",
"cnd4:19.3":	"अद्धा गमिस्सामि न मेत्थ कङ्खा, ",
"cnd4:19.4":	"एवं मं धारेहि अधिमुत्तचित्तन्”ति। ",
"cnd4:19.5":	"पारायनानुगीतिगाथा निट्ठिता। "
}	
