{	
"cnd6:0.1":	"चूळनिद्देस ",
"cnd6:0.2":	"पारायनवग्गनिद्देस ",
"cnd6:0.3":	"पुच्छानिद्देस ",
"cnd6:0.4":	"२। तिस्समेत्तेय्यमाणवपुच्छानिद्देस ",
"cnd6:1.1":	"<ब्>कोध सन्तुसितो लोके,</ब्> ",
"cnd6:1.2":	"(इच्चायस्मा तिस्समेत्तेय्यो) ",
"cnd6:1.3":	"<ब्>कस्स नो सन्ति इञ्जिता;</ब्> ",
"cnd6:1.4":	"<ब्>को उभन्तमभिञ्ञाय,</ब्> ",
"cnd6:1.5":	"<ब्>मज्झे मन्ता न लिप्पति;</ब्> ",
"cnd6:1.6":	"<ब्>कं ब्रूसि महापुरिसोति,</ब्> ",
"cnd6:1.7":	"<ब्>को इध सिब्बिनिमच्चगा। </ब्> ",
"cnd6:2.1":	"<ब्>कोध सन्तुसितो लोके</ब्>ति को लोके तुट्ठो सन्तुट्ठो अत्तमनो परिपुण्णसङ्कप्पोति—",
"cnd6:2.2":	"कोध सन्तुसितो लोके। ",
"cnd6:3.1":	"<ब्>इच्चायस्मा तिस्समेत्तेय्यो</ब्>ति। ",
"cnd6:3.2":	"<ब्>इच्चा</ब्>ति पदसन्धि पदसंसग्गो पदपारिपूरी अक्खरसमवायो ब्यञ्जनसिलिट्ठता पदानुपुब्बतापेतं—",
"cnd6:3.3":	"इच्चाति। ",
"cnd6:3.4":	"<ब्>आयस्मा</ब्>ति पियवचनं गरुवचनं सगारवसप्पतिस्साधिवचनमेतं—",
"cnd6:3.5":	"आयस्माति। ",
"cnd6:3.6":	"<ब्>तिस्सो</ब्>ति तस्स ब्राह्मणस्स नामं सङ्खा समञ्ञा पञ्ञत्ति वोहारो नामं नामकम्मं नामधेय्यं निरुत्ति ब्यञ्जनं अभिलापो। ",
"cnd6:3.7":	"<ब्>मेत्तेय्यो</ब्>ति तस्स ब्राह्मणस्स गोत्तं सङ्खा समञ्ञा पञ्ञत्ति वोहारोति—",
"cnd6:3.8":	"इच्चायस्मा तिस्समेत्तेय्यो। ",
"cnd6:4.1":	"<ब्>कस्स नो सन्ति इञ्जिता</ब्>ति तण्हिञ्जितं दिट्ठिञ्जितं मानिञ्जितं किलेसिञ्जितं कामिञ्जितं। ",
"cnd6:4.2":	"कस्सिमे इञ्जिता नत्थि न सन्ति न संविज्जन्ति नुपलब्भन्ति पहीना समुच्छिन्ना वूपसन्ता पटिपस्सद्धा अभब्बुप्पत्तिका ञाणग्गिना दड्ढाति—",
"cnd6:4.3":	"कस्स नो सन्ति इञ्जिता। ",
"cnd6:5.1":	"<ब्>को उभन्तमभिञ्ञाया</ब्>ति को उभो अन्ते अभिञ्ञाय जानित्वा तुलयित्वा तीरयित्वा विभावयित्वा विभूतं कत्वाति—",
"cnd6:5.2":	"को उभन्तमभिञ्ञाय। ",
"cnd6:6.1":	"<ब्>मज्झे मन्ता न लिप्पती</ब्>ति मज्झे मन्ताय न लिप्पति, अलित्तो अनुपलित्तो निक्खन्तो निस्सटो विप्पमुत्तो विसञ्ञुत्तो विमरियादिकतेन चेतसा विहरतीति—",
"cnd6:6.2":	"मज्झे मन्ता न लिप्पति। ",
"cnd6:7.1":	"<ब्>कं ब्रूसि महापुरिसो</ब्>ति महापुरिसो अग्गपुरिसो सेट्ठपुरिसो विसेट्ठपुरिसो पामोक्खपुरिसो उत्तमपुरिसो पधानपुरिसो पवरपुरिसोति। ",
"cnd6:7.2":	"कं ब्रूसि कं कथेसि कं मञ्ञसि कं भणसि कं पस्सति कं वोहरसीति—",
"cnd6:7.3":	"कं ब्रूसि महापुरिसोति। ",
"cnd6:8.1":	"<ब्>को इध सिब्बिनिमच्चगा</ब्>ति को इध सिब्बिनिं तण्हं अज्झगा उपच्चगा अतिक्कन्तो समतिक्कन्तो वीतिवत्तोति—",
"cnd6:8.2":	"को इध सिब्बिनिमच्चगा। ",
"cnd6:8.3":	"तेनाह सो ब्राह्मणो—",
"cnd6:9.1":	"“कोध सन्तुसितो लोके, ",
"cnd6:9.2":	"(इच्चायस्मा तिस्समेत्तेय्यो) ",
"cnd6:9.3":	"कस्स नो सन्ति इञ्जिता; ",
"cnd6:9.4":	"को उभन्तमभिञ्ञाय, ",
"cnd6:9.5":	"मज्झे मन्ता न लिप्पति; ",
"cnd6:9.6":	"कं ब्रूसि महापुरिसोति, ",
"cnd6:9.7":	"को इध सिब्बिनिमच्चगा”ति। ",
"cnd6:10.1":	"<ब्>कामेसु ब्रह्मचरियवा,</ब्> ",
"cnd6:10.2":	"(मेत्तेय्याति भगवा) ",
"cnd6:10.3":	"<ब्>वीततण्हो सदा सतो;</ब्> ",
"cnd6:10.4":	"<ब्>सङ्खाय निब्बुतो भिक्खु,</ब्> ",
"cnd6:10.5":	"<ब्>तस्स नो सन्ति इञ्जिता। </ब्> ",
"cnd6:11.1":	"<ब्>कामेसु ब्रह्मचरियवा</ब्>ति। ",
"cnd6:11.2":	"<ब्>कामा</ब्>ति उद्दानतो द्वे कामा—",
"cnd6:11.3":	"वत्थुकामा च किलेसकामा च …पे… ",
"cnd6:11.4":	"इमे वुच्चन्ति वत्थुकामा …पे… ",
"cnd6:11.5":	"इमे वुच्चन्ति किलेसकामा। ",
"cnd6:11.6":	"<ब्>ब्रह्मचरियं</ब्> वुच्चति असद्धम्मसमापत्तिया आरति विरति पटिविरति वेरमणी अकिरिया अकरणं अनज्झापत्ति वेलाअनतिक्कमो। ",
"cnd6:11.7":	"अपि च निप्परियायेन ब्रह्मचरियं वुच्चति अरियो अट्ठङ्गिको मग्गो, सेय्यथिदं—",
"cnd6:11.8":	"सम्मादिट्ठि, सम्मासङ्कप्पो, सम्मावाचा, सम्माकम्मन्तो, सम्माआजीवो, सम्मावायामो, सम्मासति, सम्मासमाधि। ",
"cnd6:11.9":	"यो इमिना अरियेन अट्ठङ्गिकेन मग्गेन उपेतो समुपेतो उपागतो समुपागतो उपपन्नो समुपपन्नो समन्नागतो, सो वुच्चति ब्रह्मचरियवा। ",
"cnd6:11.10":	"यथा च धनेन धनवाति वुच्चति, भोगेन भोगवाति वुच्चति, यसेन यसवाति वुच्चति, सिप्पेन सिप्पवाति वुच्चति, सीलेन सीलवाति वुच्चति, वीरियेन वीरियवाति वुच्चति, पञ्ञाय पञ्ञवाति वुच्चति, विज्जाय विज्जवाति वुच्चति—",
"cnd6:11.11":	"एवमेव यो इमिना अरियेन अट्ठङ्गिकेन मग्गेन उपेतो समुपेतो उपागतो समुपागतो उपपन्नो समुपपन्नो समन्नागतो, सो वुच्चति ब्रह्मचरियवाति—",
"cnd6:11.12":	"कामेसु ब्रह्मचरियवा। ",
"cnd6:12.1":	"<ब्>मेत्तेय्या</ब्>ति भगवा तं ब्राह्मणं गोत्तेन आलपति। ",
"cnd6:12.2":	"<ब्>भगवा</ब्>ति गारवाधिवचनमेतं …पे… सच्छिका पञ्ञत्ति, यदिदं भगवाति—",
"cnd6:12.3":	"मेत्तेय्याति भगवा। ",
"cnd6:13.1":	"<ब्>वीततण्हो सदा सतो</ब्>ति। ",
"cnd6:13.2":	"<ब्>तण्हा</ब्>ति रूपतण्हा …पे… धम्मतण्हा। ",
"cnd6:13.3":	"यस्सेसा तण्हा पहीना समुच्छिन्ना वूपसन्ता पटिपस्सद्धा अभब्बुप्पत्तिका ञाणग्गिना दड्ढा, सो वुच्चति वीततण्हो चत्ततण्हो वन्ततण्हो मुत्ततण्हो पहीनतण्हो पटिनिस्सट्ठतण्हो वीतरागो चत्तरागो वन्तरागो मुत्तरागो पहीनरागो पटिनिस्सट्ठरागो निच्छातो निब्बुतो सीतिभूतो सुखप्पटिसंवेदी ब्रह्मभूतेन अत्तना विहरति। ",
"cnd6:13.4":	"<ब्>सदा</ब्>ति सदा सब्बदा सब्बकालं निच्चकालं धुवकालं सततं समितं अब्बोकिण्णं पोङ्खानुपोङ्खं उदकूमिकजातं अवीचि सन्तति सहितं फस्सितं पुरेभत्तं पच्छाभत्तं पुरिमयामं मज्झिमयामं पच्छिमयामं काळे जुण्हे वस्से हेमन्ते गिम्हे पुरिमे वयोखन्धे मज्झिमे वयोखन्धे पच्छिमे वयोखन्धे। ",
"cnd6:13.5":	"<ब्>सतो</ब्>ति चतूहि कारणेहि सतो—",
"cnd6:13.6":	"काये कायानुपस्सनासतिपट्ठानं भावेन्तो सतो, ",
"cnd6:13.7":	"वेदनासु वेदनानुपस्सनासतिपट्ठानं भावेन्तो सतो, चित्ते चित्तानुपस्सनासतिपट्ठानं भावेन्तो सतो, धम्मेसु धम्मानुपस्सनासतिपट्ठानं भावेन्तो सतो …पे… ",
"cnd6:13.8":	"सो वुच्चति सतोति—",
"cnd6:13.9":	"वीततण्हो सदा सतो। ",
"cnd6:14.1":	"<ब्>सङ्खाय निब्बुतो भिक्खू</ब्>ति सङ्खा वुच्चति ञाणं। ",
"cnd6:14.2":	"या पञ्ञा पजानना विचयो पविचयो …पे… अमोहो धम्मविचयो सम्मादिट्ठि। ",
"cnd6:14.3":	"<ब्>सङ्खाया</ब्>ति सङ्खाय जानित्वा तुलयित्वा तीरयित्वा विभावयित्वा विभूतं कत्वा, “सब्बे सङ्खारा अनिच्चा”ति सङ्खाय जानित्वा तुलयित्वा तीरयित्वा विभावयित्वा विभूतं कत्वा, ",
"cnd6:14.4":	"“सब्बे सङ्खारा दुक्खा”ति … “सब्बे धम्मा अनत्ता”ति … “अविज्जापच्चया सङ्खारा”ति …पे… ",
"cnd6:14.5":	"“यं किञ्चि समुदयधम्मं सब्बं तं निरोधधम्मन्”ति सङ्खाय जानित्वा तुलयित्वा तीरयित्वा विभावयित्वा विभूतं कत्वा। ",
"cnd6:15.1":	"अथ वा अनिच्चतो सङ्खाय जानित्वा … दुक्खतो … रोगतो … गण्डतो … सल्लतो …पे… निस्सरणतो सङ्खाय जानित्वा तुलयित्वा तीरयित्वा विभावयित्वा विभूतं कत्वा। ",
"cnd6:15.2":	"<ब्>निब्बुतो</ब्>ति रागस्स निब्बापितत्ता निब्बुतो, दोसस्स निब्बापितत्ता निब्बुतो, मोहस्स निब्बापितत्ता निब्बुतो, कोधस्स … उपनाहस्स … मक्खस्स … पळासस्स … इस्साय … मच्छरियस्स … मायाय … साठेय्यस्स … थम्भस्स … सारम्भस्स … मानस्स … अतिमानस्स … मदस्स … पमादस्स … सब्बकिलेसानं … सब्बदुच्चरितानं … सब्बदरथानं … सब्बपरिळाहानं … सब्बसन्तापानं … सब्बाकुसलाभिसङ्खारानं निब्बापितत्ता निब्बुतो। ",
"cnd6:15.3":	"<ब्>भिक्खू</ब्>ति सत्तन्नं धम्मानं भिन्नत्ता भिक्खु …पे… वुसितवा खीणपुनब्भवो स भिक्खूति—",
"cnd6:15.4":	"सङ्खाय निब्बुतो भिक्खु। ",
"cnd6:16.1":	"<ब्>तस्स नो सन्ति इञ्जिता</ब्>ति। ",
"cnd6:16.2":	"<ब्>तस्सा</ब्>ति अरहतो खीणासवस्स। ",
"cnd6:16.3":	"<ब्>इञ्जिता</ब्>ति तण्हिञ्जितं दिट्ठिञ्जितं मानिञ्जितं किलेसिञ्जितं कामिञ्जितं। ",
"cnd6:16.4":	"तस्सिमे इञ्जिता नत्थि न सन्ति न संविज्जन्ति नुपलब्भन्ति पहीना समुच्छिन्ना वूपसन्ता पटिपस्सद्धा अभब्बुप्पत्तिका ञाणग्गिना दड्ढाति—",
"cnd6:16.5":	"तस्स नो सन्ति इञ्जिता। ",
"cnd6:16.6":	"तेनाह भगवा—",
"cnd6:17.1":	"“कामेसु ब्रह्मचरियवा, ",
"cnd6:17.2":	"(मेत्तेय्याति भगवा) ",
"cnd6:17.3":	"वीततण्हो सदा सतो; ",
"cnd6:17.4":	"सङ्खाय निब्बुतो भिक्खु, ",
"cnd6:17.5":	"तस्स नो सन्ति इञ्जिता”ति। ",
"cnd6:18.1":	"<ब्>सो उभन्तमभिञ्ञाय,</ब्> ",
"cnd6:18.2":	"<ब्>मज्झे मन्ता न लिप्पति;</ब्> ",
"cnd6:18.3":	"<ब्>तं ब्रूमि महापुरिसोति,</ब्> ",
"cnd6:18.4":	"<ब्>सो इध सिब्बिनिमच्चगा। </ब्> ",
"cnd6:19.1":	"<ब्>सो उभन्तमभिञ्ञाय, मज्झे मन्ता न लिप्पती</ब्>ति। ",
"cnd6:19.2":	"<ब्>अन्ता</ब्>ति फस्सो एको अन्तो, फस्ससमुदयो दुतियो अन्तो, फस्सनिरोधो मज्झे; ",
"cnd6:19.3":	"अतीतं एको अन्तो, अनागतं दुतियो अन्तो, पच्चुप्पन्नं मज्झे; ",
"cnd6:19.4":	"सुखा वेदना एको अन्तो, दुक्खा वेदना दुतियो अन्तो, अदुक्खमसुखा वेदना मज्झे; ",
"cnd6:19.5":	"नामं एको अन्तो, रूपं दुतियो अन्तो, विञ्ञाणं मज्झे; ",
"cnd6:19.6":	"छ अज्झत्तिकानि आयतनानि एको अन्तो, छ बाहिरानि आयतनानि दुतियो अन्तो, विञ्ञाणं मज्झे; ",
"cnd6:19.7":	"सक्कायो एको अन्तो, सक्कायसमुदयो दुतियो अन्तो, सक्कायनिरोधो मज्झे। ",
"cnd6:19.8":	"<ब्>मन्ता</ब्> वुच्चति पञ्ञा, या पञ्ञा पजानना …पे… अमोहो धम्मविचयो सम्मादिट्ठि। ",
"cnd6:20.1":	"<ब्>लेपा</ब्>ति द्वे लेपा—",
"cnd6:20.2":	"तण्हालेपो च दिट्ठिलेपो च। ",
"cnd6:20.3":	"कतमो तण्हालेपो? ",
"cnd6:20.4":	"यावता तण्हासङ्खातेन सीमकतं ओधिकतं परियन्तकतं परिग्गहितं ममायितं—",
"cnd6:20.5":	"“इदं मम, एतं मम, एत्तकं मम, एत्तावता मम रूपा सद्दा गन्धा रसा फोट्ठब्बा अत्थरणा पावुरणा दासिदासा अजेळका कुक्कुटसूकरा हत्थिगवास्सवळवा खेत्तं वत्थु हिरञ्ञं सुवण्णं गामनिगमराजधानियो रट्ठञ्च जनपदो च कोसो च कोट्ठागारञ्च”। ",
"cnd6:20.6":	"केवलम्पि महापथविं तण्हावसेन ममायति। ",
"cnd6:20.7":	"यावता अट्ठसततण्हाविचरितं—",
"cnd6:20.8":	"अयं तण्हालेपो। ",
"cnd6:21.1":	"कतमो दिट्ठिलेपो? ",
"cnd6:21.2":	"वीसतिवत्थुका सक्कायदिट्ठि, दसवत्थुका मिच्छादिट्ठि, दसवत्थुका अन्तग्गाहिका दिट्ठि, या एवरूपा दिट्ठि दिट्ठिगतं दिट्ठिगहनं दिट्ठिकन्तारो दिट्ठिविसूकायिकं दिट्ठिविप्फन्दितं दिट्ठिसंयोजनं गाहो पटिग्गाहो अभिनिवेसो परामासो कुम्मग्गो मिच्छापथो मिच्छत्तं तित्थायतनं विपरियेसग्गाहो विपरीतग्गाहो विपल्लासग्गाहो मिच्छागाहो अयाथावकस्मिं याथावकन्ति गाहो, यावता द्वासट्ठि दिट्ठिगतानि—",
"cnd6:21.3":	"अयं दिट्ठिलेपो। ",
"cnd6:22.1":	"<ब्>सो उभन्तमभिञ्ञाय, मज्झे मन्ता न लिप्पती</ब्>ति सो उभो च अन्ते मज्झञ्च मन्ताय अभिञ्ञाय जानित्वा तुलयित्वा तीरयित्वा विभावयित्वा विभूतं कत्वा न लिप्पति न पलिप्पति न उपलिप्पति, अलित्तो असंलित्तो अनुपलित्तो निक्खन्तो निस्सटो विप्पमुत्तो विसञ्ञुत्तो विमरियादिकतेन चेतसा विहरतीति—",
"cnd6:22.2":	"सो उभन्तमभिञ्ञाय मज्झे मन्ता न लिप्पति। ",
"cnd6:23.1":	"<ब्>तं ब्रूमि महापुरिसो</ब्>ति महापुरिसो अग्गपुरिसो सेट्ठपुरिसो विसेट्ठपुरिसो पामोक्खपुरिसो उत्तमपुरिसो पधानपुरिसो पवरपुरिसो, तं ब्रूमि तं कथेमि तं भणामि तं दीपेमि तं वोहरामि। ",
"cnd6:24.1":	"आयस्मा सारिपुत्तो भगवन्तं एतदवोच—",
"cnd6:24.2":	"“‘महापुरिसो महापुरिसो’ति, भन्ते, वुच्चति। ",
"cnd6:24.3":	"कित्तावता नु खो, भन्ते, महापुरिसो होती”ति? ",
"cnd6:24.4":	"“विमुत्तचित्तत्ता ख्वाहं, सारिपुत्त, महापुरिसोति वदामि, अविमुत्तचित्तत्ता नो महापुरिसोति वदामि। ",
"cnd6:25.1":	"कथञ्च, सारिपुत्त, विमुत्तचित्तो होति? ",
"cnd6:25.2":	"इध, सारिपुत्त, भिक्खु अज्झत्तं काये कायानुपस्सी विहरति आतापी सम्पजानो सतिमा विनेय्य लोके अभिज्झादोमनस्सं। ",
"cnd6:25.3":	"तस्स काये कायानुपस्सिनो विहरतो चित्तं विरज्जति विमुच्चति अनुपादाय आसवेहि। ",
"cnd6:25.4":	"वेदनासु …पे… ",
"cnd6:25.5":	"चित्ते … ",
"cnd6:25.6":	"धम्मेसु धम्मानुपस्सी विहरति आतापी सम्पजानो सतिमा विनेय्य लोके अभिज्झादोमनस्सं। ",
"cnd6:25.7":	"तस्स धम्मेसु धम्मानुपस्सिनो विहरतो चित्तं विरज्जति विमुच्चति अनुपादाय आसवेहि। ",
"cnd6:25.8":	"एवं खो, सारिपुत्त, भिक्खु विमुत्तचित्तो होति। ",
"cnd6:25.9":	"विमुत्तचित्तत्ता ख्वाहं, सारिपुत्त, महापुरिसोति वदामि, अविमुत्तचित्तत्ता नो महापुरिसोति वदामी”ति—",
"cnd6:25.10":	"तं ब्रूमि महापुरिसोति। ",
"cnd6:26.1":	"<ब्>सो इध सिब्बिनिमच्चगा</ब्>ति सिब्बिनी वुच्चति तण्हा। ",
"cnd6:26.2":	"यो रागो सारागो …पे… अभिज्झा लोभो अकुसलमूलं, यस्सेसा सिब्बिनी तण्हा पहीना समुच्छिन्ना वूपसन्ता पटिपस्सद्धा अभब्बुप्पत्तिका ञाणग्गिना दड्ढा। ",
"cnd6:26.3":	"सो सिब्बिनिं तण्हं अच्चगा उपच्चगा अतिक्कन्तो समतिक्कन्तो वीतिवत्तोति—",
"cnd6:26.4":	"सो इध सिब्बिनिमच्चगा। ",
"cnd6:26.5":	"तेनाह भगवा—",
"cnd6:27.1":	"“सो उभन्तमभिञ्ञाय, ",
"cnd6:27.2":	"मज्झे मन्ता न लिप्पति; ",
"cnd6:27.3":	"तं ब्रूमि महापुरिसोति, ",
"cnd6:27.4":	"सो इध सिब्बिनिमच्चगा”ति। ",
"cnd6:28.1":	"सह गाथापरियोसाना ये ते ब्राह्मणेन सद्धिं एकच्छन्दा एकपयोगा एकाधिप्पाया एकवासनवासिता, तेसं अनेकपाणसहस्सानं विरजं वीतमलं धम्मचक्खुं उदपादि—",
"cnd6:28.2":	"“यं किञ्चि समुदयधम्मं सब्बं तं निरोधधम्मन्”ति। ",
"cnd6:28.3":	"तस्स ब्राह्मणस्स अनुपादाय आसवेहि चित्तं विमुच्चि। ",
"cnd6:28.4":	"सह अरहत्तप्पत्ता अजिनजटावाकचीरतिदण्डकमण्डलुकेसा च मस्सू च अन्तरहिता। ",
"cnd6:28.5":	"भण्डुकासायवत्थवसनो सङ्घाटिपत्तचीवरधरो अन्वत्थपटिपत्तिया पञ्जलिको भगवन्तं नमस्समानो निसिन्नो होति—",
"cnd6:28.6":	"“सत्था मे भन्ते भगवा, सावकोहमस्मी”ति। ",
"cnd6:28.7":	"तिस्समेत्तेय्यमाणवपुच्छानिद्देसो दुतियो। "
}	
