{	
"cnd9:0.1":	"चूळनिद्देस ",
"cnd9:0.2":	"पारायनवग्गनिद्देस ",
"cnd9:0.3":	"पुच्छानिद्देस ",
"cnd9:0.4":	"५। धोतकमाणवपुच्छानिद्देस ",
"cnd9:1.1":	"<ब्>पुच्छामि तं भगवा ब्रूहि मेतं,</ब्> ",
"cnd9:1.2":	"(इच्चायस्मा धोतको) ",
"cnd9:1.3":	"<ब्>वाचाभिकङ्खामि महेसि तुय्हं;</ब्> ",
"cnd9:1.4":	"<ब्>तव सुत्वान निग्घोसं,</ब्> ",
"cnd9:1.5":	"<ब्>सिक्खे निब्बानमत्तनो। </ब्> ",
"cnd9:2.1":	"<ब्>पुच्छामि तं भगवा ब्रूहि मेतन्</ब्>ति। ",
"cnd9:2.2":	"<ब्>पुच्छामी</ब्>ति तिस्सो पुच्छा—",
"cnd9:2.3":	"अदिट्ठजोतना पुच्छा, दिट्ठसंसन्दना पुच्छा, विमतिच्छेदना पुच्छा …पे… ",
"cnd9:2.4":	"इमा तिस्सो पुच्छा …पे… ",
"cnd9:2.5":	"निब्बानपुच्छा। ",
"cnd9:2.6":	"<ब्>पुच्छामि तन्</ब्>ति पुच्छामि तं याचामि तं अज्झेसामि तं पसादेमि तं, कथयस्सु मेति—",
"cnd9:2.7":	"पुच्छामि तं। ",
"cnd9:2.8":	"<ब्>भगवा</ब्>ति गारवाधिवचनमेतं …पे… सच्छिका पञ्ञत्ति, यदिदं भगवाति। ",
"cnd9:2.9":	"<ब्>ब्रूहि मेतन्</ब्>ति ब्रूहि आचिक्खाहि देसेहि पञ्ञपेहि पट्ठपेहि विवराहि विभजाहि उत्तानीकरोहि पकासेहीति—",
"cnd9:2.10":	"पुच्छामि तं भगवा ब्रूहि मेतं। ",
"cnd9:3.1":	"<ब्>इच्चायस्मा धोतको</ब्>ति। ",
"cnd9:3.2":	"<ब्>इच्चा</ब्>ति पदसन्धि …पे… ",
"cnd9:3.3":	"<ब्>आयस्मा</ब्>ति पियवचनं गरुवचनं सगारवसप्पतिस्साधिवचनमेतं आयस्माति। ",
"cnd9:3.4":	"<ब्>धोतको</ब्>ति तस्स ब्राह्मणस्स नामं सङ्खा समञ्ञा पञ्ञत्ति वोहारो नामं नामकम्मं नामधेय्यं निरुत्ति ब्यञ्जनं अभिलापोति—",
"cnd9:3.5":	"इच्चायस्मा धोतको। ",
"cnd9:4.1":	"<ब्>वाचाभिकङ्खामि महेसि तुय्हन्</ब्>ति तुय्हं वचनं ब्यप्पथं देसनं अनुसासनं अनुसिट्ठं कङ्खामि अभिकङ्खामि इच्छामि सादियामि पत्थयामि पिहयामि अभिजप्पामि। ",
"cnd9:4.2":	"<ब्>महेसी</ब्>ति किं महेसि भगवा? ",
"cnd9:4.3":	"महन्तं सीलक्खन्धं एसी गवेसी परियेसीति महेसि …पे… ",
"cnd9:4.4":	"कहं नरासभोति महेसीति—",
"cnd9:4.5":	"वाचाभिकङ्खामि महेसि तुय्हं। ",
"cnd9:5.1":	"<ब्>तव सुत्वान निग्घोसन्</ब्>ति तुय्हं वचनं ब्यप्पथं देसनं अनुसासनं अनुसिट्ठं सुत्वा सुणित्वा उग्गहेत्वा उपधारयित्वा उपलक्खयित्वाति—",
"cnd9:5.2":	"तव सुत्वान निग्घोसं। ",
"cnd9:6.1":	"<ब्>सिक्खे निब्बानमत्तनो</ब्>ति। ",
"cnd9:6.2":	"<ब्>सिक्खा</ब्>ति तिस्सो सिक्खा—",
"cnd9:6.3":	"अधिसीलसिक्खा, अधिचित्तसिक्खा, अधिपञ्ञासिक्खा …पे… ",
"cnd9:6.4":	"अयं अधिपञ्ञासिक्खा। ",
"cnd9:6.5":	"<ब्>निब्बानमत्तनो</ब्>ति अत्तनो रागस्स निब्बापनाय, ",
"cnd9:6.6":	"दोसस्स निब्बापनाय, ",
"cnd9:6.7":	"मोहस्स निब्बापनाय, ",
"cnd9:6.8":	"कोधस्स निब्बापनाय, ",
"cnd9:6.9":	"उपनाहस्स निब्बापनाय …पे… ",
"cnd9:6.10":	"सब्बाकुसलाभिसङ्खारानं समाय उपसमाय वूपसमाय निब्बापनाय पटिनिस्सग्गाय पटिपस्सद्धिया अधिसीलम्पि सिक्खेय्य, अधिचित्तम्पि सिक्खेय्य, अधिपञ्ञम्पि सिक्खेय्य। ",
"cnd9:6.11":	"इमा तिस्सो सिक्खायो आवज्जन्तो सिक्खेय्य, ",
"cnd9:6.12":	"जानन्तो सिक्खेय्य, ",
"cnd9:6.13":	"पस्सन्तो सिक्खेय्य, ",
"cnd9:6.14":	"पच्चवेक्खन्तो सिक्खेय्य, ",
"cnd9:6.15":	"चित्तं पदहन्तो सिक्खेय्य, ",
"cnd9:6.16":	"सद्धाय अधिमुच्चन्तो सिक्खेय्य, ",
"cnd9:6.17":	"वीरियं पग्गण्हन्तो सिक्खेय्य, ",
"cnd9:6.18":	"सतिं उपट्ठपेन्तो सिक्खेय्य, ",
"cnd9:6.19":	"चित्तं समादहन्तो सिक्खेय्य, ",
"cnd9:6.20":	"पञ्ञाय पजानन्तो सिक्खेय्य, ",
"cnd9:6.21":	"अभिञ्ञेय्यं अभिजानन्तो सिक्खेय्य, ",
"cnd9:6.22":	"परिञ्ञेय्यं परिजानन्तो सिक्खेय्य, ",
"cnd9:6.23":	"पहातब्बं पजहन्तो सिक्खेय्य, ",
"cnd9:6.24":	"भावेतब्बं भावेन्तो सिक्खेय्य, ",
"cnd9:6.25":	"सच्छिकातब्बं सच्छिकरोन्तो सिक्खेय्य, ",
"cnd9:6.26":	"आचरेय्य समाचरेय्य समादाय वत्तेय्याति—",
"cnd9:6.27":	"सिक्खे निब्बानमत्तनो। ",
"cnd9:6.28":	"तेनाह सो ब्राह्मणो—",
"cnd9:7.1":	"“पुच्छामि तं भगवा ब्रूहि मेतं, ",
"cnd9:7.2":	"(इच्चायस्मा धोतको) ",
"cnd9:7.3":	"वाचाभिकङ्खामि महेसि तुय्हं; ",
"cnd9:7.4":	"तव सुत्वान निग्घोसं, ",
"cnd9:7.5":	"सिक्खे निब्बानमत्तनो”ति। ",
"cnd9:8.1":	"<ब्>तेनहातप्पं करोहि,</ब्> ",
"cnd9:8.2":	"(धोतकाति भगवा) ",
"cnd9:8.3":	"<ब्>इधेव निपको सतो;</ब्> ",
"cnd9:8.4":	"<ब्>इतो सुत्वान निग्घोसं,</ब्> ",
"cnd9:8.5":	"<ब्>सिक्खे निब्बानमत्तनो। </ब्> ",
"cnd9:9.1":	"<ब्>तेनहातप्पं करोही</ब्>ति आतप्पं करोहि, उस्साहं करोहि, उस्सोळ्हिं करोहि, थामं करोहि, धितिं करोहि, वीरियं करोहि, छन्दं जनेहि सञ्जनेहि उपट्ठपेहि समुट्ठपेहि निब्बत्तेहि अभिनिब्बत्तेहीति—",
"cnd9:9.2":	"तेनहातप्पं करोहि। ",
"cnd9:10.1":	"<ब्>धोतका</ब्>ति भगवा तं ब्राह्मणं नामेन आलपति। ",
"cnd9:10.2":	"<ब्>भगवा</ब्>ति गारवाधिवचनमेतं …पे… सच्छिका पञ्ञत्ति, यदिदं भगवाति—",
"cnd9:10.3":	"धोतकाति भगवा। ",
"cnd9:11.1":	"<ब्>इधेव निपको सतो</ब्>ति। ",
"cnd9:11.2":	"<ब्>इधा</ब्>ति इमिस्सा दिट्ठिया इमिस्सा खन्तिया इमिस्सा रुचिया इमस्मिं आदाये इमस्मिं धम्मे इमस्मिं विनये इमस्मिं धम्मविनये इमस्मिं पावचने इमस्मिं ब्रह्मचरिये इमस्मिं सत्थुसासने इमस्मिं अत्तभावे इमस्मिं मनुस्सलोके। ",
"cnd9:11.3":	"<ब्>निपको</ब्>ति निपको पण्डितो पञ्ञवा बुद्धिमा ञाणी विभावी मेधावी। ",
"cnd9:11.4":	"<ब्>सतो</ब्>ति चतूहि कारणेहि सतो—",
"cnd9:11.5":	"काये कायानुपस्सनासतिपट्ठानं भावेन्तो सतो …पे… ",
"cnd9:11.6":	"सो वुच्चति सतोति—",
"cnd9:11.7":	"इधेव निपको सतो। ",
"cnd9:12.1":	"<ब्>इतो सुत्वान निग्घोसन्</ब्>ति इतो मय्हं वचनं ब्यप्पथं देसनं अनुसासनं अनुसिट्ठं सुत्वा सुणित्वा उग्गण्हित्वा उपधारयित्वा उपलक्खयित्वाति—",
"cnd9:12.2":	"इतो सुत्वान निग्घोसं। ",
"cnd9:13.1":	"<ब्>सिक्खे निब्बानमत्तनो</ब्>ति। ",
"cnd9:13.2":	"<ब्>सिक्खा</ब्>ति तिस्सो सिक्खा—",
"cnd9:13.3":	"अधिसीलसिक्खा, अधिचित्तसिक्खा, अधिपञ्ञासिक्खा …पे… ",
"cnd9:13.4":	"अयं अधिपञ्ञासिक्खा। ",
"cnd9:13.5":	"<ब्>निब्बानमत्तनो</ब्>ति अत्तनो रागस्स निब्बापनाय, दोसस्स निब्बापनाय, मोहस्स निब्बापनाय, कोधस्स निब्बापनाय, उपनाहस्स निब्बापनाय …पे… ",
"cnd9:13.6":	"सब्बाकुसलाभिसङ्खारानं समाय उपसमाय वूपसमाय निब्बापनाय पटिनिस्सग्गाय पटिपस्सद्धिया अधिसीलम्पि सिक्खेय्य, अधिचित्तम्पि सिक्खेय्य, अधिपञ्ञम्पि सिक्खेय्य। ",
"cnd9:13.7":	"इमा तिस्सो सिक्खायो आवज्जन्तो सिक्खेय्य, जानन्तो सिक्खेय्य …पे… ",
"cnd9:13.8":	"सच्छिकातब्बं सच्छिकरोन्तो सिक्खेय्य, आचरेय्य समाचरेय्य समादाय वत्तेय्याति—",
"cnd9:13.9":	"सिक्खे निब्बानमत्तनो। ",
"cnd9:13.10":	"तेनाह भगवा—",
"cnd9:14.1":	"“तेनहातप्पं करोहि, ",
"cnd9:14.2":	"(धोतकाति भगवा) ",
"cnd9:14.3":	"इधेव निपको सतो; ",
"cnd9:14.4":	"इतो सुत्वान निग्घोसं, ",
"cnd9:14.5":	"सिक्खे निब्बानमत्तनो”ति। ",
"cnd9:15.1":	"<ब्>पस्सामहं देवमनुस्सलोके,</ब्> ",
"cnd9:15.2":	"<ब्>अकिञ्चनं ब्राह्मणमिरियमानं;</ब्> ",
"cnd9:15.3":	"<ब्>तं तं नमस्सामि समन्तचक्खु,</ब्> ",
"cnd9:15.4":	"<ब्>पमुञ्च मं सक्क कथङ्कथाहि। </ब्> ",
"cnd9:16.1":	"<ब्>पस्सामहं देवमनुस्सलोके</ब्>ति। ",
"cnd9:16.2":	"<ब्>देवा</ब्>ति तयो देवा—",
"cnd9:16.3":	"सम्मुतिदेवा, उपपत्तिदेवा, विसुद्धिदेवा। ",
"cnd9:16.4":	"कतमे सम्मुतिदेवा? ",
"cnd9:16.5":	"सम्मुतिदेवा वुच्चन्ति राजानो च राजकुमारा च देवियो च। ",
"cnd9:16.6":	"इमे वुच्चन्ति सम्मुतिदेवा। ",
"cnd9:16.7":	"कतमे उपपत्तिदेवा? ",
"cnd9:16.8":	"उपपत्तिदेवा वुच्चन्ति चातुमहाराजिका देवा तावतिंसा देवा यामा देवा तुसिता देवा निम्मानरती देवा परनिम्मितवसवत्ती देवा ब्रह्मकायिका देवा ये च देवा तदुत्तरि। ",
"cnd9:16.9":	"इमे वुच्चन्ति उपपत्तिदेवा। ",
"cnd9:16.10":	"कतमे विसुद्धिदेवा? ",
"cnd9:16.11":	"विसुद्धिदेवा वुच्चन्ति तथागतसावका अरहन्तो खीणासवा ये च पच्चेकबुद्धा। ",
"cnd9:16.12":	"इमे वुच्चन्ति विसुद्धिदेवा। ",
"cnd9:16.13":	"भगवा सम्मुतिदेवानञ्च उपपत्तिदेवानञ्च विसुद्धिदेवानञ्च देवो च अतिदेवो च देवातिदेवो च सीहसीहो नागनागो गणिगणी मुनिमुनी राजराजा। ",
"cnd9:16.14":	"<ब्>पस्सामहं देवमनुस्सलोके</ब्>ति मनुस्सलोके देवं पस्सामि अतिदेवं पस्सामि देवातिदेवं पस्सामि दक्खामि ओलोकेमि निज्झायामि उपपरिक्खामीति—",
"cnd9:16.15":	"पस्सामहं देवमनुस्सलोके। ",
"cnd9:17.1":	"<ब्>आकिञ्चनं ब्राह्मणमिरियमानन्</ब्>ति। ",
"cnd9:17.2":	"<ब्>अकिञ्चनन्</ब्>ति रागकिञ्चनं दोसकिञ्चनं मोहकिञ्चनं मानकिञ्चनं दिट्ठिकिञ्चनं किलेसकिञ्चनं दुच्चरितकिञ्चनं, ते किञ्चना बुद्धस्स भगवतो पहीना उच्छिन्नमूला तालावत्थुकता अनभावङ्कता आयतिं अनुप्पादधम्मा, तस्मा बुद्धो अकिञ्चनो। ",
"cnd9:17.3":	"<ब्>ब्राह्मणो</ब्>ति भगवा सत्तन्नं धम्मानं बाहितत्ता ब्राह्मणो—",
"cnd9:17.4":	"सक्कायदिट्ठि बाहिता होति, विचिकिच्छा बाहिता होति, सीलब्बतपरामासो बाहितो होति, रागो बाहितो होति, दोसो बाहितो होति, मोहो बाहितो होति, मानो बाहितो होति, बाहितास्स होन्ति पापका अकुसला धम्मा सङ्किलेसिका पोनोभविका सदरा दुक्खविपाका आयतिं जातिजरामरणिया। ",
"cnd9:18.1":	"बाहित्वा सब्बपापकानि, ",
"cnd9:18.2":	"(सभियाति भगवा) ",
"cnd9:18.3":	"विमलो साधुसमाहितो ठितत्तो; ",
"cnd9:18.4":	"संसारमतिच्च केवली सो, ",
"cnd9:18.5":	"असितो तादि पवुच्चते स ब्रह्माति। ",
"cnd9:19.1":	"<ब्>इरियमानन्</ब्>ति चरन्तं विहरन्तं इरियन्तं वत्तेन्तं पालेन्तं यपेन्तं यापेन्तन्ति—",
"cnd9:19.2":	"अकिञ्चनं ब्राह्मणमिरियमानं। ",
"cnd9:20.1":	"<ब्>तं तं नमस्सामि समन्तचक्खू</ब्>ति। ",
"cnd9:20.2":	"<ब्>तन्</ब्>ति भगवन्तं भणति। ",
"cnd9:20.3":	"<ब्>नमस्सामी</ब्>ति कायेन वा नमस्सामि, वाचाय वा नमस्सामि, चित्तेन वा नमस्सामि, अन्वत्थपटिपत्तिया वा नमस्सामि, धम्मानुधम्मपटिपत्तिया वा नमस्सामि सक्करोमि गरुं करोमि मानेमि पूजेमि। ",
"cnd9:20.4":	"<ब्>समन्तचक्खू</ब्>ति समन्तचक्खु वुच्चति सब्बञ्ञुतञाणं। ",
"cnd9:20.5":	"भगवा सब्बञ्ञुतञाणेन उपेतो समुपेतो उपागतो समुपागतो उपपन्नो समुपपन्नो समन्नागतो। ",
"cnd9:21.1":	"“न तस्स अद्दिट्ठमिधत्थि किञ्चि, ",
"cnd9:21.2":	"अथो अविञ्ञातमजानितब्बं; ",
"cnd9:21.3":	"सब्बं अभिञ्ञासि यदत्थि नेय्यं, ",
"cnd9:21.4":	"तथागतो तेन समन्तचक्खू”ति। ",
"cnd9:22.1":	"तं तं नमस्सामि समन्तचक्खु। ",
"cnd9:23.1":	"<ब्>पमुञ्च मं सक्क कथङ्कथाही</ब्>ति। ",
"cnd9:23.2":	"<ब्>सक्का</ब्>ति सक्को भगवा सक्यकुला पब्बजितोतिपि सक्को। ",
"cnd9:23.3":	"अथ वा अड्ढो महद्धनो धनवातिपि सक्को। ",
"cnd9:23.4":	"तस्सिमानि धनानि, सेय्यथिदं—",
"cnd9:23.5":	"सद्धाधनं सीलधनं हिरिधनं ओत्तप्पधनं सुतधनं चागधनं पञ्ञाधनं सतिपट्ठानधनं सम्मप्पधानधनं इद्धिपादधनं इन्द्रियधनं बलधनं बोज्झङ्गधनं मग्गधनं फलधनं निब्बानधनं। ",
"cnd9:23.6":	"इमेहि अनेकविधेहि धनरतनेहि अड्ढो महद्धनो धनवातिपि सक्को। ",
"cnd9:23.7":	"अथ वा सक्को पहु विसवी अलमत्तो सूरो वीरो विक्कन्तो अभीरू अच्छम्भी अनुत्रासी अपलायी पहीनभयभेरवो विगतलोमहंसोतिपि सक्को। ",
"cnd9:23.8":	"कथङ्कथा वुच्चति विचिकिच्छा। ",
"cnd9:23.9":	"दुक्खे कङ्खा, दुक्खसमुदये कङ्खा, दुक्खनिरोधे कङ्खा, दुक्खनिरोधगामिनिया पटिपदाय कङ्खा, पुब्बन्ते कङ्खा, अपरन्ते कङ्खा, पुब्बन्तापरन्ते कङ्खा, इदप्पच्चयतापटिच्चसमुप्पन्नेसु धम्मेसु कङ्खा। ",
"cnd9:23.10":	"या एवरूपा कङ्खा कङ्खायना कङ्खायितत्तं विमति विचिकिच्छा द्वेळ्हकं द्वेधापथो संसयो अनेकंसग्गाहो आसप्पना परिसप्पना अपरियोगाहना छम्भितत्तं चित्तस्स मनोविलेखो। ",
"cnd9:23.11":	"<ब्>पमुञ्च मं सक्क कथङ्कथाही</ब्>ति मुञ्च मं पमुञ्च मं मोचेहि मं पमोचेहि मं उद्धर मं समुद्धर मं वुट्ठापेहि मं कथङ्कथासल्लतोति—",
"cnd9:23.12":	"पमुञ्च मं सक्क कथङ्कथाहि। ",
"cnd9:23.13":	"तेनाह सो ब्राह्मणो—",
"cnd9:24.1":	"“पस्सामहं देवमनुस्सलोके, ",
"cnd9:24.2":	"अकिञ्चनं ब्राह्मणमिरियमानं; ",
"cnd9:24.3":	"तं तं नमस्सामि समन्तचक्खु, ",
"cnd9:24.4":	"पमुञ्च मं सक्क कथङ्कथाही”ति। ",
"cnd9:25.1":	"<ब्>नाहं सहिस्सामि पमोचनाय,</ब्> ",
"cnd9:25.2":	"<ब्>कथङ्कथिं धोतक कञ्चि लोके;</ब्> ",
"cnd9:25.3":	"<ब्>धम्मञ्च सेट्ठं अभिजानमानो,</ब्> ",
"cnd9:25.4":	"<ब्>एवं तुवं ओघमिमं तरेसि। </ब्> ",
"cnd9:26.1":	"<ब्>नाहं सहिस्सामि पमोचनाया</ब्>ति नाहं तं सक्कोमि मुञ्चितुं पमुञ्चितुं मोचेतुं पमोचेतुं उद्धरितुं समुद्धरितुं उट्ठापेतुं समुट्ठापेतुं कथङ्कथासल्लतोति। ",
"cnd9:26.2":	"एवम्पि नाहं सहिस्सामि पमोचनाय। ",
"cnd9:26.3":	"अथ वा न ईहामि न समीहामि न उस्सहामि न वायमामि न उस्साहं करोमि न उस्सोळ्हिं करोमि न थामं करोमि न धितिं करोमि न वीरियं करोमि न छन्दं जनेमि न सञ्जनेमि न निब्बत्तेमि न अभिनिब्बत्तेमि अस्सद्धे पुग्गले अच्छन्दिके कुसीते हीनवीरिये अप्पटिपज्जमाने धम्मदेसनायाति। ",
"cnd9:26.4":	"एवम्पि नाहं सहिस्सामि पमोचनाय। ",
"cnd9:26.5":	"अथ वा नत्थञ्ञो कोचि मोचेता। ",
"cnd9:26.6":	"ते यदि मोचेय्युं सकेन थामेन सकेन बलेन सकेन वीरियेन सकेन परक्कमेन सकेन पुरिसथामेन सकेन पुरिसबलेन सकेन पुरिसवीरियेन सकेन पुरिसपरक्कमेन अत्तना सम्मापटिपदं अनुलोमपटिपदं अपच्चनीकपटिपदं अन्वत्थपटिपदं धम्मानुधम्मपटिपदं पटिपज्जमाना मोचेय्युन्ति। ",
"cnd9:26.7":	"एवम्पि नाहं सहिस्सामि पमोचनाय। ",
"cnd9:27.1":	"वुत्तञ्हेतं भगवता—",
"cnd9:27.2":	"“सो वत, चुन्द, अत्तना पलिपपलिपन्नो परं पलिपपलिपन्नं उद्धरिस्सतीति नेतं ठानं विज्जति। ",
"cnd9:27.3":	"सो वत, चुन्द, अत्तना अदन्तो अविनीतो अपरिनिब्बुतो परं दमेस्सति विनेस्सति परिनिब्बापेस्सतीति नेतं ठानं विज्जती”ति। ",
"cnd9:27.4":	"एवम्पि नाहं सहिस्सामि पमोचनाय। ",
"cnd9:28.1":	"वुत्तञ्हेतं भगवता—",
"cnd9:29.1":	"“अत्तना हि कतं पापं, ",
"cnd9:29.2":	"अत्तना सङ्किलिस्सति; ",
"cnd9:29.3":	"अत्तना अकतं पापं, ",
"cnd9:29.4":	"अत्तनाव विसुज्झति; ",
"cnd9:29.5":	"सुद्धि असुद्धि पच्चत्तं, ",
"cnd9:29.6":	"नाञ्ञो अञ्ञं विसोधये”ति। ",
"cnd9:30.1":	"एवम्पि नाहं सहिस्सामि पमोचनाय। ",
"cnd9:31.1":	"वुत्तञ्हेतं भगवता—",
"cnd9:31.2":	"“एवमेव खो, ब्राह्मण, तिट्ठतेव निब्बानं तिट्ठति निब्बानगामी मग्गो तिट्ठामहं समादपेता, अथ च पन मम सावका मया एवं ओवदियमाना एवं अनुसासियमाना अप्पेकच्चे अच्चन्तनिट्ठं निब्बानं आराधेन्ति एकच्चे नाराधेन्तीति। ",
"cnd9:31.3":	"एत्थ क्याहं, ब्राह्मण करोमि? ",
"cnd9:31.4":	"मग्गक्खायी, ब्राह्मण, तथागतो। ",
"cnd9:31.5":	"मग्गं बुद्धो आचिक्खति। ",
"cnd9:31.6":	"अत्तना पटिपज्जमाना मुच्चेय्युन्ति। ",
"cnd9:31.7":	"एवम्पि नाहं सहिस्सामि पमोचनाय। ",
"cnd9:32.1":	"<ब्>कथङ्कथिं धोतक कञ्चि लोके</ब्>ति कथङ्कथिं पुग्गलं सकङ्खं सखिलं सद्वेळ्हकं सविचिकिच्छं। ",
"cnd9:32.2":	"<ब्>कञ्ची</ब्>ति कञ्चि खत्तियं वा ब्राह्मणं वा वेस्सं वा सुद्दं वा गहट्ठं वा पब्बजितं वा देवं वा मनुस्सं वा। ",
"cnd9:32.3":	"<ब्>लोके</ब्>ति अपायलोके …पे… आयतनलोकेति—",
"cnd9:32.4":	"कथङ्कथिं धोतक कञ्चि लोके। ",
"cnd9:33.1":	"<ब्>धम्मञ्च सेट्ठं अभिजानमानो</ब्>ति धम्मं सेट्ठं वुच्चति अमतं निब्बानं। ",
"cnd9:33.2":	"यो सो सब्बसङ्खारसमथो सब्बूपधिपटिनिस्सग्गो तण्हक्खयो विरागो निरोधो निब्बानं। ",
"cnd9:33.3":	"<ब्>सेट्ठन्</ब्>ति अग्गं सेट्ठं विसेट्ठं पामोक्खं उत्तमं पवरं धम्मं आजानमानो विजानमानो पटिविजानमानो पटिविज्झमानोति—",
"cnd9:33.4":	"धम्मञ्च सेट्ठं अभिजानमानो। ",
"cnd9:34.1":	"<ब्>एवं तुवं ओघमिमं तरेसी</ब्>ति एवं कामोघं भवोघं दिट्ठोघं अविज्जोघं तरेय्यासि उत्तरेय्यासि पतरेय्यासि समतिक्कमेय्यासि वीतिवत्तेय्यासीति—",
"cnd9:34.2":	"एवं तुवं ओघमिमं तरेसि। ",
"cnd9:34.3":	"तेनाह भगवा—",
"cnd9:35.1":	"“नाहं सहिस्सामि पमोचनाय, ",
"cnd9:35.2":	"कथङ्कथिं धोतक कञ्चि लोके; ",
"cnd9:35.3":	"धम्मञ्च सेट्ठं अभिजानमानो, ",
"cnd9:35.4":	"एवं तुवं ओघमिमं तरेसी”ति। ",
"cnd9:36.1":	"<ब्>अनुसास ब्रह्मे करुणायमानो,</ब्> ",
"cnd9:36.2":	"<ब्>विवेकधम्मं यमहं विजञ्ञं;</ब्> ",
"cnd9:36.3":	"<ब्>यथाहं आकासोव अब्यापज्जमानो</ब्>, ",
"cnd9:36.4":	"<ब्>इधेव सन्तो असितो चरेय्यं। </ब्> ",
"cnd9:37.1":	"<ब्>अनुसास ब्रह्मे करुणायमानो</ब्>ति अनुसास ब्रह्मे अनुग्गण्ह ब्रह्मे अनुकम्प ब्रह्मेति—",
"cnd9:37.2":	"अनुसास ब्रह्मे। ",
"cnd9:37.3":	"<ब्>करुणायमानो</ब्>ति करुणायमानो अनुदयमानो अनुरक्खमानो अनुग्गण्हमानो अनुकम्पमानोति—",
"cnd9:37.4":	"अनुसास ब्रह्मे करुणायमानो। ",
"cnd9:38.1":	"<ब्>विवेकधम्मं यमहं विजञ्ञन्</ब्>ति विवेकधम्मं वुच्चति अमतं निब्बानं। ",
"cnd9:38.2":	"यो सो सब्बसङ्खारसमथो सब्बूपधिपटिनिस्सग्गो तण्हक्खयो विरागो निरोधो निब्बानं। ",
"cnd9:38.3":	"<ब्>यमहं विजञ्ञन्</ब्>ति यमहं जानेय्यं आजानेय्यं विजानेय्यं पटिविजानेय्यं पटिविज्झेय्यं अधिगच्छेय्यं फस्सेय्यं सच्छिकरेय्यन्ति—",
"cnd9:38.4":	"विवेकधम्मं यमहं विजञ्ञं। ",
"cnd9:39.1":	"<ब्>यथाहं आकासोव अब्यापज्जमानो</ब्>ति यथा आकासो न पज्जति न गण्हति न बज्झति न पलिबज्झति, एवं अपज्जमानो अगण्हमानो अबज्झमानो अपलिबज्झमानोति—",
"cnd9:39.2":	"एवम्पि आकासोव अब्यापज्जमानो। ",
"cnd9:39.3":	"यथा आकासो न रज्जति लाखाय वा हलिद्दिया वा नीलिया वा मञ्जेट्ठाय वा एवं अरज्जमानो अदुस्समानो अमुय्हमानो अकिलिस्समानोति—",
"cnd9:39.4":	"एवम्पि आकासोव अब्यापज्जमानो। ",
"cnd9:39.5":	"यथा आकासो न कुप्पति न ब्यापज्जति न पतिलीयति न पटिहञ्ञति, एवं अकुप्पमानो अब्यापज्जमानो अप्पतिलीयमानो अप्पटिहञ्ञमानो अप्पटिहतमानोति—",
"cnd9:39.6":	"एवम्पि आकासोव अब्यापज्जमानो। ",
"cnd9:40.1":	"<ब्>इधेव सन्तो असितो चरेय्यन्</ब्>ति। ",
"cnd9:40.2":	"<ब्>इधेव सन्तो</ब्>ति इधेव सन्तो समानो इधेव निसिन्नो समानो इमस्मिंयेव आसने निसिन्नो समानो इमिस्सायेव परिसाय निसिन्नो समानोति, एवम्पि—",
"cnd9:40.3":	"इधेव सन्तो। ",
"cnd9:40.4":	"अथ वा इधेव सन्तो उपसन्तो वूपसन्तो निब्बुतो पटिप्पस्सद्धोति, एवम्पि—",
"cnd9:40.5":	"इधेव सन्तो। ",
"cnd9:40.6":	"<ब्>असितो</ब्>ति द्वे निस्सया—",
"cnd9:40.7":	"तण्हानिस्सयो च दिट्ठिनिस्सयो च …पे… ",
"cnd9:40.8":	"अयं तण्हानिस्सयो …पे… ",
"cnd9:40.9":	"अयं दिट्ठिनिस्सयो … तण्हानिस्सयं पहाय दिट्ठिनिस्सयं पटिनिस्सज्जित्वा चक्खुं अनिस्सितो, सोतं अनिस्सितो, घानं अनिस्सितो, जिव्हं अनिस्सितो, कायं अनिस्सितो, मनं अनिस्सितो, रूपे … ",
"cnd9:40.10":	"सद्दे … गन्धे … रसे … फोट्ठब्बे … धम्मे … कुलं … गणं … आवासं … लाभं … यसं … पसंसं … सुखं … चीवरं … पिण्डपातं … सेनासनं … गिलानपच्चयभेसज्जपरिक्खारं … कामधातुं … रूपधातुं … अरूपधातुं … कामभवं … रूपभवं … अरूपभवं … सञ्ञाभवं … असञ्ञाभवं … नेवसञ्ञानासञ्ञाभवं … एकवोकारभवं … चतुवोकारभवं … पञ्चवोकारभवं … अतीतं … अनागतं … पच्चुप्पन्नं … दिट्ठसुतमुतविञ्ञातब्बे धम्मे असितो अनिस्सितो अनल्लीनो अनुपगतो अनज्झोसितो अनधिमुत्तो निक्खन्तो निस्सटो विप्पमुत्तो विसंयुत्तो विमरियादिकतेन चेतसा। ",
"cnd9:40.11":	"<ब्>चरेय्यन्</ब्>ति चरेय्यं विहरेय्यं इरियेय्यं वत्तेय्यं पालेय्यं यपेय्यं यापेय्यन्ति—",
"cnd9:40.12":	"इधेव सन्तो असितो चरेय्यं। ",
"cnd9:40.13":	"तेनाह सो ब्राह्मणो—",
"cnd9:41.1":	"“अनुसास ब्रह्मे करुणायमानो, ",
"cnd9:41.2":	"विवेकधम्मं यमहं विजञ्ञं; ",
"cnd9:41.3":	"यथाहं आकासोव अब्यापज्जमानो, ",
"cnd9:41.4":	"इधेव सन्तो असितो चरेय्यन्”ति। ",
"cnd9:42.1":	"<ब्>कित्तयिस्सामि ते सन्तिं,</ब्> ",
"cnd9:42.2":	"(धोतकाति भगवा) ",
"cnd9:42.3":	"<ब्>दिट्ठे धम्मे अनीतिहं;</ब्> ",
"cnd9:42.4":	"<ब्>यं विदित्वा सतो चरं,</ब्> ",
"cnd9:42.5":	"<ब्>तरे लोके विसत्तिकं। </ब्> ",
"cnd9:43.1":	"<ब्>कित्तयिस्सामि ते सन्तिन्</ब्>ति रागस्स सन्तिं, दोसस्स सन्तिं, मोहस्स सन्तिं, कोधस्स सन्तिं, उपनाहस्स …पे… ",
"cnd9:43.2":	"मक्खस्स … पळासस्स … इस्साय … मच्छरियस्स … मायाय … साठेय्यस्स … थम्भस्स … सारम्भस्स … मानस्स … अतिमानस्स … मदस्स … पमादस्स … सब्बकिलेसानं … सब्बदुच्चरितानं … सब्बदरथानं … सब्बपरिळाहानं … सब्बसन्तापानं … सब्बाकुसलाभिसङ्खारानं सन्तिं उपसन्तिं वूपसन्तिं निब्बुतिं पटिप्पस्सद्धिं कित्तयिस्सामि पकित्तयिस्सामि आचिक्खिस्सामि देसेस्सामि पञ्ञपेस्सामि पट्ठपेस्सामि विवरिस्सामि विभजिस्सामि उत्तानीकरिस्सामि पकासिस्सामीति—",
"cnd9:43.3":	"कित्तयिस्सामि ते सन्तिं। ",
"cnd9:44.1":	"<ब्>धोतकाति भगवा</ब्>ति। ",
"cnd9:44.2":	"<ब्>धोतका</ब्>ति भगवा तं ब्राह्मणं नामेन आलपति। ",
"cnd9:44.3":	"<ब्>भगवा</ब्>ति गारवाधिवचनमेतं …पे… सच्छिका पञ्ञत्ति, यदिदं भगवाति—",
"cnd9:44.4":	"धोतकाति भगवा। ",
"cnd9:45.1":	"<ब्>दिट्ठे धम्मे अनीतिहन्</ब्>ति। ",
"cnd9:45.2":	"<ब्>दिट्ठे धम्मे</ब्>ति दिट्ठे धम्मे ञाते धम्मे तुलिते धम्मे तीरिते धम्मे विभूते धम्मे विभाविते धम्मे सब्बे सङ्खारा अनिच्चाति …पे… ",
"cnd9:45.3":	"यं किञ्चि समुदयधम्मं सब्बं तं निरोधधम्मन्ति दिट्ठे धम्मे ञाते धम्मे तुलिते धम्मे तीरिते धम्मे विभाविते धम्मे विभूते धम्मेति, एवम्पि—",
"cnd9:45.4":	"दिट्ठे धम्मे …पे…। ",
"cnd9:45.5":	"अथ वा दुक्खे दिट्ठे दुक्खं कथयिस्सामि, समुदये दिट्ठे समुदयं कथयिस्सामि, मग्गे दिट्ठे मग्गं कथयिस्सामि, निरोधे दिट्ठे निरोधं कथयिस्सामीति, एवम्पि—",
"cnd9:45.6":	"दिट्ठे धम्मे …पे…। ",
"cnd9:45.7":	"अथ वा सन्दिट्ठिकं अकालिकं एहिपस्सिकं ओपनेय्यिकं पच्चत्तं वेदितब्बं विञ्ञूहीति, एवम्पि—",
"cnd9:45.8":	"दिट्ठे धम्मे। ",
"cnd9:45.9":	"<ब्>अनीतिहन्</ब्>ति न इतिहीतिहं न इतिकिराय न परम्पराय न पिटकसम्पदाय न तक्कहेतु न नयहेतु न आकारपरिवितक्केन न दिट्ठिनिज्झानक्खन्तिया सामं सयमभिञ्ञातं अत्तपच्चक्खधम्मं, तं कथयिस्सामीति—",
"cnd9:45.10":	"दिट्ठे धम्मे अनीतिहं। ",
"cnd9:46.1":	"<ब्>यं विदित्वा सतो चरन्</ब्>ति यं विदितं कत्वा तुलयित्वा तीरयित्वा विभावयित्वा विभूतं कत्वा; ",
"cnd9:46.2":	"“सब्बे सङ्खारा अनिच्चा”ति विदितं कत्वा तुलयित्वा तीरयित्वा विभावयित्वा विभूतं कत्वा; ",
"cnd9:46.3":	"“सब्बे सङ्खारा दुक्खा”ति …पे… ",
"cnd9:46.4":	"“सब्बे धम्मा अनत्ता”ति …पे… ",
"cnd9:46.5":	"“यं किञ्चि समुदयधम्मं सब्बं तं निरोधधम्मन्”ति विदितं कत्वा तुलयित्वा तीरयित्वा विभावयित्वा विभूतं कत्वा। ",
"cnd9:46.6":	"<ब्>सतो</ब्>ति चतूहि कारणेहि सतो—",
"cnd9:46.7":	"काये कायानुपस्सनासतिपट्ठानं भावेन्तो सतो …पे… ",
"cnd9:46.8":	"सो वुच्चति सतो। ",
"cnd9:46.9":	"<ब्>चरन्</ब्>ति चरन्तो विहरन्तो इरियन्तो वत्तेन्तो पालेन्तो यपेन्तो यापेन्तोति—",
"cnd9:46.10":	"यं विदित्वा सतो चरं। ",
"cnd9:47.1":	"<ब्>तरे लोके विसत्तिकन्</ब्>ति विसत्तिका वुच्चति तण्हा। ",
"cnd9:47.2":	"यो रागो सारागो …पे… अभिज्झा लोभो अकुसलमूलं। ",
"cnd9:47.3":	"<ब्>विसत्तिका</ब्>ति केनट्ठेन विसत्तिका …पे… विसटा वित्थताति विसत्तिका। ",
"cnd9:47.4":	"<ब्>लोके</ब्>ति अपायलोके …पे… आयतनलोके। ",
"cnd9:47.5":	"<ब्>तरे लोके विसत्तिकन्</ब्>ति लोके वेसा विसत्तिका, लोके वेतं विसत्तिकं सतो तरेय्य उत्तरेय्य पतरेय्य समतिक्कमेय्य वीतिवत्तेय्याति—",
"cnd9:47.6":	"तरे लोके विसत्तिकं। ",
"cnd9:47.7":	"तेनाह भगवा—",
"cnd9:48.1":	"“कित्तयिस्सामि ते सन्तिं, ",
"cnd9:48.2":	"(धोतकाति भगवा) ",
"cnd9:48.3":	"दिट्ठे धम्मे अनीतिहं; ",
"cnd9:48.4":	"यं विदित्वा सतो चरं, ",
"cnd9:48.5":	"तरे लोके विसत्तिकन्”ति। ",
"cnd9:49.1":	"<ब्>तञ्चाहं अभिनन्दामि,</ब्> ",
"cnd9:49.2":	"<ब्>महेसि सन्तिमुत्तमं;</ब्> ",
"cnd9:49.3":	"<ब्>यं विदित्वा सतो चरं,</ब्> ",
"cnd9:49.4":	"<ब्>तरे लोके विसत्तिकं। </ब्> ",
"cnd9:50.1":	"<ब्>तञ्चाहं अभिनन्दामी</ब्>ति। ",
"cnd9:50.2":	"<ब्>तन्</ब्>ति तुय्हं वचनं ब्यप्पथं देसनं अनुसासनं अनुसिट्ठं नन्दामि अभिनन्दामि मोदामि अनुमोदामि इच्छामि सादियामि पत्थयामि पिहयामि अभिजप्पामीति—",
"cnd9:50.3":	"तञ्चाहं अभिनन्दामि। ",
"cnd9:51.1":	"<ब्>महेसिसन्तिमुत्तमन्</ब्>ति। ",
"cnd9:51.2":	"<ब्>महेसी</ब्>ति किं महेसि भगवा? ",
"cnd9:51.3":	"महन्तं सीलक्खन्धं एसी गवेसी परियेसीति महेसि, महन्तं समाधिक्खन्धं …पे… ",
"cnd9:51.4":	"कहं नरासभोति महेसि। ",
"cnd9:51.5":	"<ब्>सन्तिमुत्तमन्</ब्>ति सन्ति वुच्चति अमतं निब्बानं। ",
"cnd9:51.6":	"यो सो सब्बसङ्खारसमथो सब्बूपधिपटिनिस्सग्गो तण्हक्खयो विरागो निरोधो निब्बानं। ",
"cnd9:51.7":	"<ब्>उत्तमन्</ब्>ति अग्गं सेट्ठं विसेट्ठं पामोक्खं उत्तमं पवरन्ति—",
"cnd9:51.8":	"महेसि सन्तिमुत्तमं। ",
"cnd9:52.1":	"<ब्>यं विदित्वा सतो चरन्</ब्>ति यं विदितं कत्वा …पे… ",
"cnd9:52.2":	"“सब्बे सङ्खारा अनिच्चा”ति विदितं कत्वा तुलयित्वा तीरयित्वा विभावयित्वा विभूतं कत्वा; ",
"cnd9:52.3":	"“सब्बे सङ्खारा दुक्खा”ति … “सब्बे धम्मा अनत्ता”ति …पे… ",
"cnd9:52.4":	"“यं किञ्चि समुदयधम्मं सब्बं तं निरोधधम्मन्”ति विदितं कत्वा तुलयित्वा तीरयित्वा विभावयित्वा विभूतं कत्वा। ",
"cnd9:52.5":	"<ब्>सतो</ब्>ति चतूहि कारणेहि सतो—",
"cnd9:52.6":	"काये कायानुपस्सनासतिपट्ठानं भावेन्तो सतो …पे… ",
"cnd9:52.7":	"सो वुच्चति सतो। ",
"cnd9:52.8":	"<ब्>चरन्</ब्>ति चरन्तो …पे… ",
"cnd9:52.9":	"यापेन्तोति—",
"cnd9:52.10":	"यं विदित्वा सतो चरं। ",
"cnd9:53.1":	"<ब्>तरे लोके विसत्तिकन्</ब्>ति। ",
"cnd9:53.2":	"विसत्तिका वुच्चति तण्हा। ",
"cnd9:53.3":	"यो रागो सारागो …पे… अभिज्झा लोभो अकुसलमूलं। ",
"cnd9:53.4":	"<ब्>विसत्तिका</ब्>ति केनट्ठेन विसत्तिका …पे… विसटा वित्थताति विसत्तिका। ",
"cnd9:53.5":	"<ब्>लोके</ब्>ति अपायलोके …पे… आयतनलोके। ",
"cnd9:53.6":	"<ब्>तरे लोके विसत्तिकन्</ब्>ति लोके वेसा विसत्तिका, लोके वेतं विसत्तिकं सतो तरेय्यं उत्तरेय्यं …पे… ",
"cnd9:53.7":	"वीतिवत्तेय्यन्ति—",
"cnd9:53.8":	"तरे लोके विसत्तिकं। ",
"cnd9:53.9":	"तेनाह सो ब्राह्मणो—",
"cnd9:54.1":	"“तञ्चाहं अभिनन्दामि, ",
"cnd9:54.2":	"महेसि सन्तिमुत्तमं; ",
"cnd9:54.3":	"यं विदित्वा सतो चरं, ",
"cnd9:54.4":	"तरे लोके विसत्तिकन्”ति। ",
"cnd9:55.1":	"<ब्>यं किञ्चि सम्पजानासि,</ब्> ",
"cnd9:55.2":	"(धोतकाति भगवा) ",
"cnd9:55.3":	"<ब्>उद्धं अधो तिरियञ्चापि मज्झे;</ब्> ",
"cnd9:55.4":	"<ब्>एतं विदित्वा सङ्गोति लोके,</ब्> ",
"cnd9:55.5":	"<ब्>भवाभवाय माकासि तण्हं। </ब्> ",
"cnd9:56.1":	"<ब्>यं किञ्चि सम्पजानासी</ब्>ति यं किञ्चि सम्पजानासि आजानासि पटिविजानासि पटिविज्झसीति—",
"cnd9:56.2":	"यं किञ्चि सम्पजानासि। ",
"cnd9:56.3":	"<ब्>धोतकाति भगवा</ब्>ति। ",
"cnd9:56.4":	"<ब्>धोतका</ब्>ति भगवा तं ब्राह्मणं नामेन आलपति। ",
"cnd9:56.5":	"<ब्>भगवा</ब्>ति गारवाधिवचनमेतं …पे… सच्छिका पञ्ञत्ति, यदिदं भगवाति—",
"cnd9:56.6":	"धोतकाति भगवा। ",
"cnd9:57.1":	"<ब्>उद्धं अधो तिरियञ्चापि मज्झे</ब्>ति। ",
"cnd9:57.2":	"<ब्>उद्धन्</ब्>ति अनागतं; ",
"cnd9:57.3":	"<ब्>अधो</ब्>ति अतीतं; ",
"cnd9:57.4":	"<ब्>तिरियञ्चापि मज्झे</ब्>ति पच्चुप्पन्नं। ",
"cnd9:57.5":	"<ब्>उद्धन्</ब्>ति देवलोको; ",
"cnd9:57.6":	"<ब्>अधो</ब्>ति अपायलोको; ",
"cnd9:57.7":	"<ब्>तिरियञ्चापि मज्झे</ब्>ति मनुस्सलोको। ",
"cnd9:57.8":	"अथ वा <ब्>उद्धन्</ब्>ति कुसला धम्मा; ",
"cnd9:57.9":	"<ब्>अधो</ब्>ति अकुसला धम्मा; ",
"cnd9:57.10":	"<ब्>तिरियञ्चापि मज्झे</ब्>ति अब्याकता धम्मा। ",
"cnd9:57.11":	"<ब्>उद्धन्</ब्>ति अरूपधातु; ",
"cnd9:57.12":	"<ब्>अधो</ब्>ति कामधातु; ",
"cnd9:57.13":	"<ब्>तिरियञ्चापि मज्झे</ब्>ति रूपधातु। ",
"cnd9:57.14":	"<ब्>उद्धन्</ब्>ति सुखा वेदना; ",
"cnd9:57.15":	"<ब्>अधो</ब्>ति दुक्खा वेदना; ",
"cnd9:57.16":	"<ब्>तिरियञ्चापि मज्झे</ब्>ति अदुक्खमसुखा वेदना। ",
"cnd9:57.17":	"<ब्>उद्धन्</ब्>ति उद्धं पादतला; ",
"cnd9:57.18":	"<ब्>अधो</ब्>ति अधो केसमत्थका; ",
"cnd9:57.19":	"<ब्>तिरियञ्चापि मज्झे</ब्>ति वेमज्झेति—",
"cnd9:57.20":	"उद्धं अधो तिरियञ्चापि मज्झे। ",
"cnd9:58.1":	"<ब्>एतं विदित्वा सङ्गोति लोके</ब्>ति सङ्गो एसो लग्गनं एतं बन्धनं एतं पलिबोधो एसोति ञत्वा जानित्वा तुलयित्वा तीरयित्वा विभावयित्वा विभूतं कत्वाति—",
"cnd9:58.2":	"एतं विदित्वा सङ्गोति लोके। ",
"cnd9:59.1":	"<ब्>भवाभवाय माकासि तण्हन्</ब्>ति। ",
"cnd9:59.2":	"<ब्>तण्हा</ब्>ति रूपतण्हा सद्दतण्हा …पे… ",
"cnd9:59.3":	"धम्मतण्हा। ",
"cnd9:59.4":	"<ब्>भवाभवाया</ब्>ति भवाभवाय कम्मभवाय पुनब्भवाय कामभवाय, कम्मभवाय कामभवाय पुनब्भवाय रूपभवाय, कम्मभवाय रूपभवाय पुनब्भवाय अरूपभवाय, कम्मभवाय अरूपभवाय पुनब्भवाय पुनप्पुनब्भवाय, पुनप्पुनगतिया पुनप्पुनौपपत्तिया पुनप्पुनपटिसन्धिया पुनप्पुनअत्तभावाभिनिब्बत्तिया तण्हं माकासि मा जनेसि मा सञ्जनेसि मा निब्बत्तेसि माभिनिब्बत्तेसि, पजह विनोदेहि ब्यन्तीकरोहि अनभावं गमेहीति—",
"cnd9:59.5":	"भवाभवाय माकासि तण्हन्ति। ",
"cnd9:59.6":	"तेनाह भगवा—",
"cnd9:60.1":	"“यं किञ्चि सम्पजानासि, ",
"cnd9:60.2":	"(धोतकाति भगवा) ",
"cnd9:60.3":	"उद्धं अधो तिरियञ्चापि मज्झे; ",
"cnd9:60.4":	"एतं विदित्वा सङ्गोति लोके, ",
"cnd9:60.5":	"भवाभवाय माकासि तण्हन्”ति। ",
"cnd9:61.1":	"सह गाथापरियोसाना …पे… ",
"cnd9:61.2":	"सत्था मे, भन्ते भगवा, सावकोहमस्मीति। ",
"cnd9:61.3":	"धोतकमाणवपुच्छानिद्देसो पञ्चमो। "
}	
