{	
"cp11:0.1":	"चरियापिटक ",
"cp11:0.2":	"हत्थिनागवग्ग ",
"cp11:0.3":	"सीलपारमी १ ",
"cp11:0.4":	"मातुपोसकचरिय ",
"cp11:1.1":	"“यदा अहोसिं पवने, ",
"cp11:1.2":	"कुञ्जरो मातुपोसको; ",
"cp11:1.3":	"न तदा अत्थि महिया, ",
"cp11:1.4":	"गुणेन मम सादिसो। ",
"cp11:2.1":	"पवने दिस्वा वनचरो, ",
"cp11:2.2":	"रञ्ञो मं पटिवेदयि; ",
"cp11:2.3":	"‘तवानुच्छवो महाराज, ",
"cp11:2.4":	"गजो वसति कानने। ",
"cp11:3.1":	"न तस्स परिक्खायत्थो, ",
"cp11:3.2":	"नपि आळककासुया; ",
"cp11:3.3":	"सह गहिते सोण्डाय, ",
"cp11:3.4":	"सयमेव इधेहि’ति। ",
"cp11:4.1":	"तस्स तं वचनं सुत्वा, ",
"cp11:4.2":	"राजापि तुट्ठमानसो; ",
"cp11:4.3":	"पेसेसि हत्थिदमकं, ",
"cp11:4.4":	"छेकाचरियं सुसिक्खितं। ",
"cp11:5.1":	"गन्त्वा सो हत्थिदमको, ",
"cp11:5.2":	"अद्दस पदुमस्सरे; ",
"cp11:5.3":	"भिसमुळालं उद्धरन्तं, ",
"cp11:5.4":	"यापनत्थाय मातुया। ",
"cp11:6.1":	"विञ्ञाय मे सीलगुणं, ",
"cp11:6.2":	"लक्खणं उपधारयि; ",
"cp11:6.3":	"‘एहि पुत्ता’ति वत्वान, ",
"cp11:6.4":	"मम सोण्डाय अग्गहि। ",
"cp11:7.1":	"यं मे तदा पाकतिकं, ",
"cp11:7.2":	"सरीरानुगतं बलं; ",
"cp11:7.3":	"अज्ज नागसहस्सानं, ",
"cp11:7.4":	"बलेन समसादिसं। ",
"cp11:8.1":	"यदिहं तेसं पकुप्पेय्यं, ",
"cp11:8.2":	"उपेतानं गहणाय मं; ",
"cp11:8.3":	"पटिबलो भवे तेसं, ",
"cp11:8.4":	"याव रज्जम्पि मानुसं। ",
"cp11:9.1":	"अपि चाहं सीलरक्खाय, ",
"cp11:9.2":	"सीलपारमिपूरिया; ",
"cp11:9.3":	"न करोमि चित्ते अञ्ञथत्तं, ",
"cp11:9.4":	"पक्खिपन्तं ममाळके। ",
"cp11:10.1":	"यदि ते मं तत्थ कोट्टेय्युं, ",
"cp11:10.2":	"फरसूहि तोमरेहि च; ",
"cp11:10.3":	"नेव तेसं पकुप्पेय्यं, ",
"cp11:10.4":	"सीलखण्डभया ममा”ति। ",
"cp11:11.1":	"मातुपोसकचरियं पठमं। "
}	
