{	
"cp12:0.1":	"चरियापिटक ",
"cp12:0.2":	"हत्थिनागवग्ग ",
"cp12:0.3":	"सीलपारमी २ ",
"cp12:0.4":	"भूरिदत्तचरिय ",
"cp12:1.1":	"“पुनापरं यदा होमि, ",
"cp12:1.2":	"भूरिदत्तो महिद्धिको; ",
"cp12:1.3":	"विरूपक्खेन महारञ्ञा, ",
"cp12:1.4":	"देवलोकमगञ्छहं। ",
"cp12:2.1":	"तत्थ पस्सित्वाहं देवे, ",
"cp12:2.2":	"एकन्तं सुखसमप्पिते; ",
"cp12:2.3":	"तं सग्गगमनत्थाय, ",
"cp12:2.4":	"सीलब्बतं समादियिं। ",
"cp12:3.1":	"सरीरकिच्चं कत्वान, ",
"cp12:3.2":	"भुत्वा यापनमत्तकं; ",
"cp12:3.3":	"चतुरो अङ्गे अधिट्ठाय, ",
"cp12:3.4":	"सेमि वम्मिकमुद्धनि। ",
"cp12:4.1":	"‘छविया चम्मेन मंसेन, ",
"cp12:4.2":	"नहारुअट्ठिकेहि वा; ",
"cp12:4.3":	"यस्स एतेन करणीयं, ",
"cp12:4.4":	"दिन्नंयेव हरातु सो’। ",
"cp12:5.1":	"संसितो अकतञ्ञुना, ",
"cp12:5.2":	"आलम्पायनो ममग्गहि; ",
"cp12:5.3":	"पेळाय पक्खिपित्वान, ",
"cp12:5.4":	"कीळेति मं तहिं तहिं। ",
"cp12:6.1":	"पेळाय पक्खिपन्तेपि, ",
"cp12:6.2":	"सम्मद्दन्तेपि पाणिना; ",
"cp12:6.3":	"आलम्पायने न कुप्पामि, ",
"cp12:6.4":	"सीलखण्डभया मम। ",
"cp12:7.1":	"सकजीवितपरिच्चागो, ",
"cp12:7.2":	"तिणतो लहुको मम; ",
"cp12:7.3":	"सीलवीतिक्कमो मय्हं, ",
"cp12:7.4":	"पथवीउप्पतनं विय। ",
"cp12:8.1":	"निरन्तरं जातिसतं, ",
"cp12:8.2":	"चजेय्यं मम जीवितं; ",
"cp12:8.3":	"नेव सीलं पभिन्देय्यं, ",
"cp12:8.4":	"चतुद्दीपान हेतुपि। ",
"cp12:9.1":	"अपि चाहं सीलरक्खाय, ",
"cp12:9.2":	"सीलपारमिपूरिया; ",
"cp12:9.3":	"न करोमि चित्ते अञ्ञथत्तं, ",
"cp12:9.4":	"पक्खिपन्तम्पि पेळके”ति। ",
"cp12:10.1":	"भूरिदत्तचरियं दुतियं। "
}	
