{	
"cp13:0.1":	"चरियापिटक ",
"cp13:0.2":	"हत्थिनागवग्ग ",
"cp13:0.3":	"सीलपारमी ३ ",
"cp13:0.4":	"चम्पेय्यनागचरिय ",
"cp13:1.1":	"“पुनापरं यदा होमि, ",
"cp13:1.2":	"चम्पेय्यको महिद्धिको; ",
"cp13:1.3":	"तदापि धम्मिको आसिं, ",
"cp13:1.4":	"सीलब्बतसमप्पितो। ",
"cp13:2.1":	"तदापि मं धम्मचारिं, ",
"cp13:2.2":	"उपवुत्थं उपोसथं; ",
"cp13:2.3":	"अहितुण्डिको गहेत्वान, ",
"cp13:2.4":	"राजद्वारम्हि कीळति। ",
"cp13:3.1":	"यं यं सो वण्णं चिन्तयि, ",
"cp13:3.2":	"नीलंव पीतलोहितं; ",
"cp13:3.3":	"तस्स चित्तानुवत्तन्तो, ",
"cp13:3.4":	"होमि चिन्तितसन्निभो। ",
"cp13:4.1":	"थलं करेय्यमुदकं, ",
"cp13:4.2":	"उदकम्पि थलं करे; ",
"cp13:4.3":	"यदिहं तस्स पकुप्पेय्यं, ",
"cp13:4.4":	"खणेन छारिकं करे। ",
"cp13:5.1":	"यदि चित्तवसी हेस्सं, ",
"cp13:5.2":	"परिहायिस्सामि सीलतो; ",
"cp13:5.3":	"सीलेन परिहीनस्स, ",
"cp13:5.4":	"उत्तमत्थो न सिज्झति। ",
"cp13:6.1":	"कामं भिज्जतुयं कायो, ",
"cp13:6.2":	"इधेव विकिरीयतु; ",
"cp13:6.3":	"नेव सीलं पभिन्देय्यं, ",
"cp13:6.4":	"विकिरन्ते भुसं विया”ति। ",
"cp13:7.1":	"चम्पेय्यनागचरियं ततियं। "
}	
