{	
"cp14:0.1":	"चरियापिटक ",
"cp14:0.2":	"हत्थिनागवग्ग ",
"cp14:0.3":	"सीलपारमी ४ ",
"cp14:0.4":	"चूळबोधिचरिय ",
"cp14:1.1":	"“पुनापरं यदा होमि, ",
"cp14:1.2":	"चूळबोधि सुसीलवा; ",
"cp14:1.3":	"भवं दिस्वान भयतो, ",
"cp14:1.4":	"नेक्खम्मं अभिनिक्खमिं। ",
"cp14:2.1":	"या मे दुतियिका आसि, ",
"cp14:2.2":	"ब्राह्मणी कनकसन्निभा; ",
"cp14:2.3":	"सापि वट्टे अनपेक्खा, ",
"cp14:2.4":	"नेक्खम्मं अभिनिक्खमि। ",
"cp14:3.1":	"निरालया छिन्नबन्धू, ",
"cp14:3.2":	"अनपेक्खा कुले गणे; ",
"cp14:3.3":	"चरन्ता गामनिगमं, ",
"cp14:3.4":	"बाराणसिमुपागमुं। ",
"cp14:4.1":	"तत्थ वसाम निपका, ",
"cp14:4.2":	"असंसट्ठा कुले गणे; ",
"cp14:4.3":	"निराकुले अप्पसद्दे, ",
"cp14:4.4":	"राजुय्याने वसामुभो। ",
"cp14:5.1":	"उय्यानदस्सनं गन्त्वा, ",
"cp14:5.2":	"राजा अद्दस ब्राह्मणिं; ",
"cp14:5.3":	"उपगम्म ममं पुच्छि, ",
"cp14:5.4":	"‘तुय्हेसा का कस्स भरिया’। ",
"cp14:6.1":	"एवं वुत्ते, अहं तस्स, ",
"cp14:6.2":	"इदं वचनमब्रविं; ",
"cp14:6.3":	"‘न मय्हं भरिया एसा, ",
"cp14:6.4":	"सहधम्मा एकसासनी’। ",
"cp14:7.1":	"तिस्सा सारत्तगधितो, ",
"cp14:7.2":	"गाहापेत्वान चेटके; ",
"cp14:7.3":	"निप्पीळयन्तो बलसा, ",
"cp14:7.4":	"अन्तेपुरं पवेसयि। ",
"cp14:8.1":	"ओदपत्तकिया मय्हं, ",
"cp14:8.2":	"सहजा एकसासनी; ",
"cp14:8.3":	"आकड्ढित्वा नयन्तिया, ",
"cp14:8.4":	"कोपो मे उपपज्जथ। ",
"cp14:9.1":	"सह कोपे समुप्पन्ने, ",
"cp14:9.2":	"सीलब्बतमनुस्सरिं; ",
"cp14:9.3":	"तत्थेव कोपं निग्गण्हिं, ",
"cp14:9.4":	"नादासिं वड्ढितूपरि। ",
"cp14:10.1":	"यदि नं ब्राह्मणिं कोचि, ",
"cp14:10.2":	"कोट्टेय्य तिण्हसत्तिया; ",
"cp14:10.3":	"नेव सीलं पभिन्देय्यं, ",
"cp14:10.4":	"बोधियायेव कारणा। ",
"cp14:11.1":	"न मेसा ब्राह्मणी देस्सा, ",
"cp14:11.2":	"नपि मे बलं न विज्जति; ",
"cp14:11.3":	"सब्बञ्ञुतं पियं मय्हं, ",
"cp14:11.4":	"तस्मा सीलानुरक्खिसन्”ति। ",
"cp14:12.1":	"चूळबोधिचरियं चतुत्थं। "
}	
