{	
"cp15:0.1":	"चरियापिटक ",
"cp15:0.2":	"हत्थिनागवग्ग ",
"cp15:0.3":	"सीलपारमी ५ ",
"cp15:0.4":	"महिंसराजचरिय ",
"cp15:1.1":	"“पुनापरं यदा होमि, ",
"cp15:1.2":	"महिंसो पवनचारको; ",
"cp15:1.3":	"पवड्ढकायो बलवा, ",
"cp15:1.4":	"महन्तो भीमदस्सनो। ",
"cp15:2.1":	"पब्भारे गिरिदुग्गे च, ",
"cp15:2.2":	"रुक्खमूले दकासये; ",
"cp15:2.3":	"होतेत्थ ठानं महिंसानं, ",
"cp15:2.4":	"कोचि कोचि तहिं तहिं। ",
"cp15:3.1":	"विचरन्तो ब्रहारञ्ञे, ",
"cp15:3.2":	"ठानं अद्दस भद्दकं; ",
"cp15:3.3":	"तं ठानं उपगन्त्वान, ",
"cp15:3.4":	"तिट्ठामि च सयामि च। ",
"cp15:4.1":	"अथेत्थ कपिमागन्त्वा, ",
"cp15:4.2":	"पापो अनरियो लहु; ",
"cp15:4.3":	"खन्धे नलाटे भमुके, ",
"cp15:4.4":	"मुत्तेति ओहदेति तं। ",
"cp15:5.1":	"सकिम्पि दिवसं दुतियं, ",
"cp15:5.2":	"ततियं चतुत्थम्पि च; ",
"cp15:5.3":	"दूसेति मं सब्बकालं, ",
"cp15:5.4":	"तेन होमि उपद्दुतो। ",
"cp15:6.1":	"ममं उपद्दुतं दिस्वा, ",
"cp15:6.2":	"यक्खो मं इदमब्रवि; ",
"cp15:6.3":	"‘नासेहेतं छवं पापं, ",
"cp15:6.4":	"सिङ्गेहि च खुरेहि च’। ",
"cp15:7.1":	"एवं वुत्ते, तदा यक्खे, ",
"cp15:7.2":	"अहं तं इदमब्रविं; ",
"cp15:7.3":	"‘किं त्वं मक्खेसि कुणपेन, ",
"cp15:7.4":	"पापेन अनरियेन मं। ",
"cp15:8.1":	"यदिहं तस्स पकुप्पेय्यं, ",
"cp15:8.2":	"ततो हीनतरो भवे; ",
"cp15:8.3":	"सीलञ्च मे पभिज्जेय्य, ",
"cp15:8.4":	"विञ्ञू च गरहेय्यु मं। ",
"cp15:9.1":	"हीळिता जीविता वापि, ",
"cp15:9.2":	"परिसुद्धेन मतं वरं; ",
"cp15:9.3":	"क्याहं जीवितहेतूपि, ",
"cp15:9.4":	"काहामि परहेठनं’। ",
"cp15:10.1":	"ममेवायं मञ्ञमानो, ",
"cp15:10.2":	"अञ्ञेपेवं करिस्सति; ",
"cp15:10.3":	"तेव तस्स वधिस्सन्ति, ",
"cp15:10.4":	"सा मे मुत्ति भविस्सति। ",
"cp15:11.1":	"हीनमज्झिमौक्कट्ठे, ",
"cp15:11.2":	"सहन्तो अवमानितं; ",
"cp15:11.3":	"एवं लभति सप्पञ्ञो, ",
"cp15:11.4":	"मनसा यथापत्थितन्”ति। ",
"cp15:12.1":	"महिंसराजचरियं पञ्चमं। "
}	
