{	
"cp16:0.1":	"चरियापिटक ",
"cp16:0.2":	"हत्थिनागवग्ग ",
"cp16:0.3":	"सीलपारमी ६ ",
"cp16:0.4":	"रुरुमिगराजचरिय ",
"cp16:1.1":	"“पुनापरं यदा होमि, ",
"cp16:1.2":	"सुतत्तकनकसन्निभो; ",
"cp16:1.3":	"मिगराजा रुरु नाम, ",
"cp16:1.4":	"परमसीलसमाहितो। ",
"cp16:2.1":	"रम्मे पदेसे रमणीये, ",
"cp16:2.2":	"विवित्ते अमनुस्सके; ",
"cp16:2.3":	"तत्थ वासं उपगञ्छिं, ",
"cp16:2.4":	"गङ्गाकूले मनोरमे। ",
"cp16:3.1":	"अथ उपरि गङ्गाय, ",
"cp16:3.2":	"धनिकेहि परिपीळितो; ",
"cp16:3.3":	"पुरिसो गङ्गाय पपति, ",
"cp16:3.4":	"‘जीवामि वा मरामि वा’। ",
"cp16:4.1":	"रत्तिन्दिवं सो गङ्गाय, ",
"cp16:4.2":	"वुय्हमानो महोदके; ",
"cp16:4.3":	"रवन्तो करुणं रवं, ",
"cp16:4.4":	"मज्झे गङ्गाय गच्छति। ",
"cp16:5.1":	"तस्साहं सद्दं सुत्वान, ",
"cp16:5.2":	"करुणं परिदेवतो; ",
"cp16:5.3":	"गङ्गाय तीरे ठत्वान, ",
"cp16:5.4":	"अपुच्छिं ‘कोसि त्वं नरो’। ",
"cp16:6.1":	"सो मे पुट्ठो च ब्याकासि, ",
"cp16:6.2":	"अत्तनो करणं तदा; ",
"cp16:6.3":	"‘धनिकेहि भीतो तसितो, ",
"cp16:6.4":	"पक्खन्दोहं महानदिं’। ",
"cp16:7.1":	"तस्स कत्वान कारुञ्ञं, ",
"cp16:7.2":	"चजित्वा मम जीवितं; ",
"cp16:7.3":	"पविसित्वा नीहरिं तस्स, ",
"cp16:7.4":	"अन्धकारम्हि रत्तिया। ",
"cp16:8.1":	"अस्सत्थकालमञ्ञाय, ",
"cp16:8.2":	"तस्साहं इदमब्रविं; ",
"cp16:8.3":	"‘एकं तं वरं याचामि, ",
"cp16:8.4":	"मा मं कस्सचि पावद’। ",
"cp16:9.1":	"नगरं गन्त्वान आचिक्खि, ",
"cp16:9.2":	"पुच्छितो धनहेतुको; ",
"cp16:9.3":	"राजानं सो गहेत्वान, ",
"cp16:9.4":	"उपगञ्छि ममन्तिकं। ",
"cp16:10.1":	"यावता करणं सब्बं, ",
"cp16:10.2":	"रञ्ञो आरोचितं मया; ",
"cp16:10.3":	"राजा सुत्वान वचनं, ",
"cp16:10.4":	"उसुं तस्स पकप्पयि; ",
"cp16:10.5":	"‘इधेव घातयिस्सामि, ",
"cp16:10.6":	"मित्तदुब्भिं अनारियं’। ",
"cp16:11.1":	"तमहं अनुरक्खन्तो, ",
"cp16:11.2":	"निम्मिनिं मम अत्तना; ",
"cp16:11.3":	"‘तिट्ठतेसो महाराज, ",
"cp16:11.4":	"कामकारो भवामि ते’। ",
"cp16:12.1":	"अनुरक्खिं मम सीलं, ",
"cp16:12.2":	"नारक्खिं मम जीवितं; ",
"cp16:12.3":	"सीलवा हि तदा आसिं, ",
"cp16:12.4":	"बोधियायेव कारणा”ति। ",
"cp16:13.1":	"रुरुमिगराजचरियं छट्ठं। "
}	
