{	
"cp17:0.1":	"चरियापिटक ",
"cp17:0.2":	"हत्थिनागवग्ग ",
"cp17:0.3":	"सीलपारमी ७ ",
"cp17:0.4":	"मातङ्गचरिय ",
"cp17:1.1":	"“पुनापरं यदा होमि, ",
"cp17:1.2":	"जटिलो उग्गतापनो; ",
"cp17:1.3":	"मातङ्गो नाम नामेन, ",
"cp17:1.4":	"सीलवा सुसमाहितो। ",
"cp17:2.1":	"अहञ्च ब्राह्मणो एको, ",
"cp17:2.2":	"गङ्गाकूले वसामुभो; ",
"cp17:2.3":	"अहं वसामि उपरि, ",
"cp17:2.4":	"हेट्ठा वसति ब्राह्मणो। ",
"cp17:3.1":	"विचरन्तो अनुकूलम्हि, ",
"cp17:3.2":	"उद्धं मे अस्समद्दस; ",
"cp17:3.3":	"तत्थ मं परिभासेत्वा, ",
"cp17:3.4":	"अभिसपि मुद्धफालनं। ",
"cp17:4.1":	"यदिहं तस्स पकुप्पेय्यं, ",
"cp17:4.2":	"यदि सीलं न गोपये; ",
"cp17:4.3":	"ओलोकेत्वानहं तस्स, ",
"cp17:4.4":	"करेय्यं छारिकं विय। ",
"cp17:5.1":	"यं सो तदा मं अभिसपि, ",
"cp17:5.2":	"कुपितो दुट्ठमानसो; ",
"cp17:5.3":	"तस्सेव मत्थके निपति, ",
"cp17:5.4":	"योगेन तं पमोचयिं। ",
"cp17:6.1":	"अनुरक्खिं मम सीलं, ",
"cp17:6.2":	"नारक्खिं मम जीवितं; ",
"cp17:6.3":	"सीलवा हि तदा आसिं, ",
"cp17:6.4":	"बोधियायेव कारणा”ति। ",
"cp17:7.1":	"मातङ्गचरियं सत्तमं। "
}	
