{	
"cp19:0.1":	"चरियापिटक ",
"cp19:0.2":	"हत्थिनागवग्ग ",
"cp19:0.3":	"सीलपारमी ९ ",
"cp19:0.4":	"अलीनसत्तुचरिय ",
"cp19:1.1":	"“पञ्चालरट्ठे नगरवरे, ",
"cp19:1.2":	"कपिलायं पुरुत्तमे; ",
"cp19:1.3":	"राजा जयद्दिसो नाम, ",
"cp19:1.4":	"सीलगुणमुपागतो। ",
"cp19:2.1":	"तस्स रञ्ञो अहं पुत्तो, ",
"cp19:2.2":	"सुतधम्मो सुसीलवा; ",
"cp19:2.3":	"अलीनसत्तो गुणवा, ",
"cp19:2.4":	"अनुरक्खपरिजनो सदा। ",
"cp19:3.1":	"पिता मे मिगवं गन्त्वा, ",
"cp19:3.2":	"पोरिसादं उपागमि; ",
"cp19:3.3":	"सो मे पितुमग्गहेसि, ",
"cp19:3.4":	"‘भक्खोसि मम मा चलि’। ",
"cp19:4.1":	"तस्स तं वचनं सुत्वा, ",
"cp19:4.2":	"भीतो तसितवेधितो; ",
"cp19:4.3":	"ऊरुक्खम्भो अहु तस्स, ",
"cp19:4.4":	"दिस्वान पोरिसादकं। ",
"cp19:5.1":	"मिगवं गहेत्वा मुञ्चस्सु, ",
"cp19:5.2":	"कत्वा आगमनं पुन; ",
"cp19:5.3":	"ब्राह्मणस्स धनं दत्वा, ",
"cp19:5.4":	"पिता आमन्तयी ममं। ",
"cp19:6.1":	"‘रज्जं पुत्त पटिपज्ज, ",
"cp19:6.2":	"मा पमज्जि पुरं इदं; ",
"cp19:6.3":	"कतं मे पोरिसादेन, ",
"cp19:6.4":	"मम आगमनं पुन’। ",
"cp19:7.1":	"मातापितू च वन्दित्वा, ",
"cp19:7.2":	"निम्मिनित्वान अत्तना; ",
"cp19:7.3":	"निक्खिपित्वा धनुं खग्गं, ",
"cp19:7.4":	"पोरिसादं उपागमिं। ",
"cp19:8.1":	"ससत्थहत्थूपगतं, ",
"cp19:8.2":	"कदाचि सो तसिस्सति; ",
"cp19:8.3":	"तेन भिज्जिस्सति सीलं, ",
"cp19:8.4":	"परित्तासं कते मयि। ",
"cp19:9.1":	"सीलखण्डभया मय्हं, ",
"cp19:9.2":	"तस्स देस्सं न ब्याहरिं; ",
"cp19:9.3":	"मेत्तचित्तो हितवादी, ",
"cp19:9.4":	"इदं वचनमब्रविं। ",
"cp19:10.1":	"‘उज्जालेहि महाअग्गिं, ",
"cp19:10.2":	"पपतिस्सामि रुक्खतो; ",
"cp19:10.3":	"त्वं पक्ककालमञ्ञाय, ",
"cp19:10.4":	"भक्खय मं पितामह’। ",
"cp19:11.1":	"इति सीलवतं हेतु, ",
"cp19:11.2":	"नारक्खिं मम जीवितं; ",
"cp19:11.3":	"पब्बाजेसिं चहं तस्स, ",
"cp19:11.4":	"सदा पाणातिपातिकन्”ति। ",
"cp19:12.1":	"अलीनसत्तुचरियं नवमं। "
}	
