{	
"cp22:0.1":	"चरियापिटक ",
"cp22:0.2":	"युधञ्जयवग्ग ",
"cp22:0.3":	"नेक्खम्मपारमी २ ",
"cp22:0.4":	"सोमनस्सचरिय ",
"cp22:1.1":	"“पुनापरं यदा होमि, ",
"cp22:1.2":	"इन्दपत्थे पुरुत्तमे; ",
"cp22:1.3":	"कामितो दयितो पुत्तो, ",
"cp22:1.4":	"सोमनस्सोति विस्सुतो। ",
"cp22:2.1":	"सीलवा गुणसम्पन्नो, ",
"cp22:2.2":	"कल्याणपटिभानवा; ",
"cp22:2.3":	"वुड्ढापचायी हिरीमा, ",
"cp22:2.4":	"सङ्गहेसु च कोविदो। ",
"cp22:3.1":	"तस्स रञ्ञो पतिकरो, ",
"cp22:3.2":	"अहोसि कुहकतापसो; ",
"cp22:3.3":	"आरामं मालावच्छञ्च, ",
"cp22:3.4":	"रोपयित्वान जीवति। ",
"cp22:4.1":	"तमहं दिस्वान कुहकं, ",
"cp22:4.2":	"थुसरासिंव अतण्डुलं; ",
"cp22:4.3":	"दुमंव अन्तो सुसिरं, ",
"cp22:4.4":	"कदलिंव असारकं। ",
"cp22:5.1":	"नत्थिमस्स सतं धम्मो, ",
"cp22:5.2":	"सामञ्ञापगतो अयं; ",
"cp22:5.3":	"हिरीसुक्कधम्मजहितो, ",
"cp22:5.4":	"जीवितवुत्तिकारणा। ",
"cp22:6.1":	"कुपितो अहु पच्चन्तो, ",
"cp22:6.2":	"अटवीहि परन्तिहि; ",
"cp22:6.3":	"तं निसेधेतुं गच्छन्तो, ",
"cp22:6.4":	"अनुसासि पिता ममं। ",
"cp22:7.1":	"‘मा पमज्जि तुवं तात, ",
"cp22:7.2":	"जटिलं उग्गतापनं; ",
"cp22:7.3":	"यदिच्छकं पवत्तेहि, ",
"cp22:7.4":	"सब्बकामददो हि सो’। ",
"cp22:8.1":	"तमहं गन्त्वानुपट्ठानं, ",
"cp22:8.2":	"इदं वचनमब्रविं; ",
"cp22:8.3":	"‘कच्चि ते गहपति कुसलं, ",
"cp22:8.4":	"किं वा ते आहरीयतु’। ",
"cp22:9.1":	"तेन सो कुपितो आसि, ",
"cp22:9.2":	"कुहको माननिस्सितो; ",
"cp22:9.3":	"‘घातापेमि तुवं अज्ज, ",
"cp22:9.4":	"रट्ठा पब्बाजयामि वा’। ",
"cp22:10.1":	"निसेधयित्वा पच्चन्तं, ",
"cp22:10.2":	"राजा कुहकमब्रवि; ",
"cp22:10.3":	"‘कच्चि ते भन्ते खमनीयं, ",
"cp22:10.4":	"सम्मानो ते पवत्तितो’। ",
"cp22:11.1":	"तस्स आचिक्खती पापो, ",
"cp22:11.2":	"कुमारो यथा नासियो; ",
"cp22:11.3":	"तस्स तं वचनं सुत्वा, ",
"cp22:11.4":	"आणापेसि महीपति। ",
"cp22:12.1":	"‘सीसं तत्थेव छिन्दित्वा, ",
"cp22:12.2":	"कत्वान चतुखण्डिकं; ",
"cp22:12.3":	"रथिया रथियं दस्सेथ, ",
"cp22:12.4":	"सा गति जटिलहीळिता’। ",
"cp22:13.1":	"तत्थ कारणिका गन्त्वा, ",
"cp22:13.2":	"चण्डा लुद्दा अकारुणा; ",
"cp22:13.3":	"मातु अङ्के निसिन्नस्स, ",
"cp22:13.4":	"आकड्ढित्वा नयन्ति मं। ",
"cp22:14.1":	"तेसाहं एवमवचं, ",
"cp22:14.2":	"बन्धतं गाळ्हबन्धनं; ",
"cp22:14.3":	"‘रञ्ञो दस्सेथ मं खिप्पं, ",
"cp22:14.4":	"राजकिरियानि अत्थि मे’। ",
"cp22:15.1":	"ते मं रञ्ञो दस्सयिंसु, ",
"cp22:15.2":	"पापस्स पापसेविनो; ",
"cp22:15.3":	"दिस्वान तं सञ्ञापेसिं, ",
"cp22:15.4":	"ममञ्च वसमानयिं। ",
"cp22:16.1":	"सो मं तत्थ खमापेसि, ",
"cp22:16.2":	"महारज्जमदासि मे; ",
"cp22:16.3":	"सोहं तमं दालयित्वा, ",
"cp22:16.4":	"पब्बजिं अनगारियं। ",
"cp22:17.1":	"न मे देस्सं महारज्जं, ",
"cp22:17.2":	"कामभोगो न देस्सियो; ",
"cp22:17.3":	"सब्बञ्ञुतं पियं मय्हं, ",
"cp22:17.4":	"तस्मा रज्जं परिच्चजिन्”ति। ",
"cp22:18.1":	"सोमनस्सचरियं दुतियं। "
}	
