{	
"cp23:0.1":	"चरियापिटक ",
"cp23:0.2":	"युधञ्जयवग्ग ",
"cp23:0.3":	"नेक्खम्मपारमी ३ ",
"cp23:0.4":	"अयोघरचरिय ",
"cp23:1.1":	"“पुनापरं यदा होमि, ",
"cp23:1.2":	"कासिराजस्स अत्रजो; ",
"cp23:1.3":	"अयोघरम्हि संवड्ढो, ",
"cp23:1.4":	"नामेनासि अयोघरो। ",
"cp23:2.1":	"‘दुक्खेन जीवितो लद्धो, ",
"cp23:2.2":	"संपीळे पतिपोसितो; ",
"cp23:2.3":	"अज्जेव पुत्त पटिपज्ज, ",
"cp23:2.4":	"केवलं वसुधं इमं’। ",
"cp23:3.1":	"सरट्ठकं सनिगमं, ",
"cp23:3.2":	"सजनं वन्दित्व खत्तियं; ",
"cp23:3.3":	"अञ्जलिं पग्गहेत्वान, ",
"cp23:3.4":	"इदं वचनमब्रविं। ",
"cp23:4.1":	"‘ये केचि महिया सत्ता, ",
"cp23:4.2":	"हीनमुक्कट्ठमज्झिमा; ",
"cp23:4.3":	"निरारक्खा सके गेहे, ",
"cp23:4.4":	"वड्ढन्ति सकञातिभि। ",
"cp23:5.1":	"इदं लोके उत्तरियं, ",
"cp23:5.2":	"संपीळे मम पोसनं; ",
"cp23:5.3":	"अयोघरम्हि संवड्ढो, ",
"cp23:5.4":	"अप्पभे चन्दसूरिये। ",
"cp23:6.1":	"पूतिकुणपसम्पुण्णा, ",
"cp23:6.2":	"मुच्चित्वा मातुकुच्छितो; ",
"cp23:6.3":	"ततो घोरतरे दुक्खे, ",
"cp23:6.4":	"पुन पक्खित्तयोघरे। ",
"cp23:7.1":	"यदिहं तादिसं पत्वा, ",
"cp23:7.2":	"दुक्खं परमदारुणं; ",
"cp23:7.3":	"रज्जेसु यदि रज्जामि, ",
"cp23:7.4":	"पापानं उत्तमो सियं। ",
"cp23:8.1":	"उक्कण्ठितोम्हि कायेन, ",
"cp23:8.2":	"रज्जेनम्हि अनत्थिको; ",
"cp23:8.3":	"निब्बुतिं परियेसिस्सं, ",
"cp23:8.4":	"यत्थ मं मच्चु न मद्दिये’। ",
"cp23:9.1":	"एवाहं चिन्तयित्वान, ",
"cp23:9.2":	"विरवन्ते महाजने; ",
"cp23:9.3":	"नागोव बन्धनं छेत्वा, ",
"cp23:9.4":	"पाविसिं काननं वनं। ",
"cp23:10.1":	"मातापिता न मे देस्सा, ",
"cp23:10.2":	"नपि मे देस्सं महायसं; ",
"cp23:10.3":	"सब्बञ्ञुतं पियं मय्हं, ",
"cp23:10.4":	"तस्मा रज्जं परिच्चजिन्”ति। ",
"cp23:11.1":	"अयोघरचरियं ततियं। "
}	
