{	
"cp24:0.1":	"चरियापिटक ",
"cp24:0.2":	"युधञ्जयवग्ग ",
"cp24:0.3":	"नेक्खम्मपारमी ४ ",
"cp24:0.4":	"भिसचरिय ",
"cp24:1.1":	"“पुनापरं यदा होमि, ",
"cp24:1.2":	"कासीनं पुरवरुत्तमे; ",
"cp24:1.3":	"भगिनी च भातरो सत्त, ",
"cp24:1.4":	"निब्बत्ता सोत्थिये कुले। ",
"cp24:2.1":	"एतेसं पुब्बजो आसिं, ",
"cp24:2.2":	"हिरीसुक्कमुपागतो; ",
"cp24:2.3":	"भवं दिस्वान भयतो, ",
"cp24:2.4":	"नेक्खम्माभिरतो अहं। ",
"cp24:3.1":	"मातापितूहि पहिता, ",
"cp24:3.2":	"सहाया एकमानसा; ",
"cp24:3.3":	"कामेहि मं निमन्तेन्ति, ",
"cp24:3.4":	"‘कुलवंसं धरेहि’ति। ",
"cp24:4.1":	"यं तेसं वचनं वुत्तं, ",
"cp24:4.2":	"गिहीधम्मे सुखावहं; ",
"cp24:4.3":	"तं मे अहोसि कठिनं, ",
"cp24:4.4":	"तत्तफालसमं विय। ",
"cp24:5.1":	"ते मं तदा उक्खिपन्तं, ",
"cp24:5.2":	"पुच्छिंसु पत्थितं मम; ",
"cp24:5.3":	"‘किं त्वं पत्थयसे सम्म, ",
"cp24:5.4":	"यदि कामे न भुञ्जसि’। ",
"cp24:6.1":	"तेसाहं एवमवचं, ",
"cp24:6.2":	"अत्थकामो हितेसिनं; ",
"cp24:6.3":	"‘नाहं पत्थेमि गिहीभावं, ",
"cp24:6.4":	"नेक्खम्माभिरतो अहं’। ",
"cp24:7.1":	"ते मय्हं वचनं सुत्वा, ",
"cp24:7.2":	"पितु मातु च सावयुं; ",
"cp24:7.3":	"मातापिता एवमाहु, ",
"cp24:7.4":	"‘सब्बेव पब्बजाम भो’। ",
"cp24:8.1":	"उभो मातापिता मय्हं, ",
"cp24:8.2":	"भगिनी च सत्त भातरो; ",
"cp24:8.3":	"अमितधनं छड्डयित्वा, ",
"cp24:8.4":	"पाविसिम्हा महावनन्”ति। ",
"cp24:9.1":	"भिसचरियं चतुत्थं। "
}	
