{	
"cp25:0.1":	"चरियापिटक ",
"cp25:0.2":	"युधञ्जयवग्ग ",
"cp25:0.3":	"नेक्खम्मपारमी ५ ",
"cp25:0.4":	"सोणपण्डितचरिय ",
"cp25:1.1":	"“पुनापरं यदा होमि, ",
"cp25:1.2":	"नगरे ब्रह्मवड्ढने; ",
"cp25:1.3":	"तत्थ कुलवरे सेट्ठे, ",
"cp25:1.4":	"महासाले अजायहं। ",
"cp25:2.1":	"तदापि लोकं दिस्वान, ",
"cp25:2.2":	"अन्धीभूतं तमोत्थटं; ",
"cp25:2.3":	"चित्तं भवतो पतिकुटति, ",
"cp25:2.4":	"तुत्तवेगहतं विय। ",
"cp25:3.1":	"दिस्वान विविधं पापं, ",
"cp25:3.2":	"एवं चिन्तेसहं तदा; ",
"cp25:3.3":	"‘कदाहं गेहा निक्खम्म, ",
"cp25:3.4":	"पविसिस्सामि काननं’। ",
"cp25:4.1":	"तदापि मं निमन्तेसुं, ",
"cp25:4.2":	"कामभोगेहि ञातयो; ",
"cp25:4.3":	"तेसम्पि छन्दमाचिक्खिं, ",
"cp25:4.4":	"‘मा निमन्तेथ तेहि मं’। ",
"cp25:5.1":	"यो मे कनिट्ठको भाता, ",
"cp25:5.2":	"नन्दो नामासि पण्डितो; ",
"cp25:5.3":	"सोपि मं अनुसिक्खन्तो, ",
"cp25:5.4":	"पब्बज्जं समरोचयि। ",
"cp25:6.1":	"अहं सोणो च नन्दो च, ",
"cp25:6.2":	"उभो मातापिता मम; ",
"cp25:6.3":	"तदापि भोगे छड्डेत्वा, ",
"cp25:6.4":	"पाविसिम्हा महावनन्”ति। ",
"cp25:7.1":	"सोणपण्डितचरियं पञ्चमं। "
}	
