{	
"cp26:0.1":	"चरियापिटक ",
"cp26:0.2":	"युधञ्जयवग्ग ",
"cp26:0.3":	"अदिट्ठानपारमी १ ",
"cp26:0.4":	"तेमियचरिय ",
"cp26:1.1":	"“पुनापरं यदा होमि, ",
"cp26:1.2":	"कासिराजस्स अत्रजो; ",
"cp26:1.3":	"मूगपक्खोति नामेन, ",
"cp26:1.4":	"तेमियोति वदन्ति मं। ",
"cp26:2.1":	"सोळसित्थिसहस्सानं, ",
"cp26:2.2":	"न विज्जति पुमो तदा; ",
"cp26:2.3":	"अहोरत्तानं अच्चयेन, ",
"cp26:2.4":	"निब्बत्तो अहमेकको। ",
"cp26:3.1":	"किच्छा लद्धं पियं पुत्तं, ",
"cp26:3.2":	"अभिजातं जुतिन्धरं; ",
"cp26:3.3":	"सेतच्छत्तं धारयित्वान, ",
"cp26:3.4":	"सयने पोसेति मं पिता। ",
"cp26:4.1":	"निद्दायमानो सयनवरे, ",
"cp26:4.2":	"पबुज्झित्वानहं तदा; ",
"cp26:4.3":	"अद्दसं पण्डरं छत्तं, ",
"cp26:4.4":	"येनाहं निरयं गतो। ",
"cp26:5.1":	"सह दिट्ठस्स मे छत्तं, ",
"cp26:5.2":	"तासो उप्पज्जि भेरवो; ",
"cp26:5.3":	"विनिच्छयं समापन्नो, ",
"cp26:5.4":	"‘कथाहं इमं मुञ्चिस्सं’। ",
"cp26:6.1":	"पुब्बसालोहिता मय्हं, ",
"cp26:6.2":	"देवता अत्थकामिनी; ",
"cp26:6.3":	"सा मं दिस्वान दुक्खितं, ",
"cp26:6.4":	"तीसु ठानेसु योजयि। ",
"cp26:7.1":	"‘मा पण्डिच्चयं विभावय, ",
"cp26:7.2":	"बालमतो भव सब्बपाणिनं; ",
"cp26:7.3":	"सब्बो तं जनो ओचिनायतु, ",
"cp26:7.4":	"एवं तव अत्थो भविस्सति’। ",
"cp26:8.1":	"एवं वुत्तायहं तस्सा, ",
"cp26:8.2":	"इदं वचनमब्रविं; ",
"cp26:8.3":	"‘करोमि ते तं वचनं, ",
"cp26:8.4":	"यं त्वं भणसि देवते; ",
"cp26:8.5":	"अत्थकामासि मे अम्म, ",
"cp26:8.6":	"हितकामासि देवते’। ",
"cp26:9.1":	"तस्साहं वचनं सुत्वा, ",
"cp26:9.2":	"सागरेव थलं लभिं; ",
"cp26:9.3":	"हट्ठो संविग्गमानसो, ",
"cp26:9.4":	"तयो अङ्गे अधिट्ठहिं। ",
"cp26:10.1":	"मूगो अहोसिं बधिरो, ",
"cp26:10.2":	"पक्खो गतिविवज्जितो; ",
"cp26:10.3":	"एते अङ्गे अधिट्ठाय, ",
"cp26:10.4":	"वस्सानि सोळसं वसिं। ",
"cp26:11.1":	"ततो मे हत्थपादे च, ",
"cp26:11.2":	"जिव्हं सोतञ्च मद्दिय; ",
"cp26:11.3":	"अनूनतं मे पस्सित्वा, ",
"cp26:11.4":	"‘काळकण्णी’ति निन्दिसुं। ",
"cp26:12.1":	"ततो जानपदा सब्बे, ",
"cp26:12.2":	"सेनापतिपुरोहिता; ",
"cp26:12.3":	"सब्बे एकमना हुत्वा, ",
"cp26:12.4":	"छड्डनं अनुमोदिसुं। ",
"cp26:13.1":	"सोहं तेसं मतिं सुत्वा, ",
"cp26:13.2":	"हट्ठो संविग्गमानसो; ",
"cp26:13.3":	"‘यस्सत्थाय तपोचिण्णो, ",
"cp26:13.4":	"सो मे अत्थो समिज्झथ’। ",
"cp26:14.1":	"न्हापेत्वा अनुलिम्पित्वा, ",
"cp26:14.2":	"वेठेत्वा राजवेठनं; ",
"cp26:14.3":	"छत्तेन अभिसिञ्चित्वा, ",
"cp26:14.4":	"कारेसुं पुरं पदक्खिणं। ",
"cp26:15.1":	"सत्ताहं धारयित्वान, ",
"cp26:15.2":	"उग्गते रविमण्डले; ",
"cp26:15.3":	"रथेन मं नीहरित्वा, ",
"cp26:15.4":	"सारथी वनमुपागमि। ",
"cp26:16.1":	"एकोकासे रथं कत्वा, ",
"cp26:16.2":	"सज्जस्सं हत्थमुच्चितो; ",
"cp26:16.3":	"सारथी खणती कासुं, ",
"cp26:16.4":	"निखातुं पथविया ममं। ",
"cp26:17.1":	"अधिट्ठितमधिट्ठानं, ",
"cp26:17.2":	"तज्जेन्तो विविधकारणा; ",
"cp26:17.3":	"न भिन्दिं तमधिट्ठानं, ",
"cp26:17.4":	"बोधियायेव कारणा। ",
"cp26:18.1":	"मातापिता न मे देस्सा, ",
"cp26:18.2":	"अत्ता मे न च देस्सियो; ",
"cp26:18.3":	"सब्बञ्ञुतं पियं मय्हं, ",
"cp26:18.4":	"तस्मा वतमधिट्ठहिं। ",
"cp26:19.1":	"एते अङ्गे अधिट्ठाय, ",
"cp26:19.2":	"वस्सानि सोळसं वसिं; ",
"cp26:19.3":	"अधिट्ठानेन मे समो नत्थि, ",
"cp26:19.4":	"एसा मे अधिट्ठानपारमी”ति। ",
"cp26:20.1":	"तेमियचरियं छट्ठं। "
}	
