{	
"cp27:0.1":	"चरियापिटक ",
"cp27:0.2":	"युधञ्जयवग्ग ",
"cp27:0.3":	"सच्चपारमी १ ",
"cp27:0.4":	"कपिराजचरिय ",
"cp27:1.1":	"“यदा अहं कपि आसिं, ",
"cp27:1.2":	"नदीकूले दरीसये; ",
"cp27:1.3":	"पीळितो सुसुमारेन, ",
"cp27:1.4":	"गमनं न लभामहं। ",
"cp27:2.1":	"यम्होकासे अहं ठत्वा, ",
"cp27:2.2":	"ओरा पारं पतामहं; ",
"cp27:2.3":	"तत्थच्छि सत्तु वधको, ",
"cp27:2.4":	"कुम्भीलो लुद्ददस्सनो। ",
"cp27:3.1":	"सो मं असंसि ‘एही’ति, ",
"cp27:3.2":	"‘अहम्पेमी’ति तं वतिं; ",
"cp27:3.3":	"तस्स मत्थकमक्कम्म, ",
"cp27:3.4":	"परकूले पतिट्ठहिं। ",
"cp27:4.1":	"न तस्स अलिकं भणितं, ",
"cp27:4.2":	"यथा वाचं अकासहं; ",
"cp27:4.3":	"सच्चेन मे समो नत्थि, ",
"cp27:4.4":	"एसा मे सच्चपारमी”ति। ",
"cp27:4.5":	"कपिराजचरियं सत्तमं। "
}	
