{	
"cp28:0.1":	"चरियापिटक ",
"cp28:0.2":	"युधञ्जयवग्ग ",
"cp28:0.3":	"सच्चपारमी २ ",
"cp28:0.4":	"सच्चतापसचरिय ",
"cp28:1.1":	"“पुनापरं यदा होमि, ",
"cp28:1.2":	"तापसो सच्चसव्हयो; ",
"cp28:1.3":	"सच्चेन लोकं पालेसिं, ",
"cp28:1.4":	"समग्गं जनमकासहन्”ति। ",
"cp28:2.1":	"सच्चतापसचरियं अट्ठमं। "
}	
