{	
"cp30:0.1":	"चरियापिटक ",
"cp30:0.2":	"युधञ्जयवग्ग ",
"cp30:0.3":	"सच्चपारमी ४ ",
"cp30:0.4":	"मच्छराजचरिय ",
"cp30:1.1":	"“पुनापरं यदा होमि, ",
"cp30:1.2":	"मच्छराजा महासरे; ",
"cp30:1.3":	"उण्हे सूरियसन्तापे, ",
"cp30:1.4":	"सरे उदक खीयथ। ",
"cp30:2.1":	"ततो काका च गिज्झा च, ",
"cp30:2.2":	"कङ्का कुललसेनका; ",
"cp30:2.3":	"भक्खयन्ति दिवारत्तिं, ",
"cp30:2.4":	"मच्छे उपनिसीदिय। ",
"cp30:3.1":	"एवं चिन्तेसहं तत्थ, ",
"cp30:3.2":	"सह ञातीहि पीळितो; ",
"cp30:3.3":	"‘केन नु खो उपायेन, ",
"cp30:3.4":	"ञाती दुक्खा पमोचये’। ",
"cp30:4.1":	"विचिन्तयित्वा धम्मत्थं, ",
"cp30:4.2":	"सच्चं अद्दस पस्सयं; ",
"cp30:4.3":	"सच्चे ठत्वा पमोचेसिं, ",
"cp30:4.4":	"ञातीनं तं अतिक्खयं। ",
"cp30:5.1":	"अनुस्सरित्वा सतं धम्मं, ",
"cp30:5.2":	"परमत्थं विचिन्तयं; ",
"cp30:5.3":	"अकासिं सच्चकिरियं, ",
"cp30:5.4":	"यं लोके धुवसस्सतं। ",
"cp30:6.1":	"‘यतो सरामि अत्तानं, ",
"cp30:6.2":	"यतो पत्तोस्मि विञ्ञुतं; ",
"cp30:6.3":	"नाभिजानामि सञ्चिच्च, ",
"cp30:6.4":	"एकपाणम्पि हिंसितं। ",
"cp30:7.1":	"एतेन सच्चवज्जेन, ",
"cp30:7.2":	"पज्जुन्नो अभिवस्सतु; ",
"cp30:7.3":	"अभित्थनय पज्जुन्न, ",
"cp30:7.4":	"निधिं काकस्स नासय; ",
"cp30:7.5":	"काकं सोकाय रन्धेहि, ",
"cp30:7.6":	"मच्छे सोका पमोचय’। ",
"cp30:8.1":	"सह कते सच्चवरे, ",
"cp30:8.2":	"पज्जुन्नो अभिगज्जिय; ",
"cp30:8.3":	"थलं निन्नञ्च पूरेन्तो, ",
"cp30:8.4":	"खणेन अभिवस्सथ। ",
"cp30:9.1":	"एवरूपं सच्चवरं, ",
"cp30:9.2":	"कत्वा वीरियमुत्तमं; ",
"cp30:9.3":	"वस्सापेसिं महामेघं, ",
"cp30:9.4":	"सच्चतेजबलस्सितो; ",
"cp30:9.5":	"सच्चेन मे समो नत्थि, ",
"cp30:9.6":	"एसा मे सच्चपारमी”ति। ",
"cp30:10.1":	"मच्छराजचरियं दसमं। "
}	
