{	
"cp34:0.1":	"चरियापिटक ",
"cp34:0.2":	"युधञ्जयवग्ग ",
"cp34:0.3":	"मेत्तापारमी २ ",
"cp34:0.4":	"एकराजचरिय ",
"cp34:1.1":	"“पुनापरं यदा होमि, ",
"cp34:1.2":	"एकराजाति विस्सुतो; ",
"cp34:1.3":	"परमं सीलं अधिट्ठाय, ",
"cp34:1.4":	"पसासामि महामहिं। ",
"cp34:2.1":	"दस कुसलकम्मपथे, ",
"cp34:2.2":	"वत्तामि अनवसेसतो; ",
"cp34:2.3":	"चतूहि सङ्गहवत्थूहि, ",
"cp34:2.4":	"सङ्गण्हामि महाजनं। ",
"cp34:3.1":	"एवं मे अप्पमत्तस्स, ",
"cp34:3.2":	"इध लोके परत्थ च; ",
"cp34:3.3":	"दब्बसेनो उपगन्त्वा, ",
"cp34:3.4":	"अच्छिन्दन्तो पुरं मम। ",
"cp34:4.1":	"राजूपजीवे निगमे, ",
"cp34:4.2":	"सबलट्ठे सरट्ठके; ",
"cp34:4.3":	"सब्बं हत्थगतं कत्वा, ",
"cp34:4.4":	"कासुया निखणी ममं। ",
"cp34:5.1":	"अमच्चमण्डलं रज्जं, ",
"cp34:5.2":	"फीतं अन्तेपुरं मम; ",
"cp34:5.3":	"अच्छिन्दित्वान गहितं, ",
"cp34:5.4":	"पियं पुत्तंव पस्सहं; ",
"cp34:5.5":	"मेत्ताय मे समो नत्थि, ",
"cp34:5.6":	"एसा मे मेत्तापारमी”ति। ",
"cp34:6.1":	"एकराजचरियं चुद्दसमं। "
}	
