{	
"cp35:0.1":	"चरियापिटक ",
"cp35:0.2":	"युधञ्जयवग्ग ",
"cp35:0.3":	"उपेक्खापारमी १ ",
"cp35:0.4":	"महालोमहंसचरिय ",
"cp35:1.1":	"“सुसाने सेय्यं कप्पेमि, ",
"cp35:1.2":	"छवट्ठिकं उपनिधायहं; ",
"cp35:1.3":	"गामण्डला उपागन्त्वा, ",
"cp35:1.4":	"रूपं दस्सेन्तिनप्पकं। ",
"cp35:2.1":	"अपरे गन्धमालञ्च, ",
"cp35:2.2":	"भोजनं विविधं बहुं; ",
"cp35:2.3":	"उपायनानूपनेन्ति, ",
"cp35:2.4":	"हट्ठा संविग्गमानसा। ",
"cp35:3.1":	"ये मे दुक्खं उपहरन्ति, ",
"cp35:3.2":	"ये च देन्ति सुखं मम; ",
"cp35:3.3":	"सब्बेसं समको होमि, ",
"cp35:3.4":	"दया कोपो न विज्जति। ",
"cp35:4.1":	"सुखदुक्खे तुलाभूतो, ",
"cp35:4.2":	"यसेसु अयसेसु च; ",
"cp35:4.3":	"सब्बत्थ समको होमि, ",
"cp35:4.4":	"एसा मे उपेक्खापारमी”ति। ",
"cp35:5.1":	"महालोमहंसचरियं पन्नरसमं। ",
"cp35:6.1":	"युधञ्जयवग्गो ततियो। ",
"cp35:7.1":	"तस्सुद्दानं ",
"cp35:8.1":	"युधञ्जयो सोमनस्सो, ",
"cp35:8.2":	"अयोघरभिसेन च; ",
"cp35:8.3":	"सोणनन्दो मूगपक्खो, ",
"cp35:8.4":	"कपिराजा सच्चसव्हयो। ",
"cp35:9.1":	"वट्टको मच्छराजा च, ",
"cp35:9.2":	"कण्हदीपायनो इसि; ",
"cp35:9.3":	"सुतसोमो पुन आसिं, ",
"cp35:9.4":	"सामो च एकराजहु; ",
"cp35:9.5":	"उपेक्खापारमी आसि, ",
"cp35:9.6":	"इति वुत्थं महेसिना। ",
"cp35:10.1":	"एवं बहुब्बिधं दुक्खं, ",
"cp35:10.2":	"सम्पत्ती च बहुब्बिधा; ",
"cp35:10.3":	"भवाभवे अनुभवित्वा, ",
"cp35:10.4":	"पत्तो सम्बोधिमुत्तमं। ",
"cp35:11.1":	"दत्वा दातब्बकं दानं, ",
"cp35:11.2":	"सीलं पूरेत्वा असेसतो; ",
"cp35:11.3":	"नेक्खम्मे पारमिं गन्त्वा, ",
"cp35:11.4":	"पत्तो सम्बोधिमुत्तमं। ",
"cp35:12.1":	"पण्डिते परिपुच्छित्वा, ",
"cp35:12.2":	"वीरियं कत्वान मुत्तमं; ",
"cp35:12.3":	"खन्तिया पारमिं गन्त्वा, ",
"cp35:12.4":	"पत्तो सम्बोधिमुत्तमं। ",
"cp35:13.1":	"कत्वा दळ्हमधिट्ठानं, ",
"cp35:13.2":	"सच्चवाचानुरक्खिय; ",
"cp35:13.3":	"मेत्ताय पारमिं गन्त्वा, ",
"cp35:13.4":	"पत्तो सम्बोधिमुत्तमं। ",
"cp35:14.1":	"लाभालाभे यसायसे, ",
"cp35:14.2":	"सम्माननावमानने; ",
"cp35:14.3":	"सब्बत्थ समको हुत्वा, ",
"cp35:14.4":	"पत्तो सम्बोधिमुत्तमं। ",
"cp35:15.1":	"कोसज्जं भयतो दिस्वा, ",
"cp35:15.2":	"वीरियारम्भञ्च खेमतो; ",
"cp35:15.3":	"आरद्धवीरिया होथ, ",
"cp35:15.4":	"एसा बुद्धानुसासनी। ",
"cp35:16.1":	"विवादं भयतो दिस्वा, ",
"cp35:16.2":	"अविवादञ्च खेमतो; ",
"cp35:16.3":	"समग्गा सखिला होथ, ",
"cp35:16.4":	"एसा बुद्धानुसासनी। ",
"cp35:17.1":	"पमादं भयतो दिस्वा, ",
"cp35:17.2":	"अप्पमादञ्च खेमतो; ",
"cp35:17.3":	"भावेथट्ठङ्गिकं मग्गं, ",
"cp35:17.4":	"एसा बुद्धानुसासनी। ",
"cp35:18.1":	"इत्थं सुदं भगवा अत्तनो पुब्बचरियं सम्भावयमानो बुद्धापदानियं नाम धम्मपरियायं अभासित्थाति। ",
"cp35:19.1":	"चरियापिटकं निट्ठितं। "
}	
