{	
"cp4:0.1":	"चरियापिटक ",
"cp4:0.2":	"अकित्तिवग्ग ",
"cp4:0.3":	"दानपारमी ४ ",
"cp4:0.4":	"महासुदस्सनचरिय ",
"cp4:1.1":	"“कुसावतिम्हि नगरे, ",
"cp4:1.2":	"यदा आसिं महीपति; ",
"cp4:1.3":	"महासुदस्सनो नाम, ",
"cp4:1.4":	"चक्कवत्ती महब्बलो। ",
"cp4:2.1":	"तत्थाहं दिवसे तिक्खत्तुं, ",
"cp4:2.2":	"घोसापेमि तहिं तहिं; ",
"cp4:2.3":	"‘को किं इच्छति पत्थेति, ",
"cp4:2.4":	"कस्स किं दीयतू धनं। ",
"cp4:3.1":	"को छातको को तसितो, ",
"cp4:3.2":	"को मालं को विलेपनं; ",
"cp4:3.3":	"नानारत्तानि वत्थानि, ",
"cp4:3.4":	"को नग्गो परिदहिस्सति। ",
"cp4:4.1":	"को पथे छत्तमादेति, ",
"cp4:4.2":	"कोपाहना मुदू सुभा’; ",
"cp4:4.3":	"इति सायञ्च पातो च, ",
"cp4:4.4":	"घोसापेमि तहिं तहिं। ",
"cp4:5.1":	"न तं दससु ठानेसु, ",
"cp4:5.2":	"नपि ठानसतेसु वा; ",
"cp4:5.3":	"अनेकसतठानेसु, ",
"cp4:5.4":	"पटियत्तं याचके धनं। ",
"cp4:6.1":	"दिवा वा यदि वा रत्तिं, ",
"cp4:6.2":	"यदि एति वनिब्बको; ",
"cp4:6.3":	"लद्धा यदिच्छकं भोगं, ",
"cp4:6.4":	"पूरहत्थोव गच्छति। ",
"cp4:7.1":	"एवरूपं महादानं, ",
"cp4:7.2":	"अदासिं यावजीविकं; ",
"cp4:7.3":	"नपाहं देस्सं धनं दम्मि, ",
"cp4:7.4":	"नपि नत्थि निचयो मयि। ",
"cp4:8.1":	"यथापि आतुरो नाम, ",
"cp4:8.2":	"रोगतो परिमुत्तिया; ",
"cp4:8.3":	"धनेन वेज्जं तप्पेत्वा, ",
"cp4:8.4":	"रोगतो परिमुच्चति। ",
"cp4:9.1":	"तथेवाहं जानमानो, ",
"cp4:9.2":	"परिपूरेतुमसेसतो; ",
"cp4:9.3":	"ऊनमनं पूरयितुं, ",
"cp4:9.4":	"देमि दानं वनिब्बके; ",
"cp4:9.5":	"निरालयो अपच्चासो, ",
"cp4:9.6":	"सम्बोधिमनुपत्तिया”ति। ",
"cp4:10.1":	"महासुदस्सनचरियं चतुत्थं। "
}	
