{	
"cp5:0.1":	"चरियापिटक ",
"cp5:0.2":	"अकित्तिवग्ग ",
"cp5:0.3":	"दानपारमी ५ ",
"cp5:0.4":	"महागोविन्दचरिय ",
"cp5:1.1":	"“पुनापरं यदा होमि, ",
"cp5:1.2":	"सत्तराजपुरोहितो; ",
"cp5:1.3":	"पूजितो नरदेवेहि, ",
"cp5:1.4":	"महागोविन्दब्राह्मणो। ",
"cp5:2.1":	"तदाहं सत्तरज्जेसु, ",
"cp5:2.2":	"यं मे आसि उपायनं; ",
"cp5:2.3":	"तेन देमि महादानं, ",
"cp5:2.4":	"अक्खोब्भं सागरूपमं। ",
"cp5:3.1":	"न मे देस्सं धनं धञ्ञं, ",
"cp5:3.2":	"नपि नत्थि निचयो मयि; ",
"cp5:3.3":	"सब्बञ्ञुतं पियं मय्हं, ",
"cp5:3.4":	"तस्मा देमि वरं धनन्”ति। ",
"cp5:4.1":	"महागोविन्दचरियं पञ्चमं। "
}	
