{	
"kp1:0.1":	"खुद्दकपाठ १ ",
"kp1:0.2":	"सरणत्तय ",
"kp1:1.1":	"नमो तस्स भगवतो अरहतो सम्मासम्बुद्धस्स। ",
"kp1:2.1":	"बुद्धं सरणं गच्छामि, ",
"kp1:2.2":	"धम्मं सरणं गच्छामि, ",
"kp1:2.3":	"सङ्घं सरणं गच्छामि। ",
"kp1:3.1":	"दुतियम्पि बुद्धं सरणं गच्छामि, ",
"kp1:3.2":	"दुतियम्पि धम्मं सरणं गच्छामि, ",
"kp1:3.3":	"दुतियम्पि सङ्घं सरणं गच्छामि। ",
"kp1:4.1":	"ततियम्पि बुद्धं सरणं गच्छामि, ",
"kp1:4.2":	"ततियम्पि धम्मं सरणं गच्छामि, ",
"kp1:4.3":	"ततियम्पि सङ्घं सरणं गच्छामि। ",
"kp1:5.1":	"सरणत्तयं। "
}	
