{	
"kp2:0.1":	"खुद्दकपाठ २ ",
"kp2:0.2":	"दससिक्खापद ",
"kp2:1.1":	"पाणातिपाता वेरमणिसिक्खापदं समादियामि। ",
"kp2:2.1":	"अदिन्नादाना वेरमणिसिक्खापदं समादियामि। ",
"kp2:3.1":	"अब्रह्मचरिया वेरमणिसिक्खापदं समादियामि। ",
"kp2:4.1":	"मुसावादा वेरमणिसिक्खापदं समादियामि। ",
"kp2:5.1":	"सुरामेरयमज्जपमादट्ठाना वेरमणिसिक्खापदं समादियामि। ",
"kp2:6.1":	"विकालभोजना वेरमणिसिक्खापदं समादियामि। ",
"kp2:7.1":	"नच्चगीतवादितविसूकदस्सना वेरमणिसिक्खापदं समादियामि। ",
"kp2:8.1":	"मालागन्धविलेपनधारणमण्डनविभूसनट्ठाना वेरमणिसिक्खापदं समादियामि। ",
"kp2:9.1":	"उच्चासयनमहासयना वेरमणिसिक्खापदं समादियामि। ",
"kp2:10.1":	"जातरूपरजतपटिग्गहणा वेरमणिसिक्खापदं समादियामि। ",
"kp2:11.1":	"दससिक्खापदं। "
}	
