{	
"kp4:0.1":	"खुद्दकपाठ ४ ",
"kp4:0.2":	"कुमारपञ्हा ",
"kp4:1.1":	"एकं नाम किं? ",
"kp4:1.2":	"सब्बे सत्ता आहारट्ठितिका। ",
"kp4:2.1":	"द्वे नाम किं? ",
"kp4:2.2":	"नामञ्च रूपञ्च। ",
"kp4:3.1":	"तीणि नाम किं? ",
"kp4:3.2":	"तिस्सो वेदना। ",
"kp4:4.1":	"चत्तारि नाम किं? ",
"kp4:4.2":	"चत्तारि अरियसच्चानि। ",
"kp4:5.1":	"पञ्च नाम किं? ",
"kp4:5.2":	"पञ्चुपादानक्खन्धा। ",
"kp4:6.1":	"छ नाम किं? ",
"kp4:6.2":	"छ अज्झत्तिकानि आयतनानि। ",
"kp4:7.1":	"सत्त नाम किं? ",
"kp4:7.2":	"सत्त बोज्झङ्गा। ",
"kp4:8.1":	"अट्ठ नाम किं? ",
"kp4:8.2":	"अरियो अट्ठङ्गिको मग्गो। ",
"kp4:9.1":	"नव नाम किं? ",
"kp4:9.2":	"नव सत्तावासा। ",
"kp4:10.1":	"दस नाम किं? ",
"kp4:10.2":	"दसहङ्गेहि समन्नागतो “अरहा”ति वुच्चतीति। ",
"kp4:11.1":	"कुमारपञ्हा। "
}	
