{	
"kp5:0.1":	"खुद्दकपाठ ५ ",
"kp5:0.2":	"मङ्गलसुत्त ",
"kp5:1.1":	"एवं मे सुतं—",
"kp5:1.2":	"एकं समयं भगवा सावत्थियं विहरति जेतवने अनाथपिण्डिकस्स आरामे। ",
"kp5:1.3":	"अथ खो अञ्ञतरा देवता अभिक्कन्ताय रत्तिया अभिक्कन्तवण्णा केवलकप्पं जेतवनं ओभासेत्वा येन भगवा तेनुपसङ्कमि; उपसङ्कमित्वा भगवन्तं अभिवादेत्वा एकमन्तं अट्ठासि। ",
"kp5:1.4":	"एकमन्तं ठिता खो सा देवता भगवन्तं गाथाय अज्झभासि—",
"kp5:2.1":	"“बहू देवा मनुस्सा च, ",
"kp5:2.2":	"मङ्गलानि अचिन्तयुं; ",
"kp5:2.3":	"आकङ्खमाना सोत्थानं, ",
"kp5:2.4":	"ब्रूहि मङ्गलमुत्तमं”। ",
"kp5:3.1":	"“असेवना च बालानं, ",
"kp5:3.2":	"पण्डितानञ्च सेवना; ",
"kp5:3.3":	"पूजा च पूजनेय्यानं, ",
"kp5:3.4":	"एतं मङ्गलमुत्तमं। ",
"kp5:4.1":	"पतिरूपदेसवासो च, ",
"kp5:4.2":	"पुब्बे च कतपुञ्ञता; ",
"kp5:4.3":	"अत्तसम्मापणिधि च, ",
"kp5:4.4":	"एतं मङ्गलमुत्तमं। ",
"kp5:5.1":	"बाहुसच्चञ्च सिप्पञ्च, ",
"kp5:5.2":	"विनयो च सुसिक्खितो; ",
"kp5:5.3":	"सुभासिता च या वाचा, ",
"kp5:5.4":	"एतं मङ्गलमुत्तमं। ",
"kp5:6.1":	"मातापितुउपट्ठानं, ",
"kp5:6.2":	"पुत्तदारस्स सङ्गहो; ",
"kp5:6.3":	"अनाकुला च कम्मन्ता, ",
"kp5:6.4":	"एतं मङ्गलमुत्तमं। ",
"kp5:7.1":	"दानञ्च धम्मचरिया च, ",
"kp5:7.2":	"ञातकानञ्च सङ्गहो; ",
"kp5:7.3":	"अनवज्जानि कम्मानि, ",
"kp5:7.4":	"एतं मङ्गलमुत्तमं। ",
"kp5:8.1":	"आरती विरती पापा, ",
"kp5:8.2":	"मज्जपाना च संयमो; ",
"kp5:8.3":	"अप्पमादो च धम्मेसु, ",
"kp5:8.4":	"एतं मङ्गलमुत्तमं। ",
"kp5:9.1":	"गारवो च निवातो च, ",
"kp5:9.2":	"सन्तुट्ठि च कतञ्ञुता; ",
"kp5:9.3":	"कालेन धम्मस्सवनं, ",
"kp5:9.4":	"एतं मङ्गलमुत्तमं। ",
"kp5:10.1":	"खन्ती च सोवचस्सता, ",
"kp5:10.2":	"समणानञ्च दस्सनं; ",
"kp5:10.3":	"कालेन धम्मसाकच्छा, ",
"kp5:10.4":	"एतं मङ्गलमुत्तमं। ",
"kp5:11.1":	"तपो च ब्रह्मचरियञ्च, ",
"kp5:11.2":	"अरियसच्चान दस्सनं; ",
"kp5:11.3":	"निब्बानसच्छिकिरिया च, ",
"kp5:11.4":	"एतं मङ्गलमुत्तमं। ",
"kp5:12.1":	"फुट्ठस्स लोकधम्मेहि, ",
"kp5:12.2":	"चित्तं यस्स न कम्पति; ",
"kp5:12.3":	"असोकं विरजं खेमं, ",
"kp5:12.4":	"एतं मङ्गलमुत्तमं। ",
"kp5:13.1":	"एतादिसानि कत्वान, ",
"kp5:13.2":	"सब्बत्थ मपराजिता; ",
"kp5:13.3":	"सब्बत्थ सोत्थिं गच्छन्ति, ",
"kp5:13.4":	"तं तेसं मङ्गलमुत्तमन्”ति। ",
"kp5:14.1":	"मङ्गलसुत्तं। "
}	
