{	
"kp8:0.1":	"खुद्दकपाठ ८ ",
"kp8:0.2":	"निधिकण्डसुत्त ",
"kp8:1.1":	"निधिं निधेति पुरिसो, ",
"kp8:1.2":	"गम्भीरे ओदकन्तिके; ",
"kp8:1.3":	"अत्थे किच्चे समुप्पन्ने, ",
"kp8:1.4":	"अत्थाय मे भविस्सति। ",
"kp8:2.1":	"राजतो वा दुरुत्तस्स, ",
"kp8:2.2":	"चोरतो पीळितस्स वा; ",
"kp8:2.3":	"इणस्स वा पमोक्खाय, ",
"kp8:2.4":	"दुब्भिक्खे आपदासु वा; ",
"kp8:2.5":	"एतदत्थाय लोकस्मिं, ",
"kp8:2.6":	"निधि नाम निधीयति। ",
"kp8:3.1":	"तावस्सुनिहितो सन्तो, ",
"kp8:3.2":	"गम्भीरे ओदकन्तिके; ",
"kp8:3.3":	"न सब्बो सब्बदा एव, ",
"kp8:3.4":	"तस्स तं उपकप्पति। ",
"kp8:4.1":	"निधि वा ठाना चवति, ",
"kp8:4.2":	"सञ्ञा वास्स विमुय्हति; ",
"kp8:4.3":	"नागा वा अपनामेन्ति, ",
"kp8:4.4":	"यक्खा वापि हरन्ति नं। ",
"kp8:5.1":	"अप्पिया वापि दायादा, ",
"kp8:5.2":	"उद्धरन्ति अपस्सतो; ",
"kp8:5.3":	"यदा पुञ्ञक्खयो होति, ",
"kp8:5.4":	"सब्बमेतं विनस्सति। ",
"kp8:6.1":	"यस्स दानेन सीलेन, ",
"kp8:6.2":	"संयमेन दमेन च; ",
"kp8:6.3":	"निधी सुनिहितो होति, ",
"kp8:6.4":	"इत्थिया पुरिसस्स वा। ",
"kp8:7.1":	"चेतियम्हि च सङ्घे वा, ",
"kp8:7.2":	"पुग्गले अतिथीसु वा; ",
"kp8:7.3":	"मातरि पितरि चापि, ",
"kp8:7.4":	"अथो जेट्ठम्हि भातरि। ",
"kp8:8.1":	"एसो निधि सुनिहितो, ",
"kp8:8.2":	"अजेय्यो अनुगामिको; ",
"kp8:8.3":	"पहाय गमनीयेसु, ",
"kp8:8.4":	"एतं आदाय गच्छति। ",
"kp8:9.1":	"असाधारणमञ्ञेसं, ",
"kp8:9.2":	"अचोराहरणो निधि; ",
"kp8:9.3":	"कयिराथ धीरो पुञ्ञानि, ",
"kp8:9.4":	"यो निधि अनुगामिको। ",
"kp8:10.1":	"एस देवमनुस्सानं, ",
"kp8:10.2":	"सब्बकामददो निधि; ",
"kp8:10.3":	"यं यदेवाभिपत्थेन्ति, ",
"kp8:10.4":	"सब्बमेतेन लब्भति। ",
"kp8:11.1":	"सुवण्णता सुसरता, ",
"kp8:11.2":	"सुसण्ठाना सुरूपता; ",
"kp8:11.3":	"आधिपच्चपरिवारो, ",
"kp8:11.4":	"सब्बमेतेन लब्भति। ",
"kp8:12.1":	"पदेसरज्जं इस्सरियं, ",
"kp8:12.2":	"चक्कवत्तिसुखं पियं; ",
"kp8:12.3":	"देवरज्जम्पि दिब्बेसु, ",
"kp8:12.4":	"सब्बमेतेन लब्भति। ",
"kp8:13.1":	"मानुस्सिका च सम्पत्ति, ",
"kp8:13.2":	"देवलोके च या रति; ",
"kp8:13.3":	"या च निब्बानसम्पत्ति, ",
"kp8:13.4":	"सब्बमेतेन लब्भति। ",
"kp8:14.1":	"मित्तसम्पदमागम्म, ",
"kp8:14.2":	"योनिसोव पयुञ्जतो; ",
"kp8:14.3":	"विज्जाविमुत्तिवसीभावो, ",
"kp8:14.4":	"सब्बमेतेन लब्भति। ",
"kp8:15.1":	"पटिसम्भिदा विमोक्खा च, ",
"kp8:15.2":	"या च सावकपारमी; ",
"kp8:15.3":	"पच्चेकबोधि बुद्धभूमि, ",
"kp8:15.4":	"सब्बमेतेन लब्भति। ",
"kp8:16.1":	"एवं महत्थिका एसा, ",
"kp8:16.2":	"यदिदं पुञ्ञसम्पदा; ",
"kp8:16.3":	"तस्मा धीरा पसंसन्ति, ",
"kp8:16.4":	"पण्डिता कतपुञ्ञतन्ति। ",
"kp8:17.1":	"निधिकण्डसुत्तं। "
}	
