{	
"mil1:0.1":	"मिलिन्दपञ्ह ",
"mil1:0.2":	"१। आरम्भकथा ",
"mil1:1.1":	"नमो तस्स भगवतो अरहतो सम्मासम्बुद्धस्स। ",
"mil1:2.1":	"मिलिन्दो नाम सो राजा, ",
"mil1:2.2":	"सागलायं पुरुत्तमे; ",
"mil1:2.3":	"उपगञ्छि नागसेनं, ",
"mil1:2.4":	"गङ्गा च यथा सागरं। ",
"mil1:3.1":	"आसज्ज राजा चित्रकथिं, ",
"mil1:3.2":	"उक्काधारं तमोनुदं; ",
"mil1:3.3":	"अपुच्छि निपुणे पञ्हे, ",
"mil1:3.4":	"ठानाट्ठानगते पुथू। ",
"mil1:4.1":	"पुच्छा विसज्जना चेव, ",
"mil1:4.2":	"गम्भीरत्थूपनिस्सिता; ",
"mil1:4.3":	"हदयङ्गमा कण्णसुखा, ",
"mil1:4.4":	"अब्भुता लोमहंसना। ",
"mil1:5.1":	"अभिधम्मविनयोगाळ्हा, ",
"mil1:5.2":	"सुत्तजालसमत्तिता; ",
"mil1:5.3":	"नागसेनकथा चित्रा, ",
"mil1:5.4":	"ओपम्मेहि नयेहि च। ",
"mil1:6.1":	"तत्थ ञाणं पणिधाय, ",
"mil1:6.2":	"हासयित्वान मानसं; ",
"mil1:6.3":	"सुणाथ निपुणे पञ्हे, ",
"mil1:6.4":	"कङ्खाट्ठानविदालनेति। ",
"mil1:7.1":	"तं यथानुसूयते—",
"mil1:7.2":	"अत्थि योनकानं नानापुटभेदनं सागलं नाम नगरं नदीपब्बतसोभितं रमणीयभूमिप्पदेसभागं आरामुय्यानोपवनतळाकपोक्खरणिसम्पन्नं नदीपब्बतवनरामणेय्यकं सुतवन्तनिम्मितं निहतपच्चत्थिकं पच्चामित्तानुपपीळितं विविधविचित्रदळ्हमट्टालकोट्ठकं वरपवरगोपुरतोरणं गम्भीरपरिखापण्डरपाकारपरिक्खित्तन्तेपुरं। ",
"mil1:7.3":	"सुविभत्तवीथिचच्चरचतुक्कसिङ्घाटकं सुप्पसारितानेकविधवरभण्डपरिपूरितन्तरापणं विविधदानग्गसतसमुपसोभितं हिमगिरिसिखरसङ्कासवरभवनसतसहस्सप्पटिमण्डितं गजहयरथपत्तिसमाकुलं अभिरूपनरनारिगणानुचरितं आकिण्णजनमनुस्सं पुथुखत्तियब्राह्मणवेस्ससुद्दं विविधसमणब्राह्मणसभाजनसङ्घटितं बहुविधविज्जावन्त नरचिरनिसेवितं कासिककोटुम्बरिकादिनानाविधवत्थापणसम्पन्नं सुप्पसारितरुचिरबहुविधपुप्फगन्धापणं गन्धगन्धितं आसीसनीयबहुरतनपरिपूरितं दिसामुखसुप्पसारितापणं सिङ्गारवाणिजगणानुचरितं कहापणरजतसुवण्णकंसपत्थरपरिपूरं पज्जोतमाननिधिनिकेतं पहूतधनधञ्ञवित्तूपकरणं परिपुण्णकोसकोट्ठागारं बह्वन्नपानं बहुविधखज्जभोज्जलेय्यपेय्यसायनीयं उत्तरकुरुसङ्कासं सम्पन्नसस्सं आळकमन्दा विय देवपुरं। ",
"mil1:8.1":	"एत्थ ठत्वा तेसं पुब्बकम्मं कथेतब्बं, कथेन्तेन च छधा विभजित्वा कथेतब्बं। ",
"mil1:8.2":	"सेय्यथिदं—",
"mil1:8.3":	"पुब्बयोगो मिलिन्दपञ्हं लक्खणपञ्हं मेण्डकपञ्हं अनुमानपञ्हं ओपम्मकथापञ्हन्ति। ",
"mil1:9.1":	"तत्थ मिलिन्दपञ्हो लक्खणपञ्हो, विमतिच्छेदनपञ्होति दुविधो। ",
"mil1:9.2":	"मेण्डकपञ्होपि महावग्गो, योगिकथापञ्होति दुविधो। "
}	
