{	
"mil3.5.10:0.1":	"मिलिन्दपञ्ह ",
"mil3.5.10:0.2":	"बुद्धवग्ग ",
"mil3.5.10:0.3":	"१०। बुद्धनिदस्सनपञ्ह ",
"mil3.5.10:1.1":	"राजा आह—",
"mil3.5.10:1.2":	"“भन्ते नागसेन, बुद्धो अत्थी”ति? ",
"mil3.5.10:1.3":	"“आम, महाराज, भगवा अत्थी”ति। ",
"mil3.5.10:1.4":	"“सक्का पन, भन्ते नागसेन, बुद्धो निदस्सेतुं इध वा इध वा”ति? ",
"mil3.5.10:1.5":	"“परिनिब्बुतो, महाराज, भगवा अनुपादिसेसाय निब्बानधातुया, न सक्का भगवा निदस्सेतुं ‘इध वा इध वा’”ति। ",
"mil3.5.10:2.1":	"“ओपम्मं करोही”ति। ",
"mil3.5.10:2.2":	"“तं किं मञ्ञसि, महाराज, महतो अग्गिक्खन्धस्स जलमानस्स या अच्चि अत्थङ्गता, सक्का सा अच्चि दस्सेतुं ‘इध वा इध वा’”ति? ",
"mil3.5.10:2.3":	"“न हि, भन्ते, निरुद्धा सा अच्चि अप्पञ्ञत्तिं गता”ति। ",
"mil3.5.10:2.4":	"“एवमेव खो, महाराज, भगवा अनुपादिसेसाय निब्बानधातुया परिनिब्बुतो अत्थङ्गतो, न सक्का भगवा निदस्सेतुं ‘इध वा इध वा’ति, धम्मकायेन पन खो, महाराज, सक्का भगवा निदस्सेतुं। ",
"mil3.5.10:2.5":	"धम्मो हि, महाराज, भगवता देसितो”ति। ",
"mil3.5.10:3.1":	"“कल्लोसि, भन्ते नागसेना”ति। ",
"mil3.5.10:4.1":	"बुद्धनिदस्सनपञ्हो दसमो। ",
"mil3.5.10:5.1":	"बुद्धवग्गो पञ्चमो। ",
"mil3.5.10:6.1":	"इमस्मिं वग्गे दस पञ्हा। "
}	
