{	
"mil3.4.7:0.1":	"मिलिन्दपञ्ह ",
"mil3.4.7:0.2":	"निब्बानवग्ग ",
"mil3.4.7:0.3":	"७। पथविसन्धारकपञ्ह ",
"mil3.4.7:1.1":	"राजा आह—",
"mil3.4.7:1.2":	"“भन्ते नागसेन, तुम्हे भणथ—",
"mil3.4.7:1.3":	"‘अयं महा पथवी उदके पतिट्ठिता, उदकं वाते पतिट्ठितं, वातो आकासे पतिट्ठितो’ति, एतम्पि वचनं न सद्दहामी”ति। ",
"mil3.4.7:1.4":	"थेरो धम्मकरकेन उदकं गहेत्वा राजानं मिलिन्दं सञ्ञापेसि—",
"mil3.4.7:1.5":	"“यथा, महाराज, इमं उदकं वातेन आधारितं, एवं तम्पि उदकं वातेन आधारितन्”ति। ",
"mil3.4.7:2.1":	"“कल्लोसि, भन्ते नागसेना”ति। ",
"mil3.4.7:3.1":	"पथविसन्धारकपञ्हो सत्तमो। "
}	
