{	
"mil3.1.1:0.1":	"मिलिन्दपञ्ह ",
"mil3.1.1:0.2":	"महावग्ग ",
"mil3.1.1:0.3":	"१। पञ्ञत्तिपञ्ह ",
"mil3.1.1:1.1":	"अथ खो मिलिन्दो राजा येनायस्मा नागसेनो तेनुपसङ्कमि, उपसङ्कमित्वा आयस्मता नागसेनेन सद्धिं सम्मोदि, सम्मोदनीयं कथं सारणीयं वीतिसारेत्वा एकमन्तं निसीदि। ",
"mil3.1.1:1.2":	"आयस्मापि खो नागसेनो पटिसम्मोदनीयेनेव मिलिन्दस्स रञ्ञो चित्तं आराधेसि। ",
"mil3.1.1:2.1":	"अथ खो मिलिन्दो राजा आयस्मन्तं नागसेनं एतदवोच—",
"mil3.1.1:2.2":	"“कथं भदन्तो ञायति, किन्नामोसि, भन्ते”ति? ",
"mil3.1.1:2.3":	"“‘नागसेनो’ति खो अहं, महाराज, ञायामि, ‘नागसेनो’ति खो मं, महाराज, सब्रह्मचारी समुदाचरन्ति, अपि च मातापितरो नामं करोन्ति ‘नागसेनो’ति वा ‘सूरसेनो’ति वा ‘वीरसेनो’ति वा ‘सीहसेनो’ति वा, अपि च खो, महाराज, सङ्खा समञ्ञा पञ्ञत्ति वोहारो नाममत्तं यदिदं नागसेनोति, न हेत्थ पुग्गलो उपलब्भती”ति। ",
"mil3.1.1:3.1":	"अथ खो मिलिन्दो राजा एवमाह—",
"mil3.1.1:3.2":	"“सुणन्तु मे भोन्तो पञ्चसता योनका असीतिसहस्सा च भिक्खू, अयं नागसेनो एवमाह—",
"mil3.1.1:3.3":	"‘न हेत्थ पुग्गलो उपलब्भती’ति, कल्लं नु खो तदभिनन्दितुन्”ति। ",
"mil3.1.1:3.4":	"अथ खो मिलिन्दो राजा आयस्मन्तं नागसेनं एतदवोच—",
"mil3.1.1:3.5":	"“सचे, भन्ते नागसेन, पुग्गलो नूपलब्भति, को चरहि तुम्हाकं चीवरपिण्डपातसेनासनगिलानप्पच्चयभेसज्जपरिक्खारं देति, को तं परिभुञ्जति, को सीलं रक्खति, को भावनमनुयुञ्जति, को मग्गफलनिब्बानानि सच्छिकरोति, को पाणं हनति, को अदिन्नं आदियति, को कामेसुमिच्छाचारं चरति, को मुसा भणति, को मज्जं पिवति, को पञ्चानन्तरियकम्मं करोति, तस्मा नत्थि कुसलं, नत्थि अकुसलं, नत्थि कुसलाकुसलानं कम्मानं कत्ता वा कारेता वा, नत्थि सुकतदुक्कटानं कम्मानं फलं विपाको, सचे, भन्ते नागसेन, यो तुम्हे मारेति, नत्थि तस्सापि पाणातिपातो, तुम्हाकम्पि, भन्ते नागसेन, नत्थि आचरियो, नत्थि उपज्झायो, नत्थि उपसम्पदा। ",
"mil3.1.1:3.6":	"‘नागसेनोति मं, महाराज, सब्रह्मचारी समुदाचरन्ती’ति यं वदेसि, कतमो एत्थ नागसेनो? ",
"mil3.1.1:3.7":	"किं नु खो, भन्ते, केसा नागसेनो”ति? ",
"mil3.1.1:3.8":	"“न हि, महाराजा”ति। ",
"mil3.1.1:3.9":	"“लोमा नागसेनो”ति? ",
"mil3.1.1:3.10":	"“न हि, महाराजा”ति। ",
"mil3.1.1:3.11":	"“नखा …पे… ",
"mil3.1.1:3.12":	"दन्ता … ",
"mil3.1.1:3.13":	"तचो … ",
"mil3.1.1:3.14":	"मंसं … ",
"mil3.1.1:3.15":	"न्हारु … ",
"mil3.1.1:3.16":	"अट्ठि … ",
"mil3.1.1:3.17":	"अट्ठिमिञ्जं … ",
"mil3.1.1:3.18":	"वक्कं … ",
"mil3.1.1:3.19":	"हदयं … ",
"mil3.1.1:3.20":	"यकनं … ",
"mil3.1.1:3.21":	"किलोमकं … ",
"mil3.1.1:3.22":	"पिहकं … ",
"mil3.1.1:3.23":	"पप्फासं … ",
"mil3.1.1:3.24":	"अन्तं … ",
"mil3.1.1:3.25":	"अन्तगुणं … ",
"mil3.1.1:3.26":	"उदरियं … ",
"mil3.1.1:3.27":	"करीसं … ",
"mil3.1.1:3.28":	"पित्तं … ",
"mil3.1.1:3.29":	"सेम्हं … ",
"mil3.1.1:3.30":	"पुब्बो … ",
"mil3.1.1:3.31":	"लोहितं … ",
"mil3.1.1:3.32":	"सेदो … ",
"mil3.1.1:3.33":	"मेदो … ",
"mil3.1.1:3.34":	"अस्सु … ",
"mil3.1.1:3.35":	"वसा … ",
"mil3.1.1:3.36":	"खेळो … ",
"mil3.1.1:3.37":	"सिङ्घाणिका … ",
"mil3.1.1:3.38":	"लसिका … ",
"mil3.1.1:3.39":	"मुत्तं …पे… ",
"mil3.1.1:3.40":	"मत्थके मत्थलुङ्गं नागसेनो”ति? ",
"mil3.1.1:3.41":	"“न हि, महाराजा”ति। ",
"mil3.1.1:3.42":	"“किं नु खो, भन्ते, रूपं नागसेनो”ति? ",
"mil3.1.1:3.43":	"“न हि, महाराजा”ति। ",
"mil3.1.1:3.44":	"“वेदना नागसेनो”ति? ",
"mil3.1.1:3.45":	"“न हि, महाराजा”ति। ",
"mil3.1.1:3.46":	"“सञ्ञा नागसेनो”ति? ",
"mil3.1.1:3.47":	"“न हि, महाराजा”ति। ",
"mil3.1.1:3.48":	"“सङ्खारा नागसेनो”ति? ",
"mil3.1.1:3.49":	"“न हि, महाराजा”ति। ",
"mil3.1.1:3.50":	"“विञ्ञाणं नागसेनो”ति? ",
"mil3.1.1:3.51":	"“न हि, महाराजा”ति। ",
"mil3.1.1:3.52":	"“किं पन, भन्ते, रूपवेदनासञ्ञासङ्खारविञ्ञाणं नागसेनो”ति? ",
"mil3.1.1:3.53":	"“न हि, महाराजा”ति। ",
"mil3.1.1:3.54":	"“किं पन, भन्ते, अञ्ञत्र रूपवेदनासञ्ञासङ्खारविञ्ञाणं नागसेनो”ति? ",
"mil3.1.1:3.55":	"“न हि, महाराजा”ति। ",
"mil3.1.1:3.56":	"“तमहं, भन्ते, पुच्छन्तो पुच्छन्तो न पस्सामि नागसेनं। ",
"mil3.1.1:3.57":	"नागसेनसद्दोयेव नु खो, भन्ते, नागसेनो”ति? ",
"mil3.1.1:3.58":	"“न हि, महाराजा”ति। ",
"mil3.1.1:3.59":	"“को पनेत्थ नागसेनो, अलिकं त्वं, भन्ते, भाससि मुसावादं, नत्थि नागसेनो”ति। ",
"mil3.1.1:4.1":	"अथ खो आयस्मा नागसेनो मिलिन्दं राजानं एतदवोच—",
"mil3.1.1:4.2":	"“त्वं खोसि, महाराज, खत्तियसुखुमालो अच्चन्तसुखुमालो, तस्स ते, महाराज, मज्झन्हिकसमयं तत्ताय भूमिया उण्हाय वालिकाय खराय सक्खरकथलिकाय मद्दित्वा पादेनागच्छन्तस्स पादा रुज्जन्ति, कायो किलमति, चित्तं उपहञ्ञति, दुक्खसहगतं कायविञ्ञाणं उप्पज्जति, किं नु खो त्वं पादेनागतोसि, उदाहु वाहनेना”ति? ",
"mil3.1.1:4.3":	"“नाहं, भन्ते, पादेनागच्छामि, रथेनाहं आगतोस्मी”ति। ",
"mil3.1.1:4.4":	"“सचे त्वं, महाराज, रथेनागतोसि, रथं मे आरोचेहि, किं नु खो, महाराज, ईसा रथो”ति? ",
"mil3.1.1:4.5":	"“न हि, भन्ते”ति। ",
"mil3.1.1:4.6":	"“अक्खो रथो”ति? ",
"mil3.1.1:4.7":	"“न हि, भन्ते”ति। ",
"mil3.1.1:4.8":	"“चक्कानि रथो”ति? ",
"mil3.1.1:4.9":	"“न हि, भन्ते”ति। ",
"mil3.1.1:4.10":	"“रथपञ्जरं रथो”ति? ",
"mil3.1.1:4.11":	"“न हि, भन्ते”ति। ",
"mil3.1.1:4.12":	"“रथदण्डको रथो”ति? ",
"mil3.1.1:4.13":	"“न हि, भन्ते”ति। ",
"mil3.1.1:4.14":	"“युगं रथो”ति? ",
"mil3.1.1:4.15":	"“न हि, भन्ते”ति। ",
"mil3.1.1:4.16":	"“रस्मियो रथो”ति? ",
"mil3.1.1:4.17":	"“न हि, भन्ते”ति। ",
"mil3.1.1:4.18":	"“पतोदलट्ठि रथो”ति? ",
"mil3.1.1:4.19":	"“न हि, भन्ते”ति। ",
"mil3.1.1:4.20":	"“किं नु खो, महाराज, ईसाअक्खचक्करथपञ्जररथदण्डयुगरस्मिपतोदा रथो”ति? ",
"mil3.1.1:4.21":	"“न हि, भन्ते”ति। ",
"mil3.1.1:4.22":	"“किं पन, महाराज, अञ्ञत्र ईसाअक्खचक्करथपञ्जररथदण्डयुगरस्मिपतोदा रथो”ति? ",
"mil3.1.1:4.23":	"“न हि, भन्ते”ति। ",
"mil3.1.1:4.24":	"“तमहं, महाराज, पुच्छन्तो पुच्छन्तो न पस्सामि रथं। ",
"mil3.1.1:4.25":	"रथसद्दोयेव नु खो, महाराज, रथो”ति? ",
"mil3.1.1:4.26":	"“न हि, भन्ते”ति। ",
"mil3.1.1:4.27":	"“को पनेत्थ रथो, अलिकं त्वं, महाराज, भाससि मुसावादं, नत्थि रथो, त्वंसि, महाराज, सकलजम्बुदीपे अग्गराजा, कस्स पन त्वं भायित्वा मुसावादं भाससि, सुणन्तु मे भोन्तो पञ्चसता योनका असीतिसहस्सा च भिक्खू, अयं मिलिन्दो राजा एवमाह—",
"mil3.1.1:4.28":	"‘रथेनाहं आगतोस्मी’ति, सचे त्वं, महाराज, रथेनागतोसि, ‘रथं मे आरोचेही’ति वुत्तो समानो रथं न सम्पादेति, कल्लं नु खो तदभिनन्दितुन्”ति। ",
"mil3.1.1:5.1":	"एवं वुत्ते, पञ्चसता योनका आयस्मतो नागसेनस्स साधुकारं दत्वा मिलिन्दं राजानं एतदवोचुं—",
"mil3.1.1:5.2":	"“इदानि खो त्वं, महाराज, सक्कोन्तो भासस्सू”ति। ",
"mil3.1.1:6.1":	"अथ खो मिलिन्दो राजा आयस्मन्तं नागसेनं एतदवोच—",
"mil3.1.1:6.2":	"“नाहं, भन्ते नागसेन, मुसा भणामि, ईसञ्च पटिच्च अक्खञ्च पटिच्च चक्कानि च पटिच्च रथपञ्जरञ्च पटिच्च रथदण्डकञ्च पटिच्च ‘रथो’ति सङ्खा समञ्ञा पञ्ञत्ति वोहारो नाममत्तं पवत्तती”ति। ",
"mil3.1.1:7.1":	"“साधु खो त्वं, महाराज, रथं जानासि; ",
"mil3.1.1:7.2":	"एवमेव खो, महाराज, मय्हम्पि केसे च पटिच्च लोमे च पटिच्च …पे… मत्थके मत्थलुङ्गञ्च पटिच्च रूपञ्च पटिच्च वेदनञ्च पटिच्च सञ्ञञ्च पटिच्च सङ्खारे च पटिच्च विञ्ञाणञ्च पटिच्च ‘नागसेनो’ति सङ्खा समञ्ञा पञ्ञत्ति वोहारो नाममत्तं पवत्तति, परमत्थतो पनेत्थ पुग्गलो नूपलब्भति। ",
"mil3.1.1:7.3":	"भासितम्पेतं, महाराज, वजिराय भिक्खुनिया भगवतो सम्मुखा—",
"mil3.1.1:8.1":	"‘यथा हि अङ्गसम्भारा, ",
"mil3.1.1:8.2":	"होति सद्दो रथो इति; ",
"mil3.1.1:8.3":	"एवं खन्धेसु सन्तेसु, ",
"mil3.1.1:8.4":	"होति “सत्तो”ति सम्मुती’”ति। ",
"mil3.1.1:9.1":	"“अच्छरियं, भन्ते नागसेन, अब्भुतं, भन्ते नागसेन, अतिचित्रानि पञ्हपटिभानानि विसज्जितानि, यदि बुद्धो तिट्ठेय्य साधुकारं ददेय्य, साधु साधु, नागसेन, अतिचित्रानि पञ्हपटिभानानि विसज्जितानी”ति। ",
"mil3.1.1:10.1":	"पञ्ञत्तिपञ्हो पठमो। "
}	
