{	
"mil3.6.11:0.1":	"मिलिन्दपञ्ह ",
"mil3.6.11:0.2":	"सतिवग्ग ",
"mil3.6.11:0.3":	"११। अभिजानन्तसतिपञ्ह ",
"mil3.6.11:1.1":	"राजा आह—",
"mil3.6.11:1.2":	"“भन्ते नागसेन, सब्बा सति अभिजानन्ती उप्पज्जति, उदाहु कटुमिकाव सती”ति? ",
"mil3.6.11:1.3":	"“अभिजानन्तीपि, महाराज, कटुमिकापि सती”ति। ",
"mil3.6.11:1.4":	"“एवञ्हि खो, भन्ते नागसेन, सब्बा सति अभिजानन्ती, नत्थि कटुमिका सती”ति? ",
"mil3.6.11:1.5":	"“यदि नत्थि, महाराज, कटुमिका सति, नत्थि किञ्चि सिप्पिकानं कम्मायतनेहि वा सिप्पायतनेहि वा विज्जाट्ठानेहि वा करणीयं, निरत्थका आचरिया, यस्मा च खो, महाराज, अत्थि कटुमिका सति, तस्मा अत्थि कम्मायतनेहि वा सिप्पायतनेहि वा विज्जाट्ठानेहि वा करणीयं, अत्थो च आचरियेही”ति। ",
"mil3.6.11:2.1":	"“कल्लोसि, भन्ते नागसेना”ति। ",
"mil3.6.11:3.1":	"अभिजानन्तसतिपञ्हो एकादसमो। ",
"mil3.6.11:4.1":	"सतिवग्गो छट्ठो। ",
"mil3.6.11:5.1":	"इमस्मिं वग्गे एकादस पञ्हा। "
}	
