{	
"mil3.4.5:0.1":	"मिलिन्दपञ्ह ",
"mil3.4.5:0.2":	"निब्बानवग्ग ",
"mil3.4.5:0.3":	"५। वायामकरणपञ्ह ",
"mil3.4.5:1.1":	"राजा आह—",
"mil3.4.5:1.2":	"“भन्ते नागसेन, तुम्हे भणथ—",
"mil3.4.5:1.3":	"‘किन्ति इमं दुक्खं निरुज्झेय्य, अञ्ञञ्च दुक्खं नुप्पज्जेय्याति। ",
"mil3.4.5:1.4":	"एतदत्था, महाराज, अम्हाकं पब्बज्जा’ति। ",
"mil3.4.5:1.5":	"किं पटिकच्चेव वायमितेन, ननु सम्पत्ते काले वायमितब्बन्”ति? ",
"mil3.4.5:1.6":	"थेरो आह—",
"mil3.4.5:1.7":	"“सम्पत्ते काले, महाराज, वायामो अकिच्चकरो भवति, पटिकच्चेव वायामो किच्चकरो भवती”ति। ",
"mil3.4.5:2.1":	"“ओपम्मं करोही”ति। ",
"mil3.4.5:2.2":	"“तं किं मञ्ञसि, महाराज, यदा त्वं पिपासितो भवेय्यासि, तदा त्वं उदपानं खणापेय्यासि, तळाकं खणापेय्यासि ‘पानीयं पिविस्सामी’”ति? ",
"mil3.4.5:2.3":	"“न हि, भन्ते”ति। ",
"mil3.4.5:2.4":	"“एवमेव खो, महाराज, सम्पत्ते काले वायामो अकिच्चकरो भवति, पटिकच्चेव वायामो किच्चकरो भवती”ति। ",
"mil3.4.5:3.1":	"“भिय्यो ओपम्मं करोही”ति। ",
"mil3.4.5:3.2":	"“तं किं मञ्ञसि, महाराज, यदा त्वं बुभुक्खितो भवेय्यासि, तदा त्वं खेत्तं कसापेय्यासि, सालिं रोपापेय्यासि, धञ्ञं अतिहरापेय्यासि ‘भत्तं भुञ्जिस्सामी’”ति? ",
"mil3.4.5:3.3":	"“न हि, भन्ते”ति। ",
"mil3.4.5:3.4":	"“एवमेव खो, महाराज, सम्पत्ते काले वायामो अकिच्चकरो भवति, पटिकच्चेव वायामो किच्चकरो भवती”ति। ",
"mil3.4.5:4.1":	"“भिय्यो ओपम्मं करोही”ति। ",
"mil3.4.5:4.2":	"“तं किं मञ्ञसि, महाराज, यदा ते सङ्गामो पच्चुपट्ठितो भवेय्य, तदा त्वं परिखं खणापेय्यासि, पाकारं कारापेय्यासि, गोपुरं कारापेय्यासि, अट्टालकं कारापेय्यासि, धञ्ञं अतिहरापेय्यासि, तदा त्वं हत्थिस्मिं सिक्खेय्यासि, अस्सस्मिं सिक्खेय्यासि, रथस्मिं सिक्खेय्यासि, धनुस्मिं सिक्खेय्यासि, थरुस्मिं सिक्खेय्यासी”ति? ",
"mil3.4.5:4.3":	"“न हि, भन्ते”ति। ",
"mil3.4.5:4.4":	"“एवमेव खो, महाराज, सम्पत्ते काले वायामो अकिच्चकरो भवति, पटिकच्चेव वायामो किच्चकरो भवति। ",
"mil3.4.5:4.5":	"भासितम्पेतं, महाराज भगवता—",
"mil3.4.5:5.1":	"‘पटिकच्चेव तं कयिरा, ",
"mil3.4.5:5.2":	"यं जञ्ञा हितमत्तनो; ",
"mil3.4.5:5.3":	"न साकटिकचिन्ताय, ",
"mil3.4.5:5.4":	"मन्ता धीरो परक्कमे। ",
"mil3.4.5:6.1":	"यथा साकटिको मट्ठं, ",
"mil3.4.5:6.2":	"समं हित्वा महापथं; ",
"mil3.4.5:6.3":	"विसमं मग्गमारुय्ह, ",
"mil3.4.5:6.4":	"अक्खच्छिन्नोव झायति। ",
"mil3.4.5:7.1":	"एवं धम्मा अपक्कम्म, ",
"mil3.4.5:7.2":	"अधम्ममनुवत्तिय; ",
"mil3.4.5:7.3":	"मन्दो मच्चु मुखं पत्तो, ",
"mil3.4.5:7.4":	"अक्खच्छिन्नोव झायती’”ति। ",
"mil3.4.5:8.1":	"“कल्लोसि, भन्ते नागसेना”ति। ",
"mil3.4.5:9.1":	"वायामकरणपञ्हो पञ्चमो। "
}	
