{	
"mil3.1.13:0.1":	"मिलिन्दपञ्ह ",
"mil3.1.13:0.2":	"महावग्ग ",
"mil3.1.13:0.3":	"१३। सतिलक्खणपञ्ह ",
"mil3.1.13:1.1":	"राजा आह—",
"mil3.1.13:1.2":	"“भन्ते नागसेन, किंलक्खणा सती”ति? ",
"mil3.1.13:1.3":	"“अपिलापनलक्खणा, महाराज, सति, उपग्गण्हनलक्खणा चा”ति। ",
"mil3.1.13:1.4":	"“कथं, भन्ते, अपिलापनलक्खणा सती”ति? ",
"mil3.1.13:1.5":	"“सति, महाराज, उप्पज्जमाना कुसलाकुसलसावज्जानवज्जहीनप्पणीतकण्हसुक्कसप्पटिभागधम्मे अपिलापेति ‘इमे चत्तारो सतिपट्ठाना, इमे चत्तारो सम्मप्पधाना, इमे चत्तारो इद्धिपादा, इमानि पञ्चिन्द्रियानि, इमानि पञ्च बलानि, इमे सत्त बोज्झङ्गा, अयं अरियो अट्ठङ्गिको मग्गो, अयं समथो, अयं विपस्सना, अयं विज्जा, अयं विमुत्ती’ति। ",
"mil3.1.13:1.6":	"ततो योगावचरो सेवितब्बे धम्मे सेवति, असेवितब्बे धम्मे न सेवति। ",
"mil3.1.13:1.7":	"भजितब्बे धम्मे भजति अभजितब्बे धम्मे न भजति। ",
"mil3.1.13:1.8":	"एवं खो, महाराज, अपिलापनलक्खणा सती”ति। ",
"mil3.1.13:2.1":	"“ओपम्मं करोही”ति। ",
"mil3.1.13:2.2":	"“यथा, महाराज, रञ्ञो चक्कवत्तिस्स भण्डागारिको राजानं चक्कवत्तिं सायं पातं यसं सरापेति ‘एत्तका, देव, ते हत्थी, एत्तका अस्सा, एत्तका रथा, एत्तका पत्ती, एत्तकं हिरञ्ञं, एत्तकं सुवण्णं, एत्तकं सापतेय्यं, तं देवो सरतू’ति रञ्ञो सापतेय्यं अपिलापेति; ",
"mil3.1.13:2.3":	"एवमेव खो, महाराज, सति उप्पज्जमाना कुसलाकुसलसावज्जानवज्जहीनप्पणीतकण्हसुक्कसप्पटिभागधम्मे अपिलापेति ‘इमे चत्तारो सतिपट्ठाना, इमे चत्तारो सम्मप्पधाना, इमे चत्तारो इद्धिपादा, इमानि पञ्चिन्द्रियानि, इमानि पञ्च बलानि, इमे सत्त बोज्झङ्गा, अयं अरियो अट्ठङ्गिको मग्गो, अयं समथो, अयं विपस्सना, अयं विज्जा, अयं विमुत्ती’ति। ",
"mil3.1.13:2.4":	"ततो योगावचरो सेवितब्बे धम्मे सेवति, असेवितब्बे धम्मे न सेवति। ",
"mil3.1.13:2.5":	"भजितब्बे धम्मे भजति, अभजितब्बे धम्मे न भजति। ",
"mil3.1.13:2.6":	"एवं खो, महाराज, अपिलापनलक्खणा सती”ति। ",
"mil3.1.13:3.1":	"“कथं, भन्ते, उपग्गण्हनलक्खणा सती”ति? ",
"mil3.1.13:3.2":	"“सति, महाराज, उप्पज्जमाना हिताहितानं धम्मानं गतियो समन्वेति ‘इमे धम्मा हिता, इमे धम्मा अहिता। ",
"mil3.1.13:3.3":	"इमे धम्मा उपकारा, इमे धम्मा अनुपकारा’ति। ",
"mil3.1.13:3.4":	"ततो योगावचरो अहिते धम्मे अपनुदेति, हिते धम्मे उपग्गण्हाति। ",
"mil3.1.13:3.5":	"अनुपकारे धम्मे अपनुदेति, उपकारे धम्मे उपग्गण्हाति। ",
"mil3.1.13:3.6":	"एवं खो, महाराज, उपग्गण्हनलक्खणा सती”ति। ",
"mil3.1.13:4.1":	"“ओपम्मं करोही”ति। ",
"mil3.1.13:4.2":	"“यथा, महाराज, रञ्ञो चक्कवत्तिस्स परिणायकरतनं रञ्ञो हिताहिते जानाति ‘इमे रञ्ञो हिता, इमे अहिता। ",
"mil3.1.13:4.3":	"इमे उपकारा, इमे अनुपकारा’ति। ",
"mil3.1.13:4.4":	"ततो अहिते अपनुदेति, हिते उपग्गण्हाति। ",
"mil3.1.13:4.5":	"अनुपकारे अपनुदेति, उपकारे उपग्गण्हाति। ",
"mil3.1.13:4.6":	"एवमेव खो, महाराज, सति उप्पज्जमाना हिताहितानं धम्मानं गतियो समन्वेति ‘इमे धम्मा हिता, इमे धम्मा अहिता। ",
"mil3.1.13:4.7":	"इमे धम्मा उपकारा, इमे धम्मा अनुपकारा’ति। ",
"mil3.1.13:4.8":	"ततो योगावचरो अहिते धम्मे अपनुदेति, हिते धम्मे उपग्गण्हाति। ",
"mil3.1.13:4.9":	"अनुपकारे धम्मे अपनुदेति, उपकारे दम्मे उपग्गण्हाति। ",
"mil3.1.13:4.10":	"एवं खो, महाराज, उपग्गण्हनलक्खणा सति। ",
"mil3.1.13:4.11":	"भासितम्पेतं, महाराज, भगवता—",
"mil3.1.13:4.12":	"‘सतिञ्च ख्वाहं, भिक्खवे, सब्बत्थिकं वदामी’”ति। ",
"mil3.1.13:5.1":	"“कल्लोसि, भन्ते नागसेना”ति। ",
"mil3.1.13:6.1":	"सतिलक्खणपञ्हो तेरसमो। "
}	
