{	
"mil3.1.6:0.1":	"मिलिन्दपञ्ह ",
"mil3.1.6:0.2":	"महावग्ग ",
"mil3.1.6:0.3":	"६। पटिसन्धिपञ्ह ",
"mil3.1.6:1.1":	"राजा आह—",
"mil3.1.6:1.2":	"“भन्ते नागसेन, अत्थि कोचि मतो न पटिसन्दहती”ति। ",
"mil3.1.6:1.3":	"थेरो आह—",
"mil3.1.6:1.4":	"“कोचि पटिसन्दहति, कोचि न पटिसन्दहती”ति। ",
"mil3.1.6:1.5":	"“को पटिसन्दहति, को न पटिसन्दहती”ति? ",
"mil3.1.6:1.6":	"“सकिलेसो, महाराज, पटिसन्दहति, निक्किलेसो न पटिसन्दहती”ति। ",
"mil3.1.6:1.7":	"“त्वं पन, भन्ते नागसेन, पटिसन्दहिस्ससी”ति? ",
"mil3.1.6:1.8":	"“सचे, महाराज, सौपादानो भविस्सामि पटिसन्दहिस्सामि, सचे अनुपादानो भविस्सामि न पटिसन्दहिस्सामी”ति। ",
"mil3.1.6:2.1":	"“कल्लोसि, भन्ते नागसेना”ति। ",
"mil3.1.6:3.1":	"पटिसन्धिपञ्हो छट्ठो। "
}	
