{	
"mil3.6.4:0.1":	"मिलिन्दपञ्ह ",
"mil3.6.4:0.2":	"सतिवग्ग ",
"mil3.6.4:0.3":	"४। भगवतोब्रह्मचारिपञ्ह ",
"mil3.6.4:1.1":	"राजा आह—",
"mil3.6.4:1.2":	"“भन्ते नागसेन, बुद्धो ब्रह्मचारी”ति? ",
"mil3.6.4:1.3":	"“आम, महाराज, भगवा ब्रह्मचारी”ति। ",
"mil3.6.4:1.4":	"“तेन हि, भन्ते नागसेन, बुद्धो ब्रह्मुनो सिस्सो”ति? ",
"mil3.6.4:1.5":	"“अत्थि पन ते, महाराज, हत्थिपामोक्खो”ति? ",
"mil3.6.4:1.6":	"“अत्थि, भन्ते”ति। ",
"mil3.6.4:1.7":	"“किं नु खो, महाराज, सो हत्थी कदाचि करहचि कोञ्चनादं नदती”ति? ",
"mil3.6.4:1.8":	"“आम, भन्ते, नदती”ति। ",
"mil3.6.4:1.9":	"“तेन हि, महाराज, सो हत्थी कोञ्चसकुणस्स सिस्सो”ति? ",
"mil3.6.4:1.10":	"“न हि, भन्ते”ति। ",
"mil3.6.4:1.11":	"“किं पन, महाराज, ब्रह्मा सबुद्धिको अबुद्धिको”ति? ",
"mil3.6.4:1.12":	"“सबुद्धिको, भन्ते”ति। ",
"mil3.6.4:1.13":	"“तेन हि, महाराज, ब्रह्मा भगवतो सिस्सो”ति। ",
"mil3.6.4:2.1":	"“कल्लोसि, भन्ते नागसेना”ति। ",
"mil3.6.4:3.1":	"भगवतो ब्रह्मचारिपञ्हो चतुत्थो। "
}	
