{	
"mil3.7.1:0.1":	"मिलिन्दपञ्ह ",
"mil3.7.1:0.2":	"अरूपधम्मववत्थानवग्ग ",
"mil3.7.1:0.3":	"१। सतिउप्पज्जनपञ्ह ",
"mil3.7.1:1.1":	"राजा आह—",
"mil3.7.1:1.2":	"“भन्ते नागसेन, कतिहाकारेहि सति उप्पज्जती”ति? ",
"mil3.7.1:1.3":	"“सत्तरसहाकारेहि, महाराज, सति उप्पज्जती”ति। ",
"mil3.7.1:1.4":	"“कतमेहि सत्तरसहाकारेही”ति? ",
"mil3.7.1:1.5":	"“अभिजानतोपि, महाराज, सति उप्पज्जति, कटुमिकायपि सति उप्पज्जति, ओळारिकविञ्ञाणतोपि सति उप्पज्जति, हितविञ्ञाणतोपि सति उप्पज्जति, अहितविञ्ञाणतोपि सति उप्पज्जति, सभागनिमित्ततोपि सति उप्पज्जति, विसभागनिमित्ततोपि सति उप्पज्जति, कथाभिञ्ञाणतोपि सति उप्पज्जति, लक्खणतोपि सति उप्पज्जति, सारणतोपि सति उप्पज्जति, मुद्दातोपि सति उप्पज्जति, गणनातोपि सति उप्पज्जति, धारणतोपि सति उप्पज्जति, भावनतोपि सति उप्पज्जति, पोत्थकनिबन्धनतोपि सति उप्पज्जति, उपनिक्खेपतोपि सति उप्पज्जति, अनुभूततोपि सति उप्पज्जतीति। ",
"mil3.7.1:2.1":	"कथं अभिजानतो सति उप्पज्जति? ",
"mil3.7.1:2.2":	"यथा, महाराज, आयस्मा च आनन्दो खुज्जुत्तरा च उपासिका, ये वा पन अञ्ञेपि केचि जातिस्सरा जातिं सरन्ति, एवं अभिजानतो सति उप्पज्जति। ",
"mil3.7.1:3.1":	"कथं कटुमिकाय सति उप्पज्जति? ",
"mil3.7.1:3.2":	"यो पकतिया मुट्ठस्सतिको, परे च तं सरापनत्थं निबन्धन्ति, एवं कटुमिकाय सति उप्पज्जति। ",
"mil3.7.1:4.1":	"कथं ओळारिकविञ्ञाणतो सति उप्पज्जति? ",
"mil3.7.1:4.2":	"यदा रज्जे वा अभिसित्तो होति, सोतापत्तिफलं वा पत्तो होति, एवं ओळारिकविञ्ञाणतो सति उप्पज्जति। ",
"mil3.7.1:5.1":	"कथं हितविञ्ञाणतो सति उप्पज्जति? ",
"mil3.7.1:5.2":	"यम्हि सुखापितो, ‘अमुकस्मिं एवं सुखापितो’ति सरति, एवं हितविञ्ञाणतो सति उप्पज्जति। ",
"mil3.7.1:6.1":	"कथं अहितविञ्ञाणतो सति उप्पज्जति? ",
"mil3.7.1:6.2":	"यम्हि दुक्खापितो, ‘अमुकस्मिं एवं दुक्खापितो’ति सरति, एवं अहितविञ्ञाणतो सति उप्पज्जति। ",
"mil3.7.1:7.1":	"कथं सभागनिमित्ततो सति उप्पज्जति? ",
"mil3.7.1:7.2":	"सदिसं पुग्गलं दिस्वा मातरं वा पितरं वा भातरं वा भगिनिं वा सरति, ओट्ठं वा गोणं वा गद्रभं वा दिस्वा अञ्ञं तादिसं ओट्ठं वा गोणं वा गद्रभं वा सरति, एवं सभागनिमित्ततो सति उप्पज्जति। ",
"mil3.7.1:8.1":	"कथं विसभागनिमित्ततो सति उप्पज्जति? ",
"mil3.7.1:8.2":	"असुकस्स नाम वण्णो एदिसो, सद्दो एदिसो, गन्धो एदिसो, रसो एदिसो, फोट्ठब्बो एदिसोति सरति, एवम्पि विसभागनिमित्ततोपि सति उप्पज्जति। ",
"mil3.7.1:9.1":	"कथं कथाभिञ्ञाणतो सति उप्पज्जति? ",
"mil3.7.1:9.2":	"यो पकतिया मुट्ठस्सतिको होति, तं परे सरापेन्ति, तेन सो सरति, एवं कथाभिञ्ञाणतो सति उप्पज्जति। ",
"mil3.7.1:10.1":	"कथं लक्खणतो सति उप्पज्जति? ",
"mil3.7.1:10.2":	"यो पकतिया बलीबद्दानं अङ्गेन जानाति, लक्खणेन जानाति, एवं लक्खणतो सति उप्पज्जति। ",
"mil3.7.1:11.1":	"कथं सारणतो सति उप्पज्जति? ",
"mil3.7.1:11.2":	"यो पकतिया मुट्ठस्सतिको होति, यो तं ‘सराहि भो, सराहि भो’ति पुनप्पुनं सरापेति, एवं सारणतो सति उप्पज्जति। ",
"mil3.7.1:12.1":	"कथं मुद्दातो सति उप्पज्जति? ",
"mil3.7.1:12.2":	"लिपिया सिक्खितत्ता जानाति ‘इमस्स अक्खरस्स अनन्तरं इमं अक्खरं कातब्बन्’ति एवं मुद्दातो सति उप्पज्जति। ",
"mil3.7.1:13.1":	"कथं गणनातो सति उप्पज्जति? ",
"mil3.7.1:13.2":	"गणनाय सिक्खितत्ता गणका बहुम्पि गणेन्ति, एवं गणनातो सति उप्पज्जति। ",
"mil3.7.1:14.1":	"कथं धारणतो सति उप्पज्जति? ",
"mil3.7.1:14.2":	"धारणाय सिक्खितत्ता धारणका बहुम्पि धारेन्ति, एवं धारणतो सति उप्पज्जति। ",
"mil3.7.1:15.1":	"कथं भावनातो सति उप्पज्जति? ",
"mil3.7.1:15.2":	"इध भिक्खु अनेकविहितं पुब्बेनिवासं अनुस्सरति, सेय्यथिदं—",
"mil3.7.1:15.3":	"एकम्पि जातिं द्वेपि जातियो …पे… ",
"mil3.7.1:15.4":	"इति साकारं सौद्देसं पुब्बेनिवासं अनुस्सरति, एवं भावनातो सति उप्पज्जति। ",
"mil3.7.1:16.1":	"कथं पोत्थकनिबन्धनतो सति उप्पज्जति? ",
"mil3.7.1:16.2":	"राजानो अनुसासनियं अस्सरन्ता एतं पोत्थकं आहरथाति, तेन पोत्थकेन अनुस्सरन्ति, एवं पोत्थकनिबन्धनतो सति उप्पज्जति। ",
"mil3.7.1:17.1":	"कथं उपनिक्खेपतो सति उप्पज्जति? ",
"mil3.7.1:17.2":	"उपनिक्खित्तं भण्डं दिस्वा सरति, एवं उपनिक्खेपतो सति उप्पज्जति। ",
"mil3.7.1:18.1":	"कथं अनुभूततो सति उप्पज्जति? ",
"mil3.7.1:18.2":	"दिट्ठत्ता रूपं सरति, सुतत्ता सद्दं सरति, घायितत्ता गन्धं सरति, सायितत्ता रसं सरति, फुट्ठत्ता फोट्ठब्बं सरति, विञ्ञातत्ता धम्मं सरति, एवं अनुभूततो सति उप्पज्जति। ",
"mil3.7.1:18.3":	"इमेहि खो, महाराज, सत्तरसहाकारेहि सति उप्पज्जती”ति। ",
"mil3.7.1:19.1":	"“कल्लोसि, भन्ते नागसेना”ति। ",
"mil3.7.1:20.1":	"सतिउप्पज्जनपञ्हो पठमो। "
}	
