{	
"mil3.6.3:0.1":	"मिलिन्दपञ्ह ",
"mil3.6.3:0.2":	"सतिवग्ग ",
"mil3.6.3:0.3":	"३। महापुरिसलक्खणपञ्ह ",
"mil3.6.3:1.1":	"राजा आह—",
"mil3.6.3:1.2":	"“भन्ते नागसेन, बुद्धो द्वत्तिंसमहापुरिसलक्खणेहि समन्नागतो असीतिया च अनुब्यञ्जनेहि परिरञ्जितो सुवण्णवण्णो कञ्चनसन्निभत्तचो ब्यामप्पभो”ति? ",
"mil3.6.3:1.3":	"“आम, महाराज, भगवा द्वत्तिंसमहापुरिसलक्खणेहि समन्नागतो असीतिया च अनुब्यञ्जनेहि परिरञ्जितो सुवण्णवण्णो कञ्चनसन्निभत्तचो ब्यामप्पभो”ति। ",
"mil3.6.3:2.1":	"“किं पनस्स, भन्ते, मातापितरोपि द्वत्तिंसमहापुरिसलक्खणेहि समन्नागता असीतिया च अनुब्यञ्जनेहि परिरञ्जिता सुवण्णवण्णा कञ्चनसन्निभत्तचा ब्यामप्पभा”ति? ",
"mil3.6.3:2.2":	"“नो चस्स, महाराज, मातापितरो द्वत्तिंसमहापुरिसलक्खणेहि समन्नागता असीतिया च अनुब्यञ्जनेहि परिरञ्जिता सुवण्णवण्णा कञ्चनसन्निभत्तचा ब्यामप्पभा”ति। ",
"mil3.6.3:3.1":	"“एवं सन्ते खो, भन्ते नागसेन, न उप्पज्जति बुद्धो द्वत्तिंसमहापुरिसलक्खणेहि समन्नागतो असीतिया च अनुब्यञ्जनेहि परिरञ्जितो सुवण्णवण्णो कञ्चनसन्निभत्तचो ब्यामप्पभोति, अपि च मातुसदिसो वा पुत्तो होति मातुपक्खो वा, पितुसदिसो वा पुत्तो होति पितुपक्खो वा”ति। ",
"mil3.6.3:3.2":	"थेरो आह—",
"mil3.6.3:3.3":	"“अत्थि पन, महाराज, किञ्चि पदुमं सतपत्तन्”ति? ",
"mil3.6.3:3.4":	"“आम, भन्ते, अत्थी”ति। ",
"mil3.6.3:3.5":	"“तस्स पन कुहिं सम्भवो”ति? ",
"mil3.6.3:3.6":	"“कद्दमे जायति उदके आसीयती”ति। ",
"mil3.6.3:3.7":	"“किं नु खो, महाराज, पदुमं कद्दमेन सदिसं वण्णेन वा गन्धेन वा रसेन वा”ति? ",
"mil3.6.3:3.8":	"“न हि, भन्ते”ति। ",
"mil3.6.3:3.9":	"“अथ उदकेन वा गन्धेन वा रसेन वा”ति? ",
"mil3.6.3:3.10":	"“न हि, भन्ते”ति। ",
"mil3.6.3:3.11":	"“एवमेव खो, महाराज, भगवा द्वत्तिंसमहापुरिसलक्खणेहि समन्नागतो असीतिया च अनुब्यञ्जनेहि परिरञ्जितो सुवण्णवण्णो कञ्चनसन्निभत्तचो ब्यामप्पभो, नो चस्स मातापितरो द्वत्तिंसमहापुरिसलक्खणेहि समन्नागता असीतिया च अनुब्यञ्जनेहि परिरञ्जिता सुवण्णवण्णा कञ्चनसन्निभत्तचा ब्यामप्पभा”ति। ",
"mil3.6.3:4.1":	"“कल्लोसि, भन्ते नागसेना”ति। ",
"mil3.6.3:5.1":	"महापुरिसलक्खणपञ्हो ततियो। "
}	
