{	
"mil3.3.8:0.1":	"मिलिन्दपञ्ह ",
"mil3.3.8:0.2":	"विचारवग्ग ",
"mil3.3.8:0.3":	"८। फस्सलक्खणपञ्ह ",
"mil3.3.8:1.1":	"राजा आह—",
"mil3.3.8:1.2":	"“भन्ते नागसेन, यत्थ मनोविञ्ञाणं उप्पज्जति, फस्सोपि वेदनापि तत्थ उप्पज्जती”ति? ",
"mil3.3.8:1.3":	"“आम, महाराज, यत्थ मनोविञ्ञाणं उप्पज्जति, फस्सोपि तत्थ उप्पज्जति, वेदनापि तत्थ उप्पज्जति, सञ्ञापि तत्थ उप्पज्जति, चेतनापि तत्थ उप्पज्जति, वितक्कोपि तत्थ उप्पज्जति, विचारोपि तत्थ उप्पज्जति, सब्बेपि फस्सप्पमुखा धम्मा तत्थ उप्पज्जन्ती”ति। ",
"mil3.3.8:2.1":	"“भन्ते नागसेन, किंलक्खणो फस्सो”ति? ",
"mil3.3.8:2.2":	"“फुसनलक्खणो, महाराज, फस्सो”ति। ",
"mil3.3.8:3.1":	"“ओपम्मं करोही”ति। ",
"mil3.3.8:3.2":	"“यथा, महाराज, द्वे मेण्डा युज्झेय्युं, तेसु यथा एको मेण्डो, एवं चक्खु दट्ठब्बं। ",
"mil3.3.8:3.3":	"यथा दुतियो मेण्डो, एवं रूपं दट्ठब्बं। ",
"mil3.3.8:3.4":	"यथा तेसं सन्निपातो, एवं फस्सो दट्ठब्बो”ति। ",
"mil3.3.8:4.1":	"“भिय्यो ओपम्मं करोही”ति। ",
"mil3.3.8:4.2":	"“यथा, महाराज, द्वे पाणी वज्जेय्युं, तेसु यथा एको पाणि, एवं चक्खु दट्ठब्बं। ",
"mil3.3.8:4.3":	"यथा दुतियो पाणि, एवं रूपं दट्ठब्बं। ",
"mil3.3.8:4.4":	"यथा तेसं सन्निपातो, एवं फस्सो दट्ठब्बो”ति। ",
"mil3.3.8:5.1":	"“भिय्यो ओपम्मं करोही”ति। ",
"mil3.3.8:5.2":	"“यथा, महाराज, द्वे सम्मा वज्जेय्युं, तेसु यथा एको सम्मो, एवं चक्खु दट्ठब्बं। ",
"mil3.3.8:5.3":	"यथा दुतियो सम्मो, एवं रूपं दट्ठब्बं। ",
"mil3.3.8:5.4":	"यथा तेसं सन्निपातो, एवं फस्सो दट्ठब्बो”ति। ",
"mil3.3.8:6.1":	"“कल्लोसि, भन्ते नागसेना”ति। ",
"mil3.3.8:7.1":	"फस्सलक्खणपञ्हो अट्ठमो। "
}	
