{	
"mil3.1.15:0.1":	"मिलिन्दपञ्ह ",
"mil3.1.15:0.2":	"महावग्ग ",
"mil3.1.15:0.3":	"१५। पञ्ञालक्खणपञ्ह ",
"mil3.1.15:1.1":	"राजा आह—",
"mil3.1.15:1.2":	"“भन्ते नागसेन, किंलक्खणा पञ्ञा”ति? ",
"mil3.1.15:1.3":	"“पुब्बेव खो, महाराज, मया वुत्तं—",
"mil3.1.15:1.4":	"‘छेदनलक्खणा पञ्ञा’ति, अपि च ओभासनलक्खणा पञ्ञा”ति। ",
"mil3.1.15:1.5":	"“कथं, भन्ते, ओभासनलक्खणा पञ्ञा”ति? ",
"mil3.1.15:1.6":	"“पञ्ञा, महाराज, उप्पज्जमाना अविज्जन्धकारं विधमेति, विज्जोभासं जनेति, ञाणालोकं विदंसेति, अरियसच्चानि पाकटानि करोति। ",
"mil3.1.15:1.7":	"ततो योगावचरो ‘अनिच्चन्’ति वा ‘दुक्खन्’ति वा ‘अनत्ता’ति वा सम्मप्पञ्ञाय पस्सती”ति। ",
"mil3.1.15:2.1":	"“ओपम्मं करोही”ति। ",
"mil3.1.15:2.2":	"“यथा, महाराज, पुरिसो अन्धकारे गेहे पदीपं पवेसेय्य, पविट्ठो पदीपो अन्धकारं विधमेति, ओभासं जनेति, आलोकं विदंसेति, रूपानि पाकटानि करोति; ",
"mil3.1.15:2.3":	"एवमेव खो, महाराज, पञ्ञा उप्पज्जमाना अविज्जन्धकारं विधमेति, विज्जोभासं जनेति, ञाणालोकं विदंसेति, अरियसच्चानि पाकटानि करोति। ",
"mil3.1.15:2.4":	"ततो योगावचरो ‘अनिच्चन्’ति वा ‘दुक्खन्’ति वा ‘अनत्ता’ति वा सम्मप्पञ्ञाय पस्सति। ",
"mil3.1.15:2.5":	"एवं खो, महाराज, ओभासनलक्खणा पञ्ञा”ति। ",
"mil3.1.15:3.1":	"“कल्लोसि, भन्ते नागसेना”ति। ",
"mil3.1.15:4.1":	"पञ्ञालक्खणपञ्हो पन्नरसमो। "
}	
