{	
"mil3.5.9:0.1":	"मिलिन्दपञ्ह ",
"mil3.5.9:0.2":	"बुद्धवग्ग ",
"mil3.5.9:0.3":	"९। उप्पज्जतिजाननपञ्ह ",
"mil3.5.9:1.1":	"राजा आह—",
"mil3.5.9:1.2":	"“भन्ते नागसेन, यो उप्पज्जति, जानाति सो ‘उप्पज्जिस्सामी’”ति? ",
"mil3.5.9:1.3":	"“आम, महाराज, यो उप्पज्जति जानाति सो ‘उप्पज्जिस्सामी’”ति। ",
"mil3.5.9:2.1":	"“ओपम्मं करोही”ति। ",
"mil3.5.9:2.2":	"“यथा, महाराज, कस्सको गहपतिको बीजानि पथवियं निक्खिपित्वा सम्मा देवे वस्सन्ते जानाति ‘धञ्ञं निब्बत्तिस्सती’”ति? ",
"mil3.5.9:2.3":	"“आम, भन्ते, जानेय्या”ति। ",
"mil3.5.9:2.4":	"“एवमेव खो, महाराज, यो उप्पज्जति, जानाति सो ‘उप्पज्जिस्सामी’”ति। ",
"mil3.5.9:3.1":	"“कल्लोसि, भन्ते नागसेना”ति। ",
"mil3.5.9:4.1":	"उप्पज्जतिजाननपञ्हो नवमो। "
}	
