{	
"mil3.3.7:0.1":	"मिलिन्दपञ्ह ",
"mil3.3.7:0.2":	"विचारवग्ग ",
"mil3.3.7:0.3":	"७। चक्खुविञ्ञाणादिपञ्ह ",
"mil3.3.7:1.1":	"राजा आह—",
"mil3.3.7:1.2":	"“भन्ते नागसेन, यत्थ चक्खुविञ्ञाणं उप्पज्जति, तत्थ मनोविञ्ञाणम्पि उप्पज्जती”ति? ",
"mil3.3.7:1.3":	"“आम, महाराज, यत्थ चक्खुविञ्ञाणं उप्पज्जति, तत्थ मनोविञ्ञाणम्पि उप्पज्जती”ति। ",
"mil3.3.7:2.1":	"“किं नु खो, भन्ते नागसेन, पठमं चक्खुविञ्ञाणं उप्पज्जति, पच्छा मनोविञ्ञाणं, उदाहु मनोविञ्ञाणं पठमं उप्पज्जति, पच्छा चक्खुविञ्ञाणन्”ति? ",
"mil3.3.7:2.2":	"“पठमं, महाराज, चक्खुविञ्ञाणं उप्पज्जति, पच्छा मनोविञ्ञाणन्”ति। ",
"mil3.3.7:3.1":	"“किं नु खो, भन्ते नागसेन, चक्खुविञ्ञाणं मनोविञ्ञाणं आणापेति ‘यत्थाहं उप्पज्जामि, त्वम्पि तत्थ उप्पज्जाही’ति, उदाहु मनोविञ्ञाणं चक्खुविञ्ञाणं आणापेति ‘यत्थ त्वं उप्पज्जिस्ससि, अहम्पि तत्थ उप्पज्जिस्सामी’”ति? ",
"mil3.3.7:3.2":	"“न हि, महाराज, अनालापो तेसं अञ्ञमञ्ञेही”ति। ",
"mil3.3.7:4.1":	"“कथं, भन्ते नागसेन, यत्थ चक्खुविञ्ञाणं उप्पज्जति, तत्थ मनोविञ्ञाणम्पि उप्पज्जती”ति? ",
"mil3.3.7:4.2":	"“निन्नत्ता च, महाराज, द्वारत्ता च चिण्णत्ता च समुदाचरितत्ता चा”ति। ",
"mil3.3.7:5.1":	"“कथं, भन्ते नागसेन, निन्नत्ता यत्थ चक्खुविञ्ञाणं उप्पज्जति, तत्थ मनोविञ्ञाणम्पि उप्पज्जति? ",
"mil3.3.7:5.2":	"ओपम्मं करोही”ति। ",
"mil3.3.7:5.3":	"“तं किं मञ्ञसि, महाराज, देवे वस्सन्ते कतमेन उदकं गच्छेय्या”ति? ",
"mil3.3.7:5.4":	"“येन, भन्ते, निन्नं, तेन गच्छेय्या”ति। ",
"mil3.3.7:5.5":	"“अथापरेन समयेन देवो वस्सेय्य, कतमेन तं उदकं गच्छेय्या”ति। ",
"mil3.3.7:5.6":	"“येन, भन्ते, पुरिमं उदकं गतं, तम्पि तेन गच्छेय्या”ति। ",
"mil3.3.7:6.1":	"“किं नु खो, महाराज, पुरिमं उदकं पच्छिमं उदकं आणापेति ‘येनाहं गच्छामि, त्वम्पि तेन गच्छाही’ति, पच्छिमं वा उदकं पुरिमं उदकं आणापेति ‘येन त्वं गच्छिस्ससि, अहम्पि तेन गच्छिस्सामी’”ति। ",
"mil3.3.7:6.2":	"“न हि, भन्ते, अनालापो तेसं अञ्ञमञ्ञेहि, निन्नत्ता गच्छन्ती”ति। ",
"mil3.3.7:6.3":	"“एवमेव खो, महाराज, निन्नत्ता यत्थ चक्खुविञ्ञाणं उप्पज्जति, तत्थ मनोविञ्ञाणम्पि उप्पज्जति, न चक्खुविञ्ञाणं मनोविञ्ञाणं आणापेति ‘यत्थाहं उप्पज्जामि, त्वम्पि तत्थ उप्पज्जाही’ति, नापि मनोविञ्ञाणं चक्खुविञ्ञाणं आणापेति ‘यत्थ त्वं उप्पज्जिस्ससि, अहम्पि तत्थ उप्पज्जिस्सामी’ति, अनालापो तेसं अञ्ञमञ्ञेहि, निन्नत्ता उप्पज्जन्ती”ति। ",
"mil3.3.7:7.1":	"“कथं, भन्ते नागसेन, द्वारत्ता यत्थ चक्खुविञ्ञाणं उप्पज्जति, तत्थ मनोविञ्ञाणम्पि उप्पज्जति? ",
"mil3.3.7:7.2":	"ओपम्मं करोही”ति। ",
"mil3.3.7:7.3":	"“तं किं मञ्ञसि, महाराज, रञ्ञो पच्चन्तिमं नगरं अस्स दळ्हपाकारतोरणं एकद्वारं, ततो पुरिसो निक्खमितुकामो भवेय्य, कतमेन निक्खमेय्या”ति? ",
"mil3.3.7:7.4":	"“द्वारेन, भन्ते, निक्खमेय्या”ति। ",
"mil3.3.7:7.5":	"“अथापरो पुरिसो निक्खमितुकामो भवेय्य, कतमेन सो निक्खमेय्या”ति? ",
"mil3.3.7:7.6":	"“येन, भन्ते, पुरिमो पुरिसो निक्खन्तो, सोपि तेन निक्खमेय्या”ति। ",
"mil3.3.7:8.1":	"“किं नु खो, महाराज, पुरिमो पुरिसो पच्छिमं पुरिसं आणापेति ‘येनाहं गच्छामि, त्वम्पि तेन गच्छाही’ति, पच्छिमो वा पुरिसो पुरिमं पुरिसं आणापेति ‘येन त्वं गच्छिस्ससि, अहम्पि तेन गच्छिस्सामी’”ति। ",
"mil3.3.7:8.2":	"“न हि, भन्ते, अनालापो तेसं अञ्ञमञ्ञेहि, द्वारत्ता गच्छन्ती”ति। ",
"mil3.3.7:8.3":	"“एवमेव खो, महाराज, द्वारत्ता यत्थ चक्खुविञ्ञाणं उप्पज्जति, तत्थ मनोविञ्ञाणम्पि उप्पज्जति, न चक्खुविञ्ञाणं मनोविञ्ञाणं आणापेति ‘यत्थाहं उप्पज्जामि, त्वम्पि तत्थ उप्पज्जाही’ति, नापि मनोविञ्ञाणं चक्खुविञ्ञाणं आणापेति ‘यत्थ त्वं उप्पज्जिस्ससि, अहम्पि तत्थ उप्पज्जिस्सामी’ति, अनालापो तेसं अञ्ञमञ्ञेहि, द्वारत्ता उप्पज्जन्ती”ति। ",
"mil3.3.7:9.1":	"“कथं, भन्ते नागसेन, चिण्णत्ता यत्थ चक्खुविञ्ञाणं उप्पज्जति, तत्थ मनोविञ्ञाणम्पि उप्पज्जति? ",
"mil3.3.7:9.2":	"ओपम्मं करोही”ति। ",
"mil3.3.7:9.3":	"“तं किं मञ्ञसि, महाराज, पठमं एकं सकटं गच्छेय्य, अथ दुतियं सकटं कतमेन गच्छेय्या”ति? ",
"mil3.3.7:9.4":	"“येन, भन्ते, पुरिमं सकटं गतं, तम्पि तेन गच्छेय्या”ति। ",
"mil3.3.7:10.1":	"“किं नु खो, महाराज, पुरिमं सकटं पच्छिमं सकटं आणापेति ‘येनाहं गच्छामि, त्वम्पि तेन गच्छाही’ति, पच्छिमं वा सकटं पुरिमं सकटं आणापेति ‘येन त्वं गच्छिस्ससि, अहम्पि तेन गच्छिस्सामी’”ति। ",
"mil3.3.7:10.2":	"“न हि, भन्ते, अनालापो तेसं अञ्ञमञ्ञेहि, चिण्णत्ता गच्छन्ती”ति। ",
"mil3.3.7:10.3":	"“एवमेव खो, महाराज, चिण्णत्ता यत्थ चक्खुविञ्ञाणं उप्पज्जति, तत्थ मनोविञ्ञाणम्पि उप्पज्जति, न चक्खुविञ्ञाणं मनोविञ्ञाणं आणापेति ‘यत्थाहं उप्पज्जामि, त्वम्पि तत्थ उप्पज्जाही’ति, नापि मनोविञ्ञाणं चक्खुविञ्ञाणं आणापेति ‘यत्थ त्वं उप्पज्जिस्ससि, अहम्पि तत्थ उप्पज्जिस्सामी’ति, अनालापो तेसं अञ्ञमञ्ञेहि, चिण्णत्ता उप्पज्जन्ती”ति। ",
"mil3.3.7:11.1":	"“कथं, भन्ते नागसेन, समुदाचरितत्ता यत्थ चक्खुविञ्ञाणं उप्पज्जति, तत्थ मनोविञ्ञाणम्पि उप्पज्जति? ",
"mil3.3.7:11.2":	"ओपम्मं करोही”ति। ",
"mil3.3.7:11.3":	"“यथा, महाराज, मुद्दागणनासङ्ख्यालेखासिप्पट्ठानेसु आदिकम्मिकस्स दन्धायना भवति, अथापरेन समयेन निसम्मकिरियाय समुदाचरितत्ता अदन्धायना भवति। ",
"mil3.3.7:11.4":	"एवमेव खो, महाराज, समुदाचरितत्ता यत्थ चक्खुविञ्ञाणं उप्पज्जति, तत्थ मनोविञ्ञाणम्पि उप्पज्जति, न चक्खुविञ्ञाणं मनोविञ्ञाणं आणापेति ‘यत्थाहं उप्पज्जामि, त्वम्पि तत्थ उप्पज्जाही’ति, नापि मनोविञ्ञाणं चक्खुविञ्ञाणं आणापेति ‘यत्थ त्वं उप्पज्जिस्ससि, अहम्पि तत्थ उप्पज्जिस्सामी’ति, अनालापो तेसं अञ्ञमञ्ञेहि, समुदाचरितत्ता उप्पज्जन्ती”ति। ",
"mil3.3.7:12.1":	"“भन्ते नागसेन, यत्थ सोतविञ्ञाणं उप्पज्जति, तत्थ मनोविञ्ञाणम्पि उप्पज्जतीति …पे… ",
"mil3.3.7:12.2":	"यत्थ घानविञ्ञाणं उप्पज्जति … यत्थ जिव्हाविञ्ञाणं उप्पज्जति … यत्थ कायविञ्ञाणं उप्पज्जति, तत्थ मनोविञ्ञाणम्पि उप्पज्जती”ति? ",
"mil3.3.7:12.3":	"“आम, महाराज, यत्थ कायविञ्ञाणं उप्पज्जति, तत्थ मनोविञ्ञाणम्पि उप्पज्जती”ति। ",
"mil3.3.7:13.1":	"“किं नु खो, भन्ते नागसेन, पठमं कायविञ्ञाणं उप्पज्जति, पच्छा मनोविञ्ञाणं, उदाहु मनोविञ्ञाणं पठमं उप्पज्जति, पच्छा कायविञ्ञाणन्”ति? ",
"mil3.3.7:13.2":	"“कायविञ्ञाणं, महाराज, पठमं उप्पज्जति, पच्छा मनोविञ्ञाणन्”ति। ",
"mil3.3.7:14.1":	"“किं नु खो, भन्ते नागसेन …पे… ",
"mil3.3.7:14.2":	"अनालापो तेसं अञ्ञमञ्ञेहि, समुदाचरितत्ता उप्पज्जन्ती”ति। ",
"mil3.3.7:15.1":	"“कल्लोसि, भन्ते नागसेना”ति। ",
"mil3.3.7:16.1":	"चक्खुविञ्ञाणादिपञ्हो सत्तमो। "
}	
