{	
"mil3.5.5:0.1":	"मिलिन्दपञ्ह ",
"mil3.5.5:0.2":	"बुद्धवग्ग ",
"mil3.5.5:0.3":	"५। असङ्कमनपटिसन्दहनपञ्ह ",
"mil3.5.5:1.1":	"राजा आह—",
"mil3.5.5:1.2":	"“भन्ते नागसेन, न च सङ्कमति पटिसन्दहति चा”ति? ",
"mil3.5.5:1.3":	"“आम, महाराज, न च सङ्कमति पटिसन्दहति चा”ति। ",
"mil3.5.5:1.4":	"“कथं, भन्ते नागसेन, न च सङ्कमति पटिसन्दहति च, ओपम्मं करोही”ति? ",
"mil3.5.5:1.5":	"“यथा, महाराज, कोचिदेव पुरिसो पदीपतो पदीपं पदीपेय्य, किं नु खो सो, महाराज, पदीपो पदीपम्हा सङ्कन्तो”ति? ",
"mil3.5.5:1.6":	"“न हि, भन्ते”ति। ",
"mil3.5.5:1.7":	"“एवमेव खो, महाराज, न च सङ्कमति पटिसन्दहति चा”ति। ",
"mil3.5.5:2.1":	"“भिय्यो ओपम्मं करोही”ति। ",
"mil3.5.5:2.2":	"“अभिजानासि नु त्वं, महाराज, दहरको सन्तो सिलोकाचरियस्स सन्तिके किञ्चि सिलोकं गहितन्”ति? ",
"mil3.5.5:2.3":	"“आम, भन्ते”ति। ",
"mil3.5.5:2.4":	"“किं नु खो, महाराज, सो सिलोको आचरियम्हा सङ्कन्तो”ति? ",
"mil3.5.5:2.5":	"“न हि, भन्ते”ति। ",
"mil3.5.5:2.6":	"“एवमेव खो, महाराज, न च सङ्कमति पटिसन्दहति चा”ति। ",
"mil3.5.5:3.1":	"“कल्लोसि, भन्ते नागसेना”ति। ",
"mil3.5.5:4.1":	"असङ्कमनपटिसन्दहनपञ्हो पञ्चमो। "
}	
