{	
"mil3.2.1:0.1":	"मिलिन्दपञ्ह ",
"mil3.2.1:0.2":	"अद्धानवग्ग ",
"mil3.2.1:0.3":	"१। धम्मसन्ततिपञ्ह ",
"mil3.2.1:1.1":	"राजा आह—",
"mil3.2.1:1.2":	"“भन्ते नागसेन, यो उप्पज्जति, सो एव सो, उदाहु अञ्ञो”ति? ",
"mil3.2.1:1.3":	"थेरो आह—",
"mil3.2.1:1.4":	"“न च सो, न च अञ्ञो”ति। ",
"mil3.2.1:2.1":	"“ओपम्मं करोही”ति। ",
"mil3.2.1:2.2":	"“तं किं मञ्ञसि, महाराज, यदा त्वं दहरो तरुणो मन्दो उत्तानसेय्यको अहोसि, सोयेव त्वं एतरहि महन्तो”ति? ",
"mil3.2.1:2.3":	"“न हि, भन्ते, अञ्ञो सो दहरो तरुणो मन्दो उत्तानसेय्यको अहोसि, अञ्ञो अहं एतरहि महन्तो”ति। ",
"mil3.2.1:2.4":	"“एवं सन्ते खो, महाराज, मातातिपि न भविस्सति, पितातिपि न भविस्सति, आचरियोतिपि न भविस्सति, सिप्पवातिपि न भविस्सति, सीलवातिपि न भविस्सति, पञ्ञवातिपि न भविस्सति। ",
"mil3.2.1:2.5":	"किं नु खो, महाराज, अञ्ञा एव कललस्स माता, अञ्ञा अब्बुदस्स माता, अञ्ञा पेसिया माता, अञ्ञा घनस्स माता, अञ्ञा खुद्दकस्स माता, अञ्ञा महन्तस्स माता, अञ्ञो सिप्पं सिक्खति, अञ्ञो सिक्खितो भवति, अञ्ञो पापकम्मं करोति, अञ्ञस्स हत्थपादा छिज्जन्ती”ति? ",
"mil3.2.1:2.6":	"“न हि, भन्ते। ",
"mil3.2.1:2.7":	"त्वं पन, भन्ते, एवं वुत्ते, किं वदेय्यासी”ति? ",
"mil3.2.1:2.8":	"थेरो आह—",
"mil3.2.1:2.9":	"“अहञ्ञेव खो, महाराज, दहरो अहोसिं तरुणो मन्दो उत्तानसेय्यको, अहञ्ञेव एतरहि महन्तो, इममेव कायं निस्साय सब्बे ते एकसङ्गहिता”ति। ",
"mil3.2.1:3.1":	"“भिय्यो ओपम्मं करोही”ति। ",
"mil3.2.1:3.2":	"“यथा, महाराज, कोचिदेव पुरिसो पदीपं पदीपेय्य, किं सो सब्बरत्तिं पदीपेय्या”ति? ",
"mil3.2.1:3.3":	"“आम, भन्ते, सब्बरत्तिं पदीपेय्या”ति। ",
"mil3.2.1:3.4":	"“किं नु खो, महाराज, या पुरिमे यामे अच्चि, सा मज्झिमे यामे अच्ची”ति? ",
"mil3.2.1:3.5":	"“न हि, भन्ते”ति। ",
"mil3.2.1:3.6":	"“या मज्झिमे यामे अच्चि, सा पच्छिमे यामे अच्ची”ति? ",
"mil3.2.1:3.7":	"“न हि, भन्ते”ति। ",
"mil3.2.1:3.8":	"“किं नु खो, महाराज, अञ्ञो सो अहोसि पुरिमे यामे पदीपो, अञ्ञो मज्झिमे यामे पदीपो, अञ्ञो पच्छिमे यामे पदीपो”ति? ",
"mil3.2.1:3.9":	"“न हि, भन्ते, तंयेव निस्साय सब्बरत्तिं पदीपितो”ति। ",
"mil3.2.1:3.10":	"“एवमेव खो, महाराज, धम्मसन्तति सन्दहति, अञ्ञो उप्पज्जति, अञ्ञो निरुज्झति, अपुब्बं अचरिमं विय सन्दहति, तेन न च सो, न च अञ्ञो, पुरिमविञ्ञाणे पच्छिमविञ्ञाणं सङ्गहं गच्छती”ति। ",
"mil3.2.1:4.1":	"“भिय्यो ओपम्मं करोही”ति। ",
"mil3.2.1:4.2":	"“यथा, महाराज, खीरं दुय्हमानं कालन्तरेन दधि परिवत्तेय्य, दधितो नवनीतं, नवनीततो घतं परिवत्तेय्य, यो नु खो, महाराज, एवं वदेय्य ‘यंयेव खीरं तंयेव दधि, यंयेव दधि तंयेव नवनीतं, यंयेव नवनीतं तंयेव घतन्’ति, सम्मा नु खो सो, महाराज, वदमानो वदेय्या”ति? ",
"mil3.2.1:4.3":	"“न हि, भन्ते, तंयेव निस्साय सम्भूतन्”ति। ",
"mil3.2.1:4.4":	"“एवमेव खो, महाराज, धम्मसन्तति सन्दहति, अञ्ञो उप्पज्जति, अञ्ञो निरुज्झति, अपुब्बं अचरिमं विय सन्दहति, तेन न च सो, न च अञ्ञो, पुरिमविञ्ञाणे पच्छिमविञ्ञाणं सङ्गहं गच्छती”ति। ",
"mil3.2.1:5.1":	"“कल्लोसि, भन्ते नागसेना”ति। ",
"mil3.2.1:6.1":	"धम्मसन्ततिपञ्हो पठमो। "
}	
