{	
"mil3.3.5:0.1":	"मिलिन्दपञ्ह ",
"mil3.3.5:0.2":	"विचारवग्ग ",
"mil3.3.5:0.3":	"५। भवन्तसङ्खारजायमानपञ्ह ",
"mil3.3.5:1.1":	"राजा आह—",
"mil3.3.5:1.2":	"“भन्ते नागसेन, अत्थि केचि सङ्खारा, ये अभवन्ता जायन्ती”ति? ",
"mil3.3.5:1.3":	"“नत्थि, महाराज, केचि सङ्खारा, ये अभवन्ता जायन्ति, भवन्तायेव खो, महाराज, सङ्खारा जायन्ती”ति। ",
"mil3.3.5:2.1":	"“ओपम्मं करोही”ति। ",
"mil3.3.5:2.2":	"“तं किं मञ्ञसि, महाराज, इदं गेहं अभवन्तं जातं, यत्थ त्वं निसिन्नोसी”ति? ",
"mil3.3.5:2.3":	"“नत्थि किञ्चि, भन्ते, इध अभवन्तं जातं, भवन्तंयेव जातं, इमानि खो, भन्ते, दारूनि वने अहेसुं, अयञ्च मत्तिका पथवियं अहोसि, इत्थीनञ्च पुरिसानञ्च तज्जेन वायामेन एवमिदं गेहं निब्बत्तन्”ति। ",
"mil3.3.5:2.4":	"“एवमेव खो, महाराज, नत्थि केचि सङ्खारा, ये अभवन्ता जायन्ति, भवन्तायेव सङ्खारा जायन्ती”ति। ",
"mil3.3.5:3.1":	"“भिय्यो ओपम्मं करोही”ति। ",
"mil3.3.5:3.2":	"“यथा, महाराज, ये केचि बीजगामभूतगामा पथवियं निक्खित्ता अनुपुब्बेन वुड्ढिं विरूळ्हिं वेपुल्लं आपज्जमाना पुप्फानि च फलानि च ददेय्युं, न ते रुक्खा अभवन्ता जाता, भवन्तायेव ते रुक्खा जाता; ",
"mil3.3.5:3.3":	"एवमेव खो, महाराज, नत्थि केचि सङ्खारा, ये अभवन्ता जायन्ति, भवन्तायेव ते सङ्खारा जायन्ती”ति। ",
"mil3.3.5:4.1":	"“भिय्यो ओपम्मं करोही”ति। ",
"mil3.3.5:4.2":	"“यथा, महाराज, कुम्भकारो पथविया मत्तिकं उद्धरित्वा नानाभाजनानि करोति, न तानि भाजनानि अभवन्तानि जातानि, भवन्तानियेव जातानि; ",
"mil3.3.5:4.3":	"एवमेव खो, महाराज, नत्थि केचि सङ्खारा, ये अभवन्ता जायन्ति, भवन्तायेव सङ्खारा जायन्ती”ति। ",
"mil3.3.5:5.1":	"“भिय्यो ओपम्मं करोही”ति। ",
"mil3.3.5:5.2":	"“यथा, महाराज, वीणाय पत्तं न सिया, चम्मं न सिया, दोणि न सिया, दण्डो न सिया, उपवीणो न सिया, तन्तियो न सियुं, कोणो न सिया, पुरिसस्स च तज्जो वायामो न सिया, जायेय्य सद्दो”ति? ",
"mil3.3.5:5.3":	"“न हि, भन्ते”ति। ",
"mil3.3.5:5.4":	"“यतो च खो, महाराज, वीणाय पत्तं सिया, चम्मं सिया, दोणि सिया, दण्डो सिया, उपवीणो सिया, तन्तियो सियुं, कोणो सिया, पुरिसस्स च तज्जो वायामो सिया, जायेय्य सद्दो”ति? ",
"mil3.3.5:5.5":	"“आम, भन्ते, जायेय्या”ति। ",
"mil3.3.5:5.6":	"“एवमेव खो, महाराज, नत्थि केचि सङ्खारा, ये अभवन्ता जायन्ति, भवन्तायेव खो सङ्खारा जायन्ती”ति। ",
"mil3.3.5:6.1":	"“भिय्यो ओपम्मं करोही”ति। ",
"mil3.3.5:6.2":	"“यथा, महाराज, अरणि न सिया, अरणिपोतको न सिया, अरणियोत्तकं न सिया, उत्तरारणि न सिया, चोळकं न सिया, पुरिसस्स च तज्जो वायामो न सिया, जायेय्य सो अग्गी”ति? ",
"mil3.3.5:6.3":	"“न हि, भन्ते”ति। ",
"mil3.3.5:6.4":	"“यतो च खो, महाराज, अरणि सिया, अरणिपोतको सिया, अरणियोत्तकं सिया, उत्तरारणि सिया, चोळकं सिया, पुरिसस्स च तज्जो वायामो सिया, जायेय्य सो अग्गी”ति? ",
"mil3.3.5:6.5":	"“आम, भन्ते, जायेय्या”ति। ",
"mil3.3.5:6.6":	"“एवमेव खो, महाराज, नत्थि केचि सङ्खारा, ये अभवन्ता जायन्ति, भवन्तायेव खो सङ्खारा जायन्ती”ति। ",
"mil3.3.5:7.1":	"“भिय्यो ओपम्मं करोही”ति। ",
"mil3.3.5:7.2":	"“यथा, महाराज, मणि न सिया, आतपो न सिया, गोमयं न सिया, जायेय्य सो अग्गी”ति? ",
"mil3.3.5:7.3":	"“न हि, भन्ते”ति। ",
"mil3.3.5:7.4":	"“यतो च खो, महाराज, मणि सिया, आतपो सिया, गोमयं सिया, जायेय्य सो अग्गी”ति? ",
"mil3.3.5:7.5":	"“आम, भन्ते, जायेय्या”ति। ",
"mil3.3.5:7.6":	"“एवमेव खो, महाराज, नत्थि केचि सङ्खारा ये अभवन्ता जायन्ति, भवन्तायेव खो सङ्खारा जायन्ती”ति। ",
"mil3.3.5:8.1":	"“भिय्यो ओपम्मं करोही”ति। ",
"mil3.3.5:8.2":	"“यथा, महाराज, आदासो न सिया, आभा न सिया, मुखं न सिया, जायेय्य अत्ता”ति? ",
"mil3.3.5:8.3":	"“न हि, भन्ते”ति। ",
"mil3.3.5:8.4":	"“यतो च खो, महाराज, आदासो सिया, आभा सिया, मुखं सिया, जायेय्य अत्ता”ति? ",
"mil3.3.5:8.5":	"“आम, भन्ते, जायेय्या”ति। ",
"mil3.3.5:8.6":	"“एवमेव खो, महाराज, नत्थि केचि सङ्खारा, ये अभवन्ता जायन्ति, भवन्तायेव खो सङ्खारा जायन्ती”ति। ",
"mil3.3.5:9.1":	"“कल्लोसि, भन्ते नागसेना”ति। ",
"mil3.3.5:10.1":	"भवन्तसङ्खारजायमानपञ्हो पञ्चमो। "
}	
