{	
"mil3.3.11:0.1":	"मिलिन्दपञ्ह ",
"mil3.3.11:0.2":	"विचारवग्ग ",
"mil3.3.11:0.3":	"११। चेतनालक्खणपञ्ह ",
"mil3.3.11:1.1":	"“भन्ते नागसेन, किंलक्खणा चेतना”ति? ",
"mil3.3.11:1.2":	"“चेतयितलक्खणा, महाराज, चेतना अभिसङ्खरणलक्खणा चा”ति। ",
"mil3.3.11:2.1":	"“ओपम्मं करोही”ति। ",
"mil3.3.11:2.2":	"“यथा, महाराज, कोचिदेव पुरिसो विसं अभिसङ्खरित्वा अत्तना च पिवेय्य, परे च पायेय्य, सो अत्तनापि दुक्खितो भवेय्य, परेपि दुक्खिता भवेय्युं; ",
"mil3.3.11:2.3":	"एवमेव खो, महाराज, इधेकच्चो पुग्गलो अकुसलं कम्मं चेतनाय चेतयित्वा कायस्स भेदा परं मरणा अपायं दुग्गतिं विनिपातं निरयं उपपज्जेय्य। ",
"mil3.3.11:2.4":	"येपि तस्स अनुसिक्खन्ति, तेपि कायस्स भेदा परं मरणा अपायं दुग्गतिं विनिपातं निरयं उपपज्जन्ति। ",
"mil3.3.11:3.1":	"यथा वा पन, महाराज, कोचिदेव पुरिसो सप्पिनवनीततेलमधुफाणितं एकज्झं अभिसङ्खरित्वा अत्तना च पिवेय्य, परे च पायेय्य, सो अत्तना सुखितो भवेय्य, परेपि सुखिता भवेय्युं; ",
"mil3.3.11:3.2":	"एवमेव खो, महाराज, इधेकच्चो पुग्गलो कुसलं कम्मं चेतनाय चेतयित्वा कायस्स भेदा परं मरणा सुगतिं सग्गं लोकं उपपज्जति। ",
"mil3.3.11:3.3":	"येपि तस्स अनुसिक्खन्ति, तेपि कायस्स भेदा परं मरणा सुगतिं सग्गं लोकं उपपज्जन्ति। ",
"mil3.3.11:3.4":	"एवं खो, महाराज, चेतयितलक्खणा चेतना अभिसङ्खरणलक्खणा चा”ति। ",
"mil3.3.11:4.1":	"“कल्लोसि, भन्ते नागसेना”ति। ",
"mil3.3.11:5.1":	"चेतनालक्खणपञ्हो एकादसमो। "
}	
