{	
"mil3.5.4:0.1":	"मिलिन्दपञ्ह ",
"mil3.5.4:0.2":	"बुद्धवग्ग ",
"mil3.5.4:0.3":	"४। धम्मदिट्ठपञ्ह ",
"mil3.5.4:1.1":	"राजा आह—",
"mil3.5.4:1.2":	"“भन्ते नागसेन, धम्मो तया दिट्ठो”ति। ",
"mil3.5.4:1.3":	"“बुद्धनेत्तिया खो, महाराज, बुद्धपञ्ञत्तिया यावजीवं सावकेहि वत्तितब्बन्”ति। ",
"mil3.5.4:2.1":	"“कल्लोसि, भन्ते नागसेना”ति। ",
"mil3.5.4:3.1":	"धम्मदिट्ठपञ्हो चतुत्थो। "
}	
