{	
"mil3.7.8:0.1":	"मिलिन्दपञ्ह ",
"mil3.7.8:0.2":	"अरूपधम्मववत्थानवग्ग ",
"mil3.7.8:0.3":	"८। जानन्ताजानन्तपापकरणपञ्ह ",
"mil3.7.8:1.1":	"राजा आह—",
"mil3.7.8:1.2":	"“भन्ते नागसेन, यो जानन्तो पापकम्मं करोति, यो अजानन्तो पापकम्मं करोति, कस्स बहुतरं अपुञ्ञन्”ति? ",
"mil3.7.8:1.3":	"थेरो आह “यो खो, महाराज, अजानन्तो पापकम्मं करोति, तस्स बहुतरं अपुञ्ञन्”ति। ",
"mil3.7.8:1.4":	"“तेन हि, भन्ते नागसेन, यो अम्हाकं राजपुत्तो वा राजमहामत्तो वा अजानन्तो पापकम्मं करोति, तं मयं दिगुणं दण्डेमा”ति? ",
"mil3.7.8:1.5":	"“तं किं मञ्ञसि, महाराज, तत्तं अयोगुळं आदित्तं सम्पज्जलितं सजोतिभूतं एको जानन्तो गण्हेय्य, एको अजानन्तो गण्हेय्य, कतमो बलवतरं डय्हेय्या”ति। ",
"mil3.7.8:1.6":	"“यो खो, भन्ते, अजानन्तो गण्हेय्य, सो बलवतरं डय्हेय्या”ति। ",
"mil3.7.8:1.7":	"“एवमेव खो, महाराज, यो अजानन्तो पापकम्मं करोति, तस्स बहुतरं अपुञ्ञन्”ति। ",
"mil3.7.8:2.1":	"“कल्लोसि, भन्ते नागसेना”ति। ",
"mil3.7.8:3.1":	"जानन्ताजानन्तपापकरणपञ्हो अट्ठमो। "
}	
