{	
"mil3.1.9:0.1":	"मिलिन्दपञ्ह ",
"mil3.1.9:0.2":	"महावग्ग ",
"mil3.1.9:0.3":	"९। सीललक्खणपञ्ह ",
"mil3.1.9:1.1":	"राजा आह—",
"mil3.1.9:1.2":	"“भन्ते नागसेन, यं पनेतं ब्रूसि ‘अञ्ञेहि च कुसलेहि धम्मेही’ति, कतमे ते कुसला धम्मा”ति? ",
"mil3.1.9:1.3":	"“सीलं, महाराज, सद्धा वीरियं सति समाधि, इमे ते कुसला धम्मा”ति। ",
"mil3.1.9:1.4":	"“किंलक्खणं, भन्ते, सीलन्”ति? ",
"mil3.1.9:1.5":	"“पतिट्ठानलक्खणं, महाराज, सीलं सब्बेसं कुसलानं धम्मानं, इन्द्रियबलबोज्झङ्गमग्गङ्गसतिपट्ठानसम्मप्पधानैद्धिपादझानविमोक्खसमाधिसमापत्तीनं सीलं पतिट्ठं, सीले पतिट्ठितो खो, महाराज, योगावचरो सीलं निस्साय सीले पतिट्ठाय पञ्चिन्द्रियानि भावेति सद्धिन्द्रियं वीरियिन्द्रियं सतिन्द्रियं समाधिन्द्रियं पञ्ञिन्द्रियन्ति, सब्बे कुसला धम्मा न परिहायन्ती”ति। ",
"mil3.1.9:2.1":	"“ओपम्मं करोही”ति। ",
"mil3.1.9:2.2":	"“यथा, महाराज, ये केचि बीजगामभूतगामा वुड्ढिं विरूळ्हिं वेपुल्लं आपज्जन्ति, सब्बे ते पथविं निस्साय पथवियं पतिट्ठाय वुड्ढिं विरूळ्हिं वेपुल्लं आपज्जन्ति; ",
"mil3.1.9:2.3":	"एवमेव खो, महाराज, योगावचरो सीलं निस्साय सीले पतिट्ठाय पञ्चिन्द्रियानि भावेति सद्धिन्द्रियं वीरियिन्द्रियं सतिन्द्रियं समाधिन्द्रियं पञ्ञिन्द्रियन्”ति। ",
"mil3.1.9:3.1":	"“भिय्यो ओपम्मं करोही”ति। ",
"mil3.1.9:3.2":	"“यथा, महाराज, ये केचि बलकरणीया कम्मन्ता कयिरन्ति, सब्बे ते पथविं निस्साय पथवियं पतिट्ठाय कयिरन्ति; ",
"mil3.1.9:3.3":	"एवमेव खो, महाराज, योगावचरो सीलं निस्साय सीले पतिट्ठाय पञ्चिन्द्रियानि भावेति सद्धिन्द्रियं वीरियिन्द्रियं सतिन्द्रियं समाधिन्द्रियं पञ्ञिन्द्रियन्”ति। ",
"mil3.1.9:4.1":	"“भिय्यो ओपम्मं करोही”ति। ",
"mil3.1.9:4.2":	"“यथा, महाराज, नगरवड्ढकी नगरं मापेतुकामो पठमं नगरट्ठानं सोधापेत्वा खाणुकण्टकं अपकड्ढापेत्वा भूमिं समं कारापेत्वा ततो अपरभागे वीथिचतुक्कसिङ्घाटकादिपरिच्छेदेन विभजित्वा नगरं मापेति; ",
"mil3.1.9:4.3":	"एवमेव खो, महाराज, योगावचरो सीलं निस्साय सीले पतिट्ठाय पञ्चिन्द्रियानि भावेति सद्धिन्द्रियं वीरियिन्द्रियं सतिन्द्रियं समाधिन्द्रियं पञ्ञिन्द्रियन्”ति। ",
"mil3.1.9:5.1":	"“भिय्यो ओपम्मं करोही”ति। ",
"mil3.1.9:5.2":	"“यथा, महाराज, लङ्घको सिप्पं दस्सेतुकामो पथविं खणापेत्वा सक्खरकथलं अपकड्ढापेत्वा भूमिं समं कारापेत्वा मुदुकाय भूमिया सिप्पं दस्सेति; ",
"mil3.1.9:5.3":	"एवमेव खो, महाराज, योगावचरो सीलं निस्साय सीले पतिट्ठाय पञ्चिन्द्रियानि भावेति सद्धिन्द्रियं वीरियिन्द्रियं सतिन्द्रियं समाधिन्द्रियं पञ्ञिन्द्रियन्ति। ",
"mil3.1.9:5.4":	"भासितम्पेतं, महाराज, भगवता—",
"mil3.1.9:6.1":	"‘सीले पतिट्ठाय नरो सपञ्ञो, ",
"mil3.1.9:6.2":	"चित्तं पञ्ञञ्च भावयं; ",
"mil3.1.9:6.3":	"आतापी निपको भिक्खु, ",
"mil3.1.9:6.4":	"सो इमं विजटये जटन्ति। ",
"mil3.1.9:7.1":	"अयं पतिट्ठा धरणीव पाणिनं, ",
"mil3.1.9:7.2":	"इदञ्च मूलं कुसलाभिवुड्ढिया; ",
"mil3.1.9:7.3":	"मुखञ्चिदं सब्बजिनानुसासने, ",
"mil3.1.9:7.4":	"यो सीलक्खन्धो वरपातिमोक्खियो’”ति। ",
"mil3.1.9:8.1":	"“कल्लोसि, भन्ते नागसेना”ति। ",
"mil3.1.9:9.1":	"सीललक्खणपञ्हो नवमो। "
}	
