{	
"mil3.1.5:0.1":	"मिलिन्दपञ्ह ",
"mil3.1.5:0.2":	"महावग्ग ",
"mil3.1.5:0.3":	"५। पब्बज्जपञ्ह ",
"mil3.1.5:1.1":	"अथ खो आयस्मा नागसेनो येन मिलिन्दस्स रञ्ञो निवेसनं तेनुपसङ्कमि, उपसङ्कमित्वा पञ्ञत्ते आसने निसीदि। ",
"mil3.1.5:1.2":	"अथ खो मिलिन्दो राजा आयस्मन्तं नागसेनं सपरिसं पणीतेन खादनीयेन भोजनीयेन सहत्था सन्तप्पेत्वा सम्पवारेत्वा एकमेकं भिक्खुं एकमेकेन दुस्सयुगेन अच्छादेत्वा आयस्मन्तं नागसेनं तिचीवरेन अच्छादेत्वा आयस्मन्तं नागसेनं एतदवोच—",
"mil3.1.5:1.3":	"“भन्ते नागसेन, दसहि, भिक्खूहि सद्धिं इध निसीदथ, अवसेसा गच्छन्तू”ति। ",
"mil3.1.5:2.1":	"अथ खो मिलिन्दो राजा आयस्मन्तं नागसेनं भुत्ताविं ओनीतपत्तपाणिं विदित्वा अञ्ञतरं नीचं आसनं गहेत्वा एकमन्तं निसीदि, एकमन्तं निसिन्नो खो मिलिन्दो राजा आयस्मन्तं नागसेनं एतदवोच—",
"mil3.1.5:2.2":	"“भन्ते नागसेन, किम्हि होति कथासल्लापो”ति? ",
"mil3.1.5:2.3":	"“अत्थेन मयं, महाराज, अत्थिका, अत्थे होतु कथासल्लापो”ति। ",
"mil3.1.5:3.1":	"राजा आह—",
"mil3.1.5:3.2":	"“किमत्थिया, भन्ते नागसेन, तुम्हाकं पब्बज्जा, को च तुम्हाकं परमत्थो”ति। ",
"mil3.1.5:3.3":	"थेरो आह—",
"mil3.1.5:3.4":	"“किन्ति, महाराज, इदं दुक्खं निरुज्झेय्य, अञ्ञञ्च दुक्खं न उप्पज्जेय्याति। ",
"mil3.1.5:3.5":	"एतदत्था, महाराज, अम्हाकं पब्बज्जा, अनुपादा परिनिब्बानं खो पन अम्हाकं परमत्थो”ति। ",
"mil3.1.5:4.1":	"“किं पन, भन्ते नागसेन, सब्बे एतदत्थाय पब्बजन्ती”ति? ",
"mil3.1.5:4.2":	"“न हि, महाराज, केचि एतदत्थाय पब्बजन्ति, केचि राजाभिनीता पब्बजन्ति, केचि चोराभिनीता पब्बजन्ति, केचि इणट्टा पब्बजन्ति, केचि आजीविकत्थाय पब्बजन्ति, ये पन सम्मा पब्बजन्ति, ते एतदत्थाय पब्बजन्ती”ति। ",
"mil3.1.5:5.1":	"“त्वं पन, भन्ते, एतदत्थाय पब्बजितोसी”ति? ",
"mil3.1.5:5.2":	"“अहं खो, महाराज, दहरको सन्तो पब्बजितो, न जानामि इमस्स नामत्थाय पब्बजामीति, अपि च खो मे एवं अहोसि ‘पण्डिता इमे समणा सक्यपुत्तिया, ते मं सिक्खापेस्सन्ती’ति, स्वाहं तेहि सिक्खापितो जानामि च पस्सामि च ‘इमस्स नामत्थाय पब्बज्जा’”ति। ",
"mil3.1.5:6.1":	"“कल्लोसि, भन्ते नागसेना”ति। ",
"mil3.1.5:7.1":	"पब्बज्जपञ्हो पञ्चमो। "
}	
