{	
"mil3.3.2:0.1":	"मिलिन्दपञ्ह ",
"mil3.3.2:0.2":	"विचारवग्ग ",
"mil3.3.2:0.3":	"२। पुरिमकोटिपञ्ह ",
"mil3.3.2:1.1":	"राजा आह—",
"mil3.3.2:1.2":	"“भन्ते नागसेन, यं पनेतं ब्रूसि ‘पुरिमा कोटि न पञ्ञायती’ति, तस्स ओपम्मं करोही”ति। ",
"mil3.3.2:1.3":	"“यथा, महाराज, पुरिसो परित्तं बीजं पथवियं निक्खिपेय्य, ततो अङ्कुरो उट्ठहित्वा अनुपुब्बेन वुड्ढिं विरूळ्हिं वेपुल्लं आपज्जित्वा फलं ददेय्य। ",
"mil3.3.2:1.4":	"ततो बीजं गहेत्वा पुन रोपेय्य, ततोपि अङ्कुरो उट्ठहित्वा अनुपुब्बेन वुड्ढिं विरूळ्हिं वेपुल्लं आपज्जित्वा फलं ददेय्य। ",
"mil3.3.2:1.5":	"एवमेतिस्सा सन्ततिया अत्थि अन्तो”ति? ",
"mil3.3.2:1.6":	"“नत्थि, भन्ते”ति। ",
"mil3.3.2:1.7":	"“एवमेव खो, महाराज, अद्धानस्सापि पुरिमा कोटि न पञ्ञायती”ति। ",
"mil3.3.2:2.1":	"“भिय्यो ओपम्मं करोही”ति। ",
"mil3.3.2:2.2":	"“यथा, महाराज, कुक्कुटिया अण्डं भवेय्य, अण्डतो कुक्कुटी कुक्कुटिया अण्डन्ति। ",
"mil3.3.2:2.3":	"एवमेतिस्सा सन्ततिया अत्थि अन्तो”ति? ",
"mil3.3.2:2.4":	"“नत्थि, भन्ते”ति। ",
"mil3.3.2:2.5":	"“एवमेव खो, महाराज, अद्धानस्सापि पुरिमा कोटि न पञ्ञायती”ति। ",
"mil3.3.2:3.1":	"“भिय्यो ओपम्मं करोही”ति। ",
"mil3.3.2:3.2":	"थेरो पथविया चक्कं लिखित्वा मिलिन्दं राजानं एतदवोच—",
"mil3.3.2:3.3":	"“अत्थि, महाराज, इमस्स चक्कस्स अन्तो”ति? ",
"mil3.3.2:3.4":	"“नत्थि, भन्ते”ति। ",
"mil3.3.2:3.5":	"“एवमेव खो, महाराज, इमानि चक्कानि वुत्तानि भगवता ‘चक्खुञ्च पटिच्च रूपे च उप्पज्जति चक्खुविञ्ञाणं, तिण्णं सङ्गति फस्सो, फस्सपच्चया वेदना, वेदनापच्चया तण्हा, तण्हापच्चया उपादानं, उपादानपच्चया कम्मं, कम्मतो पुन चक्खुं जायती’ति। ",
"mil3.3.2:3.6":	"एवमेतिस्सा सन्ततिया अत्थि अन्तो”ति? ",
"mil3.3.2:3.7":	"“नत्थि, भन्ते”ति। ",
"mil3.3.2:4.1":	"“‘सोतञ्च पटिच्च सद्दे च …पे… ",
"mil3.3.2:4.2":	"मनञ्च पटिच्च धम्मे च उप्पज्जति मनोविञ्ञाणं, तिण्णं सङ्गति फस्सो, फस्सपच्चया वेदना, वेदनापच्चया तण्हा, तण्हापच्चया उपादानं, उपादानपच्चया कम्मं, कम्मतो पुन मनो जायती’ति। ",
"mil3.3.2:4.3":	"एवमेतिस्सा सन्ततिया अत्थि अन्तो”ति? ",
"mil3.3.2:4.4":	"“नत्थि, भन्ते”ति। ",
"mil3.3.2:4.5":	"“एवमेव खो, महाराज, अद्धानस्सापि पुरिमा कोटि न पञ्ञायती”ति। ",
"mil3.3.2:5.1":	"“कल्लोसि, भन्ते नागसेना”ति। ",
"mil3.3.2:6.1":	"पुरिमकोटिपञ्हो दुतियो। "
}	
