{	
"mil3.6.9:0.1":	"मिलिन्दपञ्ह ",
"mil3.6.9:0.2":	"सतिवग्ग ",
"mil3.6.9:0.3":	"९। संसारपञ्ह ",
"mil3.6.9:1.1":	"राजा आह—",
"mil3.6.9:1.2":	"“भन्ते नागसेन, यं पनेतं ब्रूसि ‘संसारो’ति, कतमो सो संसारो”ति? ",
"mil3.6.9:1.3":	"“इध, महाराज, जातो इधेव मरति, इध मतो अञ्ञत्र उप्पज्जति, तहिं जातो तहिंयेव मरति, तहिं मतो अञ्ञत्र उप्पज्जति, एवं खो, महाराज, संसारो होती”ति। ",
"mil3.6.9:1.4":	"“ओपम्मं करोही”ति। ",
"mil3.6.9:1.5":	"“यथा, महाराज, कोचिदेव पुरिसो पक्कं अम्बं खादित्वा अट्ठिं रोपेय्य, ततो महन्तो अम्बरुक्खो निब्बत्तित्वा फलानि ददेय्य, अथ सो पुरिसो ततोपि पक्कं अम्बं खादित्वा अट्ठिं रोपेय्य, ततोपि महन्तो अम्बरुक्खो निब्बत्तित्वा फलानि ददेय्य, एवमेतेसं रुक्खानं कोटि न पञ्ञायति; ",
"mil3.6.9:1.6":	"एवमेव खो, महाराज, इध जातो इधेव मरति, इध मतो अञ्ञत्र उप्पज्जति, तहिं जातो तहिंयेव मरति, तहिं मतो अञ्ञत्र उप्पज्जति, एवं खो, महाराज, संसारो होती”ति। ",
"mil3.6.9:2.1":	"“कल्लोसि, भन्ते नागसेना”ति। ",
"mil3.6.9:3.1":	"संसारपञ्हो नवमो। "
}	
