{	
"mil3.3.3:0.1":	"मिलिन्दपञ्ह ",
"mil3.3.3:0.2":	"विचारवग्ग ",
"mil3.3.3:0.3":	"३। कोटिपञ्ञायनपञ्ह ",
"mil3.3.3:1.1":	"राजा आह—",
"mil3.3.3:1.2":	"“भन्ते नागसेन, यं पनेतं ब्रूसि ‘पुरिमा कोटि न पञ्ञायती’ति, कतमा च सा पुरिमा कोटी”ति? ",
"mil3.3.3:1.3":	"“यो खो, महाराज, अतीतो अद्धा, एसा पुरिमा कोटी”ति। ",
"mil3.3.3:1.4":	"“भन्ते नागसेन, यं पनेतं ब्रूसि ‘पुरिमा कोटि न पञ्ञायती’ति, किं पन, भन्ते, सब्बापि पुरिमा कोटि न पञ्ञायती”ति? ",
"mil3.3.3:1.5":	"“काचि, महाराज, पञ्ञायति, काचि न पञ्ञायती”ति। ",
"mil3.3.3:1.6":	"“कतमा, भन्ते, पञ्ञायति, कतमा न पञ्ञायती”ति? ",
"mil3.3.3:1.7":	"“इतो पुब्बे, महाराज, सब्बेन सब्बं सब्बथा सब्बं अविज्जा नाहोसीति एसा पुरिमा कोटि न पञ्ञायति, यं अहुत्वा सम्भोति, हुत्वा पटिविगच्छति, एसा पुरिमा कोटि पञ्ञायती”ति। ",
"mil3.3.3:2.1":	"“भन्ते नागसेन, यं अहुत्वा सम्भोति, हुत्वा पटिविगच्छति, ननु तं उभतो छिन्नं अत्थं गच्छती”ति? ",
"mil3.3.3:2.2":	"“यदि, महाराज, उभतो छिन्नं अत्थं गच्छति, उभतो छिन्ना सक्का वड्ढेतुन्”ति? ",
"mil3.3.3:2.3":	"“आम सापि सक्का वड्ढेतुन्”ति। ",
"mil3.3.3:2.4":	"“नाहं, भन्ते, एतं पुच्छामि कोटितो सक्का वड्ढेतुन्”ति? ",
"mil3.3.3:2.5":	"“आम सक्का वड्ढेतुन्”ति। ",
"mil3.3.3:3.1":	"“ओपम्मं करोही”ति। ",
"mil3.3.3:3.2":	"थेरो तस्स रुक्खूपमं अकास्, “खन्धा च केवलस्स दुक्खक्खन्धस्स बीजानी”ति। ",
"mil3.3.3:4.1":	"“कल्लोसि, भन्ते नागसेना”ति। ",
"mil3.3.3:5.1":	"कोटिपञ्ञायनपञ्हो ततियो। "
}	
