{	
"mil3.7.7:0.1":	"मिलिन्दपञ्ह ",
"mil3.7.7:0.2":	"अरूपधम्मववत्थानवग्ग ",
"mil3.7.7:0.3":	"७। पापपुञ्ञानं अप्पानप्पभावपञ्ह ",
"mil3.7.7:1.1":	"राजा आह—",
"mil3.7.7:1.2":	"“भन्ते नागसेन, कतरं नु खो बहुतरं पुञ्ञं वा अपुञ्ञं वा”ति? ",
"mil3.7.7:1.3":	"“पुञ्ञं खो, महाराज, बहुतरं, अपुञ्ञं थोकन्”ति। ",
"mil3.7.7:1.4":	"“केन कारणेना”ति? ",
"mil3.7.7:1.5":	"“अपुञ्ञं खो, महाराज, करोन्तो विप्पटिसारी होति ‘पापकम्मं मया कतन्’ति, तेन पापं न वड्ढति। ",
"mil3.7.7:1.6":	"पुञ्ञं खो, महाराज, करोन्तो अविप्पटिसारी होति, अविप्पटिसारिनो पामोज्जं जायति, पमुदितस्स पीति जायति, पीतिमनस्स कायो पस्सम्भति, पस्सद्धकायो सुखं वेदेति, सुखिनो चित्तं समाधियति, समाहितो यथाभूतं पजानाति, तेन कारणेन पुञ्ञं वड्ढति। ",
"mil3.7.7:1.7":	"पुरिसो खो, महाराज, छिन्नहत्थपादो भगवतो एकं उप्पलहत्थं दत्वा एकनवुतिकप्पानि विनिपातं न गच्छिस्सति। ",
"mil3.7.7:1.8":	"इमिनापि, महाराज, कारणेन भणामि ‘पुञ्ञं बहुतरं, अपुञ्ञं थोकन्’”ति। ",
"mil3.7.7:2.1":	"“कल्लोसि, भन्ते नागसेना”ति। ",
"mil3.7.7:3.1":	"पापपुञ्ञानं अप्पानप्पभावपञ्हो सत्तमो। "
}	
