{	
"mil3.4.8:0.1":	"मिलिन्दपञ्ह ",
"mil3.4.8:0.2":	"निब्बानवग्ग ",
"mil3.4.8:0.3":	"८। निरोधनिब्बानपञ्ह ",
"mil3.4.8:1.1":	"राजा आह—",
"mil3.4.8:1.2":	"“भन्ते नागसेन, निरोधो निब्बानन्”ति? ",
"mil3.4.8:1.3":	"“आम, महाराज, निरोधो निब्बानन्”ति। ",
"mil3.4.8:1.4":	"“कथं, भन्ते नागसेन, निरोधो निब्बानन्”ति? ",
"mil3.4.8:1.5":	"“सब्बे बालपुथुज्जना खो, महाराज, अज्झत्तिकबाहिरे आयतने अभिनन्दन्ति अभिवदन्ति अज्झोसाय तिट्ठन्ति, ते तेन सोतेन वुय्हन्ति, न परिमुच्चन्ति जातिया जराय मरणेन सोकेन परिदेवेन दुक्खेहि दोमनस्सेहि उपायासेहि न परिमुच्चन्ति दुक्खस्माति वदामि। ",
"mil3.4.8:1.6":	"सुतवा च खो, महाराज, अरियसावको अज्झत्तिकबाहिरे आयतने नाभिनन्दति नाभिवदति नाज्झोसाय तिट्ठति, तस्स तं अनभिनन्दतो अनभिवदतो अनज्झोसाय तिट्ठतो तण्हा निरुज्झति, तण्हानिरोधा उपादाननिरोधो, उपादाननिरोधा भवनिरोधो, भवनिरोधा जातिनिरोधो, जातिनिरोधा जरामरणं सोकपरिदेवदुक्खदोमनस्सुपायासा निरुज्झन्ति, एवमेतस्स केवलस्स दुक्खक्खन्धस्स निरोधो होति, एवं खो, महाराज, निरोधो निब्बानन्”ति। ",
"mil3.4.8:2.1":	"“कल्लोसि, भन्ते नागसेना”ति। ",
"mil3.4.8:3.1":	"निरोधनिब्बानपञ्हो अट्ठमो। "
}	
