{	
"mil3.7.16:0.1":	"मिलिन्दपञ्ह ",
"mil3.7.16:0.2":	"अरूपधम्मववत्थानवग्ग ",
"mil3.7.16:0.3":	"१६। अरूपधम्मववत्थानदुक्करपञ्ह ",
"mil3.7.16:1.1":	"राजा आह—",
"mil3.7.16:1.2":	"“भन्ते नागसेन, दुक्करं नु खो भगवता कतन्”ति? ",
"mil3.7.16:1.3":	"थेरो आह—",
"mil3.7.16:1.4":	"“दुक्करं, महाराज, भगवता कतन्”ति। ",
"mil3.7.16:1.5":	"“किं पन, भन्ते नागसेन, भगवता दुक्करं कतन्”ति। ",
"mil3.7.16:1.6":	"“दुक्करं, महाराज, भगवता कतं इमेसं अरूपीनं चित्तचेतसिकानं धम्मानं एकारम्मणे वत्तमानानं ववत्थानं अक्खातं ‘अयं फस्सो, अयं वेदना, अयं सञ्ञा, अयं चेतना, इदं चित्तन्’”ति। ",
"mil3.7.16:2.1":	"“ओपम्मं करोही”ति। ",
"mil3.7.16:2.2":	"“यथा, महाराज, कोचिदेव पुरिसो नावाय महासमुद्दं अज्झोगाहेत्वा हत्थपुटेन उदकं गहेत्वा जिव्हाय सायित्वा जानेय्य नु खो, महाराज, सो पुरिसो ‘इदं गङ्गाय उदकं, इदं यमुनाय उदकं, इदं अचिरवतिया उदकं, इदं सरभुया उदकं, इदं महिया उदकन्’”ति? ",
"mil3.7.16:2.3":	"“दुक्करं, भन्ते, जानितुन्”ति। ",
"mil3.7.16:2.4":	"“इतो दुक्करतरं खो, महाराज, भगवता कतं इमेसं अरूपीनं चित्तचेतसिकानं धम्मानं एकारम्मणे वत्तमानानं ववत्थानं अक्खातं ‘अयं फस्सो, अयं वेदना, अयं सञ्ञा, अयं चेतना, इदं चित्तन्’”ति। ",
"mil3.7.16:2.5":	"“सुट्ठु, भन्ते”ति राजा अब्भानुमोदीति। ",
"mil3.7.16:3.1":	"अरूपधम्मववत्थानदुक्करपञ्हो सोळसमो। ",
"mil3.7.16:4.1":	"अरूपधम्मववत्थानवग्गो सत्तमो। ",
"mil3.7.16:5.1":	"इमस्मिं वग्गे सोळस पञ्हा। "
}	
