{	
"mil3.7.2:0.1":	"मिलिन्दपञ्ह ",
"mil3.7.2:0.2":	"अरूपधम्मववत्थानवग्ग ",
"mil3.7.2:0.3":	"२। बुद्धगुणसतिपटिलाभपञ्ह ",
"mil3.7.2:1.1":	"राजा आह—",
"mil3.7.2:1.2":	"“भन्ते नागसेन, तुम्हे एतं भणथ—",
"mil3.7.2:1.3":	"‘यो वस्ससतं अकुसलं करेय्य, मरणकाले च एकं बुद्धगुणं सतिं पटिलभेय्य, सो देवेसु उप्पज्जेय्या’ति एतं न सद्दहामि, एवञ्च पन वदेथ ‘एकेन पाणातिपातेन निरये उप्पज्जेय्या’ति एतम्पि न सद्दहामी”ति। ",
"mil3.7.2:2.1":	"“तं किं मञ्ञसि, महाराज, खुद्दकोपि पासाणो विना नावाय उदके उप्पिलवेय्या”ति। ",
"mil3.7.2:2.2":	"“न हि, भन्ते”ति। ",
"mil3.7.2:2.3":	"“किं नु खो, महाराज, वाहसतम्पि पासाणानं नावाय आरोपितं उदके उप्पिलवेय्या”ति? ",
"mil3.7.2:2.4":	"“आम, भन्ते”ति। ",
"mil3.7.2:2.5":	"“यथा, महाराज, नावा, एवं कुसलानि कम्मानि दट्ठब्बानी”ति। ",
"mil3.7.2:3.1":	"“कल्लोसि, भन्ते नागसेना”ति। ",
"mil3.7.2:4.1":	"बुद्धगुणसतिपटिलाभपञ्हो दुतियो। "
}	
