{	
"mil3.5.1:0.1":	"मिलिन्दपञ्ह ",
"mil3.5.1:0.2":	"बुद्धवग्ग ",
"mil3.5.1:0.3":	"१। बुद्धस्सअत्थिनत्थिभावपञ्ह ",
"mil3.5.1:1.1":	"राजा आह—",
"mil3.5.1:1.2":	"“भन्ते नागसेन, बुद्धो तया दिट्ठो”ति? ",
"mil3.5.1:1.3":	"“न हि, महाराजा”ति। ",
"mil3.5.1:1.4":	"“अथ ते आचरियेहि बुद्धो दिट्ठो”ति? ",
"mil3.5.1:1.5":	"“न हि, महाराजा”ति। ",
"mil3.5.1:1.6":	"“तेन हि, भन्ते नागसेन, नत्थि बुद्धो”ति। ",
"mil3.5.1:1.7":	"“किं पन, महाराज, हिमवति ऊहा नदी तया दिट्ठा”ति? ",
"mil3.5.1:1.8":	"“न हि, भन्ते”ति। ",
"mil3.5.1:1.9":	"“अथ ते पितरा ऊहा नदी दिट्ठा”ति? ",
"mil3.5.1:1.10":	"“न हि, भन्ते”ति। ",
"mil3.5.1:1.11":	"“तेन हि, महाराज, नत्थि ऊहा नदी”ति। ",
"mil3.5.1:1.12":	"“अत्थि, भन्ते, किञ्चापि मया ऊहा नदी न दिट्ठा, पितरापि मे ऊहा नदी न दिट्ठा, अपि च अत्थि ऊहा नदी”ति। ",
"mil3.5.1:1.13":	"“एवमेव खो, महाराज, किञ्चापि मया भगवा न दिट्ठो, आचरियेहिपि मे भगवा न दिट्ठो, अपि च अत्थि भगवा”ति। ",
"mil3.5.1:2.1":	"“कल्लोसि, भन्ते नागसेना”ति। ",
"mil3.5.1:3.1":	"बुद्धस्स अत्थिनत्थिभावपञ्हो पठमो। "
}	
