{	
"mil3.1.2:0.1":	"मिलिन्दपञ्ह ",
"mil3.1.2:0.2":	"महावग्ग ",
"mil3.1.2:0.3":	"२। वस्सगणनपञ्ह ",
"mil3.1.2:1.1":	"“कतिवस्सोसि त्वं, भन्ते नागसेना”ति? ",
"mil3.1.2:1.2":	"“सत्तवस्सोहं, महाराजा”ति। ",
"mil3.1.2:1.3":	"“के ते, भन्ते, सत्त, त्वं वा सत्त, गणना वा सत्ता”ति? ",
"mil3.1.2:2.1":	"तेन खो पन समयेन मिलिन्दस्स रञ्ञो सब्बाभरणपटिमण्डितस्स अलङ्कतपटियत्तस्स पथवियं छाया दिस्सति, उदकमणिके च छाया दिस्सति। ",
"mil3.1.2:2.2":	"अथ खो आयस्मा नागसेनो मिलिन्दं राजानं एतदवोच—",
"mil3.1.2:2.3":	"“अयं ते, महाराज, छाया पथवियं उदकमणिके च दिस्सति, किं पन, महाराज, त्वं वा राजा, छाया वा राजा”ति? ",
"mil3.1.2:2.4":	"“अहं, भन्ते नागसेन, राजा, नायं छाया राजा, मं पन निस्साय छाया पवत्तती”ति। ",
"mil3.1.2:2.5":	"“एवमेव खो, महाराज, वस्सानं गणना सत्त, न पनाहं सत्त, मं पन निस्साय सत्त पवत्तति, छायूपमं, महाराजा”ति। ",
"mil3.1.2:2.6":	"“अच्छरियं, भन्ते नागसेन, अब्भुतं, भन्ते नागसेन, अतिचित्रानि पञ्हपटिभानानि विसज्जितानी”ति। ",
"mil3.1.2:3.1":	"वस्सगणनपञ्हो दुतियो। "
}	
