{	
"mil3.1.4:0.1":	"मिलिन्दपञ्ह ",
"mil3.1.4:0.2":	"महावग्ग ",
"mil3.1.4:0.3":	"४। अनन्तकायपञ्ह ",
"mil3.1.4:1.1":	"अथ खो मिलिन्दस्स रञ्ञो एतदहोसि—",
"mil3.1.4:1.2":	"“पण्डितो खो अयं भिक्खु पटिबलो मया सद्धिं सल्लपितुं, बहुकानि च मे ठानानि पुच्छितब्बानि भविस्सन्ति, याव अपुच्छितानियेव तानि ठानानि भविस्सन्ति, अथ सूरियो अत्थं गमिस्सति, यन्नूनाहं स्वे अन्तेपुरे सल्लपेय्यन्”ति। ",
"mil3.1.4:2.1":	"अथ खो राजा देवमन्तियं एतदवोच—",
"mil3.1.4:2.2":	"“तेन हि त्वं, देवमन्तिय, भदन्तस्स आरोचेय्यासि ‘स्वे अन्तेपुरे रञ्ञा सद्धिं सल्लापो भविस्सती’”ति। ",
"mil3.1.4:2.3":	"इदं वत्वा मिलिन्दो राजा उट्ठायासना थेरं नागसेनं आपुच्छित्वा रथं अभिरूहित्वा “नागसेनो नागसेनो”ति सज्झायं करोन्तो पक्कामि। ",
"mil3.1.4:3.1":	"अथ खो देवमन्तियो आयस्मन्तं नागसेनं एतदवोच—",
"mil3.1.4:3.2":	"“राजा, भन्ते, मिलिन्दो एवमाह—",
"mil3.1.4:3.3":	"‘स्वे अन्तेपुरे रञ्ञा सद्धिं सल्लापो भविस्सती’”ति। ",
"mil3.1.4:3.4":	"“सुट्ठू”ति थेरो अब्भानुमोदि। ",
"mil3.1.4:3.5":	"अथ खो तस्सा रत्तिया अच्चयेन देवमन्तियो च अनन्तकायो च मङ्कुरो च सब्बदिन्नो च येन मिलिन्दो राजा तेनुपसङ्कमिंसु, उपसङ्कमित्वा राजानं मिलिन्दं एतदवोचुं—",
"mil3.1.4:3.6":	"“आगच्छतु, महाराज, भदन्तो नागसेनो”ति? ",
"mil3.1.4:3.7":	"“आम आगच्छतू”ति। ",
"mil3.1.4:3.8":	"“कित्तकेहि भिक्खूहि सद्धिं आगच्छतू”ति? ",
"mil3.1.4:3.9":	"“यत्तके भिक्खू इच्छति, तत्तकेहि भिक्खूहि सद्धिं आगच्छतू”ति। ",
"mil3.1.4:4.1":	"अथ खो सब्बदिन्नो आह—",
"mil3.1.4:4.2":	"“आगच्छतु, महाराज, दसहि भिक्खूहि सद्धिन्”ति। ",
"mil3.1.4:4.3":	"दुतियम्पि खो राजा आह—",
"mil3.1.4:4.4":	"“यत्तके भिक्खू इच्छति, तत्तकेहि भिक्खूहि सद्धिं आगच्छतू”ति। ",
"mil3.1.4:4.5":	"दुतियम्पि खो सब्बदिन्नो आह—",
"mil3.1.4:4.6":	"“आगच्छतु, महाराज, दसहि भिक्खूहि सद्धिन्”ति। ",
"mil3.1.4:4.7":	"ततियम्पि खो राजा आह—",
"mil3.1.4:4.8":	"“यत्तके भिक्खू इच्छति, तत्तकेहि भिक्खूहि सद्धिं आगच्छतू”ति। ",
"mil3.1.4:4.9":	"ततियम्पि खो सब्बदिन्नो आह—",
"mil3.1.4:4.10":	"“आगच्छतु, महाराज, दसहि भिक्खूहि सद्धिन्”ति। ",
"mil3.1.4:4.11":	"“सब्बो पनायं सक्कारो पटियादितो, अहं भणामि ‘यत्तके भिक्खू इच्छति, तत्तकेहि भिक्खूहि सद्धिं आगच्छतू’ति। ",
"mil3.1.4:4.12":	"अयं भणे सब्बदिन्नो अञ्ञथा भणति, किं नु मयं नप्पटिबला भिक्खूनं भोजनं दातुन्”ति? ",
"mil3.1.4:4.13":	"एवं वुत्ते, सब्बदिन्नो मङ्कु अहोसि। ",
"mil3.1.4:5.1":	"अथ खो देवमन्तियो च अनन्तकायो च मङ्कुरो च येनायस्मा नागसेनो तेनुपसङ्कमिंसु, उपसङ्कमित्वा आयस्मन्तं नागसेनं एतदवोचुं—",
"mil3.1.4:5.2":	"“राजा, भन्ते, मिलिन्दो एवमाह—",
"mil3.1.4:5.3":	"‘यत्तके भिक्खू इच्छति, तत्तकेहि भिक्खूहि सद्धिं आगच्छतू’”ति। ",
"mil3.1.4:5.4":	"अथ खो आयस्मा नागसेनो पुब्बण्हसमयं निवासेत्वा पत्तचीवरमादाय असीतिया भिक्खुसहस्सेहि सद्धिं सागलं पाविसि। ",
"mil3.1.4:6.1":	"अथ खो अनन्तकायो आयस्मन्तं नागसेनं निस्साय गच्छन्तो आयस्मन्तं नागसेनं एतदवोच—",
"mil3.1.4:6.2":	"“भन्ते नागसेन, यं पनेतं ब्रूसि ‘नागसेनो’ति, कतमो एत्थ नागसेनो”ति? ",
"mil3.1.4:6.3":	"थेरो आह—",
"mil3.1.4:6.4":	"“को पनेत्थ ‘नागसेनो’ति मञ्ञसी”ति? ",
"mil3.1.4:6.5":	"“यो सो, भन्ते, अब्भन्तरे वातो जीवो पविसति च निक्खमति च, सो ‘नागसेनो’ति मञ्ञामी”ति। ",
"mil3.1.4:6.6":	"“यदि पनेसो वातो निक्खमित्वा नप्पविसेय्य, पविसित्वा न निक्खमेय्य, जीवेय्य नु खो सो पुरिसो”ति? ",
"mil3.1.4:6.7":	"“न हि, भन्ते”ति। ",
"mil3.1.4:6.8":	"“ये पनिमे सङ्खधमका सङ्खं धमेन्ति, तेसं वातो पुन पविसती”ति? ",
"mil3.1.4:6.9":	"“न हि, भन्ते”ति। ",
"mil3.1.4:6.10":	"“ये पनिमे वंसधमका वंसं धमेन्ति, तेसं वातो पुन पविसती”ति? ",
"mil3.1.4:6.11":	"“न हि, भन्ते”ति। ",
"mil3.1.4:6.12":	"“ये पनिमे सिङ्गधमका सिङ्गं धमेन्ति, तेसं वातो पुन पविसती”ति? ",
"mil3.1.4:6.13":	"“न हि, भन्ते”ति। ",
"mil3.1.4:6.14":	"“अथ किस्स पन ते न मरन्ती”ति। ",
"mil3.1.4:6.15":	"“नाहं पटिबलो तया वादिना सद्धिं सल्लपितुं, साधु, भन्ते, अत्थं जप्पेही”ति। ",
"mil3.1.4:6.16":	"“नेसो जीवो, अस्सासपस्सासा नामेते कायसङ्खारा”ति थेरो अभिधम्मकथं कथेसि। ",
"mil3.1.4:6.17":	"अथ अनन्तकायो उपासकत्तं पटिवेदेसीति। ",
"mil3.1.4:7.1":	"अनन्तकायपञ्हो चतुत्थो। "
}	
