{	
"mil3.6.2:0.1":	"मिलिन्दपञ्ह ",
"mil3.6.2:0.2":	"सतिवग्ग ",
"mil3.6.2:0.3":	"२। सब्बञ्ञूभावपञ्ह ",
"mil3.6.2:1.1":	"राजा आह—",
"mil3.6.2:1.2":	"“भन्ते नागसेन, बुद्धो सब्बञ्ञू सब्बदस्सावी”ति? ",
"mil3.6.2:1.3":	"“आम, महाराज, भगवा सब्बञ्ञू सब्बदस्सावी”ति। ",
"mil3.6.2:1.4":	"“अथ किस्स नु खो, भन्ते नागसेन, सावकानं अनुपुब्बेन सिक्खापदं पञ्ञपेसी”ति? ",
"mil3.6.2:1.5":	"“अत्थि पन ते, महाराज, कोचि वेज्जो, यो इमिस्सं पथवियं सब्बभेसज्जानि जानाती”ति? ",
"mil3.6.2:1.6":	"“आम, भन्ते, अत्थी”ति। ",
"mil3.6.2:1.7":	"“किं नु खो, महाराज, सो वेज्जो गिलानकं सम्पत्ते काले भेसज्जं पायेति, उदाहु असम्पत्ते काले”ति? ",
"mil3.6.2:1.8":	"“सम्पत्ते काले, भन्ते, गिलानकं भेसज्जं पायेति, नो असम्पत्ते काले”ति? ",
"mil3.6.2:1.9":	"“एवमेव खो, महाराज, भगवा सब्बञ्ञू सब्बदस्सावी न असम्पत्ते काले सावकानं सिक्खापदं पञ्ञापेति, सम्पत्ते काले सावकानं सिक्खापदं पञ्ञापेति यावजीवं अनतिक्कमनीयन्”ति। ",
"mil3.6.2:2.1":	"“कल्लोसि, भन्ते नागसेना”ति। ",
"mil3.6.2:3.1":	"सब्बञ्ञूभावपञ्हो दुतियो। "
}	
