{	
"mil3.7.12:0.1":	"मिलिन्दपञ्ह ",
"mil3.7.12:0.2":	"अरूपधम्मववत्थानवग्ग ",
"mil3.7.12:0.3":	"१२। समुद्दपञ्ह ",
"mil3.7.12:1.1":	"राजा आह—",
"mil3.7.12:1.2":	"“भन्ते नागसेन, ‘समुद्दो समुद्दो’ति वुच्चति, केन कारणेन उदकं ‘समुद्दो’ति वुच्चती”ति? ",
"mil3.7.12:1.3":	"थेरो आह—",
"mil3.7.12:1.4":	"“यत्तकं, महाराज, उदकं, तत्तकं लोणं। ",
"mil3.7.12:1.5":	"यत्तकं लोणं, तत्तकं उदकं। ",
"mil3.7.12:1.6":	"तस्मा ‘समुद्दो’ति वुच्चती”ति। ",
"mil3.7.12:2.1":	"“कल्लोसि, भन्ते नागसेना”ति। ",
"mil3.7.12:3.1":	"समुद्दपञ्हो द्वादसमो। "
}	
