{	
"mil3.1.14:0.1":	"मिलिन्दपञ्ह ",
"mil3.1.14:0.2":	"महावग्ग ",
"mil3.1.14:0.3":	"१४। समाधिपञ्ह ",
"mil3.1.14:1.1":	"राजा आह—",
"mil3.1.14:1.2":	"“भन्ते नागसेन, किंलक्खणो समाधी”ति? ",
"mil3.1.14:1.3":	"“पमुखलक्खणो, महाराज, समाधि, ये केचि कुसला धम्मा, सब्बे ते समाधिपमुखा होन्ति समाधिनिन्ना समाधिपोणा समाधिपब्भारा”ति। ",
"mil3.1.14:2.1":	"“ओपम्मं करोही”ति। ",
"mil3.1.14:2.2":	"“यथा, महाराज, कूटागारस्स या काचि गोपानसियो, सब्बा ता कूटङ्गमा होन्ति कूटनिन्ना कूटसमोसरणा, कूटं तासं अग्गमक्खायति; ",
"mil3.1.14:2.3":	"एवमेव खो, महाराज, ये केचि कुसला धम्मा, सब्बे ते समाधिपमुखा होन्ति समाधिनिन्ना समाधिपोणा समाधिपब्भारा”ति। ",
"mil3.1.14:3.1":	"“भिय्यो ओपम्मं करोही”ति। ",
"mil3.1.14:3.2":	"“यथा, महाराज, कोचि राजा चतुरङ्गिनिया सेनाय सद्धिं सङ्गामं ओतरेय्य, सब्बाव सेना हत्थी च अस्सा च रथा च पत्ती च तप्पमुखा भवेय्युं तन्निन्ना तप्पोणा तप्पब्भारा तंयेव अनुपरियायेय्युं; ",
"mil3.1.14:3.3":	"एवमेव खो, महाराज, ये केचि कुसला धम्मा, सब्बे ते समाधिपमुखा होन्ति समाधिनिन्ना समाधिपोणा समाधिपब्भारा। ",
"mil3.1.14:3.4":	"एवं खो, महाराज, पमुखलक्खणो समाधि। ",
"mil3.1.14:3.5":	"भासितम्पेतं, महाराज, भगवता—",
"mil3.1.14:3.6":	"‘समाधिं, भिक्खवे, भावेथ, समाहितो, भिक्खवे, भिक्खु यथाभूतं पजानाती’”ति। ",
"mil3.1.14:4.1":	"“कल्लोसि, भन्ते नागसेना”ति। ",
"mil3.1.14:5.1":	"समाधिपञ्हो चुद्दसमो। "
}	
