{	
"mil3.3.12:0.1":	"मिलिन्दपञ्ह ",
"mil3.3.12:0.2":	"विचारवग्ग ",
"mil3.3.12:0.3":	"१२। विञ्ञाणलक्खणपञ्ह ",
"mil3.3.12:1.1":	"“भन्ते नागसेन, किंलक्खणं विञ्ञाणन्”ति? ",
"mil3.3.12:1.2":	"“विजाननलक्खणं, महाराज, विञ्ञाणन्”ति। ",
"mil3.3.12:2.1":	"“ओपम्मं करोही”ति। ",
"mil3.3.12:2.2":	"“यथा, महाराज, नगरगुत्तिको मज्झे नगरसिङ्घाटके निसिन्नो पस्सेय्य पुरत्थिमदिसतो पुरिसं आगच्छन्तं, पस्सेय्य दक्खिणदिसतो पुरिसं आगच्छन्तं, पस्सेय्य पच्छिमदिसतो पुरिसं आगच्छन्तं, पस्सेय्य उत्तरदिसतो पुरिसं आगच्छन्तं; ",
"mil3.3.12:2.3":	"एवमेव खो, महाराज, यञ्च पुरिसो चक्खुना रूपं पस्सति, तं विञ्ञाणेन विजानाति। ",
"mil3.3.12:2.4":	"यञ्च सोतेन सद्दं सुणाति, तं विञ्ञाणेन विजानाति। ",
"mil3.3.12:2.5":	"यञ्च घानेन गन्धं घायति, तं विञ्ञाणेन विजानाति। ",
"mil3.3.12:2.6":	"यञ्च जिव्हाय रसं सायति, तं विञ्ञाणेन विजानाति। ",
"mil3.3.12:2.7":	"यञ्च कायेन फोट्ठब्बं फुसति, तं विञ्ञाणेन विजानाति, यञ्च मनसा धम्मं विजानाति, तं विञ्ञाणेन विजानाति। ",
"mil3.3.12:2.8":	"एवं खो, महाराज, विजाननलक्खणं विञ्ञाणन्”ति। ",
"mil3.3.12:3.1":	"“कल्लोसि, भन्ते नागसेना”ति। ",
"mil3.3.12:4.1":	"विञ्ञाणलक्खणपञ्हो द्वादसमो। "
}	
