{	
"mil3.4.9:0.1":	"मिलिन्दपञ्ह ",
"mil3.4.9:0.2":	"निब्बानवग्ग ",
"mil3.4.9:0.3":	"९। निब्बानलभनपञ्ह ",
"mil3.4.9:1.1":	"राजा आह—",
"mil3.4.9:1.2":	"“भन्ते नागसेन, सब्बेव लभन्ति निब्बानन्”ति? ",
"mil3.4.9:1.3":	"“न खो, महाराज, सब्बेव लभन्ति निब्बानं, अपि च खो, महाराज, यो सम्मा पटिपन्नो अभिञ्ञेय्ये धम्मे अभिजानाति, परिञ्ञेय्ये धम्मे परिजानाति, पहातब्बे धम्मे पजहति, भावेतब्बे धम्मे भावेति, सच्छिकातब्बे धम्मे सच्छिकरोति, सो लभति निब्बानन्”ति। ",
"mil3.4.9:2.1":	"“कल्लोसि, भन्ते नागसेना”ति। ",
"mil3.4.9:3.1":	"निब्बानलभनपञ्हो नवमो। "
}	
