{	
"mil3.3.1:0.1":	"मिलिन्दपञ्ह ",
"mil3.3.1:0.2":	"विचारवग्ग ",
"mil3.3.1:0.3":	"१। अद्धानमूलपञ्ह ",
"mil3.3.1:1.1":	"राजा आह—",
"mil3.3.1:1.2":	"“भन्ते नागसेन, अतीतस्स अद्धानस्स किं मूलं, अनागतस्स अद्धानस्स किं मूलं, पच्चुप्पन्नस्स अद्धानस्स किं मूलन्”ति? ",
"mil3.3.1:1.3":	"“अतीतस्स च, महाराज, अद्धानस्स अनागतस्स च अद्धानस्स पच्चुप्पन्नस्स च अद्धानस्स अविज्जा मूलं। ",
"mil3.3.1:1.4":	"अविज्जापच्चया सङ्खारा, सङ्खारपच्चया विञ्ञाणं, विञ्ञाणपच्चया नामरूपं, नामरूपपच्चया सळायतनं, सळायतनपच्चया फस्सो, फस्सपच्चया वेदना, वेदनापच्चया तण्हा, तण्हापच्चया उपादानं, उपादानपच्चया भवो, भवपच्चया जाति, जातिपच्चया जरामरणं सोकपरिदेवदुक्खदोमनस्सुपायासा सम्भवन्ति। ",
"mil3.3.1:1.5":	"एवमेतस्स केवलस्स दुक्खक्खन्धस्स अद्धानस्स पुरिमा कोटि न पञ्ञायती”ति। ",
"mil3.3.1:2.1":	"“कल्लोसि, भन्ते नागसेना”ति। ",
"mil3.3.1:3.1":	"अद्धानमूलपञ्हो पठमो। "
}	
