{	
"mil3.8:0.1":	"मिलिन्दपञ्ह ",
"mil3.8:0.2":	"८। मिलिन्दपञ्हपुच्छाविसज्जना ",
"mil3.8:1.1":	"थेरो आह—",
"mil3.8:1.2":	"“जानासि खो, महाराज, सम्पति का वेला”ति? ",
"mil3.8:1.3":	"“आम, भन्ते, जानामि ‘सम्पति पठमो यामो अतिक्कन्तो, मज्झिमो यामो पवत्तति, उक्का पदीपीयन्ति, चत्तारि पटाकानि आणत्तानि गमिस्सन्ति भण्डतो राजदेय्यानी’”ति। ",
"mil3.8:2.1":	"योनका एवमाहंसु “कल्लोसि, महाराज, पण्डितो थेरो”ति। ",
"mil3.8:2.2":	"“आम, भणे, पण्डितो थेरो, एदिसो आचरियो भवेय्य मादिसो च अन्तेवासी, नचिरस्सेव पण्डितो धम्मं आजानेय्या”ति। ",
"mil3.8:2.3":	"तस्स पञ्हवेय्याकरणेन तुट्ठो राजा थेरं नागसेनं सतसहस्सग्घनकेन कम्बलेन अच्छादेत्वा “भन्ते नागसेन, अज्जतग्गे ते अट्ठसतं भत्तं पञ्ञपेमि, यं किञ्चि अन्तेपुरे कप्पियं, तेन च पवारेमी”ति—आह। ",
"mil3.8:2.4":	"“अलं, महाराज जीवामी”ति। ",
"mil3.8:2.5":	"“जानामि, भन्ते नागसेन, जीवसि, अपि च अत्तानञ्च रक्ख, ममञ्च रक्खाही”ति। ",
"mil3.8:2.6":	"“कथं अत्तानं रक्खसि, ‘नागसेनो मिलिन्दं राजानं पसादेति, न च किञ्चि अलभी’ति परापवादो आगच्छेय्याति, एवं अत्तानं रक्ख। ",
"mil3.8:2.7":	"कथं ममं रक्खसि, ‘मिलिन्दो राजा पसन्नो पसन्नाकारं न करोती’ति परापवादो आगच्छेय्याति, एवं ममं रक्खाही”ति। ",
"mil3.8:2.8":	"“तथा होतु, महाराजा”ति। ",
"mil3.8:2.9":	"“सेय्यथापि, भन्ते, सीहो मिगराजा सुवण्णपञ्जरे पक्खित्तोपि बहिमुखोयेव होति; ",
"mil3.8:2.10":	"एवमेव खो अहं, भन्ते, किञ्चापि अगारं अज्झावसामि बहिमुखो येव पन अच्छामि। ",
"mil3.8:2.11":	"सचे अहं, भन्ते, अगारस्मा अनागारियं पब्बजेय्यं, न चिरं जीवेय्यं, बहू मे पच्चत्थिका”ति। ",
"mil3.8:3.1":	"अथ खो आयस्मा नागसेनो मिलिन्दस्स रञ्ञो पञ्हं विसज्जेत्वा उट्ठायासना सङ्घारामं अगमासि। ",
"mil3.8:3.2":	"अचिरपक्कन्ते च आयस्मन्ते नागसेने मिलिन्दस्स रञ्ञो एतदहोसि—",
"mil3.8:3.3":	"“किं मया पुच्छितं, किं भदन्तेन नागसेनेन विसज्जितन्”ति? ",
"mil3.8:3.4":	"अथ खो मिलिन्दस्स रञ्ञो एतदहोसि—",
"mil3.8:3.5":	"“सब्बं मया सुपुच्छितं, सब्बं भदन्तेन नागसेनेन सुविसज्जितन्”ति। ",
"mil3.8:3.6":	"आयस्मतोपि नागसेनस्स सङ्घारामगतस्स एतदहोसि—",
"mil3.8:3.7":	"“किं मिलिन्देन रञ्ञा पुच्छितं, किं मया विसज्जितन्”ति। ",
"mil3.8:3.8":	"अथ खो आयस्मतो नागसेनस्स एतदहोसि—",
"mil3.8:3.9":	"“सब्बं मिलिन्देन रञ्ञा सुपुच्छितं, सब्बं मया सुविसज्जितन्”ति। ",
"mil3.8:4.1":	"अथ खो आयस्मा नागसेनो तस्सा रत्तिया अच्चयेन पुब्बण्हसमयं निवासेत्वा पत्तचीवरमादाय येन मिलिन्दस्स रञ्ञो निवेसनं तेनुपसङ्कमि, उपसङ्कमित्वा पञ्ञत्ते आसने निसीदि। ",
"mil3.8:4.2":	"अथ खो मिलिन्दो राजा आयस्मन्तं नागसेनं अभिवादेत्वा एकमन्तं निसीदि, एकमन्तं निसिन्नो खो मिलिन्दो राजा आयस्मन्तं नागसेनं एतदवोच—",
"mil3.8:5.1":	"“मा खो भदन्तस्स एवं अहोसि ‘नागसेनो मया पञ्हं पुच्छितो’ति तेनेव सोमनस्सेन तं रत्तावसेसं वीतिनामेसीति न ते एवं दट्ठब्बं। ",
"mil3.8:5.2":	"तस्स मय्हं, भन्ते, तं रत्तावसेसं एतदहोसि—",
"mil3.8:5.3":	"‘किं मया पुच्छितं, किं भदन्तेन विसज्जितन्’ति, ‘सब्बं मया सुपुच्छितं, सब्बं भदन्तेन सुविसज्जितन्’”ति। ",
"mil3.8:6.1":	"थेरोपि एवमाह—",
"mil3.8:6.2":	"“मा खो महाराजस्स एवं अहोसि ‘मिलिन्दस्स रञ्ञो मया पञ्हो विसज्जितो’ति तेनेव सोमनस्सेन तं रत्तावसेसं वीतिनामेसीति न ते एवं दट्ठब्बं। ",
"mil3.8:6.3":	"तस्स मय्हं, महाराज, तं रत्तावसेसं एतदहोसि—",
"mil3.8:6.4":	"‘किं मिलिन्देन रञ्ञा पुच्छितं, किं मया विसज्जितन्’ति, ‘सब्बं मिलिन्देन रञ्ञा सुपुच्छितं, सब्बं मया सुविसज्जितन्’”ति इतिह ते महानागा अञ्ञमञ्ञस्स सुभासितं समनुमोदिंसूति। ",
"mil3.8:7.1":	"मिलिन्दपञ्हपुच्छाविसज्जना निट्ठिता। "
}	
