{	
"mil3.2.6:0.1":	"मिलिन्दपञ्ह ",
"mil3.2.6:0.2":	"अद्धानवग्ग ",
"mil3.2.6:0.3":	"६। नामरूपएकत्तनानत्तपञ्ह ",
"mil3.2.6:1.1":	"राजा आह—",
"mil3.2.6:1.2":	"“भन्ते नागसेन, को पटिसन्दहती”ति? ",
"mil3.2.6:1.3":	"थेरो आह—",
"mil3.2.6:1.4":	"“नामरूपं खो, महाराज, पटिसन्दहती”ति। ",
"mil3.2.6:1.5":	"“किं इमंयेव नामरूपं पटिसन्दहती”ति? ",
"mil3.2.6:1.6":	"“न खो, महाराज, इमंयेव नामरूपं पटिसन्दहति, इमिना पन, महाराज, नामरूपेन कम्मं करोति सोभनं वा पापकं वा, तेन कम्मेन अञ्ञं नामरूपं पटिसन्दहती”ति। ",
"mil3.2.6:1.7":	"“यदि, भन्ते, न इमं येव नामरूपं पटिसन्दहति, ननु सो मुत्तो भविस्सति पापकेहि कम्मेही”ति? ",
"mil3.2.6:1.8":	"थेरो आह—",
"mil3.2.6:1.9":	"“यदि न पटिसन्दहेय्य, मुत्तो भवेय्य पापकेहि कम्मेहि। ",
"mil3.2.6:1.10":	"यस्मा च खो, महाराज, पटिसन्दहति, तस्मा न मुत्तो पापकेहि कम्मेही”ति। ",
"mil3.2.6:2.1":	"“ओपम्मं करोही”ति। ",
"mil3.2.6:2.2":	"“यथा, महाराज, कोचिदेव पुरिसो अञ्ञतरस्स पुरिसस्स अम्बं अवहरेय्य, तमेनं अम्बसामिको गहेत्वा रञ्ञो दस्सेय्य ‘इमिना, देव, पुरिसेन मय्हं अम्बा अवहटा’ति, सो एवं वदेय्य ‘नाहं, देव, इमस्स अम्बे अवहरामि, अञ्ञे ते अम्बा, ये इमिना रोपिता, अञ्ञे ते अम्बा, ये मया अवहटा, नाहं दण्डप्पत्तो’ति। ",
"mil3.2.6:2.3":	"किं नु खो सो, महाराज, पुरिसो दण्डप्पत्तो भवेय्या”ति? ",
"mil3.2.6:2.4":	"“आम, भन्ते, दण्डप्पत्तो भवेय्या”ति। ",
"mil3.2.6:2.5":	"“केन कारणेना”ति? ",
"mil3.2.6:2.6":	"“किञ्चापि सो एवं वदेय्य, पुरिमं, भन्ते, अम्बं अप्पच्चक्खाय पच्छिमेन अम्बेन सो पुरिसो दण्डप्पत्तो भवेय्या”ति। ",
"mil3.2.6:2.7":	"“एवमेव खो, महाराज, इमिना नामरूपेन कम्मं करोति सोभनं वा पापकं वा, तेन कम्मेन अञ्ञं नामरूपं पटिसन्दहति, तस्मा न मुत्तो पापकेहि कम्मेही”ति। ",
"mil3.2.6:3.1":	"“भिय्यो ओपम्मं करोही”ति। ",
"mil3.2.6:3.2":	"“यथा, महाराज, कोचिदेव पुरिसो अञ्ञतरस्स पुरिसस्स सालिं अवहरेय्य …पे… ",
"mil3.2.6:3.3":	"उच्छुं अवहरेय्य …पे… ",
"mil3.2.6:3.4":	"यथा, महाराज, कोचि पुरिसो हेमन्तकाले अग्गिं जालेत्वा विसिब्बेत्वा अविज्झापेत्वा पक्कमेय्य, अथ खो सो अग्गि अञ्ञतरस्स पुरिसस्स खेत्तं डहेय्य, तमेनं खेत्तसामिको गहेत्वा रञ्ञो दस्सेय्य ‘इमिना, देव, पुरिसेन मय्हं खेत्तं दड्ढन्’ति। ",
"mil3.2.6:3.5":	"सो एवं वदेय्य ‘नाहं, देव, इमस्स खेत्तं झापेमि, अञ्ञो सो अग्गि, यो मया अविज्झापितो, अञ्ञो सो अग्गि, येनिमस्स खेत्तं दड्ढं, नाहं दण्डप्पत्तो’ति। ",
"mil3.2.6:3.6":	"किं नु खो सो, महाराज, पुरिसो दण्डप्पत्तो भवेय्या”ति? ",
"mil3.2.6:3.7":	"“आम, भन्ते, दण्डप्पत्तो भवेय्या”ति। ",
"mil3.2.6:3.8":	"“केन कारणेना”ति? ",
"mil3.2.6:3.9":	"“किञ्चापि सो एवं वदेय्य, पुरिमं, भन्ते, अग्गिं अप्पच्चक्खाय पच्छिमेन अग्गिना सो पुरिसो दण्डप्पत्तो भवेय्या”ति। ",
"mil3.2.6:3.10":	"“एवमेव खो, महाराज, इमिना नामरूपेन कम्मं करोति सोभनं वा पापकं वा, तेन कम्मेन अञ्ञं नामरूपं पटिसन्दहति, तस्मा न मुत्तो पापकेहि कम्मेही”ति। ",
"mil3.2.6:4.1":	"“भिय्यो ओपम्मं करोही”ति। ",
"mil3.2.6:4.2":	"“यथा, महाराज, कोचिदेव पुरिसो पदीपं आदाय पासादं अभिरूहित्वा भुञ्जेय्य, पदीपो झायमानो तिणं झापेय्य, तिणं झायमानं घरं झापेय्य, घरं झायमानं गामं झापेय्य, गामजनो तं पुरिसं गहेत्वा एवं वदेय्य ‘किस्स त्वं, भो पुरिस, गामं झापेसी’ति, सो एवं वदेय्य ‘नाहं, भो, गामं झापेमि, अञ्ञो सो पदीपग्गि, यस्साहं आलोकेन भुञ्जिं, अञ्ञो सो अग्गि, येन गामो झापितो’ति, ते विवदमाना तव सन्तिके आगच्छेय्युं, कस्स त्वं, महाराज, अट्टं धारेय्यासी”ति? ",
"mil3.2.6:4.3":	"“गामजनस्स, भन्ते”ति। ",
"mil3.2.6:4.4":	"“किं कारणा”ति? ",
"mil3.2.6:4.5":	"“किञ्चापि सो एवं वदेय्य, अपि च ततो एव सो अग्गि निब्बत्तो”ति। ",
"mil3.2.6:4.6":	"“एवमेव खो, महाराज, किञ्चापि अञ्ञं मारणन्तिकं नामरूपं, अञ्ञं पटिसन्धिस्मिं नामरूपं, अपि च ततोयेव तं निब्बत्तं, तस्मा न मुत्तो पापकेहि कम्मेही”ति। ",
"mil3.2.6:5.1":	"“भिय्यो ओपम्मं करोही”ति। ",
"mil3.2.6:5.2":	"“यथा, महाराज, कोचिदेव पुरिसो दहरिं दारिकं वारेत्वा सुङ्कं दत्वा पक्कमेय्य। ",
"mil3.2.6:5.3":	"सा अपरेन समयेन महती अस्स वयप्पत्ता, ततो अञ्ञो पुरिसो सुङ्कं दत्वा विवाहं करेय्य, इतरो आगन्त्वा एवं वदेय्य ‘किस्स पन मे त्वं, अम्भो पुरिस, भरियं नेसी’ति? ",
"mil3.2.6:5.4":	"सो एवं वदेय्य ‘नाहं तव भरियं नेमि, अञ्ञा सा दारिका दहरी तरुणी, या तया वारिता च दिन्नसुङ्का च, अञ्ञायं दारिका महती वयप्पत्ता मया वारिता च दिन्नसुङ्का चा’ति, ते विवदमाना तव सन्तिके आगच्छेय्युं। ",
"mil3.2.6:5.5":	"कस्स त्वं, महाराज, अट्टं धारेय्यासी”ति? ",
"mil3.2.6:5.6":	"“पुरिमस्स, भन्ते”ति। ",
"mil3.2.6:5.7":	"“किं कारणा”ति? ",
"mil3.2.6:5.8":	"“किञ्चापि सो एवं वदेय्य, अपि च ततोयेव सा महती निब्बत्ता”ति। ",
"mil3.2.6:5.9":	"“एवमेव खो, महाराज, किञ्चापि अञ्ञं मारणन्तिकं नामरूपं, अञ्ञं पटिसन्धिस्मिं नामरूपं, अपि च ततोयेव तं निब्बत्तं, तस्मा नपरिमुत्तो पापकेहि कम्मेही”ति। ",
"mil3.2.6:6.1":	"“भिय्यो ओपम्मं करोही”ति। ",
"mil3.2.6:6.2":	"“यथा, महाराज, कोचिदेव पुरिसो गोपालकस्स हत्थतो खीरघटं किणित्वा तस्सेव हत्थे निक्खिपित्वा पक्कमेय्य ‘स्वे गहेत्वा गमिस्सामी’ति, तं अपरज्जु दधि सम्पज्जेय्य। ",
"mil3.2.6:6.3":	"सो आगन्त्वा एवं वदेय्य ‘देहि मे खीरघटन्’ति। ",
"mil3.2.6:6.4":	"सो दधिं दस्सेय्य। ",
"mil3.2.6:6.5":	"इतरो एवं वदेय्य ‘नाहं तव हत्थतो दधिं किणामि, देहि मे खीरघटन्’ति। ",
"mil3.2.6:6.6":	"सो एवं वदेय्य ‘अजानतो ते खीरं दधिभूतन्’ति ते विवदमाना तव सन्तिके आगच्छेय्युं, कस्स त्वं, महाराज, अट्टं धारेय्यासी”ति? ",
"mil3.2.6:6.7":	"“गोपालकस्स, भन्ते”ति। ",
"mil3.2.6:6.8":	"“किं कारणा”ति? ",
"mil3.2.6:6.9":	"“किञ्चापि सो एवं वदेय्य, अपि च ततो येव तं निब्बत्तन्”ति। ",
"mil3.2.6:6.10":	"“एवमेव खो, महाराज, किञ्चापि अञ्ञं मारणन्तिकं नामरूपं, अञ्ञं पटिसन्धिस्मिं नामरूपं, अपि च ततो येव तं निब्बत्तं, तस्मा न परिमुत्तो पापकेहि कम्मेही”ति। ",
"mil3.2.6:7.1":	"“कल्लोसि, भन्ते नागसेना”ति। ",
"mil3.2.6:8.1":	"नामरूपएकत्तनानत्तपञ्हो छट्ठो। "
}	
