{	
"mil3.1.8:0.1":	"मिलिन्दपञ्ह ",
"mil3.1.8:0.2":	"महावग्ग ",
"mil3.1.8:0.3":	"८। मनसिकारलक्खणपञ्ह ",
"mil3.1.8:1.1":	"राजा आह—",
"mil3.1.8:1.2":	"“किंलक्खणो, भन्ते नागसेन, मनसिकारो, किंलक्खणा पञ्ञा”ति? ",
"mil3.1.8:1.3":	"“ऊहनलक्खणो खो, महाराज, मनसिकारो, छेदनलक्खणा पञ्ञा”ति। ",
"mil3.1.8:2.1":	"“कथं ऊहनलक्खणो मनसिकारो, कथं छेदनलक्खणा पञ्ञा? ",
"mil3.1.8:2.2":	"ओपम्मं करोही”ति। ",
"mil3.1.8:2.3":	"“जानासि त्वं, महाराज, यवलावके”ति। ",
"mil3.1.8:2.4":	"“आम, भन्ते, जानामी”ति। ",
"mil3.1.8:2.5":	"“कथं, महाराज, यवलावका यवं लुनन्ती”ति? ",
"mil3.1.8:2.6":	"“वामेन, भन्ते, हत्थेन यवकलापं गहेत्वा दक्खिणेन हत्थेन दात्तं गहेत्वा दात्तेन छिन्दन्ती”ति। ",
"mil3.1.8:3.1":	"“यथा, महाराज, यवलावको वामेन हत्थेन यवकलापं गहेत्वा दक्खिणेन हत्थेन दात्तं गहेत्वा यवं छिन्दति; ",
"mil3.1.8:3.2":	"एवमेव खो, महाराज, योगावचरो मनसिकारेन मानसं गहेत्वा पञ्ञाय किलेसे छिन्दति, एवं खो, महाराज, ऊहनलक्खणो मनसिकारो, एवं छेदनलक्खणा पञ्ञा”ति। ",
"mil3.1.8:4.1":	"“कल्लोसि, भन्ते नागसेना”ति। ",
"mil3.1.8:5.1":	"मनसिकारलक्खणपञ्हो अट्ठमो। "
}	
