{	
"mil3.4.10:0.1":	"मिलिन्दपञ्ह ",
"mil3.4.10:0.2":	"निब्बानवग्ग ",
"mil3.4.10:0.3":	"१०। निब्बानसुखजाननपञ्ह ",
"mil3.4.10:1.1":	"राजा आह—",
"mil3.4.10:1.2":	"“भन्ते नागसेन, यो न लभति निब्बानं, जानाति सो ‘सुखं निब्बानन्’”ति? ",
"mil3.4.10:1.3":	"“आम, महाराज, यो न लभति निब्बानं, जानाति सो ‘सुखं निब्बानन्’”ति। ",
"mil3.4.10:1.4":	"“कथं, भन्ते नागसेन, अलभन्तो जानाति ‘सुखं निब्बानन्’”ति? ",
"mil3.4.10:1.5":	"“तं किं मञ्ञसि, महाराज, येसं नच्छिन्ना हत्थपादा, जानेय्युं ते, महाराज, ‘दुक्खं हत्थपादच्छेदनन्’”ति? ",
"mil3.4.10:1.6":	"“आम, भन्ते, जानेय्युन्”ति। ",
"mil3.4.10:1.7":	"“कथं जानेय्युन्”ति? ",
"mil3.4.10:1.8":	"“अञ्ञेसं, भन्ते, छिन्नहत्थपादानं परिदेवितसद्दं सुत्वा जानन्ति ‘दुक्खं हत्थपादच्छेदनन्’”ति। ",
"mil3.4.10:1.9":	"“एवमेव खो, महाराज, येसं दिट्ठं निब्बानं, तेसं सद्दं सुत्वा जानाति ‘सुखं निब्बानन्’”ति। ",
"mil3.4.10:2.1":	"“कल्लोसि, भन्ते नागसेना”ति। ",
"mil3.4.10:3.1":	"निब्बानसुखजाननपञ्हो दसमो। ",
"mil3.4.10:4.1":	"निब्बानवग्गो चतुत्थो। ",
"mil3.4.10:5.1":	"इमस्मिं वग्गे दस पञ्हा। "
}	
