{	
"mil3.7.5:0.1":	"मिलिन्दपञ्ह ",
"mil3.7.5:0.2":	"अरूपधम्मववत्थानवग्ग ",
"mil3.7.5:0.3":	"५। द्विन्नंलोकुप्पन्नानंसमकभावपञ्ह ",
"mil3.7.5:1.1":	"राजा आह—",
"mil3.7.5:1.2":	"“भन्ते नागसेन, यो इध कालङ्कतो ब्रह्मलोके उप्पज्जेय्य, यो च इध कालङ्कतो कस्मीरे उप्पज्जेय्य, को चिरतरं को सीघतरन्”ति? ",
"mil3.7.5:1.3":	"“समकं, महाराजा”ति। ",
"mil3.7.5:2.1":	"“ओपम्मं करोही”ति। ",
"mil3.7.5:2.2":	"“कुहिं पन, महाराज, तव जातनगरन्”ति? ",
"mil3.7.5:2.3":	"“अत्थि, भन्ते, कलसिगामो नाम, तत्थाहं जातो”ति। ",
"mil3.7.5:2.4":	"“कीव दूरो, महाराज, इतो कलसिगामो होती”ति। ",
"mil3.7.5:2.5":	"“द्विमत्तानि, भन्ते, योजनसतानी”ति। ",
"mil3.7.5:2.6":	"“कीव दूरं, महाराज, इतो कस्मीरं होती”ति? ",
"mil3.7.5:2.7":	"“द्वादस, भन्ते, योजनानी”ति। ",
"mil3.7.5:2.8":	"“इङ्घ त्वं, महाराज, कलसिगामं चिन्तेही”ति। ",
"mil3.7.5:2.9":	"“चिन्तितो, भन्ते”ति। ",
"mil3.7.5:2.10":	"“इङ्घ त्वं, महाराज, कस्मीरं चिन्तेही”ति। ",
"mil3.7.5:2.11":	"“चिन्तितं, भन्ते”ति। ",
"mil3.7.5:2.12":	"“कतमं नु खो, महाराज, चिरेन चिन्तितं, कतमं सीघतरन्”ति? ",
"mil3.7.5:2.13":	"“समकं, भन्ते”ति। ",
"mil3.7.5:2.14":	"“एवमेव खो, महाराज, यो इध कालङ्कतो ब्रह्मलोके उप्पज्जेय्य, यो च इध कालङ्कतो कस्मीरे उप्पज्जेय्य, समकंयेव उप्पज्जन्ती”ति। ",
"mil3.7.5:3.1":	"“भिय्यो ओपम्मं करोही”ति। ",
"mil3.7.5:3.2":	"“तं किं मञ्ञसि, महाराज, द्वे सकुणा आकासेन गच्छेय्युं, तेसु एको उच्चे रुक्खे निसीदेय्य, एको नीचे रुक्खे निसीदेय्य, तेसं समकं पतिट्ठितानं कतमस्स छाया पठमतरं पथवियं पतिट्ठहेय्य, कतमस्स छाया चिरेन पथवियं पतिट्ठहेय्या”ति? ",
"mil3.7.5:3.3":	"“समकं, भन्ते”ति। ",
"mil3.7.5:3.4":	"“एवमेव खो, महाराज, यो इध कालङ्कतो ब्रह्मलोके उप्पज्जेय्य, यो च इध कालङ्कतो कस्मीरे उप्पज्जेय्य, समकंयेव उप्पज्जन्ती”ति। ",
"mil3.7.5:4.1":	"“कल्लोसि, भन्ते नागसेना”ति। ",
"mil3.7.5:5.1":	"द्विन्नं लोकुप्पन्नानं समकभावपञ्हो पञ्चमो। "
}	
