{	
"mil3.2.7:0.1":	"मिलिन्दपञ्ह ",
"mil3.2.7:0.2":	"अद्धानवग्ग ",
"mil3.2.7:0.3":	"७। थेरपटिसन्दहनापटिसन्दहनपञ्ह ",
"mil3.2.7:1.1":	"राजा आह—",
"mil3.2.7:1.2":	"“भन्ते नागसेन, त्वं पन पटिसन्दहिस्ससी”ति? ",
"mil3.2.7:1.3":	"“अलं, महाराज, किं ते तेन पुच्छितेन, ननु मया पटिकच्चेव अक्खातं ‘सचे, महाराज, सौपादानो भविस्सामि, पटिसन्दहिस्सामि, सचे अनुपादानो भविस्सामि, न पटिसन्दहिस्सामी’”ति। ",
"mil3.2.7:2.1":	"“ओपम्मं करोही”ति। ",
"mil3.2.7:2.2":	"“यथा, महाराज, कोचिदेव पुरिसो रञ्ञो अधिकारं करेय्य। ",
"mil3.2.7:2.3":	"राजा तुट्ठो अधिकारं ददेय्य, सो तेन अधिकारेन पञ्चहि कामगुणेहि समप्पितो समङ्गिभूतो परिचरेय्य, सो चे जनस्स आरोचेय्य ‘न मे राजा किञ्चि पटिकरोती’ति। ",
"mil3.2.7:2.4":	"किं नु खो सो, महाराज, पुरिसो युत्तकारी भवेय्या”ति? ",
"mil3.2.7:2.5":	"“न हि, भन्ते”ति। ",
"mil3.2.7:2.6":	"“एवमेव खो, महाराज, किं ते तेन पुच्छितेन, ननु मया पटिकच्चेव अक्खातं ‘सचे सौपादानो भविस्सामि, पटिसन्दहिस्सामि, सचे अनुपादानो भविस्सामि, न पटिसन्दहिस्सामी’”ति। ",
"mil3.2.7:3.1":	"“कल्लोसि, भन्ते नागसेना”ति। ",
"mil3.2.7:4.1":	"थेरपटिसन्दहनापटिसन्दहनपञ्हो सत्तमो। "
}	
