{	
"mil3.6.6:0.1":	"मिलिन्दपञ्ह ",
"mil3.6.6:0.2":	"सतिवग्ग ",
"mil3.6.6:0.3":	"६। अस्सुभेसज्जाभेसज्जपञ्ह ",
"mil3.6.6:1.1":	"राजा आह—",
"mil3.6.6:1.2":	"“भन्ते नागसेन, यो च मातरि मताय रोदति, यो च धम्मपेमेन रोदति, उभिन्नं तेसं रोदन्तानं कस्स अस्सु भेसज्जं, कस्स न भेसज्जन्”ति? ",
"mil3.6.6:1.3":	"“एकस्स खो, महाराज, अस्सु रागदोसमोहेहि समलं उण्हं, एकस्स पीतिसोमनस्सेन विमलं सीतलं। ",
"mil3.6.6:1.4":	"यं खो, महाराज, सीतलं, तं भेसज्जं, यं उण्हं, तं न भेसज्जन्”ति। ",
"mil3.6.6:2.1":	"“कल्लोसि, भन्ते नागसेना”ति। ",
"mil3.6.6:3.1":	"अस्सुभेसज्जाभेसज्जपञ्हो छट्ठो। "
}	
