{	
"mil3.2.2:0.1":	"मिलिन्दपञ्ह ",
"mil3.2.2:0.2":	"अद्धानवग्ग ",
"mil3.2.2:0.3":	"२। पटिसन्दहनपञ्ह ",
"mil3.2.2:1.1":	"राजा आह—",
"mil3.2.2:1.2":	"“भन्ते नागसेन, यो न पटिसन्दहति, जानाति सो ‘न पटिसन्दहिस्सामी’”ति? ",
"mil3.2.2:1.3":	"“आम, महाराज, यो न पटिसन्दहति, जानाति सो ‘न पटिसन्दहिस्सामी’”ति। ",
"mil3.2.2:1.4":	"“कथं, भन्ते, जानाती”ति? ",
"mil3.2.2:1.5":	"“यो हेतु यो पच्चयो, महाराज, पटिसन्दहनाय, तस्स हेतुस्स तस्स पच्चयस्स उपरमा जानाति सो ‘न पटिसन्दहिस्सामी’”ति। ",
"mil3.2.2:2.1":	"“ओपम्मं करोही”ति। ",
"mil3.2.2:2.2":	"“यथा, महाराज, कस्सको गहपतिको कसित्वा च वपित्वा च धञ्ञागारं परिपूरेय्य। ",
"mil3.2.2:2.3":	"सो अपरेन समयेन नेव कस्सेय्य न वप्पेय्य, यथासम्भतञ्च धञ्ञं परिभुञ्जेय्य वा विसज्जेय्य वा यथा पच्चयं वा करेय्य, जानेय्य सो, महाराज, कस्सको गहपतिको ‘न मे धञ्ञागारं परिपूरेस्सती’”ति? ",
"mil3.2.2:2.4":	"“आम, भन्ते, जानेय्या”ति। ",
"mil3.2.2:2.5":	"“कथं जानेय्या”ति? ",
"mil3.2.2:2.6":	"“यो हेतु यो पच्चयो धञ्ञागारस्स परिपूरणाय, तस्स हेतुस्स तस्स पच्चयस्स उपरमा जानाति ‘न मे धञ्ञागारं परिपूरेस्सती’”ति। ",
"mil3.2.2:2.7":	"“एवमेव खो, महाराज, यो हेतु यो पच्चयो पटिसन्दहनाय, तस्स हेतुस्स तस्स पच्चयस्स उपरमा जानाति सो ‘न पटिसन्दहिस्सामी’”ति। ",
"mil3.2.2:3.1":	"“कल्लोसि, भन्ते नागसेना”ति। ",
"mil3.2.2:4.1":	"पटिसन्दहनपञ्हो दुतियो। "
}	
