{	
"mil4.5:0.1":	"मिलिन्दपञ्ह ",
"mil4.5:0.2":	"मेण्डकपञ्हारम्भकथा ",
"mil4.5:0.3":	"उपासकगुणवग्ग ",
"mil4.5:0.4":	"५। आचरियगुण ",
"mil4.5:1.1":	"“भन्ते नागसेन, अयं भूमिभागो अट्ठ मन्तदोसविवज्जितो, अहञ्च लोके परमो मन्तिसहायो, गुय्हमनुरक्खी चाहं यावाहं जीविस्सामि ताव गुय्हमनुरक्खिस्सामि, अट्ठहि च मे कारणेहि बुद्धि परिणामं गता, दुल्लभो एतरहि मादिसो अन्तेवासी, सम्मा पटिपन्ने अन्तेवासिके ये आचरियानं पञ्चवीसति आचरियगुणा, तेहि गुणेहि आचरियेन सम्मा पटिपज्जितब्बं। ",
"mil4.5:1.2":	"कतमे पञ्चवीसति गुणा? ",
"mil4.5:2.1":	"इध, भन्ते नागसेन, आचरियेन अन्तेवासिम्हि सततं समितं आरक्खा उपट्ठपेतब्बा, असेवनसेवना जानितब्बा, पमत्ताप्पमत्ता जानितब्बा, सेय्यावकासो जानितब्बो, गेलञ्ञं जानितब्बं, भोजनस्स लद्धालद्धं जानितब्बं, विसेसो जानितब्बो, पत्तगतं संविभजितब्बं, अस्सासितब्बो ‘मा भायि, अत्थो ते अभिक्कमती’ति, ‘इमिना पुग्गलेन पटिचरती’ति पटिचारो जानितब्बो, गामे पटिचारो जानितब्बो, विहारे पटिचारो जानितब्बो, न तेन हासो दवो कातब्बो, तेन सह आलापो कातब्बो, छिद्दं दिस्वा अधिवासेतब्बं, सक्कच्चकारिना भवितब्बं, अखण्डकारिना भवितब्बं, अरहस्सकारिना भवितब्बं, निरवसेसकारिना भवितब्बं, ‘जनेमिमं सिप्पेसू’ति जनकचित्तं उपट्ठपेतब्बं, ‘कथं अयं न परिहायेय्या’ति वड्ढिचित्तं उपट्ठपेतब्बं, ‘बलवं इमं करोमि सिक्खाबलेना’ति चित्तं उपट्ठपेतब्बं, मेत्तचित्तं उपट्ठपेतब्बं, आपदासु न विजहितब्बं, करणीये नप्पमज्जितब्बं, खलिते धम्मेन पग्गहेतब्बोति। ",
"mil4.5:2.2":	"इमे खो, भन्ते, पञ्चवीसति आचरियस्स आचरियगुणा, तेहि गुणेहि मयि सम्मा पटिपज्जस्सु, संसयो मे, भन्ते, उप्पन्नो, अत्थि मेण्डकपञ्हा जिनभासिता, अनागते अद्धाने तत्थ विग्गहो उप्पज्जिस्सति, अनागते च अद्धाने दुल्लभा भविस्सन्ति तुम्हादिसा बुद्धिमन्तो, तेसु मे पञ्हेसु चक्खुं देहि परवादानं निग्गहाया”ति। "
}	
