{	
"mil4.6:0.1":	"मिलिन्दपञ्ह ",
"mil4.6:0.2":	"मेण्डकपञ्हारम्भकथा ",
"mil4.6:0.3":	"उपासकगुणवग्ग ",
"mil4.6:0.4":	"६। उपासकगुण ",
"mil4.6:1.1":	"थेरो “साधू”ति सम्पटिच्छित्वा दस उपासकस्स उपासकगुणे परिदीपेसि। ",
"mil4.6:1.2":	"“दस इमे, महाराज, उपासकस्स उपासकगुणा। ",
"mil4.6:1.3":	"कतमे दस, इध, महाराज, उपासको सङ्घेन समानसुखदुक्खो होति, धम्माधिपतेय्यो होति, यथाबलं संविभागरतो होति, जिनसासनपरिहानिं दिस्वा अभिवड्ढिया वायमति। ",
"mil4.6:1.4":	"सम्मादिट्ठिको होति, अपगतकोतूहलमङ्गलिको जीवितहेतुपि न अञ्ञं सत्थारं उद्दिसति, कायिकवाचसिकञ्चस्स रक्खितं होति, समग्गारामो होति समग्गरतो, अनुसूयको होति, न च कुहनवसेन सासने चरति, बुद्धं सरणं गतो होति, धम्मं सरणं गतो होति, सङ्घं सरणं गतो होति। ",
"mil4.6:1.5":	"इमे खो, महाराज, दस उपासकस्स उपासकगुणा, ते सब्बे गुणा तयि संविज्जन्ति, तं ते युत्तं पत्तं अनुच्छविकं पतिरूपं यं त्वं जिनसासनपरिहानिं दिस्वा अभिवड्ढिं इच्छसि, करोमि ते ओकासं, पुच्छ मं त्वं यथासुखन्”ति। ",
"mil4.6:2.1":	"मेण्डकपञ्हारम्भकथा निट्ठिता। "
}	
