{	
"mil4.4:0.1":	"मिलिन्दपञ्ह ",
"mil4.4:0.2":	"मेण्डकपञ्हारम्भकथा ",
"mil4.4:0.3":	"उपासकगुणवग्ग ",
"mil4.4:0.4":	"४। अट्ठपञ्ञापटिलाभकारण ",
"mil4.4:1.1":	"“भन्ते नागसेन, अट्ठहि कारणेहि बुद्धि परिणमति परिपाकं गच्छति। ",
"mil4.4:1.2":	"कतमेहि अट्ठहि? ",
"mil4.4:1.3":	"वयपरिणामेन बुद्धि परिणमति परिपाकं गच्छति, यसपरिणामेन बुद्धि परिणमति परिपाकं गच्छति, परिपुच्छाय बुद्धि परिणमति परिपाकं गच्छति, तित्थसंवासेन बुद्धि परिणमति परिपाकं गच्छति, योनिसो मनसिकारेन बुद्धि परिणमति परिपाकं गच्छति, साकच्छाय बुद्धि परिणमति परिपाकं गच्छति, स्नेहूपसेवनेन बुद्धि परिणमति परिपाकं गच्छति, पतिरूपदेसवासेन बुद्धि परिणमति परिपाकं गच्छति। ",
"mil4.4:1.4":	"भवतीह—",
"mil4.4:2.1":	"‘वयेन यसपुच्छाहि, ",
"mil4.4:2.2":	"तित्थवासेन योनिसो; ",
"mil4.4:2.3":	"साकच्छा स्नेहसंसेवा, ",
"mil4.4:2.4":	"पतिरूपवसेन च। ",
"mil4.4:3.1":	"एतानि अट्ठ ठानानि, ",
"mil4.4:3.2":	"बुद्धिविसदकारणा; ",
"mil4.4:3.3":	"येसं एतानि सम्भोन्ति, ",
"mil4.4:3.4":	"तेसं बुद्धि पभिज्जती’”ति। ",
"mil4.4:4.1":	"अट्ठ पञ्ञापटिलाभकारणानि। "
}	
