{	
"mil5.5.1:0.1":	"मिलिन्दपञ्ह ",
"mil5.5.1:0.2":	"मेण्डकपञ्ह ",
"mil5.5.1:0.3":	"सन्थववग्ग ",
"mil5.5.1:0.4":	"१। सन्थवपञ्ह ",
"mil5.5.1:1.1":	"“भन्ते नागसेन, भासितम्पेतं भगवता—",
"mil5.5.1:2.1":	"‘सन्थवतो भयं जातं, ",
"mil5.5.1:2.2":	"निकेता जायते रजो; ",
"mil5.5.1:2.3":	"अनिकेतमसन्थवं, ",
"mil5.5.1:2.4":	"एतं वे मुनिदस्सनन्’ति। ",
"mil5.5.1:3.1":	"पुन च भगवता भणितं—",
"mil5.5.1:3.2":	"‘विहारे कारये रम्मे, वासयेत्थ बहुस्सुते’ति। ",
"mil5.5.1:3.3":	"यदि, भन्ते नागसेन, तथागतेन भणितं—",
"mil5.5.1:3.4":	"‘सन्थवतो भयं जातं, निकेता जायते रजो। ",
"mil5.5.1:3.5":	"अनिकेतमसन्थवं, एतं वे मुनिदस्सनन्’ति, तेन हि ‘विहारे कारये रम्मे, वासयेत्थ बहुस्सुते’ति यं वचनं, तं मिच्छा। ",
"mil5.5.1:3.6":	"यदि तथागतेन भणितं—",
"mil5.5.1:3.7":	"‘विहारे कारये रम्मे, वासयेत्थ बहुस्सुते’ति, तेन हि ‘सन्थवतो भयं जातं, निकेता जायते रजो। ",
"mil5.5.1:3.8":	"अनिकेतमसन्थवं, एतं वे मुनिदस्सनन्’ति तम्पि वचनं मिच्छा। ",
"mil5.5.1:3.9":	"अयम्पि उभतो कोटिको पञ्हो तवानुप्पत्तो, सो तया निब्बाहितब्बो”ति। ",
"mil5.5.1:4.1":	"“भासितम्पेतं, महाराज, भगवता—",
"mil5.5.1:4.2":	"‘सन्थवतो भयं जातं, निकेता जायते रजो। ",
"mil5.5.1:4.3":	"अनिकेतमसन्थवं, एतं वे मुनिदस्सनन्’ति। ",
"mil5.5.1:4.4":	"भणितञ्च—",
"mil5.5.1:4.5":	"‘विहारे कारये रम्मे, वासयेत्थ बहुस्सुते’ति। ",
"mil5.5.1:4.6":	"यं, महाराज, भगवता भणितं—",
"mil5.5.1:4.7":	"‘सन्थवतो भयं जातं, निकेता जायते रजो। ",
"mil5.5.1:4.8":	"अनिकेतमसन्थवं, एतं वे मुनिदस्सनन्’ति, तं सभाववचनं असेसवचनं निस्सेसवचनं निप्परियायवचनं समणानुच्छवं समणसारुप्पं समणप्पतिरूपं समणारहं समणगोचरं समणप्पटिपदा समणप्पटिपत्ति। ",
"mil5.5.1:4.9":	"यथा, महाराज, आरञ्ञको मिगो अरञ्ञे पवने चरमानो निरालयो अनिकेतो यथिच्छकं सयति; ",
"mil5.5.1:4.10":	"एवमेव खो, महाराज, भिक्खुना ‘सन्थवतो भयं जातं, निकेता जायते रजो। ",
"mil5.5.1:4.11":	"अनिकेतमसन्थवं, एतं वे मुनिदस्सनन्’ति चिन्तेतब्बं। ",
"mil5.5.1:5.1":	"यं पन, महाराज, भगवता भणितं—",
"mil5.5.1:5.2":	"‘विहारे कारये रम्मे, वासयेत्थ बहुस्सुते’ति, तं द्वे अत्थवसे सम्पस्समानेन भगवता भणितं। ",
"mil5.5.1:5.3":	"कतमे द्वे? ",
"mil5.5.1:5.4":	"विहारदानं नाम सब्बबुद्धेहि वण्णितं अनुमतं थोमितं पसत्थं, तं ते विहारदानं दत्वा जातिजरामरणा परिमुच्चिस्सन्तीति। ",
"mil5.5.1:5.5":	"अयं ताव पठमो आनिसंसो विहारदाने। ",
"mil5.5.1:6.1":	"पुन चपरं विहारे विज्जमाने भिक्खुनियो ब्यत्तसङ्केता भविस्सन्ति, सुलभं दस्सनं दस्सनकामानं, अनिकेते दुद्दस्सना भविस्सन्तीति। ",
"mil5.5.1:6.2":	"अयं दुतियो आनिसंसो विहारदाने। ",
"mil5.5.1:6.3":	"इमे द्वे अत्थवसे सम्पस्समानेन भगवता भणितं—",
"mil5.5.1:6.4":	"‘विहारे कारये रम्मे, वासयेत्थ बहुस्सुते’ति, न तत्थ बुद्धपुत्तेन आलयो करणीयो निकेते”ति। ",
"mil5.5.1:6.5":	"“साधु, भन्ते नागसेन, एवमेतं तथा सम्पटिच्छामी”ति। ",
"mil5.5.1:7.1":	"सन्थवपञ्हो पठमो। "
}	
