{	
"mil5.5.5:0.1":	"मिलिन्दपञ्ह ",
"mil5.5.5:0.2":	"मेण्डकपञ्ह ",
"mil5.5.5:0.3":	"सन्थववग्ग ",
"mil5.5.5:0.4":	"५। बुद्धअविहेठकपञ्ह ",
"mil5.5.5:1.1":	"“भन्ते नागसेन, भासितम्पेतं भगवता—",
"mil5.5.5:1.2":	"‘पुब्बे वाहं मनुस्सभूतो समानो सत्तानं अविहेठकजातिको अहोसिन्’ति। ",
"mil5.5.5:1.3":	"पुन च भणितं—",
"mil5.5.5:1.4":	"‘लोमसकस्सपो नाम इसि समानो अनेकसते पाणे घातयित्वा वाजपेय्यं महायञ्ञं यजी’ति। ",
"mil5.5.5:1.5":	"यदि, भन्ते नागसेन, भगवता भणितं—",
"mil5.5.5:1.6":	"‘पुब्बे वाहं मनुस्सभूतो समानो सत्तानं अविहेठकजातिको अहोसिन्’ति, तेन हि ‘लोमसकस्सपेन इसिना अनेकसते पाणे घातयित्वा वाजपेय्यं महायञ्ञं यजितन्’ति यं वचनं, तं मिच्छा। ",
"mil5.5.5:1.7":	"यदि ‘लोमसकस्सपेन इसिना अनेकसते पाणे घातयित्वा वाजपेय्यं महायञ्ञं यजितं’, तेन हि ‘पुब्बे वाहं मनुस्सभूतो समानो सत्तानं अविहेठकजातिको अहोसिन्’ति तम्पि वचनं मिच्छा। ",
"mil5.5.5:1.8":	"अयम्पि उभतो कोटिको पञ्हो तवानुप्पत्तो, सो तया निब्बाहितब्बो”ति। ",
"mil5.5.5:2.1":	"“भासितम्पेतं, महाराज, भगवता—",
"mil5.5.5:2.2":	"‘पुब्बे वाहं मनुस्सभूतो समानो सत्तानं अविहेठकजातिको अहोसिन्’ति, ‘लोमसकस्सपेन इसिना अनेकसते पाणे घातयित्वा वाजपेय्यं महायञ्ञं यजितं’, तञ्च पन रागवसेन विसञ्ञिना, नो सचेतनेना”ति। ",
"mil5.5.5:3.1":	"“अट्ठिमे, भन्ते नागसेन, पुग्गला पाणं हनन्ति। ",
"mil5.5.5:3.2":	"कतमे अट्ठ? ",
"mil5.5.5:3.3":	"रत्तो रागवसेन पाणं हनति, दुट्ठो दोसवसेन पाणं हनति, मूळ्हो मोहवसेन पाणं हनति, मानी मानवसेन पाणं हनति, लुद्धो लोभवसेन पाणं हनति, अकिञ्चनो जीविकत्थाय पाणं हनति, बालो हस्सवसेन पाणं हनति, राजा विनयनवसेन पाणं हनति। ",
"mil5.5.5:3.4":	"इमे खो, भन्ते नागसेन, अट्ठ पुग्गला पाणं हनन्ति। ",
"mil5.5.5:3.5":	"पाकतिकंयेव, भन्ते नागसेन, बोधिसत्तेन कतन्”ति। ",
"mil5.5.5:3.6":	"“न, महाराज, पाकतिकं बोधिसत्तेन कतं, यदि, महाराज, बोधिसत्तो पकतिभावेन ओनमेय्य महायञ्ञं यजितुं, न यिमं गाथं भणेय्य—",
"mil5.5.5:4.1":	"‘ससमुद्दपरियायं, ",
"mil5.5.5:4.2":	"महिं सागरकुण्डलं; ",
"mil5.5.5:4.3":	"न इच्छे सह निन्दाय, ",
"mil5.5.5:4.4":	"एवं सेय्ह विजानही’ति। ",
"mil5.5.5:5.1":	"एवंवादी, महाराज, बोधिसत्तो सह दस्सनेन चन्दवतिया राजकञ्ञाय विसञ्ञी अहोसि खित्तचित्तो रत्तो विसञ्ञिभूतो आकुलाकुलो तुरिततुरितो तेन विक्खित्तभन्तलुळितचित्तेन महतिमहापसुघातगलरुहिरसञ्चयं वाजपेय्यं महायञ्ञं यजि। ",
"mil5.5.5:6.1":	"यथा, महाराज, उम्मत्तको खित्तचित्तो जलितम्पि जातवेदं अक्कमति, कुपितम्पि आसीविसं गण्हाति, मत्तम्पि हत्थिं उपेति, समुद्दम्पि अतीरदस्सिं पक्खन्दति, चन्दनिकम्पि ओळिगल्लम्पि ओमद्दति, कण्टकाधानम्पि अभिरुहति, पपातेपि पतति, असुचिम्पि भक्खेति, नग्गोपि रथिया चरति, अञ्ञम्पि बहुविधं अकिरियं करोति। ",
"mil5.5.5:6.2":	"एवमेव खो, महाराज, बोधिसत्तो सह दस्सनेन चन्दवतिया राजकञ्ञाय विसञ्ञी अहोसि खित्तचित्तो रत्तो विसञ्ञिभूतो आकुलाकुलो तुरिततुरितो, तेन विक्खित्तभन्तलुळितचित्तेन महतिमहापसुघातगलरुहिरसञ्चयं वाजपेय्यं महायञ्ञं यजि। ",
"mil5.5.5:7.1":	"खित्तचित्तेन, महाराज, कतं पापं दिट्ठधम्मेपि न महासावज्जं होति, सम्पराये विपाकेनपि नो तथा। ",
"mil5.5.5:7.2":	"इध, महाराज, कोचि उम्मत्तको वज्झमापज्जेय्य, तस्स तुम्हे किं दण्डं धारेथा”ति? ",
"mil5.5.5:7.3":	"“को, भन्ते, उम्मत्तकस्स दण्डो भविस्सति, तं मयं पोथापेत्वा नीहरापेम, एसोव तस्स दण्डो”ति। ",
"mil5.5.5:7.4":	"“इति खो, महाराज, उम्मत्तकस्स अपराधे दण्डोपि न भवति, तस्मा उम्मत्तकस्स कतेपि न दोसो भवति सतेकिच्छो। ",
"mil5.5.5:7.5":	"एवमेव खो, महाराज, लोमसकस्सपो इसि सह दस्सनेन चन्दवतिया राजकञ्ञाय विसञ्ञी अहोसि खित्तचित्तो रत्तो विसञ्ञिभूतो विसटपयातो आकुलाकुलो तुरिततुरितो, तेन विक्खित्तभन्तलुळितचित्तेन महतिमहापसुघातगलरुहिरसञ्चयं वाजपेय्यं महायञ्ञं यजि। ",
"mil5.5.5:7.6":	"यदा च पन पकतिचित्तो अहोसि पटिलद्धस्सति, तदा पुनदेव पब्बजित्वा पञ्चाभिञ्ञायो निब्बत्तेत्वा ब्रह्मलोकूपगो अहोसी”ति। ",
"mil5.5.5:7.7":	"“साधु, भन्ते नागसेन, एवमेतं तथा सम्पटिच्छामी”ति। ",
"mil5.5.5:8.1":	"बुद्धअविहेठकपञ्हो पञ्चमो। "
}	
