{	
"mil5.5.7:0.1":	"मिलिन्दपञ्ह ",
"mil5.5.7:0.2":	"मेण्डकपञ्ह ",
"mil5.5.7:0.3":	"सन्थववग्ग ",
"mil5.5.7:0.4":	"७। घटिकारपञ्ह ",
"mil5.5.7:1.1":	"“भन्ते नागसेन, भासितम्पेतं भगवता—",
"mil5.5.7:1.2":	"‘घटिकारस्स कुम्भकारस्स आवेसनं सब्बं तेमासं आकासच्छदनं अट्ठासि, न देवोतिवस्सी’ति। ",
"mil5.5.7:1.3":	"पुन च भणितं—",
"mil5.5.7:1.4":	"‘कस्सपस्स तथागतस्स कुटि ओवस्सती’ति। ",
"mil5.5.7:1.5":	"किस्स पन, भन्ते नागसेन, तथागतस्स एवमुस्सन्नकुसलमूलस्स कुटि ओवस्सति, तथागतस्स नाम सो आनुभावो इच्छितब्बो? ",
"mil5.5.7:1.6":	"यदि, भन्ते नागसेन, घटिकारस्स कुम्भकारस्स आवेसनं अनोवस्सं आकासच्छदनं अहोसि, तेन हि ‘तथागतस्स कुटि ओवस्सती’ति यं वचनं, तं मिच्छा। ",
"mil5.5.7:1.7":	"यदि तथागतस्स कुटि ओवस्सति, तेन हि ‘घटिकारस्स कुम्भकारस्स आवेसनं अनोवस्सकं अहोसि आकासच्छदनन्’ति तम्पि वचनं मिच्छा। ",
"mil5.5.7:1.8":	"अयम्पि उभतो कोटिको पञ्हो तवानुप्पत्तो, सो तया निब्बाहितब्बो”ति। ",
"mil5.5.7:2.1":	"“भासितम्पेतं, महाराज, भगवता—",
"mil5.5.7:2.2":	"‘घटिकारस्स कुम्भकारस्स आवेसनं सब्बं तेमासं आकासच्छदनं अट्ठासि, न देवोतिवस्सी’ति। ",
"mil5.5.7:2.3":	"भणितञ्च—",
"mil5.5.7:2.4":	"‘कस्सपस्स तथागतस्स कुटि ओवस्सती’ति। ",
"mil5.5.7:2.5":	"घटिकारो, महाराज, कुम्भकारो सीलवा कल्याणधम्मो उस्सन्नकुसलमूलो अन्धे जिण्णे मातापितरो पोसेति, तस्स असम्मुखा अनापुच्छायेवस्स घरे तिणं हरित्वा भगवतो कुटिं छादेसुं, सो तेन तिणहरणेन अकम्पितं असञ्चलितं सुसण्ठितं विपुलमसमं पीतिं पटिलभति, भिय्यो सोमनस्सञ्च अतुलं उप्पादेसि ‘अहो वत मे भगवा लोकुत्तमो सुविस्सत्थो’ति, तेन तस्स दिट्ठधम्मिको विपाको निब्बत्तो। ",
"mil5.5.7:2.6":	"न हि, महाराज, तथागतो तावतकेन विकारेन चलति। ",
"mil5.5.7:3.1":	"यथा, महाराज, सिनेरु गिरिराजा अनेकसतसहस्सवातसम्पहारेनपि न कम्पति न चलति, महोदधि वरप्पवरसागरो अनेकसतनहुतमहागङ्गासतसहस्सेहिपि न पूरति न विकारमापज्जति; ",
"mil5.5.7:3.2":	"एवमेव खो, महाराज, तथागतो न तावतकेन विकारेन चलति। ",
"mil5.5.7:4.1":	"यं पन, महाराज, तथागतस्स कुटि ओवस्सति, तं महतो जनकायस्स अनुकम्पाय। ",
"mil5.5.7:4.2":	"द्वेमे, महाराज, अत्थवसे सम्पस्समाना तथागता सयं निम्मितं पच्चयं नप्पटिसेवन्ति, ‘अयं अग्गदक्खिणेय्यो सत्था’ति भगवतो पच्चयं दत्वा देवमनुस्सा सब्बदुग्गतितो परिमुच्चिस्सन्तीति, पाटिहीरं दस्सेत्वा वुत्तिं परियेसन्तीति ‘मा अञ्ञे उपवदेय्युन्’ति। ",
"mil5.5.7:4.3":	"इमे द्वे अत्थवसे सम्पस्समाना तथागता सयं निम्मितं पच्चयं नप्पटिसेवन्ति। ",
"mil5.5.7:4.4":	"यदि, महाराज, सक्को वा तं कुटिं अनोवस्सं करेय्य ब्रह्मा वा सयं वा, सावज्जं भवेय्य तंयेव करणं सदोसं सनिग्गहं, इमे विभूतं कत्वा लोकं सम्मोहेन्ति अधिकतं करोन्तीति, तस्मा तं करणं वज्जनीयं। ",
"mil5.5.7:4.5":	"न, महाराज, तथागता वत्थुं याचन्ति, ताय अवत्थुयाचनाय अपरिभासिया भवन्ती”ति। ",
"mil5.5.7:4.6":	"“साधु, भन्ते नागसेन, एवमेतं तथा सम्पटिच्छामी”ति। ",
"mil5.5.7:5.1":	"घटिकारपञ्हो सत्तमो। "
}	
