{	
"mil5.4.2:0.1":	"मिलिन्दपञ्ह ",
"mil5.4.2:0.2":	"मेण्डकपञ्ह ",
"mil5.4.2:0.3":	"सब्बञ्ञुतञाणवग्ग ",
"mil5.4.2:0.4":	"२। धम्मविनयपटिच्छन्नापटिच्छन्नपञ्ह ",
"mil5.4.2:1.1":	"“भन्ते नागसेन, भासितम्पेतं भगवता—",
"mil5.4.2:1.2":	"‘तथागतप्पवेदितो, भिक्खवे, धम्मविनयो विवटो विरोचति नो पटिच्छन्नो’ति। ",
"mil5.4.2:1.3":	"पुन च पातिमोक्खुद्देसो केवलञ्च विनयपिटकं पिहितं पटिच्छन्नं। ",
"mil5.4.2:1.4":	"यदि, भन्ते नागसेन, जिनसासने युत्तं वा पत्तं वा समयं लभेथ, विनयपण्णत्ति विवटा सोभेय्य। ",
"mil5.4.2:1.5":	"केन कारणेन? ",
"mil5.4.2:1.6":	"केवलं तत्थ सिक्खा संयमो नियमो सीलगुणआचारपण्णत्ति अत्थरसो धम्मरसो विमुत्तिरसो। ",
"mil5.4.2:1.7":	"यदि, भन्ते नागसेन, भगवता भणितं—",
"mil5.4.2:1.8":	"‘तथागतप्पवेदितो, भिक्खवे, धम्मविनयो विवटो विरोचति नो पटिच्छन्नो’ति, तेन हि ‘पातिमोक्खुद्देसो केवलञ्च विनयपिटकं पिहितं पटिच्छन्नन्’ति यं वचनं, तं मिच्छा। ",
"mil5.4.2:1.9":	"यदि पातिमोक्खुद्देसो केवलञ्च विनयपिटकं पिहितं पटिच्छन्नं, तेन हि ‘तथागतप्पवेदितो, भिक्खवे, धम्मविनयो विवटो विरोचति नो पटिच्छन्नो’ति तम्पि वचनं मिच्छा। ",
"mil5.4.2:1.10":	"अयम्पि उभतो कोटिको पञ्हो तवानुप्पत्तो, सो तया निब्बाहितब्बो”ति। ",
"mil5.4.2:2.1":	"“भासितम्पेतं, महाराज, भगवता—",
"mil5.4.2:2.2":	"‘तथागतप्पवेदितो, भिक्खवे, धम्मविनयो विवटो विरोचति नो पटिच्छन्नो’ति। ",
"mil5.4.2:2.3":	"पुन च पातिमोक्खुद्देसो केवलञ्च विनयपिटकं पिहितं पटिच्छन्नं, तञ्च पन न सब्बेसं, सीमं कत्वा पिहितं। ",
"mil5.4.2:3.1":	"तिविधेन, महाराज, भगवता पातिमोक्खुद्देसो सीमं कत्वा पिहितो, पुब्बकानं तथागतानं वंसवसेन पातिमोक्खुद्देसो सीमं कत्वा पिहितो, धम्मस्स गरुकत्ता पिहितो, भिक्खुभूमिया गरुकत्ता पिहितो। ",
"mil5.4.2:4.1":	"कथं पुब्बकानं तथागतानं वंसवसेन पातिमोक्खुद्देसो सीमं कत्वा पिहितो? ",
"mil5.4.2:4.2":	"एसो वंसो, महाराज, सब्बेसं पुब्बकानं तथागतानं यदिदं भिक्खुमज्झे पातिमोक्खुद्देसो अवसेसानं पिहितो। ",
"mil5.4.2:4.3":	"यथा, महाराज, खत्तियानं खत्तियमाया खत्तियेसुयेव चरति, एवमेतं खत्तियानं लोकस्स पवेणी अवसेसानं पिहिता; ",
"mil5.4.2:4.4":	"एवमेव खो, महाराज, एसो वंसो सब्बेसं पुब्बकानं तथागतानं यदिदं भिक्खुमज्झे पातिमोक्खुद्देसो अवसेसानं पिहितो। ",
"mil5.4.2:5.1":	"यथा वा पन, महाराज, महिया गणा वत्तन्ति, सेय्यथिदं—",
"mil5.4.2:5.2":	"मल्ला अतोणा पब्बता धम्मगिरिया ब्रह्मगिरिया नटका नच्चका लङ्घका पिसाचा मणिभद्दा पुण्णबद्धा चन्दिमसूरिया सिरिदेवता कालिदेवता, सिवा वसुदेवा घनिका असिपासा भद्दिपुत्ताति, तेसं तेसं रहस्सं तेसु तेसु गणेसुयेव चरति, अवसेसानं पिहितं; ",
"mil5.4.2:5.3":	"एवमेव खो, महाराज, एसो वंसो सब्बेसं पुब्बकानं तथागतानं यदिदं भिक्खुमज्झे पातिमोक्खुद्देसो अवसेसानं पिहितो। ",
"mil5.4.2:5.4":	"एवं पुब्बकानं तथागतानं वंसवसेन पातिमोक्खुद्देसो सीमं कत्वा पिहितो। ",
"mil5.4.2:6.1":	"कथं धम्मस्स गरुकत्ता पातिमोक्खुद्देसो सीमं कत्वा पिहितो? ",
"mil5.4.2:6.2":	"धम्मो, महाराज, गरुको भारियो, तत्थ सम्मत्तकारी अञ्ञं आराधेति, तं तत्थ परम्परासम्मत्तकारिताय पापुणाति, न तं तत्थ परम्परासम्मत्तकारिताय पापुणाति, मा चायं सारधम्मो वरधम्मो असम्मत्तकारीनं हत्थगतो ओञ्ञातो अवञ्ञातो हीळितो खीळितो गरहितो भवतु, मा चायं सारधम्मो वरधम्मो दुज्जनगतो ओञ्ञातो अवञ्ञातो हीळितो खीळितो गरहितो भवतूति। ",
"mil5.4.2:6.3":	"एवं धम्मस्स गरुकत्ता पातिमोक्खुद्देसो सीमं कत्वा पिहितो। ",
"mil5.4.2:7.1":	"यथा, महाराज, सारवरपवरअभिजातजातिमन्तरत्तलोहितचन्दनं नाम सवरपुरमनुगतं ओञ्ञातं अवञ्ञातं हीळितं खीळितं गरहितं भवति; ",
"mil5.4.2:7.2":	"एवमेव खो, महाराज, मा चायं सारधम्मो वरधम्मो परम्पराअसम्मत्तकारीनं हत्थगतो ओञ्ञातो अवञ्ञातो हीळितो खीळितो गरहितो भवतु, मा चायं सारधम्मो वरधम्मो दुज्जनगतो ओञ्ञातो अवञ्ञातो हीळितो खीळितो गरहितो भवतूति। ",
"mil5.4.2:7.3":	"एवं धम्मस्स गरुकत्ता पातिमोक्खुद्देसो सीमं कत्वा पिहितो। ",
"mil5.4.2:8.1":	"कथं भिक्खुभूमिया गरुकत्ता पातिमोक्खुद्देसो सीमं कत्वा पिहितो? ",
"mil5.4.2:8.2":	"भिक्खुभावो खो, महाराज, लोके अतुलियो अप्पमाणो अनग्घियो, न सक्का केनचि अग्घापेतुं तुलेतुं परिमेतुं, मायं एवरूपे भिक्खुभावे ठितो लोकेन समसमो भवतूति भिक्खूनंयेव अन्तरे पातिमोक्खुद्देसो चरति। ",
"mil5.4.2:8.3":	"यथा, महाराज, लोके वरपवरभण्डं वत्थं वा अत्थरणं वा गजतुरङ्गरथसुवण्णरजतमणिमुत्ताइत्थिरतनादीनि वा विजितकम्मसूरा वा सब्बे ते राजानमुपगच्छन्ति; ",
"mil5.4.2:8.4":	"एवमेव खो, महाराज, यावता लोके सुगतागमपरियत्तिआचारसंयमसीलसंवरगुणा, सब्बे ते भिक्खुसङ्घमुपगता भवन्ति। ",
"mil5.4.2:8.5":	"एवं भिक्खुभूमिया गरुकत्ता पातिमोक्खुद्देसो सीमं कत्वा पिहितो”ति। ",
"mil5.4.2:8.6":	"“साधु, भन्ते नागसेन, एवमेतं तथा सम्पटिच्छामी”ति। ",
"mil5.4.2:9.1":	"धम्मविनयपटिच्छन्नापटिच्छन्नपञ्हो दुतियो। "
}	
