{	
"mil5.3.5:0.1":	"मिलिन्दपञ्ह ",
"mil5.3.5:0.2":	"मेण्डकपञ्ह ",
"mil5.3.5:0.3":	"पणामितवग्ग ",
"mil5.3.5:0.4":	"५। रुक्खअचेतनाभावपञ्ह ",
"mil5.3.5:1.1":	"“भन्ते नागसेन, भासितम्पेतं तथागतेन—",
"mil5.3.5:2.1":	"‘अचेतनं ब्राह्मण अस्सुणन्तं, ",
"mil5.3.5:2.2":	"जानो अजानन्तमिमं पलासं; ",
"mil5.3.5:2.3":	"आरद्धवीरियो धुवं अप्पमत्तो, ",
"mil5.3.5:2.4":	"सुखसेय्यं पुच्छसि किस्स हेतूति। ",
"mil5.3.5:3.1":	"पुन च भणितं—",
"mil5.3.5:4.1":	"इति फन्दनरुक्खोपि, ",
"mil5.3.5:4.2":	"तावदे अज्झभासथ; ",
"mil5.3.5:4.3":	"मय्हम्पि वचनं अत्थि, ",
"mil5.3.5:4.4":	"भारद्वाज सुणोहि मे’ति। ",
"mil5.3.5:5.1":	"यदि, भन्ते नागसेन, रुक्खो अचेतनो, तेन हि फन्दनेन रुक्खेन भारद्वाजेन सह सल्लपितन्ति यं वचनं, तं मिच्छा। ",
"mil5.3.5:5.2":	"यदि फन्दनेन रुक्खेन भारद्वाजेन सद्धिं सल्लपितं, तेन हि रुक्खो अचेतनोति तम्पि वचनं मिच्छा। ",
"mil5.3.5:5.3":	"अयम्पि उभतो कोटिको पञ्हो तवानुप्पत्तो, सो तया निब्बाहितब्बो”ति। ",
"mil5.3.5:6.1":	"“भासितम्पेतं, महाराज, भगवता ‘रुक्खो अचेतनो’ति, फन्दनेन च रुक्खेन भारद्वाजेन सद्धिं सल्लपितं, तञ्च पन वचनं लोकसमञ्ञाय भणितं। ",
"mil5.3.5:6.2":	"नत्थि, महाराज, अचेतनस्स रुक्खस्स सल्लापो नाम, अपि च, महाराज, तस्मिं रुक्खे अधिवत्थाय देवतायेतं अधिवचनं रुक्खोति, रुक्खो सल्लपतीति चेसा लोकपण्णत्ति, यथा, महाराज, सकटं धञ्ञस्स परिपूरितं धञ्ञसकटन्ति जनो वोहरति, न च तं धञ्ञमयं सकटं, रुक्खमयं सकटं, तस्मिं सकटे धञ्ञस्स पन आकिरितत्ता धञ्ञसकटन्ति जनो वोहरति; ",
"mil5.3.5:6.3":	"एवमेव खो, महाराज, न रुक्खो सल्लपति, रुक्खो अचेतनो, या पन तस्मिं रुक्खे अधिवत्था देवता, तस्सायेव तं अधिवचनं रुक्खोति, रुक्खो सल्लपतीति चेसा लोकपण्णत्ति। ",
"mil5.3.5:7.1":	"यथा वा पन, महाराज, दधिं मन्थयमानो तक्कं मन्थेमीति वोहरति, न तं तक्कं, यं सो मन्थेति, दधिंयेव सो मन्थेन्तो तक्कं मन्थेमीति वोहरति; ",
"mil5.3.5:7.2":	"एवमेव खो, महाराज, न रुक्खो सल्लपति, रुक्खो अचेतनो। ",
"mil5.3.5:7.3":	"या पन तस्मिं रुक्खे अधिवत्था देवता, तस्सायेव तं अधिवचनं रुक्खोति, रुक्खो सल्लपतीति चेसा लोकपण्णत्ति। ",
"mil5.3.5:8.1":	"यथा वा पन, महाराज, असन्तं साधेतुकामो सन्तं साधेमीति वोहरति, असिद्धं सिद्धन्ति वोहरति, एवमेसा लोकसमञ्ञा; ",
"mil5.3.5:8.2":	"एवमेव खो, महाराज, न रुक्खो सल्लपति, रुक्खो अचेतनो। ",
"mil5.3.5:8.3":	"या पन तस्मिं रुक्खे अधिवत्था देवता, तस्सायेव तं अधिवचनं रुक्खोति, रुक्खो सल्लपतीति चेसा लोकपण्णत्ति, याय, महाराज, लोकसमञ्ञाय जनो वोहरति, तथागतोपि तायेव लोकसमञ्ञाय सत्तानं धम्मं देसेती”ति। ",
"mil5.3.5:8.4":	"“साधु, भन्ते नागसेन, एवमेतं तथा सम्पटिच्छामी”ति। ",
"mil5.3.5:9.1":	"रुक्खअचेतनाभावपञ्हो पञ्चमो। "
}	
