{	
"mil5.1.8:0.1":	"मिलिन्दपञ्ह ",
"mil5.1.8:0.2":	"मेण्डकपञ्ह ",
"mil5.1.8:0.3":	"इद्धिबलवग्ग ",
"mil5.1.8:0.4":	"८। अकुसलच्छेदनपञ्ह ",
"mil5.1.8:1.1":	"“भन्ते नागसेन, तथागतो सब्बं अकुसलं झापेत्वा सब्बञ्ञुतं पत्तो, उदाहु सावसेसे अकुसले सब्बञ्ञुतं पत्तो”ति? ",
"mil5.1.8:1.2":	"“सब्बं, महाराज, अकुसलं झापेत्वा भगवा सब्बञ्ञुतं पत्तो, नत्थि भगवतो सेसकं अकुसलन्”ति। ",
"mil5.1.8:2.1":	"“किं पन, भन्ते, दुक्खा वेदना तथागतस्स काये उप्पन्नपुब्बा”ति? ",
"mil5.1.8:2.2":	"“आम, महाराज, राजगहे भगवतो पादो सकलिकाय खतो, लोहितपक्खन्दिकाबाधो उप्पन्नो, काये अभिसन्ने जीवकेन विरेको कारितो, वाताबाधे उप्पन्ने उपट्ठाकेन थेरेन उण्होदकं परियिट्ठन्”ति। ",
"mil5.1.8:3.1":	"“यदि, भन्ते नागसेन, तथागतो सब्बं अकुसलं झापेत्वा सब्बञ्ञुतं पत्तो, तेन हि भगवतो पादो सकलिकाय खतो, लोहितपक्खन्दिका च आबाधो उप्पन्नोति यं वचनं, तं मिच्छा। ",
"mil5.1.8:3.2":	"यदि तथागतस्स पादो सकलिकाय खतो, लोहितपक्खन्दिका च आबाधो उप्पन्नो, तेन हि तथागतो सब्बं अकुसलं झापेत्वा सब्बञ्ञुतं पत्तोति तम्पि वचनं मिच्छा। ",
"mil5.1.8:3.3":	"नत्थि, भन्ते, विना कम्मेन वेदयितं, सब्बं तं वेदयितं कम्ममूलकं, तं कम्मेनेव वेदयति, अयम्पि उभतो कोटिको पञ्हो तवानुप्पत्तो, सो तया निब्बाहितब्बो”ति। ",
"mil5.1.8:4.1":	"“न हि, महाराज, सब्बं तं वेदयितं कम्ममूलकं। ",
"mil5.1.8:4.2":	"अट्ठहि, महाराज, कारणेहि वेदयितानि उप्पज्जन्ति, येहि कारणेहि पुथू सत्ता वेदना वेदियन्ति। ",
"mil5.1.8:4.3":	"कतमेहि अट्ठहि? ",
"mil5.1.8:4.4":	"वातसमुट्ठानानिपि खो, महाराज, इधेकच्चानि वेदयितानि उप्पज्जन्ति, ",
"mil5.1.8:4.5":	"पित्तसमुट्ठानानिपि खो, महाराज …पे… ",
"mil5.1.8:4.6":	"सेम्हसमुट्ठानानिपि खो, महाराज …पे… ",
"mil5.1.8:4.7":	"सन्निपातिकानिपि खो, महाराज …पे… ",
"mil5.1.8:4.8":	"उतुपरिणामजानिपि खो, महाराज …पे… ",
"mil5.1.8:4.9":	"विसमपरिहारजानिपि खो, महाराज …पे… ",
"mil5.1.8:4.10":	"ओपक्कमिकानिपि खो, महाराज …पे… ",
"mil5.1.8:4.11":	"कम्मविपाकजानिपि खो, महाराज, इधेकच्चानि वेदयितानि उप्पज्जन्ति। ",
"mil5.1.8:4.12":	"इमेहि खो, महाराज, अट्ठहि कारणेहि पुथू सत्ता वेदना वेदयन्ति। ",
"mil5.1.8:4.13":	"तत्थ ये ते पुग्गला ‘सत्ते कम्मं विबाधती’ति वदेय्युं, ते इमे पुग्गला सत्तकारणं पटिबाहन्ति। ",
"mil5.1.8:4.14":	"तेसं तं वचनं मिच्छा”ति। ",
"mil5.1.8:4.15":	"“भन्ते नागसेन, यञ्च वातिकं यञ्च पित्तिकं यञ्च सेम्हिकं यञ्च सन्निपातिकं यञ्च उतुपरिणामजं यञ्च विसमपरिहारजं यञ्च ओपक्कमिकं, सब्बेते कम्मसमुट्ठानायेव, कम्मेनेव ते सब्बे सम्भवन्ती”ति। ",
"mil5.1.8:5.1":	"“यदि, महाराज, तेपि सब्बे कम्मसमुट्ठानाव आबाधा भवेय्युं, न तेसं कोट्ठासतो लक्खणानि भवेय्युं। ",
"mil5.1.8:5.2":	"वातो खो, महाराज, कुप्पमानो दसविधेन कुप्पति सीतेन उण्हेन जिघच्छाय पिपासाय अतिभुत्तेन ठानेन पधानेन आधावनेन उपक्कमेन कम्मविपाकेन। ",
"mil5.1.8:5.3":	"तत्र ये ते नव विधा, न ते अतीते, न अनागते, वत्तमानके भवे उप्पज्जन्ति, तस्मा न वत्तब्बा ‘कम्मसम्भवा सब्बा वेदना’ति। ",
"mil5.1.8:5.4":	"पित्तं, महाराज, कुप्पमानं तिविधेन कुप्पति सीतेन उण्हेन विसमभोजनेन। ",
"mil5.1.8:5.5":	"सेम्हं, महाराज, कुप्पमानं तिविधेन कुप्पति सीतेन उण्हेन अन्नपानेन। ",
"mil5.1.8:5.6":	"यो च, महाराज, वातो यञ्च पित्तं यञ्च सेम्हं, तेहि तेहि कोपेहि कुप्पित्वा मिस्सी हुत्वा सकं सकं वेदनं आकड्ढति। ",
"mil5.1.8:5.7":	"उतुपरिणामजा, महाराज, वेदना उतुपरिणामेन उप्पज्जति। ",
"mil5.1.8:5.8":	"विसमपरिहारजा वेदना विसमपरिहारेन उप्पज्जति। ",
"mil5.1.8:5.9":	"ओपक्कमिका, महाराज, वेदना अत्थि किरिया, अत्थि कम्मविपाका, कम्मविपाकजा वेदना पुब्बे कतेन कम्मेन उप्पज्जति। ",
"mil5.1.8:5.10":	"इति खो, महाराज, अप्पं कम्मविपाकजं, बहुतरं अवसेसं। ",
"mil5.1.8:5.11":	"तत्थ बाला ‘सब्बं कम्मविपाकजं येवा’ति अतिधावन्ति। ",
"mil5.1.8:5.12":	"तं कम्मं न सक्का विना बुद्धञाणेन ववत्थानं कातुं। ",
"mil5.1.8:6.1":	"यं पन, महाराज, भगवतो पादो सकलिकाय खतो, तं वेदयितं नेव वातसमुट्ठानं, न पित्तसमुट्ठानं, न सेम्हसमुट्ठानं, न सन्निपातिकं, न उतुपरिणामजं, न विसमपरिहारजं, न कम्मविपाकजं, ओपक्कमिकंयेव। ",
"mil5.1.8:6.2":	"देवदत्तो हि, महाराज, बहूनि जातिसतसहस्सानि तथागते आघातं बन्धि, सो तेन आघातेन महतिं गरुं सिलं गहेत्वा ‘मत्थके पातेस्सामी’ति मुञ्चि, अथञ्ञे द्वे सेला आगन्त्वा तं सिलं तथागतं असम्पत्तंयेव सम्पटिच्छिंसु, तासं पहारेन पपटिका भिज्जित्वा भगवतो पादे पतित्वा रुहिरं उप्पादेसि, कम्मविपाकतो वा, महाराज, भगवतो एसा वेदना निब्बत्ता किरियतो वा, ततुद्धं नत्थञ्ञा वेदना। ",
"mil5.1.8:7.1":	"यथा, महाराज, खेत्तदुट्ठताय वा बीजं न सम्भवति बीजदुट्ठताय वा; ",
"mil5.1.8:7.2":	"एवमेव खो, महाराज, कम्मविपाकतो वा भगवतो एसा वेदना निब्बत्ता किरियतो वा, ततुद्धं नत्थञ्ञा वेदना। ",
"mil5.1.8:8.1":	"यथा वा पन, महाराज, कोट्ठदुट्ठताय वा भोजनं विसमं परिणमति आहारदुट्ठताय वा; ",
"mil5.1.8:8.2":	"एवमेव खो, महाराज, कम्मविपाकतो वा भगवतो एसा वेदना निब्बत्ता किरियतो वा, ततुद्धं नत्थञ्ञा वेदना। ",
"mil5.1.8:8.3":	"अपि च, महाराज, नत्थि भगवतो कम्मविपाकजा वेदना, नत्थि विसमपरिहारजा वेदना, अवसेसेहि समुट्ठानेहि भगवतो वेदना उप्पज्जति, ताय च पन वेदनाय न सक्का भगवन्तं जीविता वोरोपेतुं। ",
"mil5.1.8:9.1":	"निपतन्ति, महाराज, इमस्मिं चातुमहाभूतिके काये इट्ठानिट्ठा सुभासुभवेदना। ",
"mil5.1.8:9.2":	"इध, महाराज, आकासे खित्तो लेड्डु महापथविया निपतति, अपि नु खो सो, महाराज, लेड्डु पुब्बे कतेन महापथविया निपती”ति? ",
"mil5.1.8:9.3":	"“न हि, भन्ते, नत्थि सो, भन्ते, हेतु महापथविया, येन हेतुना महापथवी कुसलाकुसलविपाकं पटिसंवेदेय्य, पच्चुप्पन्नेन, भन्ते, अकम्मकेन हेतुना सो लेड्डु महापथवियं निपतति”। ",
"mil5.1.8:9.4":	"“यथा, महाराज, महापथवी, एवं तथागतो दट्ठब्बो। ",
"mil5.1.8:9.5":	"यथा लेड्डु पुब्बे अकतेन महापथवियं निपतति; ",
"mil5.1.8:9.6":	"एवमेव खो, महाराज, तथागतस्स पुब्बे अकतेन सा सकलिका पादे निपतिता। ",
"mil5.1.8:10.1":	"इध पन, महाराज, मनुस्सा महापथविं भिन्दन्ति च खणन्ति च, अपि नु खो, महाराज, ते मनुस्सा पुब्बे कतेन महापथविं भिन्दन्ति च खणन्ति चा”ति? ",
"mil5.1.8:10.2":	"“न हि, भन्ते”ति। ",
"mil5.1.8:10.3":	"“एवमेव खो, महाराज, या सा सकलिका भगवतो पादे निपतिता, न सा सकलिका पुब्बे कतेन भगवतो पादे निपतिता। ",
"mil5.1.8:10.4":	"योपि, महाराज, भगवतो लोहितपक्खन्दिकाबाधो उप्पन्नो, सोपि आबाधो न पुब्बे कतेन उप्पन्नो, सन्निपातिकेनेव उप्पन्नो, ये केचि, महाराज, भगवतो कायिका आबाधा उप्पन्ना, न ते कम्माभिनिब्बत्ता, छन्नं एतेसं समुट्ठानानं अञ्ञतरतो निब्बत्ता। ",
"mil5.1.8:11.1":	"भासितम्पेतं, महाराज, भगवता देवातिदेवेन संयुत्तनिकायवरलञ्छके मोळियसीवके वेय्याकरणे—",
"mil5.1.8:12.1":	"‘पित्तसमुट्ठानानिपि खो, सीवक, इधेकच्चानि वेदयितानि उप्पज्जन्ति। ",
"mil5.1.8:12.2":	"सामम्पि खो एतं, सीवक, वेदितब्बं, यथा पित्तसमुट्ठानानिपि इधेकच्चानि वेदयितानि उप्पज्जन्ति। ",
"mil5.1.8:12.3":	"लोकस्सपि खो एतं, सीवक, सच्चसम्मतं, यथा पित्तसमुट्ठानानिपि इधेकच्चानि वेदयितानि उप्पज्जन्ति। ",
"mil5.1.8:12.4":	"तत्र, सीवक, ये ते समणब्राह्मणा एवंवादिनो एवंदिट्ठिनो “यं किञ्चायं पुरिसपुग्गलो पटिसंवेदेति सुखं वा दुक्खं वा अदुक्खमसुखं वा, सब्बं तं पुब्बे कतहेतू”ति। ",
"mil5.1.8:12.5":	"यञ्च सामं ञातं, तञ्च अतिधावन्ति, यञ्च लोके सच्चसम्मतं, तञ्च अतिधावन्ति। ",
"mil5.1.8:12.6":	"तस्मा तेसं समणब्राह्मणानं मिच्छाति वदामि। ",
"mil5.1.8:13.1":	"सेम्हसमुट्ठानानिपि खो, सीवक, इधेकच्चानि वेदयितानि उप्पज्जन्ति। ",
"mil5.1.8:13.2":	"वातसमुट्ठानानिपि खो, सीवक …पे… ",
"mil5.1.8:13.3":	"सन्निपातिकानिपि खो, सीवक …पे… ",
"mil5.1.8:13.4":	"उतुपरिणामजानिपि खो, सीवक …पे… ",
"mil5.1.8:13.5":	"विसमपरिहारजानिपि खो, सीवक …पे… ",
"mil5.1.8:13.6":	"ओपक्कमिकानिपि खो, सीवक …पे… ",
"mil5.1.8:13.7":	"कम्मविपाकजानिपि खो, सीवक, इधेकच्चानि वेदयितानि उप्पज्जन्ति। ",
"mil5.1.8:13.8":	"सामम्पि खो एतं, सीवक, वेदितब्बं, यथा कम्मविपाकजानिपि इधेकच्चानि वेदयितानि उप्पज्जन्ति। ",
"mil5.1.8:13.9":	"लोकस्सपि खो एतं, सीवक, सच्चसम्मतं, यथा कम्मविपाकजानिपि इधेकच्चानि वेदयितानि उप्पज्जन्ति। ",
"mil5.1.8:13.10":	"तत्र, सीवक, ये ते समणब्राह्मणा एवंवादिनो एवंदिट्ठिनो “यं किञ्चायं पुरिसपुग्गलो पटिसंवेदेति सुखं वा दुक्खं वा अदुक्खमसुखं वा, सब्बं तं पुब्बे कतहेतू”ति। ",
"mil5.1.8:13.11":	"यञ्च सामं ञातं, तञ्च अतिधावन्ति, यञ्च लोके सच्चसम्मतं, तञ्च अतिधावन्ति। ",
"mil5.1.8:13.12":	"तस्मा तेसं समणब्राह्मणानं मिच्छाति वदामी’ति। ",
"mil5.1.8:14.1":	"इतिपि, महाराज, न सब्बा वेदना कम्मविपाकजा, सब्बं, महाराज, अकुसलं झापेत्वा भगवा सब्बञ्ञुतं पत्तोति एवमेतं धारेही”ति। ",
"mil5.1.8:14.2":	"“साधु, भन्ते नागसेन, एवमेतं तथा सम्पटिच्छामी”ति। ",
"mil5.1.8:15.1":	"अकुसलच्छेदनपञ्हो अट्ठमो। "
}	
