{	
"mil5.2.6:0.1":	"मिलिन्दपञ्ह ",
"mil5.2.6:0.2":	"मेण्डकपञ्ह ",
"mil5.2.6:0.3":	"अभेज्जवग्ग ",
"mil5.2.6:0.4":	"६। अपुञ्ञपञ्ह ",
"mil5.2.6:1.1":	"“भन्ते नागसेन, तुम्हे भणथ—",
"mil5.2.6:1.2":	"‘यो अजानन्तो पाणातिपातं करोति, सो बलवतरं अपुञ्ञं पसवती’ति। ",
"mil5.2.6:1.3":	"पुन च भगवता विनयपञ्ञत्तिया भणितं—",
"mil5.2.6:1.4":	"‘अनापत्ति अजानन्तस्सा’ति। ",
"mil5.2.6:1.5":	"यदि, भन्ते नागसेन, अजानित्वा पाणातिपातं करोन्तो बलवतरं अपुञ्ञं पसवति, तेन हि ‘अनापत्ति अजानन्तस्सा’ति यं वचनं, तं मिच्छा। ",
"mil5.2.6:1.6":	"यदि अनापत्ति अजानन्तस्स, तेन हि ‘अजानित्वा पाणातिपातं करोन्तो बलवतरं अपुञ्ञं पसवती’ति तम्पि वचनं मिच्छा। ",
"mil5.2.6:1.7":	"अयम्पि उभतो कोटिको पञ्हो दुरुत्तरो दुरतिक्कमो तवानुप्पत्तो, सो तया निब्बाहितब्बो”ति। ",
"mil5.2.6:2.1":	"“भासितम्पेतं, महाराज, भगवता ‘यो अजानन्तो पाणातिपातं करोति, सो बलवतरं अपुञ्ञं पसवती’ति। ",
"mil5.2.6:2.2":	"पुन च विनयपञ्ञत्तिया भगवता भणितं—",
"mil5.2.6:2.3":	"‘अनापत्ति अजानन्तस्सा’ति। ",
"mil5.2.6:2.4":	"तत्थ अत्थन्तरं अत्थि। ",
"mil5.2.6:2.5":	"कतमं अत्थन्तरं? ",
"mil5.2.6:2.6":	"अत्थि, महाराज, आपत्ति सञ्ञाविमोक्खा, अत्थि आपत्ति नोसञ्ञाविमोक्खा। ",
"mil5.2.6:2.7":	"यायं, महाराज, आपत्ति सञ्ञाविमोक्खा, तं आपत्तिं आरब्भ भगवता भणितं—",
"mil5.2.6:2.8":	"‘अनापत्ति अजानन्तस्सा’”ति। ",
"mil5.2.6:2.9":	"“साधु, भन्ते नागसेन, एवमेतं तथा सम्पटिच्छामी”ति। ",
"mil5.2.6:3.1":	"अपुञ्ञपञ्हो छट्ठो। "
}	
