{	
"mil5.3.9:0.1":	"मिलिन्दपञ्ह ",
"mil5.3.9:0.2":	"मेण्डकपञ्ह ",
"mil5.3.9:0.3":	"पणामितवग्ग ",
"mil5.3.9:0.4":	"९। अग्गग्गसमणपञ्ह ",
"mil5.3.9:1.1":	"“भन्ते नागसेन, भासितम्पेतं भगवता—",
"mil5.3.9:1.2":	"‘आसवानं खया समणो होती’ति। ",
"mil5.3.9:1.3":	"पुन च भणितं—",
"mil5.3.9:2.1":	"‘चतुब्भि धम्मेहि समङ्गिभूतं, ",
"mil5.3.9:2.2":	"तं वे नरं समणं आहु लोके’ति। ",
"mil5.3.9:3.1":	"तत्रिमे चत्तारो धम्मा खन्ति अप्पाहारता रतिविप्पहानं आकिञ्चञ्ञं। ",
"mil5.3.9:3.2":	"सब्बानि पनेतानि अपरिक्खीणासवस्स सकिलेसस्सेव होन्ति। ",
"mil5.3.9:3.3":	"यदि, भन्ते नागसेन, आसवानं खया समणो होति, तेन हि ‘चतुब्भि धम्मेहि समङ्गिभूतं, तं वे नरं समणं आहु लोके’ति यं वचनं, तं मिच्छा। ",
"mil5.3.9:3.4":	"यदि चतुब्भि धम्मेहि समङ्गिभूतो समणो होति, तेन हि ‘आसवानं खया समणो होती’ति तम्पि वचनं मिच्छा, अयम्पि उभतो कोटिको पञ्हो तवानुप्पत्तो, सो तया निब्बाहितब्बो”ति। ",
"mil5.3.9:4.1":	"“भासितम्पेतं, महाराज, भगवता ‘आसवानं खया समणो होती’ति। ",
"mil5.3.9:4.2":	"पुन च भणितं—",
"mil5.3.9:4.3":	"‘चतुब्भि धम्मेहि समङ्गिभूतं, तं वे नरं समणं आहु लोके’ति। ",
"mil5.3.9:4.4":	"तदिदं, महाराज, वचनं तेसं तेसं पुग्गलानं गुणवसेन भणितं—",
"mil5.3.9:4.5":	"‘चतुब्भि धम्मेहि समङ्गिभूतं, तं वे नरं समणं आहु लोके’ति, इदं पन निरवसेसवचनं ‘आसवानं खया समणो होती’ति। ",
"mil5.3.9:5.1":	"अपि च, महाराज, ये केचि किलेसूपसमाय पटिपन्ना, ते सब्बे उपादायुपादाय समणो खीणासवो अग्गमक्खायति। ",
"mil5.3.9:5.2":	"यथा, महाराज, यानि कानिचि जलजथलजपुप्फानि, वस्सिकं तेसं अग्गमक्खायति, अवसेसानि यानि कानिचि विविधानि पुप्फजातानि, सब्बानि तानि पुप्फानियेव, उपादायुपादाय पन वस्सिकंयेव पुप्फं जनस्स पत्थितं पिहयितं; ",
"mil5.3.9:5.3":	"एवमेव खो, महाराज, ये केचि किलेसूपसमाय पटिपन्ना, ते सब्बे उपादायुपादाय समणो खीणासवो अग्गमक्खायति। ",
"mil5.3.9:6.1":	"यथा वा पन, महाराज, सब्बधञ्ञानं सालि अग्गमक्खायति, या काचि अवसेसा विविधा धञ्ञजातियो, ता सब्बा उपादायुपादाय भोजनानि सरीरयापनाय, सालियेव तेसं अग्गमक्खायति; ",
"mil5.3.9:6.2":	"एवमेव खो, महाराज, ये केचि किलेसूपसमाय पटिपन्ना, ते सब्बे उपादायुपादाय समणो खीणासवो अग्गमक्खायती”ति। ",
"mil5.3.9:6.3":	"“साधु, भन्ते नागसेन, एवमेतं तथा सम्पटिच्छामी”ति। ",
"mil5.3.9:7.1":	"अग्गग्गसमणपञ्हो नवमो। "
}	
