{	
"mil6.1.7:0.1":	"मिलिन्दपञ्ह ",
"mil6.1.7:0.2":	"अनुमानपञ्ह ",
"mil6.1.7:0.3":	"बुद्धवग्ग ",
"mil6.1.7:0.4":	"७। अभिसमयन्तरायकरपञ्ह ",
"mil6.1.7:1.1":	"“भन्ते नागसेन, इध यो कोचि गिही पाराजिकं अज्झापन्नो भवेय्य, सो अपरेन समयेन पब्बाजेय्य, अत्तनापि सो न जानेय्य ‘गिहिपाराजिकं अज्झापन्नोस्मी’ति, नपि तस्स अञ्ञो कोचि आचिक्खेय्य ‘गिहिपाराजिकं अज्झापन्नोसी’ति। ",
"mil6.1.7:1.2":	"सो च तथत्ताय पटिपज्जेय्य, अपि नु तस्स धम्माभिसमयो भवेय्या”ति? ",
"mil6.1.7:1.3":	"“न हि, महाराजा”ति। ",
"mil6.1.7:1.4":	"“केन, भन्ते, कारणेना”ति? ",
"mil6.1.7:1.5":	"“यो तस्स हेतु धम्माभिसमयाय, सो तस्स समुच्छिन्नो, तस्मा धम्माभिसमयो न भवती”ति। ",
"mil6.1.7:2.1":	"“भन्ते नागसेन, तुम्हे भणथ—",
"mil6.1.7:2.2":	"‘जानन्तस्स कुक्कुच्चं होति, कुक्कुच्चे सति आवरणं होति, आवटे चित्ते धम्माभिसमयो न होती’ति। ",
"mil6.1.7:2.3":	"इमस्स पन अजानन्तस्स अकुक्कुच्चजातस्स सन्तचित्तस्स विहरतो केन कारणेन धम्माभिसमयो न होति, विसमेन विसमेनेसो पञ्हो गच्छति, चिन्तेत्वा विसज्जेथा”ति। ",
"mil6.1.7:3.1":	"“रुहति, महाराज, सुकट्ठे सुकलले मण्डखेत्ते सारदं सुखसयितं बीजन्”ति? ",
"mil6.1.7:3.2":	"“आम, भन्ते”ति। ",
"mil6.1.7:3.3":	"“अपि नु, महाराज, तञ्ञेव बीजं घनसेलसिलातले रुहेय्या”ति? ",
"mil6.1.7:3.4":	"“न हि, भन्ते”ति। ",
"mil6.1.7:3.5":	"“किस्स पन, महाराज, तञ्ञेव बीजं कलले रुहति, किस्स घनसेले न रुहती”ति? ",
"mil6.1.7:3.6":	"“नत्थि, भन्ते, तस्स बीजस्स रुहनाय घनसेले हेतु, अहेतुना बीजं न रुहती”ति। ",
"mil6.1.7:3.7":	"“एवमेव खो, महाराज, येन हेतुना तस्स धम्माभिसमयो भवेय्य, सो तस्स हेतु समुच्छिन्नो, अहेतुना धम्माभिसमयो न होति। ",
"mil6.1.7:4.1":	"यथा वा पन, महाराज, दण्डलेड्डुलगुळमुग्गरा पथविया ठानमुपगच्छन्ति, अपि नु, महाराज, तेयेव दण्डलेड्डुलगुळमुग्गरा गगने ठानमुपगच्छन्ती”ति? ",
"mil6.1.7:4.2":	"“न हि, भन्ते”ति। ",
"mil6.1.7:4.3":	"“किं पनेत्थ, महाराज, कारणं, येन कारणेन तेयेव दण्डलेड्डुलगुळमुग्गरा पथविया ठानमुपगच्छन्ति, केन कारणेन गगने न तिट्ठन्ती”ति? ",
"mil6.1.7:4.4":	"“नत्थि, भन्ते, तेसं दण्डलेड्डुलगुळमुग्गरानं पतिट्ठानाय आकासे हेतु, अहेतुना न तिट्ठन्ती”ति। ",
"mil6.1.7:4.5":	"“एवमेव खो, महाराज, तस्स तेन दोसेन अभिसमयहेतु समुच्छिन्नो, हेतुसमुग्घाते अहेतुना अभिसमयो न होतीति। ",
"mil6.1.7:5.1":	"यथा वा पन, महाराज, थले अग्गि जलति, अपि नु खो, महाराज, सोयेव अग्गि उदके जलती”ति? ",
"mil6.1.7:5.2":	"“न हि, भन्ते”ति। ",
"mil6.1.7:5.3":	"“किं पनेत्थ, महाराज, कारणं, येन कारणेन सोयेव अग्गि थले जलति, केन कारणेन उदके न जलती”ति? ",
"mil6.1.7:5.4":	"“नत्थि, भन्ते, अग्गिस्स जलनाय उदके हेतु, अहेतुना न जलती”ति। ",
"mil6.1.7:5.5":	"“एवमेव खो, महाराज, तस्स तेन दोसेन अभिसमयहेतु समुच्छिन्नो, हेतुसमुग्घाते अहेतुना धम्माभिसमयो न होती”ति। ",
"mil6.1.7:6.1":	"“भन्ते नागसेन, पुनपेतं अत्थं चिन्तेहि, न मे तत्थ चित्तसञ्ञत्ति भवति, अजानन्तस्स असति कुक्कुच्चे आवरणं होतीति, कारणेन मं सञ्ञापेही”ति। ",
"mil6.1.7:6.2":	"“अपि नु, महाराज, विसं हलाहलं अजानन्तेन खायितं जीवितं हरती”ति? ",
"mil6.1.7:6.3":	"“आम, भन्ते”ति। ",
"mil6.1.7:6.4":	"“एवमेव खो, महाराज, अजानन्तेनपि कतं पापं अभिसमयन्तरायकरं होति। ",
"mil6.1.7:7.1":	"अपि नु, महाराज, अग्गि अजानित्वा अक्कमन्तं डहती”ति? ",
"mil6.1.7:7.2":	"“आम, भन्ते”ति। ",
"mil6.1.7:7.3":	"“एवमेव खो, महाराज, अजानन्तेनपि कतं पापं अभिसमयन्तरायकरं होति। ",
"mil6.1.7:8.1":	"अपि नु, महाराज, अजानन्तं आसीविसो डंसित्वा जीवितं हरती”ति? ",
"mil6.1.7:8.2":	"“आम, भन्ते”ति। ",
"mil6.1.7:8.3":	"“एवमेव खो, महाराज, अजानन्तेनपि कतं पापं अभिसमयन्तरायकरं होति। ",
"mil6.1.7:9.1":	"ननु, महाराज, कालिङ्गराजा समणकोलञ्ञो सत्तरतनपरिकिण्णो हत्थिरतनमभिरुय्ह कुलदस्सनाय गच्छन्तो अजानन्तोपि नासक्खि बोधिमण्डस्स उपरितो गन्तुं, इदमेत्थ, महाराज, कारणं, येन कारणेन अजानन्तेनपि कतं पापं अभिसमयन्तरायकरं होती”ति? ",
"mil6.1.7:9.2":	"“जिनभासितं, भन्ते नागसेन, कारणं न सक्का पटिक्कोसितुं, एसोवेतस्स अत्थो तथा सम्पटिच्छामी”ति। ",
"mil6.1.7:10.1":	"अभिसमयन्तरायकरपञ्हो सत्तमो। "
}	
