{	
"mil6.2.2:0.1":	"मिलिन्दपञ्ह ",
"mil6.2.2:0.2":	"अनुमानपञ्ह ",
"mil6.2.2:0.3":	"निप्पपञ्चवग्ग ",
"mil6.2.2:0.4":	"२। खीणासवभावपञ्ह ",
"mil6.2.2:1.1":	"“भन्ते नागसेन, तुम्हे भणथ—",
"mil6.2.2:1.2":	"‘यो गिही अरहत्तं पत्तो, द्वे वास्स गतियो भवन्ति अनञ्ञा, तस्मिंयेव दिवसे पब्बजति वा परिनिब्बायति वा। ",
"mil6.2.2:1.3":	"न सो दिवसो सक्का अतिक्कमेतुन्’ति। ",
"mil6.2.2:1.4":	"सचे सो, भन्ते नागसेन, तस्मिं दिवसे आचरियं वा उपज्झायं वा पत्तचीवरं वा न लभेथ, अपि नु खो सो अरहा सयं वा पब्बजेय्य दिवसं वा अतिक्कमेय्य, अञ्ञो कोचि अरहा इद्धिमा आगन्त्वा तं पब्बाजेय्य वा परिनिब्बायेय्य वा”ति? ",
"mil6.2.2:1.5":	"“न सो, महाराज, अरहा सयं पब्बजेय्य, सयं पब्बजन्तो थेय्यं आपज्जति, न च दिवसं अतिक्कमेय्य, अञ्ञस्स अरहन्तस्स आगमनं भवेय्य वा न वा भवेय्य, तस्मिंयेव दिवसे परिनिब्बायेय्या”ति। ",
"mil6.2.2:1.6":	"“तेन हि, भन्ते नागसेन, अरहत्तस्स सन्तभावो विजहितो होति, येन अधिगतस्स जीवितहारो भवती”ति। ",
"mil6.2.2:2.1":	"“विसमं, महाराज, गिहिलिङ्गं, विसमे लिङ्गे लिङ्गदुब्बलताय अरहत्तं पत्तो गिही तस्मिंयेव दिवसे पब्बजति वा परिनिब्बायति वा। ",
"mil6.2.2:2.2":	"नेसो, महाराज, दोसो अरहत्तस्स, गिहिलिङ्गस्सेवेसो दोसो यदिदं लिङ्गदुब्बलता। ",
"mil6.2.2:3.1":	"यथा, महाराज, भोजनं सब्बसत्तानं आयुपालकं जीवितरक्खकं विसमकोट्ठस्स मन्ददुब्बलगहणिकस्स अविपाकेन जीवितं हरति। ",
"mil6.2.2:3.2":	"नेसो, महाराज, दोसो भोजनस्स, कोट्ठस्सेवेसो दोसो यदिदं अग्गिदुब्बलता। ",
"mil6.2.2:3.3":	"एवमेव खो, महाराज, विसमे लिङ्गे लिङ्गदुब्बलताय अरहत्तं पत्तो गिही तस्मिंयेव दिवसे पब्बजति वा परिनिब्बायति वा। ",
"mil6.2.2:3.4":	"नेसो, महाराज, दोसो अरहत्तस्स, गिहिलिङ्गस्सेवेसो दोसो यदिदं लिङ्गदुब्बलता। ",
"mil6.2.2:4.1":	"यथा वा पन, महाराज, परित्तं तिणसलाकं उपरि गरुके पासाणे ठपिते दुब्बलताय भिज्जित्वा पतति; ",
"mil6.2.2:4.2":	"एवमेव खो, महाराज, अरहत्तं पत्तो गिही तेन लिङ्गेन अरहत्तं धारेतुं असक्कोन्तो तस्मिंयेव दिवसे पब्बजति वा परिनिब्बायति वा। ",
"mil6.2.2:5.1":	"यथा वा पन, महाराज, पुरिसो अबलो दुब्बलो निहीनजच्चो परित्तपुञ्ञो महतिमहारज्जं लभित्वा खणेन परिपतति परिधंसति ओसक्कति, न सक्कोति इस्सरियं धारेतुं; ",
"mil6.2.2:5.2":	"एवमेव खो, महाराज, अरहत्तं पत्तो गिही तेन लिङ्गेन अरहत्तं धारेतुं न सक्कोति, तेन कारणेन तस्मिंयेव दिवसे पब्बजति वा परिनिब्बायति वा”ति। ",
"mil6.2.2:5.3":	"“साधु, भन्ते नागसेन, एवमेतं तथा सम्पटिच्छामी”ति। ",
"mil6.2.2:6.1":	"खीणासवभावपञ्हो दुतियो। "
}	
