{	
"mil6.2.3:0.1":	"मिलिन्दपञ्ह ",
"mil6.2.3:0.2":	"अनुमानपञ्ह ",
"mil6.2.3:0.3":	"निप्पपञ्चवग्ग ",
"mil6.2.3:0.4":	"३। खीणासवसतिसम्मोसपञ्ह ",
"mil6.2.3:1.1":	"“भन्ते नागसेन, अत्थि अरहतो सतिसम्मोसो”ति? ",
"mil6.2.3:1.2":	"“विगतसतिसम्मोसा खो, महाराज, अरहन्तो, नत्थि अरहन्तानं सतिसम्मोसो”ति। ",
"mil6.2.3:1.3":	"“आपज्जेय्य पन, भन्ते, अरहा आपत्तिन्”ति? ",
"mil6.2.3:1.4":	"“आम, महाराजा”ति। ",
"mil6.2.3:1.5":	"“किस्मिं वत्थुस्मिन्”ति? ",
"mil6.2.3:1.6":	"“कुटिकारे, महाराज, सञ्चरित्ते, विकाले कालसञ्ञाय, पवारिते अप्पवारितसञ्ञाय, अनतिरित्ते अतिरित्तसञ्ञाया”ति। ",
"mil6.2.3:2.1":	"“भन्ते नागसेन, तुम्हे भणथ—",
"mil6.2.3:2.2":	"‘ये आपत्तिं आपज्जन्ति, ते द्वीहि कारणेहि आपज्जन्ति अनादरियेन वा अजाननेन वा’ति। ",
"mil6.2.3:2.3":	"अपि नु खो, भन्ते, अरहतो अनादरियं होति, यं अरहा आपत्तिं आपज्जती”ति? ",
"mil6.2.3:2.4":	"“न हि, महाराजा”ति। ",
"mil6.2.3:3.1":	"“यदि, भन्ते नागसेन, अरहा आपत्तिं आपज्जति, नत्थि च अरहतो अनादरियं, तेन हि अत्थि अरहतो सतिसम्मोसो”ति? ",
"mil6.2.3:3.2":	"“नत्थि, महाराज, अरहतो सतिसम्मोसो, आपत्तिञ्च अरहा आपज्जती”ति। ",
"mil6.2.3:4.1":	"“तेन हि, भन्ते, कारणेन मं सञ्ञापेहि, किं तत्थ कारणन्”ति? ",
"mil6.2.3:4.2":	"“द्वेमे, महाराज, किलेसा लोकवज्जं पण्णत्तिवज्जञ्चाति। ",
"mil6.2.3:4.3":	"कतमं, महाराज, लोकवज्जं? ",
"mil6.2.3:4.4":	"दस अकुसलकम्मपथा, इदं वुच्चति लोकवज्जं। ",
"mil6.2.3:4.5":	"कतमं पण्णत्तिवज्जं? ",
"mil6.2.3:4.6":	"यं लोके अत्थि समणानं अननुच्छविकं अननुलोमिकं, गिहीनं अनवज्जं। ",
"mil6.2.3:4.7":	"तत्थ भगवा सावकानं सिक्खापदं पञ्ञपेति ‘यावजीवं अनतिक्कमनीयन्’ति। ",
"mil6.2.3:4.8":	"विकालभोजनं, महाराज, लोकस्स अनवज्जं, तं जिनसासने वज्जं। ",
"mil6.2.3:4.9":	"भूतगामविकोपनं, महाराज, लोकस्स अनवज्जं, तं जिनसासने वज्जं। ",
"mil6.2.3:4.10":	"उदके हस्सधम्मं, महाराज, लोकस्स अनवज्जं, तं जिनसासने वज्जं। ",
"mil6.2.3:4.11":	"इति एवरूपानि एवरूपानि, महाराज, जिनसासने वज्जानि, इदं वुच्चति पण्णत्तिवज्जं। ",
"mil6.2.3:4.12":	"लोकवज्जं अभब्बो खीणासवो तं अज्झाचरितुं। ",
"mil6.2.3:5.1":	"यं किलेसं पण्णत्तिवज्जं, तं अजानन्तो आपज्जेय्य। ",
"mil6.2.3:5.2":	"अविसयो, महाराज, एकच्चस्स अरहतो सब्बं जानितुं, न हि तस्स बलं अत्थि सब्बं जानितुं। ",
"mil6.2.3:5.3":	"अनञ्ञातं, महाराज, अरहतो इत्थिपुरिसानं नामम्पि गोत्तम्पि, मग्गोपि तस्स महिया अनञ्ञातो; ",
"mil6.2.3:5.4":	"विमुत्तिंयेव, महाराज, एकच्चो अरहा जानेय्य; ",
"mil6.2.3:5.5":	"छळभिञ्ञो अरहा सकविसयं जानेय्य; ",
"mil6.2.3:5.6":	"सब्बञ्ञू, महाराज, तथागतोव सब्बं जानाती”ति। ",
"mil6.2.3:5.7":	"“साधु, भन्ते नागसेन, एवमेतं तथा सम्पटिच्छामी”ति। ",
"mil6.2.3:6.1":	"खीणासवसतिसम्मोसपञ्हो ततियो। "
}	
