{	
"mil6.2.6:0.1":	"मिलिन्दपञ्ह ",
"mil6.2.6:0.2":	"अनुमानपञ्ह ",
"mil6.2.6:0.3":	"निप्पपञ्चवग्ग ",
"mil6.2.6:0.4":	"६। कम्मजादिपञ्ह ",
"mil6.2.6:1.1":	"“भन्ते नागसेन, कतमे एत्थ कम्मजा, कतमे हेतुजा, कतमे उतुजा, कतमे न कम्मजा, न हेतुजा, न उतुजा”ति? ",
"mil6.2.6:1.2":	"“ये केचि, महाराज, सत्ता सचेतना, सब्बे ते कम्मजा; ",
"mil6.2.6:1.3":	"अग्गि च सब्बानि च बीजजातानि हेतुजानि; ",
"mil6.2.6:1.4":	"पथवी च पब्बता च उदकञ्च वातो च, सब्बे ते उतुजा; ",
"mil6.2.6:1.5":	"आकासो च निब्बानञ्च इमे द्वे अकम्मजा अहेतुजा अनुतुजा। ",
"mil6.2.6:1.6":	"निब्बानं पन, महाराज, न वत्तब्बं कम्मजन्ति वा हेतुजन्ति वा उतुजन्ति वा उप्पन्नन्ति वा अनुप्पन्नन्ति वा उप्पादनीयन्ति वा अतीतन्ति वा अनागतन्ति वा पच्चुप्पन्नन्ति वा चक्खुविञ्ञेय्यन्ति वा सोतविञ्ञेय्यन्ति वा घानविञ्ञेय्यन्ति वा जिव्हाविञ्ञेय्यन्ति वा कायविञ्ञेय्यन्ति वा, अपि च, महाराज, मनोविञ्ञेय्यं निब्बानं, यं सो सम्मापटिपन्नो अरियसावको विसुद्धेन ञाणेन पस्सती”ति। ",
"mil6.2.6:1.7":	"“रमणीयो, भन्ते नागसेन, पञ्हो सुविनिच्छितो निस्संसयो एकन्तगतो, विमति उप्पच्छिन्ना, त्वं गणिवरपवरमासज्जा”ति। ",
"mil6.2.6:2.1":	"कम्मजादिपञ्हो छट्ठो। "
}	
