{	
"mil6.2.10:0.1":	"मिलिन्दपञ्ह ",
"mil6.2.10:0.2":	"अनुमानपञ्ह ",
"mil6.2.10:0.3":	"निप्पपञ्चवग्ग ",
"mil6.2.10:0.4":	"१०। कठिनतपनपञ्ह ",
"mil6.2.10:1.1":	"“भन्ते नागसेन, किस्स हेमन्ते सूरियो कठिनं तपति, नो तथा गिम्हे”ति? ",
"mil6.2.10:1.2":	"“गिम्हे, महाराज, अनुपहतं होति रजोजल्लं, वातक्खुभिता रेणू गगनानुगता होन्ति, आकासेपि अब्भा सुबहला होन्ति, महावातो च अधिमत्तं वायति, ते सब्बे नानाकुला समायुता सूरियरंसियो पिदहन्ति, तेन गिम्हे सूरियो मन्दं तपति। ",
"mil6.2.10:2.1":	"हेमन्ते पन, महाराज, हेट्ठा पथवी निब्बुता होति, उपरि महामेघो उपट्ठितो होति, उपसन्तं होति रजोजल्लं, रेणु च सन्तसन्तं गगने चरति, विगतवलाहको च होति आकासो, वातो च मन्दमन्दं वायति, एतेसं उपरतिया विसुद्धा होन्ति सूरियरंसियो, उपघातविमुत्तस्स सूरियस्स तापो अतिविय तपति। ",
"mil6.2.10:2.2":	"इदमेत्थ, महाराज, कारणं, येन कारणेन सूरियो हेमन्ते कठिनं तपति, नो तथा गिम्हे”ति। ",
"mil6.2.10:2.3":	"“सब्बीतिमुत्तो, भन्ते, सूरियो कठिनं तपति, मेघादिसहगतो कठिनं न तपती”ति। ",
"mil6.2.10:3.1":	"कठिनतपनपञ्हो दसमो। ",
"mil6.2.10:4.1":	"निप्पपञ्चवग्गो दुतियो। ",
"mil6.2.10:5.1":	"इमस्मिं वग्गे दस पञ्हा। "
}	
