{	
"mil6.3.4:0.1":	"मिलिन्दपञ्ह ",
"mil6.3.4:0.2":	"अनुमानपञ्ह ",
"mil6.3.4:0.3":	"वेस्सन्तरवग्ग ",
"mil6.3.4:0.4":	"४। पुब्बपेतादिसपञ्ह ",
"mil6.3.4:1.1":	"“भन्ते नागसेन, इमे दायका दानं दत्वा पुब्बपेतानं आदिसन्ति ‘इदं तेसं पापुणातू’ति, अपि नु ते किञ्चि ततोनिदानं विपाकं पटिलभन्ती”ति? ",
"mil6.3.4:1.2":	"“केचि, महाराज, पटिलभन्ति, केचि नप्पटिलभन्ती”ति। ",
"mil6.3.4:1.3":	"“के, भन्ते, पटिलभन्ति, के नप्पटिलभन्ती”ति? ",
"mil6.3.4:1.4":	"“निरयूपपन्ना, महाराज, नप्पटिलभन्ति, सग्गगता नप्पटिलभन्ति, तिरच्छानयोनिगता नप्पटिलभन्ति, चतुन्नं पेतानं तयो पेता नप्पटिलभन्ति वन्तासिका खुप्पिपासिनो निज्झामतण्हिका, लभन्ति पेता परदत्तूपजीविनो, तेपि सरमानायेव लभन्ती”ति। ",
"mil6.3.4:2.1":	"“तेन हि, भन्ते नागसेन, दायकानं दानं विसोसितं होति अफलं, येसं उद्दिस्स कतं यदि ते नप्पटिलभन्ती”ति? ",
"mil6.3.4:2.2":	"“न हि तं, महाराज, दानं अफलं होति अविपाकं, दायकायेव तस्स फलं अनुभवन्ती”ति। ",
"mil6.3.4:2.3":	"“तेन हि, भन्ते नागसेन, कारणेन मं सञ्ञापेही”ति। ",
"mil6.3.4:2.4":	"“इध, महाराज, केचि मनुस्सा मच्छमंससुराभत्तखज्जकानि पटियादेत्वा ञातिकुलं गच्छन्ति, यदि ते ञातका तं उपायनं न सम्पटिच्छेय्युं, अपि नु तं उपायनं विसोसितं गच्छेय्य विनस्सेय्य वा”ति? ",
"mil6.3.4:2.5":	"“न हि, भन्ते, सामिकानंयेव तं होती”ति। ",
"mil6.3.4:2.6":	"“एवमेव खो, महाराज, दायकायेव तस्स फलं अनुभवन्ति। ",
"mil6.3.4:2.7":	"यथा पन, महाराज, पुरिसो गब्भं पविट्ठो असति पुरतो निक्खमनमुखे केन निक्खमेय्या”ति। ",
"mil6.3.4:2.8":	"“पविट्ठेनेव, भन्ते”ति। ",
"mil6.3.4:2.9":	"“एवमेव खो, महाराज, दायकायेव तस्स फलं अनुभवन्ती”ति। ",
"mil6.3.4:2.10":	"“होतु, भन्ते नागसेन, एवमेतं तथा सम्पटिच्छामि, दायकायेव तस्स फलं अनुभवन्ति, न मयं तं कारणं विलोमेमाति। ",
"mil6.3.4:2.11":	"(…) ",
"mil6.3.4:3.1":	"भन्ते नागसेन, यदि इमेसं दायकानं दिन्नदानं पुब्बपेतानं पापुणाति, ते च तस्स विपाकं अनुभवन्ति। ",
"mil6.3.4:3.2":	"तेन हि यो पाणातिपाती लुद्दो लोहितपाणी पदुट्ठमनसङ्कप्पो मनुस्से घातेत्वा दारुणं कम्मं कत्वा पुब्बपेतानं आदिसेय्य ‘इमस्स मे कम्मस्स विपाको पुब्बपेतानं पापुणातू’ति, अपि नु तस्स विपाको पुब्बपेतानं पापुणाती”ति? ",
"mil6.3.4:3.3":	"“न हि, महाराजा”ति। ",
"mil6.3.4:4.1":	"“भन्ते नागसेन, को तत्थ हेतु किङ्कारणं, येन कुसलं पापुणाति अकुसलं न पापुणाती”ति? ",
"mil6.3.4:4.2":	"“नेसो, महाराज, पञ्हो पुच्छितब्बो, मा च त्वं, महाराज, ‘विसज्जको अत्थी’ति अपुच्छितब्बं पुच्छि, ‘किस्स आकासो निरालम्बो, किस्स गङ्गा उद्धम्मुखा न सन्दति, किस्स इमे मनुस्सा च दिजा च द्विपदा मिगा चतुप्पदा’ति तम्पि मं त्वं पुच्छिस्ससी”ति। ",
"mil6.3.4:4.3":	"“नाहं तं, भन्ते नागसेन, विहेसापेक्खो पुच्छामि, अपि च निब्बाहनत्थाय सन्देहस्स पुच्छामि, बहू मनुस्सा लोके वामगामिनो विचक्खुका, ‘किन्ति ते ओतारं न लभेय्युन्’ति एवाहं तं पुच्छामी”ति। ",
"mil6.3.4:4.4":	"“न सक्का, महाराज, सह अकतेन अननुमतेन सह पापं कम्मं संविभजितुं। ",
"mil6.3.4:5.1":	"यथा, महाराज, मनुस्सा उदकनिब्बाहनेन उदकं सुविदूरम्पि हरन्ति, अपि नु, महाराज, सक्का घनमहासेलपब्बतो निब्बाहनेन यथिच्छितं हरितुन्”ति? ",
"mil6.3.4:5.2":	"“न हि, भन्ते”ति। ",
"mil6.3.4:5.3":	"“एवमेव खो, महाराज, सक्का कुसलं संविभजितुं, न सक्का अकुसलं संविभजितुं। ",
"mil6.3.4:5.4":	"यथा वा पन, महाराज, सक्का तेलेन पदीपो जालेतुं, अपि नु, महाराज, सक्का उदकेन पदीपो जालेतुन्”ति? ",
"mil6.3.4:5.5":	"“न हि, भन्ते”ति। ",
"mil6.3.4:5.6":	"“एवमेव खो, महाराज, सक्का कुसलं संविभजितुं, न सक्का अकुसलं संविभजितुं। ",
"mil6.3.4:5.7":	"यथा वा पन, महाराज, कस्सका तळाकतो उदकं नीहरित्वा धञ्ञं परिपाचेन्ति, अपि नु खो, महाराज, सक्का महासमुद्दतो उदकं नीहरित्वा धञ्ञं परिपाचेतुन्”ति? ",
"mil6.3.4:5.8":	"“न हि, भन्ते”ति। ",
"mil6.3.4:5.9":	"“एवमेव खो, महाराज, सक्का कुसलं संविभजितुं, न सक्का अकुसलं संविभजितुन्”ति। ",
"mil6.3.4:6.1":	"“भन्ते नागसेन, केन कारणेन सक्का कुसलं संविभजितुं, न सक्का अकुसलं संविभजितुं? ",
"mil6.3.4:6.2":	"कारणेन मं सञ्ञापेहि, नाहं अन्धो अनालोको सुत्वा वेदिस्सामी”ति। ",
"mil6.3.4:6.3":	"“अकुसलं, महाराज, थोकं, कुसलं बहुकं, थोकत्ता अकुसलं कत्तारंयेव परियादियति, बहुकत्ता कुसलं सदेवकं लोकं अज्झोत्थरती”ति। ",
"mil6.3.4:7.1":	"“ओपम्मं करोही”ति। ",
"mil6.3.4:7.2":	"“यथा, महाराज, परित्तं एकं उदकबिन्दु पथवियं निपतेय्य, अपि नु खो तं, महाराज, उदकबिन्दु दसपि द्वादसपि योजनानि अज्झोत्थरेय्या”ति? ",
"mil6.3.4:7.3":	"“न हि, भन्ते, यत्थ तं उदकबिन्दु निपतितं, तत्थेव परियादियती”ति। ",
"mil6.3.4:7.4":	"“केन कारणेन, महाराजा”ति? ",
"mil6.3.4:7.5":	"“परित्तत्ता, भन्ते, उदकबिन्दुस्सा”ति। ",
"mil6.3.4:7.6":	"“एवमेव खो, महाराज, परित्तं अकुसलं परित्तत्ता कत्तारंयेव परियादियति, न सक्का संविभजितुं। ",
"mil6.3.4:8.1":	"यथा वा पन, महाराज, महतिमहामेघो अभिवस्सेय्य तप्पयन्तो धरणितलं, अपि नु खो सो, महाराज, महामेघो समन्ततो ओत्थरेय्या”ति? ",
"mil6.3.4:8.2":	"“आम, भन्ते, पूरयित्वा सो महामेघो सोब्भसरसरितसाखाकन्दरपदरदहतळाकौदपानपोक्खरणियो दसपि द्वादसपि योजनानि अज्झोत्थरेय्या”ति। ",
"mil6.3.4:8.3":	"“केन कारणेन, महाराजा”ति? ",
"mil6.3.4:8.4":	"“महन्तत्ता, भन्ते, मेघस्सा”ति। ",
"mil6.3.4:8.5":	"“एवमेव खो, महाराज, कुसलं बहुकं, बहुकत्ता सक्का देवमनुस्सेहिपि संविभजितुन्”ति। ",
"mil6.3.4:9.1":	"“भन्ते नागसेन, केन कारणेन अकुसलं थोकं कुसलं बहुतरन्”ति? ",
"mil6.3.4:9.2":	"“इध, महाराज, यो कोचि दानं देति, सीलं समादियति, उपोसथकम्मं करोति, सो हट्ठो पहट्ठो हसितो पमुदितो पसन्नमानसो वेदजातो होति, तस्स अपरापरं पीति उप्पज्जति, पीतिमनस्स भिय्यो भिय्यो कुसलं पवड्ढति। ",
"mil6.3.4:10.1":	"यथा, महाराज, उदपाने बहुसलिलसम्पुण्णे एकेन देसेन उदकं पविसेय्य, एकेन निक्खमेय्य, निक्खमन्तेपि अपरापरं उप्पज्जति, न सक्का होति खयं पापेतुं; ",
"mil6.3.4:10.2":	"एवमेव खो, महाराज, कुसलं भिय्यो भिय्यो पवड्ढति। ",
"mil6.3.4:10.3":	"वस्ससतेपि चे, महाराज, पुरिसो कतं कुसलं आवज्जेय्य, आवज्जिते आवज्जिते भिय्यो भिय्यो कुसलं पवड्ढति। ",
"mil6.3.4:10.4":	"तस्स तं कुसलं सक्का होति यथिच्छकेहि सद्धिं संविभजितुं, इदमेत्थ, महाराज, कारणं, येन कारणेन कुसलं बहुतरं। ",
"mil6.3.4:11.1":	"अकुसलं पन, महाराज, करोन्तो पच्छा विप्पटिसारी होति, विप्पटिसारिनो चित्तं पटिलीयति पटिकुटति पटिवत्तति न सम्पसारीयति सोचति तप्पति हायति खीयति न परिवड्ढति तत्थेव परियादियति। ",
"mil6.3.4:11.2":	"यथा, महाराज, सुक्खाय नदिया महापुळिनाय उन्नतावनताय कुटिलसङ्कुटिलाय उपरितो परित्तं उदकं आगच्छन्तं हायति खीयति न परिवड्ढति तत्थेव परियादियति। ",
"mil6.3.4:11.3":	"एवमेव खो, महाराज, अकुसलं करोन्तस्स चित्तं पटिलीयति पटिकुटति पटिवत्तति न सम्पसारीयति सोचति तप्पति हायति खीयति न परिवड्ढति तत्थेव परियादियति, इदमेत्थ, महाराज, कारणं, येन कारणेन अकुसलं थोकन्”ति। ",
"mil6.3.4:11.4":	"“साधु, भन्ते नागसेन, एवमेतं तथा सम्पटिच्छामी”ति। ",
"mil6.3.4:12.1":	"पुब्बपेतादिसपञ्हो चतुत्थो। "
}	
