{	
"mil6.1.4:0.1":	"मिलिन्दपञ्ह ",
"mil6.1.4:0.2":	"अनुमानपञ्ह ",
"mil6.1.4:0.3":	"बुद्धवग्ग ",
"mil6.1.4:0.4":	"४। पटिपदादोसपञ्ह ",
"mil6.1.4:1.1":	"“भन्ते नागसेन, यदा बोधिसत्तो दुक्करकारिकं अकासि, नेतादिसो अञ्ञत्र आरम्भो अहोसि निक्कमो किलेसयुद्धं मच्चुसेनं विधमनं आहारपरिग्गहो दुक्करकारिका, एवरूपे परक्कमे किञ्चि अस्सादं अलभित्वा तमेव चित्तं परिहापेत्वा एवमवोच ‘न खो पनाहं इमाय कटुकाय दुक्करकारिकाय अधिगच्छामि उत्तरि मनुस्सधम्मं अलमरियञाणदस्सनविसेसं, सिया नु खो अञ्ञो मग्गो बोधाया’ति, ततो निब्बिन्दित्वा अञ्ञेन मग्गेन सब्बञ्ञुतं पत्तो, पुन ताय पटिपदाय सावके अनुसासति समादपेति। ",
"mil6.1.4:2.1":	"‘आरम्भथ निक्खमथ, ",
"mil6.1.4:2.2":	"युञ्जथ बुद्धसासने; ",
"mil6.1.4:2.3":	"धुनाथ मच्चुनो सेनं, ",
"mil6.1.4:2.4":	"नळागारंव कुञ्जरो’ति। ",
"mil6.1.4:3.1":	"केन नु खो, भन्ते नागसेन, कारणेन तथागतो याय पटिपदाय अत्तना निब्बिन्नो विरत्तरूपो, तत्थ सावके अनुसासति समादपेती”ति? ",
"mil6.1.4:4.1":	"“तदापि, महाराज, एतरहिपि सायेव पटिपदा, तंयेव पटिपदं पटिपज्जित्वा बोधिसत्तो सब्बञ्ञुतं पत्तो। ",
"mil6.1.4:4.2":	"अपि च, महाराज, बोधिसत्तो अतिवीरियं करोन्तो निरवसेसतो आहारं उपरुन्धि। ",
"mil6.1.4:4.3":	"तस्स आहारूपरोधेन चित्तदुब्बल्यं उप्पज्जि। ",
"mil6.1.4:4.4":	"सो तेन दुब्बल्येन नासक्खि सब्बञ्ञुतं पापुणितुं, सो मत्तमत्तं कबळीकाराहारं सेवन्तो तायेव पटिपदाय नचिरस्सेव सब्बञ्ञुतं पापुणि। ",
"mil6.1.4:4.5":	"सायेव, महाराज, पटिपदा सब्बेसं तथागतानं सब्बञ्ञुतञाणप्पटिलाभाय। ",
"mil6.1.4:5.1":	"यथा, महाराज, सब्बेसं सत्तानं आहारो उपत्थम्भो, आहारूपनिस्सिता सब्बे सत्ता सुखं अनुभवन्ति; ",
"mil6.1.4:5.2":	"एवमेव खो, महाराज, सायेव पटिपदा सब्बेसं तथागतानं सब्बञ्ञुतञाणप्पटिलाभाय, नेसो, महाराज, दोसो आरम्भस्स, न निक्कमस्स, न किलेसयुद्धस्स, येन तथागतो तस्मिं समये न पापुणि सब्बञ्ञुतञाणं, अथ खो आहारूपरोधस्सेवेसो दोसो, सदा पटियत्ता येवेसा पटिपदा। ",
"mil6.1.4:6.1":	"यथा, महाराज, पुरिसो अद्धानं अतिवेगेन गच्छेय्य, तेन सो पक्खहतो वा भवेय्य पीठसप्पी वा असञ्चरो पथवितले। ",
"mil6.1.4:6.2":	"अपि नु खो, महाराज, महापथविया दोसो अत्थि, येन सो पुरिसो पक्खहतो अहोसी”ति? ",
"mil6.1.4:6.3":	"“न हि, भन्ते; ",
"mil6.1.4:6.4":	"सदा पटियत्ता, भन्ते, महापथवी, कुतो तस्सा दोसो? ",
"mil6.1.4:6.5":	"वायामस्सेवेसो दोसो, येन सो पुरिसो पक्खहतो अहोसी”ति। ",
"mil6.1.4:6.6":	"“एवमेव खो, महाराज, नेसो दोसो आरम्भस्स, न निक्कमस्स, न किलेसयुद्धस्स, येन तथागतो तस्मिं समये न पापुणि सब्बञ्ञुतञाणं, अथ खो आहारूपरोधस्सेवेसो दोसो सदा पटियत्ता येवेसा पटिपदा। ",
"mil6.1.4:7.1":	"यथा वा पन, महाराज, पुरिसो किलिट्ठं साटकं निवासेय्य, न सो तं धोवापेय्य, नेसो दोसो उदकस्स, सदा पटियत्तं उदकं। ",
"mil6.1.4:7.2":	"पुरिसस्सेवेसो दोसो। ",
"mil6.1.4:7.3":	"एवमेव खो, महाराज, नेसो दोसो आरम्भस्स, न निक्कमस्स, न किलेसयुद्धस्स, येन तथागतो तस्मिं समये न पापुणि सब्बञ्ञुतञाणं, अथ खो आहारूपरोधस्सेवेसो दोसो, सदा पटियत्ता येवेसा पटिपदा, तस्मा तथागतो तायेव पटिपदाय सावके अनुसासति समादपेति, एवं खो, महाराज, सदा पटियत्ता अनवज्जा सा पटिपदा”ति। ",
"mil6.1.4:7.4":	"“साधु, भन्ते नागसेन, एवमेतं तथा सम्पटिच्छामी”ति। ",
"mil6.1.4:8.1":	"पटिपदादोसपञ्हो चतुत्थो। "
}	
