{	
"mil6.1.1:0.1":	"मिलिन्दपञ्ह ",
"mil6.1.1:0.2":	"अनुमानपञ्ह ",
"mil6.1.1:0.3":	"बुद्धवग्ग ",
"mil6.1.1:0.4":	"१ द्विन्नंबुद्धानंअनुप्पज्जमानपञ्ह ",
"mil6.1.1:1.1":	"“भन्ते नागसेन, भासितम्पेतं भगवता—",
"mil6.1.1:1.2":	"‘अट्ठानमेतं, भिक्खवे, अनवकासो, यं एकिस्सा लोकधातुया द्वे अरहन्तो सम्मासम्बुद्धा अपुब्बं अचरिमं उप्पज्जेय्युं, नेतं ठानं विज्जती’ति। ",
"mil6.1.1:1.3":	"देसेन्ता च, भन्ते नागसेन, सब्बेपि तथागता सत्ततिंस बोधिपक्खियधम्मे देसेन्ति, कथयमाना च चत्तारि अरियसच्चानि कथेन्ति, सिक्खापेन्ता च तीसु सिक्खासु सिक्खापेन्ति, अनुसासमाना च अप्पमादप्पटिपत्तियं अनुसासन्ति। ",
"mil6.1.1:1.4":	"यदि, भन्ते नागसेन, सब्बेसम्पि तथागतानं एका देसना एका कथा एका सिक्खा एका अनुसिट्ठि, केन कारणेन द्वे तथागता एकक्खणे नुप्पज्जन्ति? ",
"mil6.1.1:1.5":	"एकेनपि ताव बुद्धुप्पादेन अयं लोको ओभासजातो, यदि दुतियो बुद्धो भवेय्य, द्विन्नं पभाय अयं लोको भिय्योसो मत्ताय ओभासजातो भवेय्य, ओवदमाना च द्वे तथागता सुखं ओवदेय्युं, अनुसासमाना च सुखं अनुसासेय्युं, तत्थ मे कारणं ब्रूहि, यथाहं निस्संसयो भवेय्यन्”ति। ",
"mil6.1.1:2.1":	"“अयं, महाराज, दससहस्सी लोकधातु एकबुद्धधारणी, एकस्सेव तथागतस्स गुणं धारेति, यदि दुतियो बुद्धो उप्पज्जेय्य, नायं दससहस्सी लोकधातु धारेय्य, चलेय्य कम्पेय्य नमेय्य ओनमेय्य विनमेय्य विकिरेय्य विधमेय्य विद्धंसेय्य, न ठानमुपगच्छेय्य। ",
"mil6.1.1:3.1":	"यथा, महाराज, नावा एकपुरिससन्धारणी भवेय्य, एकस्मिं पुरिसे अभिरूळ्हे सा नावा समुपादिका भवेय्य। ",
"mil6.1.1:3.2":	"अथ दुतियो पुरिसो आगच्छेय्य तादिसो आयुना वण्णेन वयेन पमाणेन किसथूलेन सब्बङ्गपच्चङ्गेन, सो तं नावं अभिरूहेय्य, अपि नु सा, महाराज, नावा द्विन्नम्पि धारेय्या”ति? ",
"mil6.1.1:3.3":	"“न हि, भन्ते, चलेय्य कम्पेय्य नमेय्य ओनमेय्य विनमेय्य विकिरेय्य विधमेय्य विद्धंसेय्य, न ठानमुपगच्छेय्य, ओसीदेय्य उदके”ति। ",
"mil6.1.1:3.4":	"“एवमेव खो, महाराज, अयं दससहस्सी लोकधातु एकबुद्धधारणी, एकस्सेव तथागतस्स गुणं धारेति, यदि दुतियो बुद्धो उप्पज्जेय्य, नायं दससहस्सी लोकधातु धारेय्य, चलेय्य कम्पेय्य नमेय्य ओनमेय्य विनमेय्य विकिरेय्य विधमेय्य विद्धंसेय्य, न ठानमुपगच्छेय्य। ",
"mil6.1.1:4.1":	"यथा वा पन, महाराज, पुरिसो यावदत्थं भोजनं भुञ्जेय्य छादेन्तं याव कण्ठमभिपूरयित्वा, सो धातो पीणितो परिपुण्णो निरन्तरो तन्दिकतो अनोनमितदण्डजातो पुनदेव तत्तकं भोजनं भुञ्जेय्य, अपि नु खो सो, महाराज, पुरिसो सुखितो भवेय्या”ति? ",
"mil6.1.1:4.2":	"“न हि, भन्ते, सकिं भुत्तोव मरेय्या”ति। ",
"mil6.1.1:4.3":	"“एवमेव खो, महाराज, अयं दससहस्सी लोकधातु एकबुद्धधारणी, एकस्सेव तथागतस्स गुणं धारेति, यदि दुतियो बुद्धो उप्पज्जेय्य, नायं दससहस्सी लोकधातु धारेय्य, चलेय्य कम्पेय्य नमेय्य ओनमेय्य विनमेय्य विकिरेय्य विधमेय्य विद्धंसेय्य, न ठानमुपगच्छेय्या”ति। ",
"mil6.1.1:5.1":	"“किं नु खो, भन्ते नागसेन, अतिधम्मभारेन पथवी चलती”ति? ",
"mil6.1.1:5.2":	"“इध, महाराज, द्वे सकटा रतनपरिपूरिता भवेय्युं याव मुखसमा, एकस्मा सकटतो रतनं गहेत्वा एकस्मिं सकटे आकिरेय्युं, अपि नु खो तं, महाराज, सकटं द्विन्नम्पि सकटानं रतनं धारेय्या”ति? ",
"mil6.1.1:5.3":	"“न हि, भन्ते, नाभिपि तस्स फलेय्य, अरापि तस्स भिज्जेय्युं, नेमिपि तस्स ओपतेय्य, अक्खोपि तस्स भिज्जेय्या”ति। ",
"mil6.1.1:5.4":	"“किं नु खो, महाराज, अतिरतनभारेन सकटं भिज्जती”ति? ",
"mil6.1.1:5.5":	"“आम, भन्ते”ति। ",
"mil6.1.1:5.6":	"“एवमेव खो, महाराज, अतिधम्मभारेन पथवी चलति। ",
"mil6.1.1:6.1":	"अपि च, महाराज, इमं कारणं बुद्धबलपरिदीपनाय ओसारितं। ",
"mil6.1.1:6.2":	"अञ्ञम्पि तत्थ अभिरूपं कारणं सुणोहि, येन कारणेन द्वे सम्मासम्बुद्धा एकक्खणे नुप्पज्जन्ति। ",
"mil6.1.1:6.3":	"यदि, महाराज, द्वे सम्मासम्बुद्धा एकक्खणे उप्पज्जेय्युं, तेसं परिसाय विवादो उप्पज्जेय्य ‘तुम्हाकं बुद्धो, अम्हाकं बुद्धो’ति, उभतो पक्खजाता भवेय्युं, यथा, महाराज, द्विन्नं बलवामच्चानं परिसाय विवादो उप्पज्जेय्य ‘तुम्हाकं अमच्चो, अम्हाकं अमच्चो’ति, उभतो पक्खजाता होन्ति; ",
"mil6.1.1:6.4":	"एवमेव खो, महाराज, यदि द्वे सम्मासम्बुद्धा एकक्खणे उप्पज्जेय्युं, तेसं परिसाय विवादो उप्पज्जेय्य ‘तुम्हाकं बुद्धो, अम्हाकं बुद्धो’ति, उभतो पक्खजाता भवेय्युं। ",
"mil6.1.1:6.5":	"इदं ताव, महाराज, एकं कारणं, येन कारणेन द्वे सम्मासम्बुद्धा एकक्खणे नुप्पज्जन्ति। ",
"mil6.1.1:7.1":	"अपरम्पि, महाराज, उत्तरिं कारणं सुणोहि, येन कारणेन द्वे सम्मासम्बुद्धा एकक्खणे नुप्पज्जन्ति। ",
"mil6.1.1:7.2":	"यदि, महाराज, द्वे सम्मासम्बुद्धा एकक्खणे उप्पज्जेय्युं, ‘अग्गो बुद्धो’ति यं वचनं, तं मिच्छा भवेय्य, ‘जेट्ठो बुद्धो’ति यं वचनं, तं मिच्छा भवेय्य, ‘सेट्ठो बुद्धो’ति, ‘विसिट्ठो बुद्धो’ति, ‘उत्तमो बुद्धो’ति, ‘पवरो बुद्धो’ति, ‘असमो बुद्धो’ति, ‘असमसमो बुद्धो’ति, ‘अप्पटिमो बुद्धो’ति, ‘अप्पटिभागो बुद्धो’ति, ‘अप्पटिपुग्गलो बुद्धो’ति यं वचनं, तं मिच्छा भवेय्य। ",
"mil6.1.1:7.3":	"इदम्पि खो त्वं, महाराज, कारणं अत्थतो सम्पटिच्छ, येन कारणेन द्वे सम्मासम्बुद्धा एकक्खणे नुप्पज्जन्ति। ",
"mil6.1.1:8.1":	"अपि च खो, महाराज, बुद्धानं भगवन्तानं सभावपकति एसायं, एकोयेव बुद्धो लोके उप्पज्जति। ",
"mil6.1.1:8.2":	"कस्मा कारणा? ",
"mil6.1.1:8.3":	"महन्तताय सब्बञ्ञुबुद्धगुणानं। ",
"mil6.1.1:8.4":	"अञ्ञम्पि, महाराज, यं लोके महन्तं, तं एकंयेव होति। ",
"mil6.1.1:8.5":	"पथवी, महाराज, महन्ती, सा एका येव। ",
"mil6.1.1:8.6":	"सागरो महन्तो, सो एकोयेव। ",
"mil6.1.1:8.7":	"सिनेरु गिरिराजा महन्तो, सो एकोयेव। ",
"mil6.1.1:8.8":	"आकासो महन्तो, सो एकोयेव। ",
"mil6.1.1:8.9":	"सक्को महन्तो, सो एकोयेव। ",
"mil6.1.1:8.10":	"मारो महन्तो, सो एकोयेव। ",
"mil6.1.1:8.11":	"महाब्रह्मा महन्तो, सो एकोयेव। ",
"mil6.1.1:8.12":	"तथागतो अरहं सम्मासम्बुद्धो महन्तो, सो एको येव लोकस्मिं। ",
"mil6.1.1:8.13":	"यत्थ ते उप्पज्जन्ति, तत्थ अञ्ञस्स ओकासो न होति, तस्मा, महाराज, तथागतो अरहं सम्मासम्बुद्धो एकोयेव लोकस्मिं उप्पज्जती”ति। ",
"mil6.1.1:9.1":	"“सुकथितो, भन्ते नागसेन, पञ्हो ओपम्मेहि कारणेहि। ",
"mil6.1.1:9.2":	"अनिपुणोपेतं सुत्वा अत्तमनो भवेय्य, किं पन मादिसो महापञ्ञो। ",
"mil6.1.1:9.3":	"साधु, भन्ते नागसेन, एवमेतं तथा सम्पटिच्छामी”ति। ",
"mil6.1.1:10.1":	"द्विन्नं बुद्धानं अनुप्पज्जमानपञ्हो पठमो। "
}	
