{	
"mil6.2.7:0.1":	"मिलिन्दपञ्ह ",
"mil6.2.7:0.2":	"अनुमानपञ्ह ",
"mil6.2.7:0.3":	"निप्पपञ्चवग्ग ",
"mil6.2.7:0.4":	"७। यक्खपञ्ह ",
"mil6.2.7:1.1":	"“भन्ते नागसेन, अत्थि लोके यक्खा नामा”ति? ",
"mil6.2.7:1.2":	"“आम, महाराज, अत्थि लोके यक्खा नामा”ति। ",
"mil6.2.7:1.3":	"“चवन्ति पन ते, भन्ते, यक्खा तम्हा योनिया”ति? ",
"mil6.2.7:1.4":	"“आम, महाराज, चवन्ति ते यक्खा तम्हा योनिया”ति। ",
"mil6.2.7:1.5":	"“किस्स पन, भन्ते नागसेन, तेसं मतानं यक्खानं सरीरं न दिस्सति, कुणपगन्धोपि न वायती”ति? ",
"mil6.2.7:1.6":	"“दिस्सति, महाराज, मतानं यक्खानं सरीरं, कुणपगन्धोपि तेसं वायति, मतानं, महाराज, यक्खानं सरीरं कीटवण्णेन वा दिस्सति, किमिवण्णेन वा दिस्सति, किपिल्लिकवण्णेन वा दिस्सति, पटङ्गवण्णेन वा दिस्सति, अहिवण्णेन वा दिस्सति, विच्छिकवण्णेन वा दिस्सति, सतपदिवण्णेन वा दिस्सति, दिजवण्णेन वा दिस्सति, मिगवण्णेन वा दिस्सती”ति। ",
"mil6.2.7:1.7":	"“को हि, भन्ते नागसेन, अञ्ञो इदं पञ्हं पुट्ठो विसज्जेय्य अञ्ञत्र तवादिसेन बुद्धिमता”ति। ",
"mil6.2.7:2.1":	"यक्खपञ्हो सत्तमो। "
}	
