{	
"mil6.3.7:0.1":	"मिलिन्दपञ्ह ",
"mil6.3.7:0.2":	"अनुमानपञ्ह ",
"mil6.3.7:0.3":	"वेस्सन्तरवग्ग ",
"mil6.3.7:0.4":	"७। चेतियपाटिहारियपञ्ह ",
"mil6.3.7:1.1":	"“भन्ते नागसेन, सब्बेसं परिनिब्बुतानं चेतिये पाटिहीरं होति, उदाहु एकच्चानंयेव होती”ति? ",
"mil6.3.7:1.2":	"“एकच्चानं, महाराज, होति, एकच्चानं न होती”ति। ",
"mil6.3.7:1.3":	"“कतमेसं, भन्ते, होति, कतमेसं न होती”ति? ",
"mil6.3.7:1.4":	"“तिण्णन्नं, महाराज, अञ्ञतरस्स अधिट्ठाना परिनिब्बुतस्स चेतिये पाटिहीरं होति। ",
"mil6.3.7:1.5":	"कतमेसं तिण्णन्नं? ",
"mil6.3.7:1.6":	"इध, महाराज, अरहा देवमनुस्सानं अनुकम्पाय तिट्ठन्तोव अधिट्ठाति ‘एवंनाम चेतिये पाटिहीरं होतू’ति, तस्स अधिट्ठानवसेन चेतिये पाटिहीरं होति, एवं अरहतो अधिट्ठानवसेन परिनिब्बुतस्स चेतिये पाटिहीरं होति। ",
"mil6.3.7:2.1":	"पुन चपरं, महाराज, देवता मनुस्सानं अनुकम्पाय परिनिब्बुतस्स चेतिये पाटिहीरं दस्सेन्ति ‘इमिना पाटिहीरेन सद्धम्मो निच्चसम्पग्गहितो भविस्सति, मनुस्सा च पसन्ना कुसलेन अभिवड्ढिस्सन्ती’ति, एवं देवतानं अधिट्ठानवसेन परिनिब्बुतस्स चेतिये पाटिहीरं होति। ",
"mil6.3.7:3.1":	"पुन चपरं, महाराज, इत्थी वा पुरिसो वा सद्धो पसन्नो पण्डितो ब्यत्तो मेधावी बुद्धिसम्पन्नो योनिसो चिन्तयित्वा गन्धं वा मालं वा दुस्सं वा अञ्ञतरं वा किञ्चि अधिट्ठहित्वा चेतिये उक्खिपति ‘एवंनाम होतू’ति, तस्सपि अधिट्ठानवसेन परिनिब्बुतस्स चेतिये पाटिहीरं होति, एवं मनुस्सानं अधिट्ठानवसेन परिनिब्बुतस्स चेतिये पाटिहीरं होति। ",
"mil6.3.7:4.1":	"इमेसं खो, महाराज, तिण्णन्नं अञ्ञतरस्स अधिट्ठानवसेन परिनिब्बुतस्स चेतिये पाटिहीरं होति। ",
"mil6.3.7:5.1":	"यदि, महाराज, तेसं अधिट्ठानं न होति, खीणासवस्सपि छळभिञ्ञस्स चेतोवसिप्पत्तस्स चेतिये पाटिहीरं न होति, असतिपि, महाराज, पाटिहीरे चरितं दिस्वा सुपरिसुद्धं ओकप्पेतब्बं निट्ठं गन्तब्बं सद्दहितब्बं ‘सुपरिनिब्बुतो अयं बुद्धपुत्तो’”ति। ",
"mil6.3.7:5.2":	"“साधु, भन्ते नागसेन, एवमेतं तथा सम्पटिच्छामी”ति। ",
"mil6.3.7:6.1":	"चेतियपाटिहारियपञ्हो सत्तमो। "
}	
