{	
"mil6.2.9:0.1":	"मिलिन्दपञ्ह ",
"mil6.2.9:0.2":	"अनुमानपञ्ह ",
"mil6.2.9:0.3":	"निप्पपञ्चवग्ग ",
"mil6.2.9:0.4":	"९। सूरियतपनपञ्ह ",
"mil6.2.9:1.1":	"“भन्ते नागसेन, अयं सूरियो सब्बकालं कठिनं तपति, उदाहु किञ्चिकालं मन्दं तपती”ति? ",
"mil6.2.9:1.2":	"“सब्बकालं, महाराज, सूरियो कठिनं तपति, न किञ्चिकालं मन्दं तपती”ति। ",
"mil6.2.9:1.3":	"“यदि, भन्ते नागसेन, सूरियो सब्बकालं कठिनं तपति, किस्स पन अप्पेकदा सूरियो कठिनं तपति, अप्पेकदा मन्दं तपती”ति? ",
"mil6.2.9:1.4":	"“चत्तारोमे, महाराज, सूरियस्स रोगा, येसं अञ्ञतरेन रोगेन पटिपीळितो सूरियो मन्दं तपति। ",
"mil6.2.9:1.5":	"कतमे चत्तारो? ",
"mil6.2.9:1.6":	"अब्भं, महाराज, सूरियस्स रोगो, तेन रोगेन पटिपीळितो सूरियो मन्दं तपति। ",
"mil6.2.9:1.7":	"महिका, महाराज, सूरियस्स रोगो, तेन रोगेन पटिपीळितो सूरियो मन्दं तपति। ",
"mil6.2.9:1.8":	"मेघो, महाराज, सूरियस्स रोगो, तेन रोगेन पटिपीळितो सूरियो मन्दं तपति। ",
"mil6.2.9:1.9":	"राहु, महाराज, सूरियस्स रोगो, तेन रोगेन पटिपीळितो सूरियो मन्दं तपति। ",
"mil6.2.9:1.10":	"इमे खो, महाराज, चत्तारो सूरियस्स रोगा, येसं अञ्ञतरेन रोगेन पटिपीळितो सूरियो मन्दं तपती”ति। ",
"mil6.2.9:1.11":	"“अच्छरियं, भन्ते नागसेन, अब्भुतं, भन्ते नागसेन, सूरियस्सपि ताव तेजोसम्पन्नस्स रोगो उप्पज्जिस्सति, किमङ्गं पन अञ्ञेसं सत्तानं, नत्थि, भन्ते, एसा विभत्ति अञ्ञस्स अञ्ञत्र तवादिसेन बुद्धिमता”ति। ",
"mil6.2.9:2.1":	"सूरियतपनपञ्हो नवमो। "
}	
