{	
"mil6.1.6:0.1":	"मिलिन्दपञ्ह ",
"mil6.1.6:0.2":	"अनुमानपञ्ह ",
"mil6.1.6:0.3":	"बुद्धवग्ग ",
"mil6.1.6:0.4":	"६। अरहन्तवेदनावेदियनपञ्ह ",
"mil6.1.6:1.1":	"“भन्ते नागसेन, तुम्हे भणथ—",
"mil6.1.6:1.2":	"‘अरहा एकं वेदनं वेदयति कायिकं, न चेतसिकन्’ति। ",
"mil6.1.6:1.3":	"किं नु खो, भन्ते नागसेन, अरहतो चित्तं यं कायं निस्साय पवत्तति, तत्थ अरहा अनिस्सरो अस्सामी अवसवत्ती”ति? ",
"mil6.1.6:1.4":	"“आम, महाराजा”ति। ",
"mil6.1.6:1.5":	"“न खो, भन्ते नागसेन, युत्तमेतं, यं सो सकचित्तस्स पवत्तमाने काये अनिस्सरो होति अस्सामी अवसवत्ती; ",
"mil6.1.6:1.6":	"सकुणोपि ताव, भन्ते, यस्मिं कुलावके पटिवसति, तत्थ सो इस्सरो होति सामी वसवत्ती”ति। ",
"mil6.1.6:2.1":	"“दसयिमे, महाराज, कायानुगता धम्मा भवे भवे कायं अनुधावन्ति अनुपरिवत्तन्ति। ",
"mil6.1.6:2.2":	"कतमे दस? ",
"mil6.1.6:2.3":	"सीतं उण्हं जिघच्छा पिपासा उच्चारो पस्सावो मिद्धं जरा ब्याधि मरणं। ",
"mil6.1.6:2.4":	"इमे खो, महाराज, दस कायानुगता धम्मा भवे भवे कायं अनुधावन्ति अनुपरिवत्तन्ति, तत्थ अरहा अनिस्सरो अस्सामी अवसवत्ती”ति। ",
"mil6.1.6:3.1":	"“भन्ते नागसेन, केन कारणेन अरहतो काये आणा नप्पवत्तति इस्सरियं वा, तत्थ मे कारणं ब्रूही”ति? ",
"mil6.1.6:3.2":	"“यथा, महाराज, ये केचि पथविनिस्सिता सत्ता, सब्बे ते पथविं निस्साय चरन्ति विहरन्ति वुत्तिं कप्पेन्ति, अपि नु खो, महाराज, तेसं पथविया आणा पवत्तति इस्सरियं वा”ति? ",
"mil6.1.6:3.3":	"“न हि, भन्ते”ति। ",
"mil6.1.6:3.4":	"“एवमेव खो, महाराज, अरहतो चित्तं कायं निस्साय पवत्तति, न च अरहतो काये आणा पवत्तति इस्सरियं वा”ति। ",
"mil6.1.6:4.1":	"“भन्ते नागसेन, केन कारणेन पुथुज्जनो कायिकम्पि चेतसिकम्पि वेदनं वेदयती”ति? ",
"mil6.1.6:4.2":	"“अभावितत्ता, महाराज, चित्तस्स पुथुज्जनो कायिकम्पि चेतसिकम्पि वेदनं वेदयति। ",
"mil6.1.6:4.3":	"यथा, महाराज, गोणो छातो परितसितो अबलदुब्बलपरित्तकतिणेसु वा लताय वा उपनिबद्धो अस्स, यदा सो गोणो परिकुपितो होति, तदा सह उपनिबन्धनेन पक्कमति। ",
"mil6.1.6:4.4":	"एवमेव खो, महाराज, अभावितचित्तस्स वेदना उप्पज्जित्वा चित्तं परिकोपेति, चित्तं परिकुपितं कायं आभुजति निब्भुजति सम्परिवत्तकं करोति। ",
"mil6.1.6:4.5":	"अथ खो सो अभावितचित्तो तसति रवति भेरवरावमभिरवति, इदमेत्थ, महाराज, कारणं, येन कारणेन पुथुज्जनो कायिकम्पि चेतसिकम्पि वेदनं वेदयती”ति। ",
"mil6.1.6:5.1":	"“किं पन तं कारणं, येन कारणेन अरहा एकं वेदनं वेदयति कायिकं, न चेतसिकन्”ति? ",
"mil6.1.6:5.2":	"“अरहतो, महाराज, चित्तं भावितं होति सुभावितं दन्तं सुदन्तं अस्सवं वचनकरं, सो दुक्खाय वेदनाय फुट्ठो समानो ‘अनिच्चन्’ति दळ्हं गण्हाति, समाधिथम्भे चित्तं उपनिबन्धति, तस्स तं चित्तं समाधिथम्भे उपनिबन्धनं न वेधति न चलति, ठितं होति अविक्खित्तं, तस्स वेदनाविकारविप्फारेन कायो आभुजति निब्भुजति सम्परिवत्तति, इदमेत्थ, महाराज, कारणं, येन कारणेन अरहा एकं वेदनं वेदयति कायिकं, न चेतसिकन्”ति। ",
"mil6.1.6:6.1":	"“भन्ते नागसेन, तं नाम लोके अच्छरियं यं काये चलमाने चित्तं न चलति, तत्थ मे कारणं ब्रूही”ति। ",
"mil6.1.6:6.2":	"“यथा, महाराज, महतिमहारुक्खे खन्धसाखापलाससम्पन्ने अनिलबलसमाहते साखा चलति, अपि नु तस्स खन्धोपि चलती”ति? ",
"mil6.1.6:6.3":	"“न हि, भन्ते”ति। ",
"mil6.1.6:6.4":	"“एवमेव खो, महाराज, अरहा दुक्खाय वेदनाय फुट्ठो समानो ‘अनिच्चन्’ति दळ्हं गण्हाति, समाधिथम्भे चित्तं उपनिबन्धति, तस्स तं चित्तं समाधिथम्भे उपनिबन्धनं न वेधति न चलति, ठितं होति अविक्खित्तं, तस्स वेदनाविकारविप्फारेन कायो आभुजति निब्भुजति सम्परिवत्तति, चित्तं पन तस्स न वेधति न चलति खन्धो विय महारुक्खस्सा”ति। ",
"mil6.1.6:6.5":	"“अच्छरियं, भन्ते नागसेन, अब्भुतं, भन्ते नागसेन, न मे एवरूपो सब्बकालिको धम्मपदीपो दिट्ठपुब्बो”ति। ",
"mil6.1.6:7.1":	"अरहन्तवेदनावेदियनपञ्हो छट्ठो। "
}	
