{	
"mil7.4.5:0.1":	"मिलिन्दपञ्ह ",
"mil7.4.5:0.2":	"ओपम्मकथापञ्ह ",
"mil7.4.5:0.3":	"पथवीवग्ग ",
"mil7.4.5:0.4":	"५। पब्बतङ्गपञ्ह ",
"mil7.4.5:1.1":	"“भन्ते नागसेन, ‘पब्बतस्स पञ्च अङ्गानि गहेतब्बानी’ति यं वदेसि, कतमानि तानि पञ्च अङ्गानि गहेतब्बानी”ति? ",
"mil7.4.5:1.2":	"“यथा, महाराज, पब्बतो अचलो अकम्पितो असम्पवेधी; ",
"mil7.4.5:1.3":	"एवमेव खो, महाराज, योगिना योगावचरेन सम्मानने विमानने सक्कारे असक्कारे गरुकारे अगरुकारे यसे अयसे निन्दाय पसंसाय सुखे दुक्खे इट्ठानिट्ठेसु सब्बत्थ रूपसद्दगन्धरसफोट्ठब्बधम्मेसु रजनीयेसु न रज्जितब्बं, दुस्सनीयेसु न दुस्सितब्बं, मुय्हनीयेसु न मुय्हितब्बं, न कम्पितब्बं न चलितब्बं, पब्बतेन विय अचलेन भवितब्बं। ",
"mil7.4.5:1.4":	"इदं, महाराज, पब्बतस्स पठमं अङ्गं गहेतब्बं। ",
"mil7.4.5:1.5":	"भासितम्पेतं, महाराज, भगवता देवातिदेवेन—",
"mil7.4.5:2.1":	"‘सेलो यथा एकघनो, ",
"mil7.4.5:2.2":	"वातेन न समीरति; ",
"mil7.4.5:2.3":	"एवं निन्दापसंसासु, ",
"mil7.4.5:2.4":	"न समिञ्जन्ति पण्डिता’ति। ",
"mil7.4.5:3.1":	"पुन चपरं, महाराज, पब्बतो थद्धो न केनचि संसट्ठो; ",
"mil7.4.5:3.2":	"एवमेव खो, महाराज, योगिना योगावचरेन थद्धेन असंसट्ठेन भवितब्बं, न केनचि संसग्गो करणीयो। ",
"mil7.4.5:3.3":	"इदं, महाराज, पब्बतस्स दुतियं अङ्गं गहेतब्बं। ",
"mil7.4.5:3.4":	"भासितम्पेतं, महाराज, भगवता देवातिदेवेन—",
"mil7.4.5:4.1":	"‘असंसट्ठं गहट्ठेहि, ",
"mil7.4.5:4.2":	"अनागारेहि चूभयं; ",
"mil7.4.5:4.3":	"अनोकसारिमप्पिच्छं, ",
"mil7.4.5:4.4":	"तमहं ब्रूमि ब्राह्मणन्’ति। ",
"mil7.4.5:5.1":	"पुन चपरं, महाराज, पब्बते बीजं न विरूहति; ",
"mil7.4.5:5.2":	"एवमेव खो, महाराज, योगिना योगावचरेन सकमानसे किलेसा न विरूहापेतब्बा। ",
"mil7.4.5:5.3":	"इदं, महाराज, पब्बतस्स ततियं अङ्गं गहेतब्बं। ",
"mil7.4.5:5.4":	"भासितम्पेतं, महाराज, थेरेन सुभूतिना—",
"mil7.4.5:6.1":	"‘रागूपसंहितं चित्तं, ",
"mil7.4.5:6.2":	"यदा उप्पज्जते मम; ",
"mil7.4.5:6.3":	"सयंव पच्चवेक्खामि, ",
"mil7.4.5:6.4":	"एकग्गो तं दमेमहं। ",
"mil7.4.5:7.1":	"रज्जसे रजनीये च, ",
"mil7.4.5:7.2":	"दुस्सनीये च दुस्ससे; ",
"mil7.4.5:7.3":	"मुय्हसे मोहनीये च, ",
"mil7.4.5:7.4":	"निक्खमस्सु वना तुवं। ",
"mil7.4.5:8.1":	"विसुद्धानं अयं वासो, ",
"mil7.4.5:8.2":	"निम्मलानं तपस्सिनं; ",
"mil7.4.5:8.3":	"मा खो विसुद्धं दूसेसि, ",
"mil7.4.5:8.4":	"निक्खमस्सु वना तुवन्’ति। ",
"mil7.4.5:9.1":	"पुन चपरं, महाराज, पब्बतो अच्चुग्गतो; ",
"mil7.4.5:9.2":	"एवमेव खो, महाराज, योगिना योगावचरेन ञाणच्चुग्गतेन भवितब्बं। ",
"mil7.4.5:9.3":	"इदं, महाराज, पब्बतस्स चतुत्थं अङ्गं गहेतब्बं। ",
"mil7.4.5:9.4":	"भासितम्पेतं, महाराज, भगवता देवातिदेवेन—",
"mil7.4.5:10.1":	"‘पमादं अप्पमादेन, ",
"mil7.4.5:10.2":	"यदा नुदति पण्डितो; ",
"mil7.4.5:10.3":	"पञ्ञापासादमारुय्ह, ",
"mil7.4.5:10.4":	"असोको सोकिनिं पजं; ",
"mil7.4.5:10.5":	"पब्बतट्ठोव भूमट्ठे, ",
"mil7.4.5:10.6":	"धीरो बाले अवेक्खती’ति। ",
"mil7.4.5:11.1":	"पुन चपरं, महाराज, पब्बतो अनुन्नतो अनोनतो; ",
"mil7.4.5:11.2":	"एवमेव खो, महाराज, योगिना योगावचरेन उन्नतावनति न करणीया। ",
"mil7.4.5:11.3":	"इदं, महाराज, पब्बतस्स पञ्चमं अङ्गं गहेतब्बं। ",
"mil7.4.5:11.4":	"भासितम्पेतं, महाराज, उपासिकाय चूळसुभद्दाय सकसमणे परिकित्तयमानाय—",
"mil7.4.5:12.1":	"‘लाभेन उन्नतो लोको, ",
"mil7.4.5:12.2":	"अलाभेन च ओनतो; ",
"mil7.4.5:12.3":	"लाभालाभेन एकट्ठा, ",
"mil7.4.5:12.4":	"तादिसा समणा ममा’”ति। ",
"mil7.4.5:13.1":	"पब्बतङ्गपञ्हो पञ्चमो। "
}	
