{	
"mil7.5.5:0.1":	"मिलिन्दपञ्ह ",
"mil7.5.5:0.2":	"ओपम्मकथापञ्ह ",
"mil7.5.5:0.3":	"उपचिकावग्ग ",
"mil7.5.5:0.4":	"५। नकुलङ्गपञ्ह ",
"mil7.5.5:1.1":	"“भन्ते नागसेन, ‘नकुलस्स एकं अङ्गं गहेतब्बन्’ति यं वदेसि, कतमं तं एकं अङ्गं गहेतब्बन्”ति? ",
"mil7.5.5:1.2":	"“यथा, महाराज, नकुलो उरगमुपगच्छन्तो भेसज्जेन कायं परिभावेत्वा उरगमुपगच्छति गहेतुं; ",
"mil7.5.5:1.3":	"एवमेव खो, महाराज, योगिना योगावचरेन कोधाघातबहुलं कलहविग्गहविवादविरोधाभिभूतं लोकमुपगच्छन्तेन मेत्ताभेसज्जेन मानसं अनुलिम्पितब्बं। ",
"mil7.5.5:1.4":	"इदं, महाराज, नकुलस्स एकं अङ्गं गहेतब्बं। ",
"mil7.5.5:1.5":	"भासितम्पेतं, महाराज, थेरेन सारिपुत्तेन धम्मसेनापतिना—",
"mil7.5.5:2.1":	"‘तस्मा सकं परेसम्पि, ",
"mil7.5.5:2.2":	"कातब्बा मेत्तभावना; ",
"mil7.5.5:2.3":	"मेत्तचित्तेन फरितब्बं, ",
"mil7.5.5:2.4":	"एतं बुद्धान सासनन्’”ति। ",
"mil7.5.5:3.1":	"नकुलङ्गपञ्हो पञ्चमो। "
}	
