{	
"mil7.4.4:0.1":	"मिलिन्दपञ्ह ",
"mil7.4.4:0.2":	"ओपम्मकथापञ्ह ",
"mil7.4.4:0.3":	"पथवीवग्ग ",
"mil7.4.4:0.4":	"४। वायुङ्गपञ्ह ",
"mil7.4.4:1.1":	"“भन्ते नागसेन, ‘वायुस्स पञ्च अङ्गानि गहेतब्बानी’ति यं वदेसि, कतमानि तानि पञ्च अङ्गानि गहेतब्बानी”ति? ",
"mil7.4.4:1.2":	"“यथा, महाराज, वायु सुपुप्फितवनसण्डन्तरं अभिवायति; ",
"mil7.4.4:1.3":	"एवमेव खो, महाराज, योगिना योगावचरेन विमुत्तिवरकुसुमपुप्फितारम्मणवनन्तरे रमितब्बं। ",
"mil7.4.4:1.4":	"इदं, महाराज, वायुस्स पठमं अङ्गं गहेतब्बं। ",
"mil7.4.4:2.1":	"पुन चपरं, महाराज, वायु धरणीरुहपादपगणे मथयति; ",
"mil7.4.4:2.2":	"एवमेव खो, महाराज, योगिना योगावचरेन वनन्तरगतेन सङ्खारे विचिनन्तेन किलेसा मथयितब्बा। ",
"mil7.4.4:2.3":	"इदं, महाराज, वायुस्स दुतियं अङ्गं गहेतब्बं। ",
"mil7.4.4:3.1":	"पुन चपरं, महाराज, वायु आकासे चरति; ",
"mil7.4.4:3.2":	"एवमेव खो, महाराज, योगिना योगावचरेन लोकुत्तरधम्मेसु मानसं सञ्चारयितब्बं। ",
"mil7.4.4:3.3":	"इदं, महाराज, वायुस्स ततियं अङ्गं गहेतब्बं। ",
"mil7.4.4:4.1":	"पुन चपरं, महाराज, वायु गन्धं अनुभवति; ",
"mil7.4.4:4.2":	"एवमेव खो, महाराज, योगिना योगावचरेन अत्तनो सीलवरसुरभिगन्धो अनुभवितब्बो। ",
"mil7.4.4:4.3":	"इदं, महाराज, वायुस्स चतुत्थं अङ्गं गहेतब्बं। ",
"mil7.4.4:5.1":	"पुन चपरं, महाराज, वायु निरालयो अनिकेतवासी; ",
"mil7.4.4:5.2":	"एवमेव खो, महाराज, योगिना योगावचरेन निरालयमनिकेतमसन्थवेन सब्बत्थ विमुत्तेन भवितब्बं। ",
"mil7.4.4:5.3":	"इदं, महाराज, वायुस्स पञ्चमं अङ्गं गहेतब्बं। ",
"mil7.4.4:5.4":	"भासितम्पेतं, महाराज, भगवता देवातिदेवेन सुत्तनिपाते—",
"mil7.4.4:6.1":	"‘सन्थवातो भयं जातं, ",
"mil7.4.4:6.2":	"निकेता जायते रजो; ",
"mil7.4.4:6.3":	"अनिकेतमसन्थवं, ",
"mil7.4.4:6.4":	"एतं वे मुनिदस्सनन्’”ति। ",
"mil7.4.4:7.1":	"वायुङ्गपञ्हो चतुत्थो। "
}	
