{	
"mil7.3.2:0.1":	"मिलिन्दपञ्ह ",
"mil7.3.2:0.2":	"ओपम्मकथापञ्ह ",
"mil7.3.2:0.3":	"समुद्दवग्ग ",
"mil7.3.2:0.4":	"२। पदुमङ्गपञ्ह ",
"mil7.3.2:1.1":	"“भन्ते नागसेन, ‘पदुमस्स तीणि अङ्गानि गहेतब्बानी’ति यं वदेसि, कतमानि तानि तीणि अङ्गानि गहेतब्बानी”ति? ",
"mil7.3.2:1.2":	"“यथा, महाराज, पदुमं उदके जातं उदके संवद्धं अनुपलित्तं उदकेन; ",
"mil7.3.2:1.3":	"एवमेव खो, महाराज, योगिना योगावचरेन कुले गणे लाभे यसे सक्कारे सम्माननाय परिभोगपच्चयेसु च सब्बत्थ अनुपलित्तेन भवितब्बं। ",
"mil7.3.2:1.4":	"इदं, महाराज, पदुमस्स पठमं अङ्गं गहेतब्बं। ",
"mil7.3.2:2.1":	"पुन चपरं, महाराज, पदुमं उदका अच्चुग्गम्म ठाति; ",
"mil7.3.2:2.2":	"एवमेव खो, महाराज, योगिना योगावचरेन सब्बलोकं अभिभवित्वा अच्चुग्गम्म लोकुत्तरधम्मे ठातब्बं। ",
"mil7.3.2:2.3":	"इदं, महाराज, पदुमस्स दुतियं अङ्गं गहेतब्बं। ",
"mil7.3.2:3.1":	"पुन चपरं, महाराज, पदुमं अप्पमत्तकेनपि अनिलेन एरितं चलति; ",
"mil7.3.2:3.2":	"एवमेव खो, महाराज, योगिना योगावचरेन अप्पमत्तकेसुपि किलेसेसु संयमो करणीयो, भयदस्साविना विहरितब्बं। ",
"mil7.3.2:3.3":	"इदं, महाराज, पदुमस्स ततियं अङ्गं गहेतब्बं। ",
"mil7.3.2:3.4":	"भासितम्पेतं, महाराज, भगवता देवातिदेवेन ‘अणुमत्तेसु वज्जेसु भयदस्सावी समादाय सिक्खति सिक्खापदेसू’”ति। ",
"mil7.3.2:4.1":	"पदुमङ्गपञ्हो दुतियो। "
}	
