{	
"mil7.2.7:0.1":	"मिलिन्दपञ्ह ",
"mil7.2.7:0.2":	"ओपम्मकथापञ्ह ",
"mil7.2.7:0.3":	"गद्रभवग्ग ",
"mil7.2.7:0.4":	"७। वंसङ्गपञ्ह ",
"mil7.2.7:1.1":	"“भन्ते नागसेन, ‘वंसस्स एकं अङ्गं गहेतब्बन्’ति यं वदेसि, कतमं तं एकं अङ्गं गहेतब्बन्”ति? ",
"mil7.2.7:1.2":	"“यथा, महाराज, वंसो यत्थ वातो, तत्थ अनुलोमेति, नाञ्ञत्थमनुधावति; ",
"mil7.2.7:1.3":	"एवमेव खो, महाराज, योगिना योगावचरेन यं बुद्धेन भगवता भासितं नवङ्गं सत्थुसासनं, तं अनुलोमयित्वा कप्पिये अनवज्जे ठत्वा समणधम्मंयेव परियेसितब्बं। ",
"mil7.2.7:1.4":	"इदं, महाराज, वंसस्स एकं अङ्गं गहेतब्बं। ",
"mil7.2.7:1.5":	"भासितम्पेतं, महाराज, थेरेन राहुलेन—",
"mil7.2.7:2.1":	"‘नवङ्गं बुद्धवचनं, ",
"mil7.2.7:2.2":	"अनुलोमेत्वान सब्बदा; ",
"mil7.2.7:2.3":	"कप्पिये अनवज्जस्मिं, ",
"mil7.2.7:2.4":	"ठत्वापायं समुत्तरिन्’”ति। ",
"mil7.2.7:3.1":	"वंसङ्गपञ्हो सत्तमो। "
}	
