{	
"mil7.3.8:0.1":	"मिलिन्दपञ्ह ",
"mil7.3.8:0.2":	"ओपम्मकथापञ्ह ",
"mil7.3.8:0.3":	"समुद्दवग्ग ",
"mil7.3.8:0.4":	"८। नियामकङ्गपञ्ह ",
"mil7.3.8:1.1":	"“भन्ते नागसेन, ‘नियामकस्स तीणि अङ्गानि गहेतब्बानी’ति यं वदेसि, कतमानि तानि तीणि अङ्गानि गहेतब्बानी”ति? ",
"mil7.3.8:1.2":	"“यथा, महाराज, नियामको रत्तिन्दिवं सततं समितं अप्पमत्तो यत्तप्पयत्तो नावं सारेति; ",
"mil7.3.8:1.3":	"एवमेव खो, महाराज, योगिना योगावचरेन चित्तं नियामयमानेन रत्तिन्दिवं सततं समितं अप्पमत्तेन यत्तप्पयत्तेन योनिसो मनसिकारेन चित्तं नियामेतब्बं। ",
"mil7.3.8:1.4":	"इदं, महाराज, नियामकस्स पठमं अङ्गं गहेतब्बं। ",
"mil7.3.8:1.5":	"भासितम्पेतं, महाराज, भगवता देवातिदेवेन धम्मपदे—",
"mil7.3.8:2.1":	"‘अप्पमादरता होथ, ",
"mil7.3.8:2.2":	"सचित्तमनुरक्खथ; ",
"mil7.3.8:2.3":	"दुग्गा उद्धरथत्तानं, ",
"mil7.3.8:2.4":	"पङ्के सन्नोव कुञ्जरो’ति। ",
"mil7.3.8:3.1":	"पुन चपरं, महाराज, नियामकस्स यं किञ्चि महासमुद्दे कल्याणं वा पापकं वा, सब्बं तं विदितं होति; ",
"mil7.3.8:3.2":	"एवमेव खो, महाराज, योगिना योगावचरेन कुसलाकुसलं सावज्जानवज्जं हीनप्पणीतं कण्हसुक्कसप्पटिभागं विजानितब्बं। ",
"mil7.3.8:3.3":	"इदं, महाराज, नियामकस्स दुतियं अङ्गं गहेतब्बं। ",
"mil7.3.8:4.1":	"पुन चपरं, महाराज, नियामको यन्ते मुद्दिकं देति ‘मा कोचि यन्तं आमसित्था’ति; ",
"mil7.3.8:4.2":	"एवमेव खो, महाराज, योगिना योगावचरेन चित्ते संवरमुद्दिका दातब्बा ‘मा किञ्चि पापकं अकुसलवितक्कं वितक्केसी’ति, इदं, महाराज, नियामकस्स ततियं अङ्गं गहेतब्बं। ",
"mil7.3.8:4.3":	"भासितम्पेतं, महाराज, भगवता देवातिदेवेन संयुत्तनिकायवरे—",
"mil7.3.8:4.4":	"‘मा, भिक्खवे, पापके अकुसले वितक्के वितक्केय्याथ, सेय्यथिदं—",
"mil7.3.8:4.5":	"कामवितक्कं ब्यापादवितक्कं विहिंसावितक्कन्’”ति। ",
"mil7.3.8:5.1":	"नियामकङ्गपञ्हो अट्ठमो। "
}	
