{	
"mil7.5.7:0.1":	"मिलिन्दपञ्ह ",
"mil7.5.7:0.2":	"ओपम्मकथापञ्ह ",
"mil7.5.7:0.3":	"उपचिकावग्ग ",
"mil7.5.7:0.4":	"७। मिगङ्गपञ्ह ",
"mil7.5.7:1.1":	"“भन्ते नागसेन, ‘मिगस्स तीणि अङ्गानि गहेतब्बानी’ति यं वदेसि, कतमानि तानि तीणि अङ्गानि गहेतब्बानी”ति? ",
"mil7.5.7:1.2":	"“यथा, महाराज, मिगो दिवा अरञ्ञे चरति, रत्तिं अब्भोकासे; ",
"mil7.5.7:1.3":	"एवमेव खो, महाराज, योगिना योगावचरेन दिवा अरञ्ञे विहरितब्बं, रत्तिं अब्भोकासे। ",
"mil7.5.7:1.4":	"इदं, महाराज, मिगस्स पठमं अङ्गं गहेतब्बं। ",
"mil7.5.7:2.1":	"भासितम्पेतं, महाराज, भगवता देवातिदेवेन लोमहंसनपरियाये—",
"mil7.5.7:3.1":	"‘सो खो अहं, सारिपुत्त, या ता रत्तियो सीता हेमन्तिका अन्तरट्ठका हिमपातसमया, तथारूपासु रत्तीसु रत्तिं अब्भोकासे विहरामि, दिवा वनसण्डे। ",
"mil7.5.7:3.2":	"गिम्हानं पच्छिमे मासे दिवा अब्भोकासे विहरामि, रत्तिं वनसण्डे’ति। ",
"mil7.5.7:4.1":	"पुन चपरं, महाराज, मिगो सत्तिम्हि वा सरे वा ओपतन्ते वञ्चेति पलायति, न कायमुपनेति; ",
"mil7.5.7:4.2":	"एवमेव खो, महाराज, योगिना योगावचरेन किलेसेसु ओपतन्तेसु वञ्चयितब्बं पलायितब्बं, न चित्तमुपनेतब्बं। ",
"mil7.5.7:4.3":	"इदं, महाराज, मिगस्स दुतियं अङ्गं गहेतब्बं। ",
"mil7.5.7:5.1":	"पुन चपरं, महाराज, मिगो मनुस्से दिस्वा येन वा तेन वा पलायति ‘मा मं ते अद्दसंसू’ति; ",
"mil7.5.7:5.2":	"एवमेव खो, महाराज, योगिना योगावचरेन भण्डनकलहविग्गहविवादसीले दुस्सीले कुसीते सङ्गणिकारामे दिस्वा येन वा तेन वा पलायितब्बं ‘मा मं ते अद्दसंसु, अहञ्च ते मा अद्दसन्’ति। ",
"mil7.5.7:5.3":	"इदं, महाराज, मिगस्स ततियं अङ्गं गहेतब्बं। ",
"mil7.5.7:5.4":	"भासितम्पेतं, महाराज, थेरेन सारिपुत्तेन धम्मसेनापतिना—",
"mil7.5.7:6.1":	"‘मा मे कदाचि पापिच्छो, ",
"mil7.5.7:6.2":	"कुसीतो हीनवीरियो; ",
"mil7.5.7:6.3":	"अप्पस्सुतो अनाचारो, ",
"mil7.5.7:6.4":	"सम्मतो अहु कत्थची’”ति। ",
"mil7.5.7:7.1":	"मिगङ्गपञ्हो सत्तमो। "
}	
