{	
"mil7.6.8:0.1":	"मिलिन्दपञ्ह ",
"mil7.6.8:0.2":	"ओपम्मकथापञ्ह ",
"mil7.6.8:0.3":	"सीहवग्ग ",
"mil7.6.8:0.4":	"८। जलूकङ्गपञ्ह ",
"mil7.6.8:1.1":	"“भन्ते नागसेन, ‘जलूकाय एकं अङ्गं गहेतब्बन्’ति यं वदेसि, कतमं तं एकं अङ्गं गहेतब्बन्”ति? ",
"mil7.6.8:1.2":	"“यथा, महाराज, जलूका यत्थ अल्लीयति, तत्थेव दळ्हं अल्लीयित्वा रुहिरं पिवति; ",
"mil7.6.8:1.3":	"एवमेव खो, महाराज, योगिना योगावचरेन यस्मिं आरम्मणे चित्तं अल्लीयति, तं आरम्मणं वण्णतो च सण्ठानतो च दिसतो च ओकासतो च परिच्छेदतो च लिङ्गतो च निमित्ततो च दळ्हं पतिट्ठापेत्वा तेनेवारम्मणेन विमुत्तिरसमसेचनकं पातब्बं। ",
"mil7.6.8:1.4":	"इदं, महाराज, जलूकाय एकं अङ्गं गहेतब्बं। ",
"mil7.6.8:1.5":	"भासितम्पेतं, महाराज, थेरेन अनुरुद्धेन—",
"mil7.6.8:2.1":	"‘परिसुद्धेन चित्तेन, ",
"mil7.6.8:2.2":	"आरम्मणे पतिट्ठाय; ",
"mil7.6.8:2.3":	"तेन चित्तेन पातब्बं, ",
"mil7.6.8:2.4":	"विमुत्तिरसमसेचनन्’”ति। ",
"mil7.6.8:3.1":	"जलूकङ्गपञ्हो अट्ठमो। "
}	
