{	
"mil7.6.10:0.1":	"मिलिन्दपञ्ह ",
"mil7.6.10:0.2":	"ओपम्मकथापञ्ह ",
"mil7.6.10:0.3":	"सीहवग्ग ",
"mil7.6.10:0.4":	"१०। अजगरङ्गपञ्ह ",
"mil7.6.10:1.1":	"“भन्ते नागसेन, ‘अजगरस्स एकं अङ्गं गहेतब्बन्’ति यं वदेसि, कतमं तं एकं अङ्गं गहेतब्बन्”ति? ",
"mil7.6.10:1.2":	"“यथा, महाराज, अजगरो महतिमहाकायो बहूपि दिवसे ऊनूदरो दीनतरो कुच्छिपूरं आहारं न लभति, अपरिपुण्णो येव यावदेव सरीरयापनमत्तकेन यापेति; ",
"mil7.6.10:1.3":	"एवमेव खो, महाराज, योगिनो योगावचरस्स भिक्खाचरियप्पसुतस्स परपिण्डमुपगतस्स परदिन्नप्पाटिकङ्खिस्स सयङ्गाहप्पटिविरतस्स दुल्लभं उदरपरिपूरं आहारं, अपि च अत्थवसिकेन कुलपुत्तेन चत्तारो पञ्च आलोपे अभुञ्जित्वा अवसेसं उदकेन परिपूरेतब्बं। ",
"mil7.6.10:1.4":	"इदं, महाराज, अजगरस्स एकं अङ्गं गहेतब्बं। ",
"mil7.6.10:1.5":	"भासितम्पेतं, महाराज, थेरेन सारिपुत्तेन धम्मसेनापतिना—",
"mil7.6.10:2.1":	"‘अल्लं सुक्खं वा भुञ्जन्तो, ",
"mil7.6.10:2.2":	"न बाळ्हं सुहितो सिया; ",
"mil7.6.10:2.3":	"ऊनूदरो मिताहारो, ",
"mil7.6.10:2.4":	"सतो भिक्खु परिब्बजे। ",
"mil7.6.10:3.1":	"चत्तारो पञ्च आलोपे, ",
"mil7.6.10:3.2":	"अभुत्वा उदकं पिवे; ",
"mil7.6.10:3.3":	"अलं फासु विहाराय, ",
"mil7.6.10:3.4":	"पहितत्तस्स भिक्खुनो’”ति। ",
"mil7.6.10:4.1":	"अजगरङ्गपञ्हो दसमो। ",
"mil7.6.10:5.1":	"सीहवग्गो पञ्चमो। ",
"mil7.6.10:6.1":	"तस्सुद्दानं ",
"mil7.6.10:7.1":	"केसरी चक्कवाको च, ",
"mil7.6.10:7.2":	"पेणाहि घरकपोतको; ",
"mil7.6.10:7.3":	"उलूको सतपत्तो च, ",
"mil7.6.10:7.4":	"वग्गुलि च जलूपिका; ",
"mil7.6.10:7.5":	"सप्पो अजगरो चेव, ",
"mil7.6.10:7.6":	"वग्गो तेन पवुच्चतीति। "
}	
