{	
"mil7.4.7:0.1":	"मिलिन्दपञ्ह ",
"mil7.4.7:0.2":	"ओपम्मकथापञ्ह ",
"mil7.4.7:0.3":	"पथवीवग्ग ",
"mil7.4.7:0.4":	"७। चन्दङ्गपञ्ह ",
"mil7.4.7:1.1":	"“भन्ते नागसेन, ‘चन्दस्स पञ्च अङ्गानि गहेतब्बानी’ति यं वदेसि, कतमानि तानि पञ्च अङ्गानि गहेतब्बानी”ति? ",
"mil7.4.7:1.2":	"“यथा, महाराज, चन्दो सुक्कपक्खे उदयन्तो उत्तरुत्तरिं वड्ढति; ",
"mil7.4.7:1.3":	"एवमेव खो, महाराज, योगिना योगावचरेन आचारसीलगुणवत्तप्पटिपत्तिया आगमाधिगमे पटिसल्लाने सतिपट्ठाने इन्द्रियेसु गुत्तद्वारताय भोजने मत्तञ्ञुताय जागरियानुयोगे उत्तरुत्तरिं वड्ढितब्बं। ",
"mil7.4.7:1.4":	"इदं, महाराज, चन्दस्स पठमं अङ्गं गहेतब्बं। ",
"mil7.4.7:2.1":	"पुन चपरं, महाराज, चन्दो उळाराधिपति; ",
"mil7.4.7:2.2":	"एवमेव खो, महाराज, योगिना योगावचरेन उळारेन छन्दाधिपतिना भवितब्बं। ",
"mil7.4.7:2.3":	"इदं, महाराज, चन्दस्स दुतियं अङ्गं गहेतब्बं। ",
"mil7.4.7:3.1":	"पुन चपरं, महाराज, चन्दो निसाय चरति; ",
"mil7.4.7:3.2":	"एवमेव खो, महाराज, योगिना योगावचरेन पविवित्तेन भवितब्बं। ",
"mil7.4.7:3.3":	"इदं, महाराज, चन्दस्स ततियं अङ्गं गहेतब्बं। ",
"mil7.4.7:4.1":	"पुन चपरं, महाराज, चन्दो विमानकेतु; ",
"mil7.4.7:4.2":	"एवमेव खो, महाराज, योगिना योगावचरेन सीलकेतुना भवितब्बं। ",
"mil7.4.7:4.3":	"इदं, महाराज, चन्दस्स चतुत्थं अङ्गं गहेतब्बं। ",
"mil7.4.7:5.1":	"पुन चपरं, महाराज, चन्दो आयाचितपत्थितो उदेति; ",
"mil7.4.7:5.2":	"एवमेव खो, महाराज, योगिना योगावचरेन आयाचितपत्थितेन कुलानि उपसङ्कमितब्बानि। ",
"mil7.4.7:5.3":	"इदं, महाराज, चन्दस्स पञ्चमं अङ्गं गहेतब्बं। ",
"mil7.4.7:5.4":	"भासितम्पेतं, महाराज, भगवता देवातिदेवेन संयुत्तनिकायवरे ‘चन्दूपमा, भिक्खवे, कुलानि उपसङ्कमथ, अपकस्सेव कायं अपकस्स चित्तं निच्चनवका कुलेसु अप्पगब्भा’”ति। ",
"mil7.4.7:6.1":	"चन्दङ्गपञ्हो सत्तमो। "
}	
