{	
"mil7.2.6:0.1":	"मिलिन्दपञ्ह ",
"mil7.2.6:0.2":	"ओपम्मकथापञ्ह ",
"mil7.2.6:0.3":	"गद्रभवग्ग ",
"mil7.2.6:0.4":	"६। कुम्मङ्गपञ्ह ",
"mil7.2.6:1.1":	"“भन्ते नागसेन, ‘कुम्मस्स पञ्च अङ्गानि गहेतब्बानी’ति यं वदेसि, कतमानि तानि पञ्च अङ्गानि गहेतब्बानी”ति? ",
"mil7.2.6:1.2":	"“यथा, महाराज, कुम्मो उदकचरो उदकेयेव वासं कप्पेति; ",
"mil7.2.6:1.3":	"एवमेव खो, महाराज, योगिना योगावचरेन सब्बपाणभूतपुग्गलानं हितानुकम्पिना मेत्तासहगतेन चेतसा विपुलेन महग्गतेन अप्पमाणेन अवेरेन अब्यापज्जेन सब्बावन्तं लोकं फरित्वा विहरितब्बं। ",
"mil7.2.6:1.4":	"इदं, महाराज, कुम्मस्स पठमं अङ्गं गहेतब्बं। ",
"mil7.2.6:2.1":	"पुन चपरं, महाराज, कुम्मो उदके उप्पिलवन्तो सीसं उक्खिपित्वा यदि कोचि पस्सति, तत्थेव निमुज्जति गाळ्हमोगाहति ‘मा मं ते पुन पस्सेय्युन्’ति; ",
"mil7.2.6:2.2":	"एवमेव खो, महाराज, योगिना योगावचरेन किलेसेसु ओपतन्तेसु आरम्मणसरे निमुज्जितब्बं गाळ्हमोगाहितब्बं ‘मा मं किलेसा पुन पस्सेय्युन्’ति। ",
"mil7.2.6:2.3":	"इदं, महाराज, कुम्मस्स दुतियं अङ्गं गहेतब्बं। ",
"mil7.2.6:3.1":	"पुन चपरं, महाराज, कुम्मो उदकतो निक्खमित्वा कायं ओतापेति; ",
"mil7.2.6:3.2":	"एवमेव खो, महाराज, योगिना योगावचरेन निसज्जट्ठानसयनचङ्कमतो मानसं नीहरित्वा सम्मप्पधाने मानसं ओतापेतब्बं। ",
"mil7.2.6:3.3":	"इदं, महाराज, कुम्मस्स ततियं अङ्गं गहेतब्बं। ",
"mil7.2.6:4.1":	"पुन चपरं, महाराज, कुम्मो पथविं खणित्वा विवित्ते वासं कप्पेति; ",
"mil7.2.6:4.2":	"एवमेव खो, महाराज, योगिना योगावचरेन लाभसक्कारसिलोकं पजहित्वा सुञ्ञं विवित्तं काननं वनपत्थं पब्बतं कन्दरं गिरिगुहं अप्पसद्दं अप्पनिग्घोसं पविवित्तमोगाहित्वा विवित्ते येव वासं उपगन्तब्बं। ",
"mil7.2.6:4.3":	"इदं, महाराज, कुम्मस्स चतुत्थं अङ्गं गहेतब्बं। ",
"mil7.2.6:4.4":	"भासितम्पेतं, महाराज, थेरेन उपसेनेन वङ्गन्तपुत्तेन—",
"mil7.2.6:5.1":	"‘विवित्तं अप्पनिग्घोसं, ",
"mil7.2.6:5.2":	"वाळमिगनिसेवितं; ",
"mil7.2.6:5.3":	"सेवे सेनासनं भिक्खु, ",
"mil7.2.6:5.4":	"पटिसल्लानकारणा’ति। ",
"mil7.2.6:6.1":	"पुन चपरं, महाराज, कुम्मो चारिकं चरमानो यदि कञ्चि पस्सति वा, सद्दं सुणाति वा, सोण्डिपञ्चमानि अङ्गानि सके कपाले निदहित्वा अप्पोस्सुक्को तुण्हीभूतो तिट्ठति कायमनुरक्खन्तो; ",
"mil7.2.6:6.2":	"एवमेव खो, महाराज, योगिना योगावचरेन सब्बत्थ रूपसद्दगन्धरसफोट्ठब्बधम्मेसु आपतन्तेसु छसु द्वारेसु संवरकवाटं अनुग्घाटेत्वा मानसं समोदहित्वा संवरं कत्वा सतेन सम्पजानेन विहातब्बं समणधम्मं अनुरक्खमानेन। ",
"mil7.2.6:6.3":	"इदं, महाराज, कुम्मस्स पञ्चमं अङ्गं गहेतब्बं। ",
"mil7.2.6:6.4":	"भासितम्पेतं, महाराज, भगवता देवातिदेवेन संयुत्तनिकायवरे कुम्मूपमसुत्तन्ते—",
"mil7.2.6:7.1":	"‘कुम्मोव अङ्गानि सके कपाले, ",
"mil7.2.6:7.2":	"समोदहं भिक्खु मनोवितक्के; ",
"mil7.2.6:7.3":	"अनिस्सितो अञ्ञमहेठयानो, ",
"mil7.2.6:7.4":	"परिनिब्बुतो नूपवदेय्य कञ्ची’”ति। ",
"mil7.2.6:8.1":	"कुम्मङ्गपञ्हो छट्ठो। "
}	
