{	
"mil7.8.7:0.1":	"मिलिन्दपञ्ह ",
"mil7.8.7:0.2":	"ओपम्मकथापञ्ह ",
"mil7.8.7:0.3":	"कुम्भवग्ग ",
"mil7.8.7:0.4":	"७। इस्सासङ्गपञ्ह ",
"mil7.8.7:1.1":	"“भन्ते नागसेन, ‘इस्सासस्स चत्तारि अङ्गानि गहेतब्बानी’ति यं वदेसि, कतमानि तानि चत्तारि अङ्गानि गहेतब्बानी”ति? ",
"mil7.8.7:1.2":	"“यथा, महाराज, इस्सासो सरे पातयन्तो उभो पादे पथवियं दळ्हं पतिट्ठापेति, जण्णुअवेकल्लं करोति, सरकलापं कटिसन्धिम्हि ठपेति, कायं उपत्थद्धं करोति, द्वे हत्थे सन्धिट्ठानं आरोपेति, मुट्ठिं पीळयति, अङ्गुलियो निरन्तरं करोति, गीवं पग्गण्हाति, चक्खूनि मुखञ्च पिदहति, निमित्तं उजुं करोति, हासमुप्पादेति ‘विज्झिस्सामी’ति; ",
"mil7.8.7:1.3":	"एवमेव खो, महाराज, योगिना योगावचरेन सीलपथवियं वीरियपादे पतिट्ठापेतब्बं, खन्तिसोरच्चं अवेकल्लं कातब्बं, संवरे चित्तं ठपेतब्बं, संयमनियमे अत्ता उपनेतब्बो, इच्छा मुच्छा पीळयितब्बा, योनिसो मनसिकारे चित्तं निरन्तरं कातब्बं, वीरियं पग्गहेतब्बं, छ द्वारा पिदहितब्बा, सति उपट्ठपेतब्बा, हासमुप्पादेतब्बं ‘सब्बकिलेसे ञाणनाराचेन विज्झिस्सामी’ति। ",
"mil7.8.7:1.4":	"इदं, महाराज, इस्सासस्स पठमं अङ्गं गहेतब्बं। ",
"mil7.8.7:2.1":	"पुन चपरं, महाराज, इस्सासो आळकं परिहरति वङ्कजिम्हकुटिलनाराचस्स उजुकरणाय; ",
"mil7.8.7:2.2":	"एवमेव खो, महाराज, योगिना योगावचरेन इमस्मिं काये सतिपट्ठानआळकं परिहरितब्बं वङ्कजिम्हकुटिलचित्तस्स उजुकरणाय। ",
"mil7.8.7:2.3":	"इदं, महाराज, इस्सासस्स दुतियं अङ्गं गहेतब्बं। ",
"mil7.8.7:3.1":	"पुन चपरं, महाराज, इस्सासो लक्खे उपासेति; ",
"mil7.8.7:3.2":	"एवमेव खो, महाराज, योगिना योगावचरेन इमस्मिं काये उपासितब्बं। ",
"mil7.8.7:3.3":	"कथं, महाराज योगिना योगावचरेन इमस्मिं काये उपासितब्बं? ",
"mil7.8.7:3.4":	"अनिच्चतो उपासितब्बं, दुक्खतो उपासितब्बं, अनत्ततो उपासितब्बं, रोगतो …पे… ",
"mil7.8.7:3.5":	"गण्डतो … ",
"mil7.8.7:3.6":	"सल्लतो … ",
"mil7.8.7:3.7":	"अघतो … ",
"mil7.8.7:3.8":	"आबाधतो … ",
"mil7.8.7:3.9":	"परतो … ",
"mil7.8.7:3.10":	"पलोकतो … ",
"mil7.8.7:3.11":	"ईतितो … ",
"mil7.8.7:3.12":	"उपद्दवतो … ",
"mil7.8.7:3.13":	"भयतो … ",
"mil7.8.7:3.14":	"उपसग्गतो … ",
"mil7.8.7:3.15":	"चलतो … ",
"mil7.8.7:3.16":	"पभङ्गुतो … ",
"mil7.8.7:3.17":	"अद्धुवतो … ",
"mil7.8.7:3.18":	"अताणतो … ",
"mil7.8.7:3.19":	"अलेणतो … ",
"mil7.8.7:3.20":	"असरणतो … ",
"mil7.8.7:3.21":	"रित्ततो … ",
"mil7.8.7:3.22":	"तुच्छतो … ",
"mil7.8.7:3.23":	"सुञ्ञतो … ",
"mil7.8.7:3.24":	"आदीनवतो … ",
"mil7.8.7:3.25":	"विपरिणामधम्मतो … ",
"mil7.8.7:3.26":	"असारतो … ",
"mil7.8.7:3.27":	"अघमूलतो … ",
"mil7.8.7:3.28":	"वधकतो … ",
"mil7.8.7:3.29":	"विभवतो … ",
"mil7.8.7:3.30":	"सासवतो … ",
"mil7.8.7:3.31":	"सङ्खततो … ",
"mil7.8.7:3.32":	"मारामिसतो … ",
"mil7.8.7:3.33":	"जातिधम्मतो … ",
"mil7.8.7:3.34":	"जराधम्मतो … ",
"mil7.8.7:3.35":	"ब्याधिधम्मतो … ",
"mil7.8.7:3.36":	"मरणधम्मतो … ",
"mil7.8.7:3.37":	"सोकधम्मतो … ",
"mil7.8.7:3.38":	"परिदेवधम्मतो … ",
"mil7.8.7:3.39":	"उपायासधम्मतो … ",
"mil7.8.7:3.40":	"सङ्किलेसधम्मतो … ",
"mil7.8.7:3.41":	"एवं खो, महाराज, योगिना योगावचरेन इमस्मिं काये उपासितब्बं। ",
"mil7.8.7:3.42":	"इदं, महाराज, इस्सासस्स ततियं अङ्गं गहेतब्बं। ",
"mil7.8.7:4.1":	"पुन चपरं, महाराज, इस्सासो सायं पातं उपासति; ",
"mil7.8.7:4.2":	"एवमेव खो, महाराज, योगिना योगावचरेन सायं पातं आरम्मणे उपासितब्बं। ",
"mil7.8.7:4.3":	"इदं, महाराज, इस्सासस्स चतुत्थं अङ्गं गहेतब्बं। ",
"mil7.8.7:4.4":	"भासितम्पेतं, महाराज, थेरेन सारिपुत्तेन धम्मसेनापतिना—",
"mil7.8.7:5.1":	"‘यथा इस्सासको नाम, ",
"mil7.8.7:5.2":	"सायं पातं उपासति; ",
"mil7.8.7:5.3":	"उपासनं अरिञ्चन्तो, ",
"mil7.8.7:5.4":	"लभते भत्तवेतनं। ",
"mil7.8.7:6.1":	"तथेव बुद्धपुत्तोपि, ",
"mil7.8.7:6.2":	"करोति कायुपासनं; ",
"mil7.8.7:6.3":	"कायुपासनं अरिञ्चन्तो, ",
"mil7.8.7:6.4":	"अरहत्तमधिगच्छती’”ति। ",
"mil7.8.7:7.1":	"इस्सासङ्गपञ्हो सत्तमो। ",
"mil7.8.7:8.1":	"कुम्भवग्गो सत्तमो। ",
"mil7.8.7:9.1":	"तस्सुद्दानं ",
"mil7.8.7:10.1":	"कुम्भो च काळायसो च, ",
"mil7.8.7:10.2":	"छत्तं खेत्तञ्च अगदो; ",
"mil7.8.7:10.3":	"भोजनेन च इस्सासो, ",
"mil7.8.7:10.4":	"वुत्तं दानि विदूहीति। ",
"mil7.8.7:11.1":	"ओपम्मकथापञ्हो निट्ठितो। "
}	
