{	
"mil7.2.8:0.1":	"मिलिन्दपञ्ह ",
"mil7.2.8:0.2":	"ओपम्मकथापञ्ह ",
"mil7.2.8:0.3":	"गद्रभवग्ग ",
"mil7.2.8:0.4":	"८। चापङ्गपञ्ह ",
"mil7.2.8:1.1":	"“भन्ते नागसेन, ‘चापस्स एकं अङ्गं गहेतब्बन्’ति यं वदेसि, कतमं तं एकं अङ्गं गहेतब्बन्”ति? ",
"mil7.2.8:1.2":	"“यथा, महाराज, चापो सुतच्छितो नमितो यावग्गमूलं समकमेव अनुनमति नप्पटित्थम्भति; ",
"mil7.2.8:1.3":	"एवमेव खो, महाराज, योगिना योगावचरेन थेरनवमज्झिमसमकेसु अनुनमितब्बं नप्पटिफरितब्बं। ",
"mil7.2.8:1.4":	"इदं, महाराज, चापस्स एकं अङ्गं गहेतब्बं। ",
"mil7.2.8:1.5":	"भासितम्पेतं, महाराज, भगवता देवातिदेवेन विधुर (पुण्णक) जातके—",
"mil7.2.8:2.1":	"‘चापोवूनुदरो धीरो, ",
"mil7.2.8:2.2":	"वंसो वापि पकम्पये; ",
"mil7.2.8:2.3":	"पटिलोमं न वत्तेय्य, ",
"mil7.2.8:2.4":	"स राजवसतिं वसे’”ति। ",
"mil7.2.8:3.1":	"चापङ्गपञ्हो अट्ठमो। "
}	
