{	
"mil7.7.10:0.1":	"मिलिन्दपञ्ह ",
"mil7.7.10:0.2":	"ओपम्मकथापञ्ह ",
"mil7.7.10:0.3":	"मक्कटकवग्ग ",
"mil7.7.10:0.4":	"१०। तच्छकङ्गपञ्ह ",
"mil7.7.10:1.1":	"“भन्ते नागसेन, ‘तच्छकस्स द्वे अङ्गानि गहेतब्बानी’ति यं वदेसि, कतमानि तानि द्वे अङ्गानि गहेतब्बानी”ति? ",
"mil7.7.10:1.2":	"“यथा, महाराज, तच्छको काळसुत्तं अनुलोमेत्वा रुक्खं तच्छति; ",
"mil7.7.10:1.3":	"एवमेव खो, महाराज, योगिना योगावचरेन जिनसासनमनुलोमयित्वा सीलपथवियं पतिट्ठहित्वा सद्धाहत्थेन पञ्ञावासिं गहेत्वा किलेसा तच्छेतब्बा। ",
"mil7.7.10:1.4":	"इदं, महाराज, तच्छकस्स पठमं अङ्गं गहेतब्बं। ",
"mil7.7.10:2.1":	"पुन चपरं, महाराज, तच्छको फेग्गुं अपहरित्वा सारमादियति; ",
"mil7.7.10:2.2":	"एवमेव खो, महाराज, योगिना योगावचरेन सस्सतं उच्छेदं तं जीवं तं सरीरं अञ्ञं जीवं अञ्ञं सरीरं तदुत्तमं अञ्ञदुत्तमं अकतमभब्बं अपुरिसकारं अब्रह्मचरियवासं सत्तविनासं नवसत्तपातुभावं सङ्खारसस्सतभावं यो करोति, सो पटिसंवेदेति, अञ्ञो करोति, अञ्ञो पटिसंवेदेति, कम्मफलदस्सना च किरियफलदिट्ठि च इति एवरूपानि चेव अञ्ञानि च विवादपथानि अपनेत्वा सङ्खारानं सभावं परमसुञ्ञतं निरीहनिज्जीवतं अच्चन्तं सुञ्ञतं आदियितब्बं। ",
"mil7.7.10:2.3":	"इदं, महाराज, तच्छकस्स दुतियं अङ्गं गहेतब्बं। ",
"mil7.7.10:2.4":	"भासितम्पेतं, महाराज, भगवता देवातिदेवेन सुत्तनिपाते—",
"mil7.7.10:3.1":	"‘कारण्डवं निद्धमथ, ",
"mil7.7.10:3.2":	"कसम्बुं अपकस्सथ; ",
"mil7.7.10:3.3":	"ततो पलापे वाहेथ, ",
"mil7.7.10:3.4":	"अस्समणे समणमानिने। ",
"mil7.7.10:4.1":	"निद्धमित्वान पापिच्छे, ",
"mil7.7.10:4.2":	"पापआचारगोचरे; ",
"mil7.7.10:4.3":	"सुद्धा सुद्धेहि संवासं, ",
"mil7.7.10:4.4":	"कप्पयव्हो पतिस्सता; ",
"mil7.7.10:4.5":	"ततो समग्गा निपका, ",
"mil7.7.10:4.6":	"दुक्खस्सन्तं करिस्सथा’”ति। ",
"mil7.7.10:5.1":	"तच्छकङ्गपञ्हो दसमो। ",
"mil7.7.10:6.1":	"मक्कटकवग्गो छट्ठो। ",
"mil7.7.10:7.1":	"तस्सुद्दानं ",
"mil7.7.10:8.1":	"मक्कटो दारको कुम्मो, ",
"mil7.7.10:8.2":	"वनं रुक्खो च पञ्चमो; ",
"mil7.7.10:8.3":	"मेघो मणि मागविको, ",
"mil7.7.10:8.4":	"बाळिसी तच्छकेन चाति। "
}	
