{	
"mil7.3.7:0.1":	"मिलिन्दपञ्ह ",
"mil7.3.7:0.2":	"ओपम्मकथापञ्ह ",
"mil7.3.7:0.3":	"समुद्दवग्ग ",
"mil7.3.7:0.4":	"७। कूपङ्गपञ्ह ",
"mil7.3.7:1.1":	"“भन्ते नागसेन, ‘कूपस्स एकं अङ्गं गहेतब्बन्’ति यं वदेसि, कतमं तं एकं अङ्गं गहेतब्बन्”ति? ",
"mil7.3.7:1.2":	"“यथा, महाराज, कूपो रज्जुञ्च वरत्तञ्च लङ्कारञ्च धारेति; ",
"mil7.3.7:1.3":	"एवमेव खो, महाराज, योगिना योगावचरेन सतिसम्पजञ्ञसमन्नागतेन भवितब्बं, अभिक्कन्ते पटिक्कन्ते आलोकिते विलोकिते समिञ्जिते पसारिते सङ्घाटिपत्तचीवरधारणे असिते पीते खायिते सायिते उच्चारपस्सावकम्मे गते ठिते निसिन्ने सुत्ते जागरिते भासिते तुण्हीभावे सम्पजानकारिना भवितब्बं। ",
"mil7.3.7:1.4":	"इदं, महाराज, कूपस्स एकं अङ्गं गहेतब्बं। ",
"mil7.3.7:1.5":	"भासितम्पेतं, महाराज, भगवता देवातिदेवेन ‘सतो, भिक्खवे, भिक्खु विहरेय्य सम्पजानो, अयं वो अम्हाकं अनुसासनी’”ति। ",
"mil7.3.7:2.1":	"कूपङ्गपञ्हो सत्तमो। "
}	
