{	
"mil7.3.10:0.1":	"मिलिन्दपञ्ह ",
"mil7.3.10:0.2":	"ओपम्मकथापञ्ह ",
"mil7.3.10:0.3":	"समुद्दवग्ग ",
"mil7.3.10:0.4":	"१०। समुद्दङ्गपञ्ह ",
"mil7.3.10:1.1":	"“भन्ते नागसेन, ‘समुद्दस्स पञ्च अङ्गानि गहेतब्बानी’ति यं वदेसि, कतमानि तानि पञ्च अङ्गानि गहेतब्बानी”ति? ",
"mil7.3.10:1.2":	"“यथा, महाराज, महासमुद्दो मतेन कुणपेन सद्धिं न संवसति; ",
"mil7.3.10:1.3":	"एवमेव खो, महाराज, योगिना योगावचरेन रागदोसमोहमानदिट्ठिमक्खपळासैस्सामच्छरियमायासाठेय्यकुटिलविसमदुच्चरितकिलेसमलेहि सद्धिं न संवसितब्बं। ",
"mil7.3.10:1.4":	"इदं, महाराज, समुद्दस्स पठमं अङ्गं गहेतब्बं। ",
"mil7.3.10:2.1":	"पुन चपरं, महाराज, महासमुद्दो मुत्तामणिवेळुरियसङ्खसिलापवाळफलिकमणिविविधरतननिचयं धारेन्तो पिदहति, न बहि विकिरति; ",
"mil7.3.10:2.2":	"एवमेव खो, महाराज, योगिना योगावचरेन मग्गफलझानविमोक्खसमाधिसमापत्तिविपस्सनाभिञ्ञाविविधगुणरतनानि अधिगन्त्वा पिदहितब्बानि, न बहि नीहरितब्बानि। ",
"mil7.3.10:2.3":	"इदं, महाराज, समुद्दस्स दुतियं अङ्गं गहेतब्बं। ",
"mil7.3.10:3.1":	"पुन चपरं, महाराज, महासमुद्दो महन्तेहि महाभूतेहि सद्धिं संवसति; ",
"mil7.3.10:3.2":	"एवमेव खो, महाराज, योगिना योगावचरेन अप्पिच्छं सन्तुट्ठं धुतवादं सल्लेखवुत्तिं आचारसम्पन्नं लज्जिं पेसलं गरुं भावनीयं वत्तारं वचनक्खमं चोदकं पापगरहिं ओवादकं अनुसासकं विञ्ञापकं सन्दस्सकं समादपकं समुत्तेजकं सम्पहंसकं कल्याणमित्तं सब्रह्मचारिं निस्साय वसितब्बं। ",
"mil7.3.10:3.3":	"इदं, महाराज, महासमुद्दस्स ततियं अङ्गं गहेतब्बं। ",
"mil7.3.10:4.1":	"पुन चपरं, महाराज, महासमुद्दो नवसलिलसम्पुण्णाहि गङ्गायमुनाअचिरवतीसरभूमहीआदीहि नदीसतसहस्सेहि अन्तलिक्खे सलिलधाराहि च पूरितोपि सकं वेलं नातिवत्तति; ",
"mil7.3.10:4.2":	"एवमेव खो, महाराज, योगिना योगावचरेन लाभसक्कारसिलोकवन्दनमाननपूजनकारणा जीवितहेतुपि सञ्चिच्च सिक्खापदवीतिक्कमो न करणीयो। ",
"mil7.3.10:4.3":	"इदं, महाराज, महासमुद्दस्स चतुत्थं अङ्गं गहेतब्बं। ",
"mil7.3.10:4.4":	"भासितम्पेतं, महाराज, भगवता देवातिदेवेन—",
"mil7.3.10:5.1":	"‘सेय्यथापि, महाराज, महासमुद्दो ठितधम्मो वेलं नातिक्कमति; ",
"mil7.3.10:5.2":	"एवमेव खो, महाराज, यं मया सावकानं सिक्खापदं पञ्ञत्तं, तं मम सावका जीवितहेतुपि नातिक्कमन्ती’ति। ",
"mil7.3.10:6.1":	"पुन चपरं, महाराज, महासमुद्दो सब्बसवन्तीहि गङ्गायमुनाअचिरवतीसरभूमहीहि अन्तलिक्खे उदकधाराहिपि न परिपूरति; ",
"mil7.3.10:6.2":	"एवमेव खो, महाराज, योगिना योगावचरेन उद्देसपरिपुच्छासवनधारणविनिच्छयअभिधम्मविनयगाळ्हसुत्तन्तविग्गहपदनिक्खेपपदसन्धि पदविभत्तिनवङ्गजिनसासनवरं सुणन्तेनापि न तप्पितब्बं। ",
"mil7.3.10:6.3":	"इदं, महाराज, महासमुद्दस्स पञ्चमं अङ्गं गहेतब्बं। ",
"mil7.3.10:6.4":	"भासितम्पेतं, महाराज, भगवता देवातिदेवेन सुतसोमजातके—",
"mil7.3.10:7.1":	"‘अग्गि यथा तिणकट्ठं दहन्तो, ",
"mil7.3.10:7.2":	"न तप्पति सागरो वा नदीहि; ",
"mil7.3.10:7.3":	"एवम्पि चे पण्डिता राजसेट्ठ, ",
"mil7.3.10:7.4":	"सुत्वा न तप्पन्ति सुभासितेना’”ति। ",
"mil7.3.10:8.1":	"समुद्दङ्गपञ्हो दसमो। ",
"mil7.3.10:9.1":	"समुद्दवग्गो दुतियो। ",
"mil7.3.10:10.1":	"तस्सुद्दानं ",
"mil7.3.10:11.1":	"लाबुलता च पदुमं, ",
"mil7.3.10:11.2":	"बीजं सालकल्याणिका; ",
"mil7.3.10:11.3":	"नावा च नावालग्गनं, ",
"mil7.3.10:11.4":	"कूपो नियामको तथा; ",
"mil7.3.10:11.5":	"कम्मकारो समुद्दो च, ",
"mil7.3.10:11.6":	"वग्गो तेन पवुच्चतीति। "
}	
