{	
"mil7.4.3:0.1":	"मिलिन्दपञ्ह ",
"mil7.4.3:0.2":	"ओपम्मकथापञ्ह ",
"mil7.4.3:0.3":	"पथवीवग्ग ",
"mil7.4.3:0.4":	"३। तेजङ्गपञ्ह ",
"mil7.4.3:1.1":	"“भन्ते नागसेन, ‘तेजस्स पञ्च अङ्गानि गहेतब्बानी’ति यं वदेसि, कतमानि तानि पञ्च अङ्गानि गहेतब्बानी”ति? ",
"mil7.4.3:1.2":	"“यथा, महाराज, तेजो तिणकट्ठसाखापलासं डहति; ",
"mil7.4.3:1.3":	"एवमेव खो, महाराज, योगिना योगावचरेन ये ते अब्भन्तरा वा बाहिरा वा किलेसा इट्ठानिट्ठारम्मणानुभवना, सब्बे ते ञाणग्गिना डहितब्बा। ",
"mil7.4.3:1.4":	"इदं, महाराज, तेजस्स पठमं अङ्गं गहेतब्बं। ",
"mil7.4.3:2.1":	"पुन चपरं, महाराज, तेजो निद्दयो अकारुणिको; ",
"mil7.4.3:2.2":	"एवमेव खो, महाराज, योगिना योगावचरेन सब्बकिलेसेसु कारुञ्ञानुद्दया न कातब्बा। ",
"mil7.4.3:2.3":	"इदं, महाराज, तेजस्स दुतियं अङ्गं गहेतब्बं। ",
"mil7.4.3:3.1":	"पुन चपरं, महाराज, तेजो सीतं पटिहनति; ",
"mil7.4.3:3.2":	"एवमेव खो, महाराज, योगिना योगावचरेन वीरियसन्तापतेजं अभिजनेत्वा किलेसा पटिहन्तब्बा। ",
"mil7.4.3:3.3":	"इदं, महाराज, तेजस्स ततियं अङ्गं गहेतब्बं। ",
"mil7.4.3:4.1":	"पुन चपरं, महाराज, तेजो अनुनयप्पटिघविप्पमुत्तो उण्हमभिजनेति; ",
"mil7.4.3:4.2":	"एवमेव खो, महाराज, योगिना योगावचरेन अनुनयप्पटिघविप्पमुत्तेन तेजोसमेन चेतसा विहरितब्बं। ",
"mil7.4.3:4.3":	"इदं, महाराज, तेजस्स चतुत्थं अङ्गं गहेतब्बं। ",
"mil7.4.3:5.1":	"पुन चपरं, महाराज, तेजो अन्धकारं विधमित्वा आलोकं दस्सयति; ",
"mil7.4.3:5.2":	"एवमेव खो, महाराज, योगिना योगावचरेन अविज्जन्धकारं विधमित्वा ञाणालोकं दस्सयितब्बं। ",
"mil7.4.3:5.3":	"इदं, महाराज, तेजस्स पञ्चमं अङ्गं गहेतब्बं। ",
"mil7.4.3:5.4":	"भासितम्पेतं, महाराज, भगवता देवातिदेवेन सकं पुत्तं राहुलं ओवदन्तेन—",
"mil7.4.3:6.1":	"‘तेजोसमं, राहुल, भावनं भावेहि। ",
"mil7.4.3:6.2":	"तेजोसमं हि ते, राहुल, भावनं भावयतो उप्पन्ना मनापामनापा फस्सा चित्तं न परियादाय ठस्सन्ती’”ति। ",
"mil7.4.3:7.1":	"तेजङ्गपञ्हो ततियो। "
}	
