{	
"mil7.6.4:0.1":	"मिलिन्दपञ्ह ",
"mil7.6.4:0.2":	"ओपम्मकथापञ्ह ",
"mil7.6.4:0.3":	"सीहवग्ग ",
"mil7.6.4:0.4":	"४। घरकपोतङ्गपञ्ह ",
"mil7.6.4:1.1":	"“भन्ते नागसेन, ‘घरकपोतस्स एकं अङ्गं गहेतब्बन्’ति यं वदेसि, कतमं तं एकं अङ्गं गहेतब्बन्”ति? ",
"mil7.6.4:1.2":	"“यथा, महाराज, घरकपोतो परगेहे वसमानो न तेसं किञ्चि भण्डस्स निमित्तं गण्हाति, मज्झत्तो वसति सञ्ञाबहुलो; ",
"mil7.6.4:1.3":	"एवमेव खो, महाराज, योगिना योगावचरेन परकुलं उपगतेन तस्मिं कुले इत्थीनं वा पुरिसानं वा मञ्चे वा पीठे वा वत्थे वा अलङ्कारे वा उपभोगे वा परिभोगे वा भोजनविकतीसु वा न निमित्तं गहेतब्बं, मज्झत्तेन भवितब्बं, समणसञ्ञा पच्चुपट्ठपेतब्बा। ",
"mil7.6.4:1.4":	"इदं, महाराज, घरकपोतस्स एकं अङ्गं गहेतब्बं। ",
"mil7.6.4:1.5":	"भासितम्पेतं, महाराज, भगवता देवातिदेवेन चूळनारदजातके—",
"mil7.6.4:2.1":	"‘पविसित्वा परकुलं, ",
"mil7.6.4:2.2":	"पानत्थं भोजनाय वा; ",
"mil7.6.4:2.3":	"मितं खादे मितं भुञ्जे, ",
"mil7.6.4:2.4":	"न च रूपे मनं करे’”ति। ",
"mil7.6.4:3.1":	"घरकपोतङ्गपञ्हो चतुत्थो। "
}	
