{	
"mil8:0.1":	"मिलिन्दपञ्ह ",
"mil8:0.2":	"निगमन ",
"mil8:1.1":	"इति छसु कण्डेसु बावीसतिवग्गपतिमण्डितेसु द्वासट्ठिअधिका द्वेसता इमस्मिं पोत्थके आगता मिलिन्दपञ्हा समत्ता, अनागता च पन द्वाचत्तालीसा होन्ति, आगता च अनागता च सब्बा समोधानेत्वा चतूहि अधिका तिसतपञ्हा होन्ति, सब्बाव मिलिन्दपञ्हाति सङ्खं गच्छन्ति। ",
"mil8:2.1":	"रञ्ञो च थेरस्स च पुच्छाविसज्जनावसाने चतुरासीतिसतसहस्सयोजनबहला उदकपरियन्तं कत्वा अयं महापथवी छधा कम्पित्थ, विज्जुल्लता निच्छरिंसु, देवता दिब्बपुप्फवस्सं पवस्सिंसु, महाब्रह्मा साधुकारमदासि, महासमुद्दकुच्छियं मेघत्थनितनिग्घोसो विय महाघोसो अहोसि, इति सो मिलिन्दो राजा च ओरोधगणा च सिरसा अञ्जलिं पणामेत्वा वन्दिंसु। ",
"mil8:3.1":	"मिलिन्दो राजा अतिविय पमुदितहदयो सुमथितमानहदयो बुद्धसासने सारमतिनो रतनत्तये सुनिक्कङ्खो निग्गुम्बो नित्थद्धो हुत्वा थेरस्स गुणेसु पब्बज्जासु पटिपदाइरियापथेसु च अतिविय पसन्नो विस्सत्थो निरालयो निहतमानत्थम्भो उद्धटदाठो विय भुजगिन्दो एवमाह—",
"mil8:3.2":	"“साधु, भन्ते नागसेन, बुद्धविसयो पञ्हो तया विसज्जितो, इमस्मिं बुद्धसासने ठपेत्वा धम्मसेनापतिं सारिपुत्तत्थेरं अञ्ञो तया सदिसो पञ्हविसज्जने नत्थि, खमथ, भन्ते नागसेन, मम अच्चयं, उपासकं मं, भन्ते नागसेन, धारेथ अज्जतग्गे पाणुपेतं सरणं गतन्”ति। ",
"mil8:4.1":	"तदा राजा सह बलकायेहि नागसेनत्थेरं पयिरुपासित्वा मिलिन्दं नाम विहारं कारेत्वा थेरस्स निय्यातेत्वा चतूहि पच्चयेहि नागसेनं कोटिसतेहि भिक्खूहि सद्धिं परिचरि, पुनपि थेरस्स पञ्ञाय पसीदित्वा पुत्तस्स रज्जं निय्यातेत्वा अगारस्मा अनगारियं पब्बजित्वा विपस्सनं वड्ढेत्वा अरहत्तं पापुणि, तेन वुत्तं—",
"mil8:5.1":	"“पञ्ञा पसत्था लोकस्मिं, ",
"mil8:5.2":	"कता सद्धम्मट्ठितिया; ",
"mil8:5.3":	"पञ्ञाय विमतिं हन्त्वा, ",
"mil8:5.4":	"सन्तिं पप्पोन्ति पण्डिता। ",
"mil8:6.1":	"यस्मिं खन्धे ठिता पञ्ञा, ",
"mil8:6.2":	"सति तत्थ अनूनका; ",
"mil8:6.3":	"पूजा विसेसस्साधारो, ",
"mil8:6.4":	"अग्गो सेट्ठो अनुत्तरो; ",
"mil8:6.5":	"तस्मा हि पण्डितो पोसो, ",
"mil8:6.6":	"सम्पस्सं हितमत्तनो; ",
"mil8:6.7":	"पञ्ञवन्तंभिपूजेय्य, ",
"mil8:6.8":	"चेतियं विय सादरो”ति। ",
"mil8:7.1":	"लङ्कायं दोणिनगरे, ",
"mil8:7.2":	"वसता दोणिनामिना; ",
"mil8:7.3":	"महाथेरेन लेखित्वा, ",
"mil8:7.4":	"सुट्ठपितं यथासुतं; ",
"mil8:7.5":	"मिलिन्दराजपञ्हो च, ",
"mil8:7.6":	"नागसेनविसज्जनं; ",
"mil8:7.7":	"मिलिन्दो हि महापञ्ञो, ",
"mil8:7.8":	"नागसेनो सुपण्डितो। ",
"mil8:8.1":	"इमिना पुञ्ञकम्मेन, ",
"mil8:8.2":	"इतो गच्छामि तुस्सितं; ",
"mil8:8.3":	"मेत्तेय्यंनागते पस्से, ",
"mil8:8.4":	"सुणेय्यं धम्ममुत्तमन्ति। ",
"mil8:9.1":	"मिलिन्दपञ्हो निट्ठितो। "
}	
