{	
"mnd1:0.1":	"महानिद्देस ",
"mnd1:0.2":	"अट्ठकवग्ग ",
"mnd1:0.3":	"१। कामसुत्तनिद्देस ",
"mnd1:1.1":	"नमो तस्स भगवतो अरहतो सम्मासम्बुद्धस्स। ",
"mnd1:2.1":	"<ब्>कामं कामयमानस्स,</ब्> ",
"mnd1:2.2":	"<ब्>तस्स चे तं समिज्झति;</ब्> ",
"mnd1:2.3":	"<ब्>अद्धा पीतिमनो होति,</ब्> ",
"mnd1:2.4":	"<ब्>लद्धा मच्चो यदिच्छति।</ब्> ",
"mnd1:3.1":	"<ब्>कामं कामयमानस्सा</ब्>ति <ब्>कामा</ब्>ति उद्दानतो द्वे कामा—",
"mnd1:3.2":	"वत्थुकामा च किलेसकामा च। ",
"mnd1:3.3":	"कतमे <ब्>वत्थुकामा?</ब्> ",
"mnd1:3.4":	"मनापिका रूपा मनापिका सद्दा मनापिका गन्धा मनापिका रसा मनापिका फोट्ठब्बा; ",
"mnd1:3.5":	"अत्थरणा पावुरणा दासिदासा अजेळका कुक्कुटसूकरा हत्थिगवास्सवळवा खेत्तं वत्थु हिरञ्ञं सुवण्णं गामनिगमराजधानियो रट्ठञ्च जनपदो च कोसो च कोट्ठागारञ्च, यं किञ्चि रजनीयं वत्थु—",
"mnd1:3.6":	"वत्थुकामा। ",
"mnd1:4.1":	"अपि च अतीता कामा अनागता कामा पच्चुप्पन्ना कामा; ",
"mnd1:4.2":	"अज्झत्ता कामा बहिद्धा कामा अज्झत्तबहिद्धा कामा; ",
"mnd1:4.3":	"हीना कामा मज्झिमा कामा पणीता कामा; ",
"mnd1:4.4":	"आपायिका कामा मानुसिका कामा दिब्बा कामा; ",
"mnd1:4.5":	"पच्चुपट्ठिता कामा निम्मिता कामा अनिम्मिता कामा परनिम्मिता कामा; ",
"mnd1:4.6":	"परिग्गहिता कामा अपरिग्गहिता कामा ममायिता कामा अममायिता कामा; ",
"mnd1:4.7":	"सब्बेपि कामावचरा धम्मा, सब्बेपि रूपावचरा धम्मा, सब्बेपि अरूपावचरा धम्मा, तण्हावत्थुका तण्हारम्मणा कामनीयट्ठेन रजनीयट्ठेन मदनीयट्ठेन कामा—",
"mnd1:4.8":	"इमे वुच्चन्ति वत्थुकामा। ",
"mnd1:5.1":	"कतमे <ब्>किलेसकामा?</ब्> ",
"mnd1:5.2":	"छन्दो कामो रागो कामो छन्दरागो कामो; ",
"mnd1:5.3":	"सङ्कप्पो कामो रागो कामो सङ्कप्परागो कामो; ",
"mnd1:5.4":	"यो कामेसु कामच्छन्दो कामरागो कामनन्दी कामतण्हा कामस्नेहो कामपरिळाहो काममुच्छा कामज्झोसानं कामोघो कामयोगो कामुपादानं कामच्छन्दनीवरणं। ",
"mnd1:6.1":	"“अद्दसं काम ते मूलं, ",
"mnd1:6.2":	"सङ्कप्पा काम जायसि; ",
"mnd1:6.3":	"न तं सङ्कप्पयिस्सामि, ",
"mnd1:6.4":	"एवं काम न हेहिसी”ति।—",
"mnd1:7.1":	"इमे वुच्चन्ति किलेसकामा। ",
"mnd1:7.2":	"<ब्>कामयमानस्सा</ब्>ति कामयमानस्स इच्छमानस्स सादियमानस्स पत्थयमानस्स पिहयमानस्स अभिजप्पमानस्साति—",
"mnd1:7.3":	"कामं कामयमानस्स। ",
"mnd1:8.1":	"<ब्>तस्स चे तं समिज्झती</ब्>ति। ",
"mnd1:8.2":	"<ब्>तस्स चे</ब्>ति तस्स खत्तियस्स वा ब्राह्मणस्स वा वेस्सस्स वा सुद्दस्स वा गहट्ठस्स वा पब्बजितस्स वा देवस्स वा मनुस्सस्स वा। ",
"mnd1:8.3":	"<ब्>तन्</ब्>ति वत्थुकामा वुच्चन्ति—",
"mnd1:8.4":	"मनापिका रूपा मनापिका सद्दा मनापिका गन्धा मनापिका रसा मनापिका फोट्ठब्बा। ",
"mnd1:8.5":	"<ब्>समिज्झती</ब्>ति इज्झति समिज्झति लभति पटिलभति अधिगच्छति विन्दतीति—",
"mnd1:8.6":	"तस्स चे तं समिज्झति। ",
"mnd1:9.1":	"<ब्>अद्धा पीतिमनो होती</ब्>ति। ",
"mnd1:9.2":	"<ब्>अद्धा</ब्>ति एकंसवचनं निस्संसयवचनं निक्कङ्खावचनं अद्वेज्झवचनं अद्वेळ्हकवचनं नियोगवचनं अपण्णकवचनं अवत्थापनवचनमेतं—",
"mnd1:9.3":	"अद्धाति। ",
"mnd1:9.4":	"<ब्>पीती</ब्>ति या पञ्चकामगुणपटिसञ्ञुत्ता पीति पामुज्जं आमोदना पमोदना हासो पहासो वित्ति तुट्ठि ओदग्यं अत्तमनता अभिफरणता चित्तस्स। ",
"mnd1:9.5":	"<ब्>मनो</ब्>ति यं चित्तं मनो मानसं हदयं पण्डरं मनो मनायतनं मनिन्द्रियं विञ्ञाणं विञ्ञाणक्खन्धो तज्जा मनोविञ्ञाणधातु, अयं वुच्चति मनो। ",
"mnd1:9.6":	"अयं मनो इमाय पीतिया सहगतो होति सहजातो संसट्ठो सम्पयुत्तो एकुप्पादो एकनिरोधो एकवत्थुको एकारम्मणो। ",
"mnd1:9.7":	"<ब्>पीतिमनो होती</ब्>ति पीतिमनो होति तुट्ठमनो हट्ठमनो पहट्ठमनो अत्तमनो उदग्गमनो मुदितमनो पमोदितमनो होतीति—",
"mnd1:9.8":	"अद्धा पीतिमनो होति। ",
"mnd1:10.1":	"<ब्>लद्धा मच्चो यदिच्छती</ब्>ति। ",
"mnd1:10.2":	"<ब्>लद्धा</ब्>ति लभित्वा पटिलभित्वा अधिगन्त्वा विन्दित्वा। ",
"mnd1:10.3":	"<ब्>मच्चो</ब्>ति सत्तो नरो मानवो पोसो पुग्गलो जीवो जागु जन्तु इन्दगु मनुजो। ",
"mnd1:10.4":	"<ब्>यदिच्छती</ब्>ति यं इच्छति यं सादियति यं पत्थेति यं पिहेति यं अभिजप्पति, रूपं वा सद्दं वा गन्धं वा रसं वा फोट्ठब्बं वाति, लद्धा मच्चो यदिच्छति। ",
"mnd1:11.1":	"तेनाह भगवा—",
"mnd1:12.1":	"“कामं कामयमानस्स, ",
"mnd1:12.2":	"तस्स चे तं समिज्झति; ",
"mnd1:12.3":	"अद्धा पीतिमनो होति, ",
"mnd1:12.4":	"लद्धा मच्चो यदिच्छती”ति। ",
"mnd1:13.1":	"<ब्>तस्स चे कामयानस्स,</ब्> ",
"mnd1:13.2":	"<ब्>छन्दजातस्स जन्तुनो;</ब्> ",
"mnd1:13.3":	"<ब्>ते कामा परिहायन्ति,</ब्> ",
"mnd1:13.4":	"<ब्>सल्लविद्धोव रुप्पति।</ब्> ",
"mnd1:14.1":	"<ब्>तस्स चे कामयानस्सा</ब्>ति। ",
"mnd1:14.2":	"<ब्>तस्स चे</ब्>ति तस्स खत्तियस्स वा ब्राह्मणस्स वा वेस्सस्स वा सुद्दस्स वा गहट्ठस्स वा पब्बजितस्स वा देवस्स वा मनुस्सस्स वा। ",
"mnd1:14.3":	"<ब्>कामयानस्सा</ब्>ति कामे इच्छमानस्स सादियमानस्स पत्थयमानस्स पिहयमानस्स अभिजप्पमानस्स। ",
"mnd1:14.4":	"अथ वा कामतण्हाय यायति निय्यति वुय्हति संहरीयति। ",
"mnd1:14.5":	"यथा हत्थियानेन वा अस्सयानेन वा गोयानेन वा अजयानेन वा मेण्डयानेन वा ओट्ठयानेन वा खरयानेन वा यायति निय्यति वुय्हति संहरीयति; ",
"mnd1:14.6":	"एवमेवं कामतण्हाय यायति निय्यति वुय्हति संहरीयतीति—",
"mnd1:14.7":	"तस्स चे कामयानस्स। ",
"mnd1:15.1":	"<ब्>छन्दजातस्स जन्तुनो</ब्>ति। ",
"mnd1:15.2":	"<ब्>छन्दो</ब्>ति यो कामेसु कामच्छन्दो कामरागो कामनन्दी कामतण्हा कामस्नेहो कामपरिळाहो काममुच्छा कामज्झोसानं कामोघो कामयोगो कामुपादानं कामच्छन्दनीवरणं, तस्स सो कामच्छन्दो जातो होति सञ्जातो निब्बत्तो अभिनिब्बत्तो पातुभूतो। ",
"mnd1:15.3":	"<ब्>जन्तुनो</ब्>ति सत्तस्स नरस्स मानवस्स पोसस्स पुग्गलस्स जीवस्स जागुस्स जन्तुस्स इन्दगुस्स मनुजस्साति—",
"mnd1:15.4":	"छन्दजातस्स जन्तुनो। ",
"mnd1:16.1":	"<ब्>ते कामा परिहायन्ती</ब्>ति—",
"mnd1:16.2":	"ते वा कामा परिहायन्ति, सो वा कामेहि परिहायति। ",
"mnd1:16.3":	"कथं ते कामा परिहायन्ति? ",
"mnd1:16.4":	"तस्स तिट्ठन्तस्सेव ते भोगे राजानो वा हरन्ति, चोरा वा हरन्ति, अग्गि वा दहति, उदकं वा वहति, अप्पिया वा दायादा हरन्ति, निहितं वा नाधिगच्छति, दुप्पयुत्ता वा कम्मन्ता भिज्जन्ति, कुले वा कुलङ्गारो उप्पज्जति, यो ते भोगे विकिरति विधमति विद्धंसेति अनिच्चतायेव अट्ठमी। ",
"mnd1:16.5":	"एवं ते कामा हायन्ति परिहायन्ति परिधंसेन्ति परिपतन्ति अन्तरधायन्ति विप्पलुज्जन्ति। ",
"mnd1:16.6":	"कथं सो कामेहि परिहायति? ",
"mnd1:16.7":	"तिट्ठन्तेव ते भोगे सो चवति मरति विप्पलुज्जति। ",
"mnd1:16.8":	"एवं सो कामेहि हायति परिहायति परिधंसति परिपतति अन्तरधायति विप्पलुज्जति। ",
"mnd1:17.1":	"चोरा हरन्ति राजानो, ",
"mnd1:17.2":	"अग्गि दहति नस्सति; ",
"mnd1:17.3":	"अथ अन्तेन जहति, ",
"mnd1:17.4":	"सरीरं सपरिग्गहं; ",
"mnd1:17.5":	"एतदञ्ञाय मेधावी, ",
"mnd1:17.6":	"भुञ्जेथ च ददेथ च। ",
"mnd1:18.1":	"दत्वा च भुत्वा च यथानुभावं, अनिन्दितो सग्गमुपेति ठानन्ति, ते कामा परिहायन्ति। ",
"mnd1:19.1":	"<ब्>सल्लविद्धोव रुप्पती</ब्>ति। ",
"mnd1:19.2":	"यथा अयोमयेन वा सल्लेन विद्धो, अट्ठिमयेन वा सल्लेन दन्तमयेन वा सल्लेन विसाणमयेन वा सल्लेन कट्ठमयेन वा सल्लेन विद्धो रुप्पति कुप्पति घट्टीयति पीळीयति, ब्याधितो दोमनस्सितो होति, एवमेवं वत्थुकामानं विपरिणामञ्ञथाभावा उप्पज्जन्ति सोकपरिदेवदुक्खदोमनस्सुपायासा। ",
"mnd1:19.3":	"सो कामसल्लेन च सोकसल्लेन च विद्धो, रुप्पति कुप्पति घट्टीयति पीळीयति ब्याधितो दोमनस्सितो होतीति—",
"mnd1:19.4":	"सल्लविद्धोव रुप्पति। ",
"mnd1:20.1":	"तेनाह भगवा—",
"mnd1:21.1":	"“तस्स चे कामयानस्स, ",
"mnd1:21.2":	"छन्दजातस्स जन्तुनो; ",
"mnd1:21.3":	"ते कामा परिहायन्ति, ",
"mnd1:21.4":	"सल्लविद्धोव रुप्पती”ति। ",
"mnd1:22.1":	"<ब्>यो कामे परिवज्जेति,</ब्> ",
"mnd1:22.2":	"<ब्>सप्पस्सेव पदा सिरो;</ब्> ",
"mnd1:22.3":	"<ब्>सोमं विसत्तिकं लोके,</ब्> ",
"mnd1:22.4":	"<ब्>सतो समतिवत्तति।</ब्> ",
"mnd1:23.1":	"<ब्>यो कामे परिवज्जेती</ब्>ति। ",
"mnd1:23.2":	"<ब्>यो</ब्>ति यो यादिसो यथायुत्तो यथाविहितो यथापकारो यंठानप्पत्तो यंधम्मसमन्नागतो खत्तियो वा ब्राह्मणो वा वेस्सो वा सुद्दो वा गहट्ठो वा पब्बजितो वा देवो वा मनुस्सो वा। ",
"mnd1:23.3":	"<ब्>कामे परिवज्जेती</ब्>ति। ",
"mnd1:23.4":	"<ब्>कामा</ब्>ति उद्दानतो द्वे कामा—",
"mnd1:23.5":	"वत्थुकामा च किलेसकामा च …पे… ",
"mnd1:23.6":	"इमे वुच्चन्ति वत्थुकामा …पे… ",
"mnd1:23.7":	"इमे वुच्चन्ति किलेसकामा। ",
"mnd1:23.8":	"<ब्>कामे परिवज्जेती</ब्>ति द्वीहि कारणेहि कामे परिवज्जेति—",
"mnd1:23.9":	"विक्खम्भनतो वा समुच्छेदतो वा। ",
"mnd1:23.10":	"कथं विक्खम्भनतो कामे परिवज्जेति? ",
"mnd1:23.11":	"“अट्ठिकङ्कलूपमा कामा अप्पस्सादट्ठेना”ति पस्सन्तो विक्खम्भनतो कामे परिवज्जेति, ",
"mnd1:23.12":	"“मंसपेसूपमा कामा बहुसाधारणट्ठेना”ति पस्सन्तो विक्खम्भनतो कामे परिवज्जेति, ",
"mnd1:23.13":	"“तिणुक्कूपमा कामा अनुदहनट्ठेना”ति पस्सन्तो विक्खम्भनतो कामे परिवज्जेति, ",
"mnd1:23.14":	"“अङ्गारकासूपमा कामा महापरिळाहट्ठेना”ति पस्सन्तो विक्खम्भनतो कामे परिवज्जेति, ",
"mnd1:23.15":	"“सुपिनकूपमा कामा इत्तरपच्चुपट्ठानट्ठेना”ति पस्सन्तो विक्खम्भनतो कामे परिवज्जेति, ",
"mnd1:23.16":	"“याचितकूपमा कामा तावकालिकट्ठेना”ति पस्सन्तो विक्खम्भनतो कामे परिवज्जेति, ",
"mnd1:23.17":	"“रुक्खफलूपमा कामा सम्भञ्जनपरिभञ्जनट्ठेना”ति पस्सन्तो विक्खम्भनतो कामे परिवज्जेति, ",
"mnd1:23.18":	"“असिसूनूपमा कामा अधिकुट्टनट्ठेना”ति पस्सन्तो विक्खम्भनतो कामे परिवज्जेति, ",
"mnd1:23.19":	"“सत्तिसूलूपमा कामा विनिविज्झनट्ठेना”ति पस्सन्तो विक्खम्भनतो कामे परिवज्जेति, ",
"mnd1:23.20":	"“सप्पसिरूपमा कामा सप्पटिभयट्ठेना”ति पस्सन्तो विक्खम्भनतो कामे परिवज्जेति, ",
"mnd1:23.21":	"“अग्गिक्खन्धूपमा कामा महाभितापनट्ठेना”ति पस्सन्तो विक्खम्भनतो कामे परिवज्जेति। ",
"mnd1:24.1":	"बुद्धानुस्सतिं भावेन्तोपि विक्खम्भनतो कामे परिवज्जेति, ",
"mnd1:24.2":	"धम्मानुस्सतिं भावेन्तोपि …पे… ",
"mnd1:24.3":	"सङ्घानुस्सतिं भावेन्तोपि … ",
"mnd1:24.4":	"सीलानुस्सतिं भावेन्तोपि … ",
"mnd1:24.5":	"चागानुस्सतिं भावेन्तोपि … ",
"mnd1:24.6":	"देवतानुस्सतिं भावेन्तोपि … ",
"mnd1:24.7":	"आनापानस्सतिं भावेन्तोपि … ",
"mnd1:24.8":	"मरणस्सतिं भावेन्तोपि … ",
"mnd1:24.9":	"कायगतासतिं भावेन्तोपि … ",
"mnd1:24.10":	"उपसमानुस्सतिं भावेन्तोपि विक्खम्भनतो कामे परिवज्जेति। ",
"mnd1:25.1":	"पठमं झानं भावेन्तोपि विक्खम्भनतो कामे परिवज्जेति …पे… ",
"mnd1:25.2":	"दुतियं झानं भावेन्तोपि … ",
"mnd1:25.3":	"ततियं झानं भावेन्तोपि … ",
"mnd1:25.4":	"चतुत्थं झानं भावेन्तोपि … ",
"mnd1:25.5":	"आकासानञ्चायतनसमापत्तिं भावेन्तोपि … ",
"mnd1:25.6":	"विञ्ञाणञ्चायतनसमापत्तिं भावेन्तोपि … ",
"mnd1:25.7":	"आकिञ्चञ्ञायतनसमापत्तिं भावेन्तोपि … ",
"mnd1:25.8":	"नेवसञ्ञानासञ्ञायतनसमापत्तिं भावेन्तोपि विक्खम्भनतो कामे परिवज्जेति। ",
"mnd1:25.9":	"एवं विक्खम्भनतो कामे परिवज्जेति। ",
"mnd1:26.1":	"कथं समुच्छेदतो कामे परिवज्जेति? ",
"mnd1:26.2":	"सोतापत्तिमग्गं भावेन्तोपि अपायगमनीये कामे समुच्छेदतो परिवज्जेति, ",
"mnd1:26.3":	"सकदागामिमग्गं भावेन्तोपि ओळारिके कामे समुच्छेदतो परिवज्जेति, ",
"mnd1:26.4":	"अनागामिमग्गं भावेन्तोपि अनुसहगते कामे समुच्छेदतो परिवज्जेति, ",
"mnd1:26.5":	"अरहत्तमग्गं भावेन्तोपि सब्बेन सब्बं सब्बथा सब्बं असेसं निस्सेसं समुच्छेदतो कामे परिवज्जेति। ",
"mnd1:26.6":	"एवं समुच्छेदतो कामे परिवज्जेतीति—",
"mnd1:26.7":	"यो कामे परिवज्जेति। ",
"mnd1:27.1":	"<ब्>सप्पस्सेव पदा सिरो</ब्>ति। ",
"mnd1:27.2":	"<ब्>सप्पो</ब्> वुच्चति अहि। ",
"mnd1:27.3":	"केनट्ठेन सप्पो? ",
"mnd1:27.4":	"संसप्पन्तो गच्छतीति सप्पो; ",
"mnd1:27.5":	"भुजन्तो गच्छतीति भुजगो; ",
"mnd1:27.6":	"उरेन गच्छतीति उरगो; ",
"mnd1:27.7":	"पन्नसिरो गच्छतीति पन्नगो; ",
"mnd1:27.8":	"सिरेन सुपतीति सरीसपो; ",
"mnd1:27.9":	"बिले सयतीति बिलासयो; ",
"mnd1:27.10":	"गुहायं सयतीति गुहासयो; ",
"mnd1:27.11":	"दाठा तस्स आवुधोति दाठावुधो; ",
"mnd1:27.12":	"विसं तस्स घोरन्ति घोरविसो; ",
"mnd1:27.13":	"जिव्हा तस्स दुविधाति द्विजिव्हो; ",
"mnd1:27.14":	"द्वीहि जिव्हाहि रसं सायतीति द्विरसञ्ञू। ",
"mnd1:27.15":	"यथा पुरिसो जीवितुकामो अमरितुकामो सुखकामो दुक्खपटिक्कूलो पादेन सप्पसिरं वज्जेय्य विवज्जेय्य परिवज्जेय्य अभिनिवज्जेय्य; ",
"mnd1:27.16":	"एवमेवं सुखकामो दुक्खपटिक्कूलो कामे वज्जेय्य विवज्जेय्य परिवज्जेय्य अभिनिवज्जेय्याति—",
"mnd1:27.17":	"सप्पस्सेव पदा सिरो। ",
"mnd1:28.1":	"<ब्>सोमं विसत्तिकं लोके, सतो समतिवत्तती</ब्>ति। ",
"mnd1:28.2":	"<ब्>सो</ब्>ति यो कामे परिवज्जेति। ",
"mnd1:28.3":	"विसत्तिका वुच्चति तण्हा। ",
"mnd1:28.4":	"यो रागो सारागो अनुनयो अनुरोधो नन्दी नन्दिरागो, चित्तस्स सारागो इच्छा मुच्छा अज्झोसानं गेधो पलिगेधो सङ्गो पङ्को, एजा माया जनिका सञ्जननी सिब्बिनी जालिनी सरिता विसत्तिका, सुत्तं विसता आयूहिनी दुतिया पणिधि भवनेत्ति, वनं वनथो सन्धवो स्नेहो अपेक्खा पटिबन्धु, आसा आसीसना आसीसितत्तं, रूपासा सद्दासा गन्धासा रसासा फोट्ठब्बासा, लाभासा धनासा पुत्तासा जीवितासा, जप्पा पजप्पा अभिजप्पा जप्पना जप्पितत्तं लोलुप्पं लोलुप्पायना लोलुप्पायितत्तं पुच्छञ्जिकता साधुकम्यता, अधम्मरागो विसमलोभो निकन्ति निकामना पत्थना पिहना सम्पत्थना, कामतण्हा भवतण्हा विभवतण्हा, रूपतण्हा अरूपतण्हा निरोधतण्हा, रूपतण्हा सद्दतण्हा गन्धतण्हा रसतण्हा फोट्ठब्बतण्हा धम्मतण्हा, ओघो योगो गन्थो उपादानं आवरणं नीवरणं छदनं बन्धनं, उपक्किलेसो अनुसयो परियुट्ठानं लता वेविच्छं, दुक्खमूलं दुक्खनिदानं दुक्खप्पभवो मारपासो मारबळिसं मारविसयो, तण्हानदी तण्हाजालं तण्हागद्दूलं तण्हासमुद्दो अभिज्झा लोभो अकुसलमूलं। ",
"mnd1:29.1":	"<ब्>विसत्तिका</ब्>ति। ",
"mnd1:29.2":	"केनट्ठेन विसत्तिका? ",
"mnd1:29.3":	"विसताति विसत्तिका; ",
"mnd1:29.4":	"विसालाति विसत्तिका; ",
"mnd1:29.5":	"विसटाति विसत्तिका; ",
"mnd1:29.6":	"विसक्कतीति विसत्तिका; ",
"mnd1:29.7":	"विसंहरतीति विसत्तिका; ",
"mnd1:29.8":	"विसंवादिकाति विसत्तिका; ",
"mnd1:29.9":	"विसमूलाति विसत्तिका; ",
"mnd1:29.10":	"विसफलाति विसत्तिका; ",
"mnd1:29.11":	"विसपरिभोगोति विसत्तिका; ",
"mnd1:29.12":	"विसाला वा पन सा तण्हा रूपे सद्दे गन्धे रसे फोट्ठब्बे, कुले गणे आवासे लाभे यसे, पसंसाय सुखे चीवरे पिण्डपाते सेनासने गिलानपच्चयभेसज्जपरिक्खारे, कामधातुया रूपधातुया अरूपधातुया, कामभवे रूपभवे अरूपभवे, सञ्ञाभवे असञ्ञाभवे नेवसञ्ञानासञ्ञाभवे, एकवोकारभवे चतुवोकारभवे पञ्चवोकारभवे, अतीते अनागते पच्चुप्पन्ने, दिट्ठसुतमुतविञ्ञातब्बेसु धम्मेसु विसटा वित्थताति विसत्तिका। ",
"mnd1:30.1":	"<ब्>लोके</ब्>ति अपायलोके मनुस्सलोके देवलोके, खन्धलोके धातुलोके आयतनलोके। ",
"mnd1:30.2":	"<ब्>सतो</ब्>ति चतूहि कारणेहि सतो—",
"mnd1:30.3":	"काये कायानुपस्सनासतिपट्ठानं भावेन्तो सतो, ",
"mnd1:30.4":	"वेदनासु … ",
"mnd1:30.5":	"चित्ते … ",
"mnd1:30.6":	"धम्मेसु धम्मानुपस्सनासतिपट्ठानं भावेन्तो सतो। ",
"mnd1:31.1":	"अपरेहिपि चतूहि कारणेहि सतो—",
"mnd1:31.2":	"असतिपरिवज्जनाय सतो, सतिकरणीयानं धम्मानं कतत्ता सतो, सतिपरिबन्धानं धम्मानं हतत्ता सतो, सतिनिमित्तानं धम्मानं असम्मुट्ठत्ता सतो। ",
"mnd1:32.1":	"अपरेहिपि चतूहि कारणेहि सतो—",
"mnd1:32.2":	"सतिया समन्नागतत्ता सतो, सतिया वसितत्ता सतो, सतिया पागुञ्ञताय सतो, सतिया अपच्चोरोहणताय सतो। ",
"mnd1:33.1":	"अपरेहिपि चतूहि कारणेहि सतो—",
"mnd1:33.2":	"सत्तत्ता सतो, सन्तत्ता सतो, समितत्ता सतो, सन्तधम्मसमन्नागतत्ता सतो। ",
"mnd1:33.3":	"बुद्धानुस्सतिया सतो, धम्मानुस्सतिया सतो, सङ्घानुस्सतिया सतो, सीलानुस्सतिया सतो, चागानुस्सतिया सतो, देवतानुस्सतिया सतो, आनापानस्सतिया सतो, मरणस्सतिया सतो, कायगतासतिया सतो, उपसमानुस्सतिया सतो। ",
"mnd1:33.4":	"या सति अनुस्सति पटिस्सति सति सरणता धारणता अपिलापनता असम्मुस्सनता सति सतिन्द्रियं सतिबलं सम्मासति सतिसम्बोज्झङ्गो एकायनमग्गो, अयं वुच्चति सति। ",
"mnd1:33.5":	"इमाय सतिया उपेतो होति समुपेतो उपगतो समुपगतो उपपन्नो समुपपन्नो समन्नागतो, सो वुच्चति सतो। ",
"mnd1:34.1":	"<ब्>सोमं विसत्तिकं लोके, सतो समतिवत्तती</ब्>ति। ",
"mnd1:34.2":	"लोके वा सा विसत्तिका, लोके वा तं विसत्तिकं सतो तरति उत्तरति पतरति समतिक्कमति वीतिवत्ततीति—",
"mnd1:34.3":	"सोमं विसत्तिकं लोके, सतो समतिवत्तति। ",
"mnd1:35.1":	"तेनाह भगवा—",
"mnd1:36.1":	"“यो कामे परिवज्जेति, ",
"mnd1:36.2":	"सप्पस्सेव पदा सिरो; ",
"mnd1:36.3":	"सोमं विसत्तिकं लोके, ",
"mnd1:36.4":	"सतो समतिवत्तती”ति। ",
"mnd1:37.1":	"<ब्>खेत्तं वत्थुं हिरञ्ञं वा,</ब्> ",
"mnd1:37.2":	"<ब्>गवास्सं दासपोरिसं;</ब्> ",
"mnd1:37.3":	"<ब्>थियो बन्धू पुथु कामे,</ब्> ",
"mnd1:37.4":	"<ब्>यो नरो अनुगिज्झति।</ब्> ",
"mnd1:38.1":	"<ब्>खेत्तं वत्थुं हिरञ्ञं वा</ब्>ति। ",
"mnd1:38.2":	"<ब्>खेत्तन्</ब्>ति सालिक्खेत्तं वीहिक्खेत्तं मुग्गक्खेत्तं मासक्खेत्तं यवक्खेत्तं गोधुमक्खेत्तं तिलक्खेत्तं। ",
"mnd1:38.3":	"<ब्>वत्थुन्</ब्>ति घरवत्थुं कोट्ठकवत्थुं पुरेवत्थुं पच्छावत्थुं आरामवत्थुं विहारवत्थुं। ",
"mnd1:38.4":	"<ब्>हिरञ्ञन्</ब्>ति हिरञ्ञं वुच्चति कहापणोति—",
"mnd1:38.5":	"खेत्तं वत्थुं हिरञ्ञं वा। ",
"mnd1:39.1":	"<ब्>गवास्सं दासपोरिसन्</ब्>ति। ",
"mnd1:39.2":	"<ब्>गवन्</ब्>ति गवा वुच्चन्ति। ",
"mnd1:39.3":	"<ब्>अस्सा</ब्>ति पसुकादयो वुच्चन्ति। ",
"mnd1:39.4":	"<ब्>दासा</ब्>ति चत्तारो दासा—",
"mnd1:39.5":	"अन्तोजातको दासो, धनक्कीतको दासो, सामं वा दासब्यं उपेति, अकामको वा दासविसयं उपेति। ",
"mnd1:40.1":	"“आमाय दासापि भवन्ति हेके, ",
"mnd1:40.2":	"धनेन कीतापि भवन्ति दासा; ",
"mnd1:40.3":	"सामञ्च एके उपयन्ति दास्यं, ",
"mnd1:40.4":	"भयापनुण्णापि भवन्ति दासा”ति। ",
"mnd1:41.1":	"<ब्>पुरिसा</ब्>ति तयो पुरिसा—",
"mnd1:41.2":	"भतका, कम्मकरा, उपजीविनोति—",
"mnd1:41.3":	"गवास्सं दासपोरिसं। ",
"mnd1:42.1":	"<ब्>थियो बन्धू पुथु कामे</ब्>ति। ",
"mnd1:42.2":	"<ब्>थियो</ब्>ति इत्थिपरिग्गहो वुच्चति। ",
"mnd1:42.3":	"<ब्>बन्धू</ब्>ति चत्तारो बन्धू—",
"mnd1:42.4":	"ञातिबन्धवापि बन्धु, गोत्तबन्धवापि बन्धु, मन्तबन्धवापि बन्धु, सिप्पबन्धवापि बन्धु। ",
"mnd1:42.5":	"<ब्>पुथु कामे</ब्>ति बहू कामे। ",
"mnd1:42.6":	"एते पुथु कामा मनापिका रूपा …पे… ",
"mnd1:42.7":	"मनापिका फोट्ठब्बाति—",
"mnd1:42.8":	"थियो बन्धू पुथु कामे। ",
"mnd1:43.1":	"<ब्>यो नरो अनुगिज्झती</ब्>ति। ",
"mnd1:43.2":	"<ब्>यो</ब्>ति यो यादिसो यथायुत्तो यथाविहितो यथापकारो यंठानप्पत्तो यंधम्मसमन्नागतो खत्तियो वा ब्राह्मणो वा वेस्सो वा सुद्दो वा गहट्ठो वा पब्बजितो वा देवो वा मनुस्सो वा। ",
"mnd1:43.3":	"<ब्>नरो</ब्>ति सत्तो नरो मानवो पोसो पुग्गलो जीवो जागु जन्तु इन्दगु मनुजो। ",
"mnd1:43.4":	"<ब्>अनुगिज्झती</ब्>ति किलेसकामेन वत्थुकामेसु गिज्झति अनुगिज्झति पलिगिज्झति पलिबज्झतीति—",
"mnd1:43.5":	"यो नरो अनुगिज्झति। ",
"mnd1:44.1":	"तेनाह भगवा—",
"mnd1:45.1":	"“खेत्तं वत्थुं हिरञ्ञं वा, ",
"mnd1:45.2":	"गवास्सं दासपोरिसं; ",
"mnd1:45.3":	"थियो बन्धू पुथु कामे, ",
"mnd1:45.4":	"यो नरो अनुगिज्झती”ति। ",
"mnd1:46.1":	"<ब्>अबला नं बलीयन्ति,</ब्> ",
"mnd1:46.2":	"<ब्>मद्दन्तेनं परिस्सया;</ब्> ",
"mnd1:46.3":	"<ब्>ततो नं दुक्खमन्वेति,</ब्> ",
"mnd1:46.4":	"<ब्>नावं भिन्नमिवोदकं।</ब्> ",
"mnd1:47.1":	"<ब्>अबला नं बलीयन्ती</ब्>ति। ",
"mnd1:47.2":	"<ब्>अबला</ब्>ति अबला किलेसा दुब्बला अप्पबला अप्पथामका हीना निहीना (…) ओमका लामका छतुक्का परित्ता। ",
"mnd1:47.3":	"ते किलेसा तं पुग्गलं सहन्ति परिसहन्ति अभिभवन्ति अज्झोत्थरन्ति परियादियन्ति मद्दन्तीति, एवम्पि अबला नं बलीयन्ति। ",
"mnd1:47.4":	"अथ वा अबलं पुग्गलं दुब्बलं अप्पबलं अप्पथामकं हीनं निहीनं ओमकं लामकं छतुक्कं परित्तं, यस्स नत्थि सद्धाबलं वीरियबलं सतिबलं समाधिबलं पञ्ञाबलं हिरिबलं ओत्तप्पबलं। ",
"mnd1:47.5":	"ते किलेसा तं पुग्गलं सहन्ति परिसहन्ति अभिभवन्ति अज्झोत्थरन्ति परियादियन्ति मद्दन्तीति—",
"mnd1:47.6":	"एवम्पि अबला नं बलीयन्तीति। ",
"mnd1:48.1":	"<ब्>मद्दन्तेनं परिस्सया</ब्>ति। ",
"mnd1:48.2":	"द्वे परिस्सया—",
"mnd1:48.3":	"पाकटपरिस्सया च पटिच्छन्नपरिस्सया च। ",
"mnd1:48.4":	"कतमे <ब्>पाकटपरिस्सया</ब्>? ",
"mnd1:48.5":	"सीहा ब्यग्घा दीपी अच्छा तरच्छा कोका महिंसा हत्थी अही विच्छिका सतपदी, ",
"mnd1:48.6":	"चोरा वा अस्सु मानवा वा कतकम्मा वा अकतकम्मा वा, ",
"mnd1:48.7":	"चक्खुरोगो सोतरोगो घानरोगो जिव्हारोगो कायरोगो सीसरोगो कण्णरोगो मुखरोगो दन्तरोगो, कासो सासो पिनासो डाहो जरो, कुच्छिरोगो मुच्छा पक्खन्दिका सूला विसूचिका, कुट्ठं गण्डो किलासो सोसो अपमारो, दद्दु कण्डु कच्छु रखसा वितच्छिका लोहितपित्तं, मधुमेहो अंसा पिळका भगन्दला, पित्तसमुट्ठाना आबाधा सेम्हसमुट्ठाना आबाधा वातसमुट्ठाना आबाधा सन्निपातिका आबाधा उतुपरिणामजा आबाधा विसमपरिहारजा आबाधा, ओपक्कमिका आबाधा कम्मविपाकजा आबाधा, सीतं उण्हं जिघच्छा पिपासा उच्चारो पस्सावो डंसमकसवातातपसरीसपसम्फस्सा इति वा—",
"mnd1:48.8":	"इमे वुच्चन्ति पाकटपरिस्सया। ",
"mnd1:49.1":	"कतमे <ब्>पटिच्छन्नपरिस्सया</ब्>? ",
"mnd1:49.2":	"कायदुच्चरितं वचीदुच्चरितं मनोदुच्चरितं, कामच्छन्दनीवरणं ब्यापादनीवरणं थिनमिद्धनीवरणं उद्धच्चकुक्कुच्चनीवरणं विचिकिच्छानीवरणं, रागो दोसो मोहो कोधो उपनाहो मक्खो पळासो इस्सा मच्छरियं, माया साठेय्यं थम्भो सारम्भो मानो अतिमानो मदो पमादो, सब्बे किलेसा सब्बे दुच्चरिता सब्बे दरथा सब्बे परिळाहा सब्बे सन्तापा सब्बाकुसलाभिसङ्खारा—",
"mnd1:49.3":	"इमे वुच्चन्ति पटिच्छन्नपरिस्सया। ",
"mnd1:50.1":	"<ब्>परिस्सया</ब्>ति केनट्ठेन परिस्सया? ",
"mnd1:50.2":	"परिसहन्तीति परिस्सया, परिहानाय संवत्तन्तीति परिस्सया, तत्रासयाति परिस्सया। ",
"mnd1:50.3":	"कथं परिसहन्तीति परिस्सया? ",
"mnd1:50.4":	"ते परिस्सया तं पुग्गलं सहन्ति परिसहन्ति अभिभवन्ति अज्झोत्थरन्ति परियादियन्ति मद्दन्ति। ",
"mnd1:50.5":	"एवं परिसहन्तीति परिस्सया। ",
"mnd1:50.6":	"कथं परिहानाय संवत्तन्तीति परिस्सया? ",
"mnd1:50.7":	"ते परिस्सया कुसलानं धम्मानं अन्तरायाय परिहानाय संवत्तन्ति। ",
"mnd1:50.8":	"कतमेसं कुसलानं धम्मानं? ",
"mnd1:50.9":	"सम्मापटिपदाय अनुलोमपटिपदाय अपच्चनीकपटिपदाय अविरुद्धपटिपदाय अन्वत्थपटिपदाय धम्मानुधम्मपटिपदाय, ",
"mnd1:50.10":	"सीलेसु परिपूरिकारिताय इन्द्रियेसु गुत्तद्वारताय भोजने मत्तञ्ञुताय, ",
"mnd1:50.11":	"जागरियानुयोगस्स सतिसम्पजञ्ञस्स, ",
"mnd1:50.12":	"चतुन्नं सतिपट्ठानानं भावनानुयोगस्स चतुन्नं सम्मप्पधानानं भावनानुयोगस्स चतुन्नं इद्धिपादानं भावनानुयोगस्स, ",
"mnd1:50.13":	"पञ्चन्नं इन्द्रियानं भावनानुयोगस्स पञ्चन्नं बलानं भावनानुयोगस्स, ",
"mnd1:50.14":	"सत्तन्नं बोज्झङ्गानं भावनानुयोगस्स, ",
"mnd1:50.15":	"अरियस्स अट्ठङ्गिकस्स मग्गस्स भावनानुयोगस्स—",
"mnd1:50.16":	"इमेसं कुसलानं धम्मानं अन्तरायाय परिहानाय संवत्तन्ति। ",
"mnd1:50.17":	"एवं परिहानाय संवत्तन्तीति—",
"mnd1:50.18":	"परिस्सया। ",
"mnd1:51.1":	"कथं तत्रासयाति परिस्सया? ",
"mnd1:51.2":	"तत्थेते पापका अकुसला धम्मा उप्पज्जन्ति अत्तभावसन्निस्सया। ",
"mnd1:51.3":	"यथा बिले बिलासया पाणा सयन्ति, ",
"mnd1:51.4":	"दके दकासया पाणा सयन्ति, ",
"mnd1:51.5":	"वने वनासया पाणा सयन्ति, ",
"mnd1:51.6":	"रुक्खे रुक्खासया पाणा सयन्ति, ",
"mnd1:51.7":	"एवमेवं तत्थेते पापका अकुसला धम्मा उप्पज्जन्ति अत्तभावसन्निस्सया। ",
"mnd1:51.8":	"एवम्पि तत्रासयाति—",
"mnd1:51.9":	"परिस्सया। ",
"mnd1:52.1":	"वुत्तञ्हेतं भगवता—",
"mnd1:53.1":	"“सान्तेवासिको, भिक्खवे, भिक्खु साचरियको दुक्खं न फासु विहरति। ",
"mnd1:53.2":	"कथञ्च, भिक्खवे, भिक्खु सान्तेवासिको साचरियको दुक्खं न फासु विहरति? ",
"mnd1:53.3":	"इध, भिक्खवे, भिक्खुनो चक्खुना रूपं दिस्वा उप्पज्जन्ति ये पापका अकुसला धम्मा सरसङ्कप्पा संयोजनिया, त्यस्स अन्तो वसन्ति अन्वासवन्ति पापका अकुसला धम्माति—",
"mnd1:53.4":	"तस्मा सान्तेवासिकोति वुच्चति। ",
"mnd1:53.5":	"ते नं समुदाचरन्ति। ",
"mnd1:53.6":	"समुदाचरन्ति नं पापका अकुसला धम्माति—",
"mnd1:53.7":	"तस्मा साचरियकोति वुच्चति। ",
"mnd1:54.1":	"पुन चपरं, भिक्खवे, भिक्खुनो सोतेन सद्दं सुत्वा, ",
"mnd1:54.2":	"घानेन गन्धं घायित्वा, ",
"mnd1:54.3":	"जिव्हाय रसं सायित्वा, ",
"mnd1:54.4":	"कायेन फोट्ठब्बं फुसित्वा, ",
"mnd1:54.5":	"मनसा धम्मं विञ्ञाय उप्पज्जन्ति ये पापका अकुसला धम्मा सरसङ्कप्पा संयोजनिया, त्यस्स अन्तो वसन्ति अन्वासवन्ति पापका अकुसला धम्माति—",
"mnd1:54.6":	"तस्मा सान्तेवासिकोति वुच्चति। ",
"mnd1:54.7":	"ते नं समुदाचरन्ति। ",
"mnd1:54.8":	"समुदाचरन्ति नं पापका अकुसला धम्माति—",
"mnd1:54.9":	"तस्मा साचरियकोति वुच्चति। ",
"mnd1:54.10":	"एवं खो, भिक्खवे, भिक्खु सान्तेवासिको साचरियको दुक्खं न फासु विहरती”ति। ",
"mnd1:54.11":	"एवम्पि तत्रासयाति—",
"mnd1:54.12":	"परिस्सया। ",
"mnd1:55.1":	"वुत्तञ्हेतं भगवता—",
"mnd1:56.1":	"“तयोमे, भिक्खवे, अन्तरामला—",
"mnd1:56.2":	"अन्तराअमित्ता अन्तरासपत्ता अन्तरावधका अन्तरापच्चत्थिका। ",
"mnd1:56.3":	"कतमे तयो? ",
"mnd1:56.4":	"लोभो, भिक्खवे, अन्तरामलो अन्तराअमित्तो अन्तरासपत्तो अन्तरावधको अन्तरापच्चत्थिको। ",
"mnd1:56.5":	"दोसो …पे… ",
"mnd1:56.6":	"मोहो, भिक्खवे, अन्तरामलो अन्तराअमित्तो अन्तरासपत्तो अन्तरावधको अन्तरापच्चत्थिको। ",
"mnd1:56.7":	"इमे खो, भिक्खवे, तयो अन्तरामला—",
"mnd1:56.8":	"अन्तराअमित्ता अन्तरासपत्ता अन्तरावधका अन्तरापच्चत्थिका। ",
"mnd1:57.1":	"अनत्थजननो लोभो, ",
"mnd1:57.2":	"लोभो चित्तप्पकोपनो; ",
"mnd1:57.3":	"भयमन्तरतो जातं, ",
"mnd1:57.4":	"तं जनो नावबुज्झति। ",
"mnd1:58.1":	"लुद्धो अत्थं न जानाति, ",
"mnd1:58.2":	"लुद्धो धम्मं न पस्सति; ",
"mnd1:58.3":	"अन्धन्तमं तदा होति, ",
"mnd1:58.4":	"यं लोभो सहते नरं। ",
"mnd1:59.1":	"अनत्थजननो दोसो, ",
"mnd1:59.2":	"दोसो चित्तप्पकोपनो; ",
"mnd1:59.3":	"भयमन्तरतो जातं, ",
"mnd1:59.4":	"तं जनो नावबुज्झति। ",
"mnd1:60.1":	"कुद्धो अत्थं न जानाति, ",
"mnd1:60.2":	"कुद्धो धम्मं न पस्सति; ",
"mnd1:60.3":	"अन्धन्तमं तदा होति, ",
"mnd1:60.4":	"यं दोसो सहते नरं। ",
"mnd1:61.1":	"अनत्थजननो मोहो, ",
"mnd1:61.2":	"मोहो चित्तप्पकोपनो; ",
"mnd1:61.3":	"भयमन्तरतो जातं, ",
"mnd1:61.4":	"तं जनो नावबुज्झति। ",
"mnd1:62.1":	"मूळ्हो अत्थं न जानाति, ",
"mnd1:62.2":	"मूळ्हो धम्मं न पस्सति; ",
"mnd1:62.3":	"अन्धन्तमं तदा होति, ",
"mnd1:62.4":	"यं मोहो सहते नरन्”ति। ",
"mnd1:63.1":	"एवम्पि तत्रासयाति—",
"mnd1:63.2":	"परिस्सया। ",
"mnd1:64.1":	"वुत्तम्पि हेतं भगवता—",
"mnd1:64.2":	"“तयो खो, महाराज, पुरिसस्स धम्मा अज्झत्तं उप्पज्जमाना उप्पज्जन्ति, अहिताय दुक्खाय अफासुविहाराय। ",
"mnd1:64.3":	"कतमे तयो? ",
"mnd1:64.4":	"लोभो खो, महाराज, पुरिसस्स धम्मो अज्झत्तं उप्पज्जमानो उप्पज्जति, अहिताय दुक्खाय अफासुविहाराय। ",
"mnd1:64.5":	"दोसो खो, महाराज …पे… ",
"mnd1:64.6":	"मोहो खो, महाराज, पुरिसस्स धम्मो अज्झत्तं उप्पज्जमानो उप्पज्जति, अहिताय दुक्खाय अफासुविहाराय। ",
"mnd1:64.7":	"इमे खो, महाराज, तयो पुरिसस्स धम्मा अज्झत्तं उप्पज्जमाना उप्पज्जन्ति, अहिताय दुक्खाय अफासुविहाराय। ",
"mnd1:65.1":	"लोभो दोसो च मोहो च, ",
"mnd1:65.2":	"पुरिसं पापचेतसं; ",
"mnd1:65.3":	"हिंसन्ति अत्तसम्भूता, ",
"mnd1:65.4":	"तचसारंव सम्फलन्”ति। ",
"mnd1:66.1":	"एवम्पि तत्रासयाति—",
"mnd1:66.2":	"परिस्सया। ",
"mnd1:67.1":	"वुत्तम्पि चेतं भगवता—",
"mnd1:68.1":	"“रागो च दोसो च इतोनिदाना, ",
"mnd1:68.2":	"अरति रति लोमहंसो इतोजा; ",
"mnd1:68.3":	"इतो समुट्ठाय मनोवितक्का, ",
"mnd1:68.4":	"कुमारका धङ्कमिवोस्सजन्ती”ति। ",
"mnd1:69.1":	"एवम्पि तत्रासयाति—",
"mnd1:69.2":	"परिस्सया। ",
"mnd1:69.3":	"<ब्>मद्दन्तेनं परिस्सया</ब्>ति। ",
"mnd1:69.4":	"ते परिस्सया तं पुग्गलं सहन्ति परिसहन्ति अभिभवन्ति अज्झोत्थरन्ति परियादियन्ति मद्दन्तीति—",
"mnd1:69.5":	"मद्दन्तेनं परिस्सया। ",
"mnd1:70.1":	"<ब्>ततो नं दुक्खमन्वेती</ब्>ति। ",
"mnd1:70.2":	"<ब्>ततो</ब्>ति ततो ततो परिस्सयतो तं पुग्गलं दुक्खं अन्वेति अनुगच्छति अन्वायिकं होति, जातिदुक्खं अन्वेति अनुगच्छति अन्वायिकं होति, जरादुक्खं अन्वेति अनुगच्छति अन्वायिकं होति, ब्याधिदुक्खं अन्वेति अनुगच्छति अन्वायिकं होति, मरणदुक्खं अन्वेति अनुगच्छति अन्वायिकं होति, सोकपरिदेवदुक्खदोमनस्सुपायासदुक्खं अन्वेति अनुगच्छति अन्वायिकं होति, नेरयिकं दुक्खं, तिरच्छानयोनिकं दुक्खं, पेत्तिविसयिकं दुक्खं अन्वेति अनुगच्छति अन्वायिकं होति, मानुसिकं दुक्खं … ",
"mnd1:70.3":	"गब्भोक्कन्तिमूलकं दुक्खं … ",
"mnd1:70.4":	"गब्भे ठितिमूलकं दुक्खं … ",
"mnd1:70.5":	"गब्भा वुट्ठानमूलकं दुक्खं … ",
"mnd1:70.6":	"जातस्सूपनिबन्धकं दुक्खं … ",
"mnd1:70.7":	"जातस्स पराधेय्यकं दुक्खं … ",
"mnd1:70.8":	"अत्तूपक्कमं दुक्खं … ",
"mnd1:70.9":	"परूपक्कमं दुक्खं अन्वेति अनुगच्छति अन्वायिकं होति, ",
"mnd1:70.10":	"दुक्खदुक्खं अन्वेति अनुगच्छति अन्वायिकं होति, ",
"mnd1:70.11":	"सङ्खारदुक्खं … ",
"mnd1:70.12":	"विपरिणामदुक्खं … ",
"mnd1:70.13":	"चक्खुरोगो सोतरोगो घानरोगो जिव्हारोगो कायरोगो सीसरोगो कण्णरोगो मुखरोगो दन्तरोगो, कासो सासो पिनासो डाहो जरो, कुच्छिरोगो मुच्छा पक्खन्दिका सूला विसूचिका, कुट्ठं गण्डो किलासो सोसो अपमारो, दद्दु कण्डु कच्छु रखसा वितच्छिका लोहितपित्तं, मधुमेहो अंसा पिळका भगन्दला पित्तसमुट्ठाना आबाधा सेम्हसमुट्ठाना आबाधा वातसमुट्ठाना आबाधा सन्निपातिका आबाधा उतुपरिणामजा आबाधा विसमपरिहारजा आबाधा, ओपक्कमिका आबाधा कम्मविपाकजा आबाधा, सीतं उण्हं जिघच्छा पिपासा उच्चारो पस्सावो डंसमकसवातातपसरीसपसम्फस्सदुक्खं … ",
"mnd1:70.14":	"मातुमरणं दुक्खं … ",
"mnd1:70.15":	"पितुमरणं दुक्खं … ",
"mnd1:70.16":	"भातुमरणं दुक्खं … ",
"mnd1:70.17":	"भगिनिमरणं दुक्खं … ",
"mnd1:70.18":	"पुत्तमरणं दुक्खं … ",
"mnd1:70.19":	"धीतुमरणं दुक्खं … ",
"mnd1:70.20":	"ञातिब्यसनं दुक्खं … ",
"mnd1:70.21":	"भोगब्यसनं दुक्खं … ",
"mnd1:70.22":	"रोगब्यसनं दुक्खं … ",
"mnd1:70.23":	"सीलब्यसनं दुक्खं … ",
"mnd1:70.24":	"दिट्ठिब्यसनं दुक्खं अन्वेति अनुगच्छति अन्वायिकं होतीति—",
"mnd1:70.25":	"ततो नं दुक्खमन्वेति। ",
"mnd1:71.1":	"<ब्>नावं भिन्नमिवोदकन्</ब्>ति। ",
"mnd1:71.2":	"यथा भिन्नं नावं दकमेसिं ततो ततो उदकं अन्वेति अनुगच्छति अन्वायिकं होति, ",
"mnd1:71.3":	"पुरतोपि उदकं अन्वेति अनुगच्छति अन्वायिकं होति, ",
"mnd1:71.4":	"पच्छतोपि … ",
"mnd1:71.5":	"हेट्ठतोपि … ",
"mnd1:71.6":	"पस्सतोपि उदकं अन्वेति अनुगच्छति अन्वायिकं होति; ",
"mnd1:71.7":	"एवमेवं ततो ततो परिस्सयतो तं पुग्गलं दुक्खं अन्वेति अनुगच्छति अन्वायिकं होति, ",
"mnd1:71.8":	"जातिदुक्खं अन्वेति अनुगच्छति अन्वायिकं होति …पे… ",
"mnd1:71.9":	"दिट्ठिब्यसनं दुक्खं अन्वेति अनुगच्छति अन्वायिकं होतीति—",
"mnd1:71.10":	"नावं भिन्नमिवोदकं। ",
"mnd1:72.1":	"तेनाह भगवा—",
"mnd1:73.1":	"“अबला नं बलीयन्ति, ",
"mnd1:73.2":	"मद्दन्ते नं परिस्सया; ",
"mnd1:73.3":	"ततो नं दुक्खमन्वेति, ",
"mnd1:73.4":	"नावं भिन्नमिवोदकन्”ति। ",
"mnd1:74.1":	"<ब्>तस्मा जन्तु सदा सतो,</ब्> ",
"mnd1:74.2":	"<ब्>कामानि परिवज्जये;</ब्> ",
"mnd1:74.3":	"<ब्>ते पहाय तरे ओघं,</ब्> ",
"mnd1:74.4":	"<ब्>नावं सित्वाव पारगू।</ब्> ",
"mnd1:75.1":	"<ब्>तस्मा जन्तु सदा सतो</ब्>ति। ",
"mnd1:75.2":	"<ब्>तस्मा</ब्>ति तस्मा तङ्कारणा तंहेतु तप्पच्चया तंनिदाना एतं आदीनवं सम्पस्समानो कामेसूति—",
"mnd1:75.3":	"तस्मा। ",
"mnd1:75.4":	"<ब्>जन्तू</ब्>ति सत्तो नरो मानवो पोसो पुग्गलो जीवो जागु जन्तु इन्दगु मनुजो। ",
"mnd1:75.5":	"<ब्>सदा</ब्>ति सदा सब्बदा सब्बकालं निच्चकालं धुवकालं सततं समितं अब्बोकिण्णं पोङ्खानुपोङ्खं उदकूमिकजातं अवीचि सन्तति सहितं फस्सितं, पुरेभत्तं पच्छाभत्तं पुरिमयामं मज्झिमयामं पच्छिमयामं, काळे जुण्हे वस्से हेमन्ते गिम्हे, पुरिमे वयोखन्धे मज्झिमे वयोखन्धे पच्छिमे वयोखन्धे। ",
"mnd1:75.6":	"<ब्>सतो</ब्>ति चतूहि कारणेहि सतो—",
"mnd1:75.7":	"काये कायानुपस्सनासतिपट्ठानं भावेन्तो सतो, ",
"mnd1:75.8":	"वेदनासु … ",
"mnd1:75.9":	"चित्ते … ",
"mnd1:75.10":	"धम्मेसु धम्मानुपस्सनासतिपट्ठानं भावेन्तो सतो। ",
"mnd1:75.11":	"अपरेहि चतूहि कारणेहि सतो …पे… ",
"mnd1:75.12":	"सो वुच्चति सतोति—",
"mnd1:75.13":	"तस्मा जन्तु सदा सतो। ",
"mnd1:76.1":	"<ब्>कामानि परिवज्जये</ब्>ति। ",
"mnd1:76.2":	"<ब्>कामा</ब्>ति उद्दानतो द्वे कामा—",
"mnd1:76.3":	"वत्थुकामा च किलेसकामा च …पे… ",
"mnd1:76.4":	"इमे वुच्चन्ति वत्थुकामा …पे… ",
"mnd1:76.5":	"इमे वुच्चन्ति किलेसकामा। ",
"mnd1:76.6":	"<ब्>कामानि परिवज्जये</ब्>ति द्वीहि कारणेहि कामे परिवज्जेय्य—",
"mnd1:76.7":	"विक्खम्भनतो वा समुच्छेदतो वा। ",
"mnd1:76.8":	"कथं विक्खम्भनतो कामे परिवज्जेय्य? ",
"mnd1:76.9":	"“अट्ठिकङ्कलूपमा कामा अप्पस्सादट्ठेना”ति पस्सन्तो विक्खम्भनतो कामे परिवज्जेय्य, ",
"mnd1:76.10":	"“मंसपेसूपमा कामा बहुसाधारणट्ठेना”ति पस्सन्तो विक्खम्भनतो कामे परिवज्जेय्य, ",
"mnd1:76.11":	"“तिणुक्कूपमा कामा अनुदहनट्ठेना”ति पस्सन्तो विक्खम्भनतो कामे परिवज्जेय्य …पे… ",
"mnd1:76.12":	"नेवसञ्ञानासञ्ञायतनसमापत्तिं भावेन्तो विक्खम्भनतो कामे परिवज्जेय्य। ",
"mnd1:76.13":	"एवं विक्खम्भनतो कामे परिवज्जेय्य …पे… ",
"mnd1:76.14":	"एवं समुच्छेदतो कामे परिवज्जेय्याति—",
"mnd1:76.15":	"कामानि परिवज्जये। ",
"mnd1:77.1":	"<ब्>ते पहाय तरे ओघन्</ब्>ति। ",
"mnd1:77.2":	"<ब्>ते</ब्>ति वत्थुकामे परिजानित्वा किलेसकामे पहाय पजहित्वा विनोदेत्वा ब्यन्तिं करित्वा अनभावं गमित्वा; ",
"mnd1:77.3":	"कामच्छन्दनीवरणं पहाय पजहित्वा विनोदेत्वा ब्यन्तिं करित्वा अनभावं गमित्वा; ",
"mnd1:77.4":	"ब्यापादनीवरणं …पे… ",
"mnd1:77.5":	"थिनमिद्धनीवरणं … ",
"mnd1:77.6":	"उद्धच्चकुक्कुच्चनीवरणं … ",
"mnd1:77.7":	"विचिकिच्छानीवरणं पहाय पजहित्वा विनोदेत्वा ब्यन्तिं करित्वा अनभावं गमित्वा कामोघं भवोघं दिट्ठोघं अविज्जोघं तरेय्य उत्तरेय्य पतरेय्य समतिक्कमेय्य वीतिवत्तेय्याति—",
"mnd1:77.8":	"ते पहाय तरे ओघं। ",
"mnd1:78.1":	"<ब्>नावं सित्वाव पारगू</ब्>ति। ",
"mnd1:78.2":	"यथा गरुकं नावं भारिकं उदकं सित्वा ओसिञ्चित्वा छड्डेत्वा लहुकाय नावाय खिप्पं लहुं अप्पकसिरेनेव पारं गच्छेय्य; ",
"mnd1:78.3":	"एवमेवं वत्थुकामे परिजानित्वा किलेसकामे पहाय पजहित्वा विनोदेत्वा ब्यन्तिं करित्वा अनभावं गमित्वा; ",
"mnd1:78.4":	"कामच्छन्दनीवरणं … ",
"mnd1:78.5":	"ब्यापादनीवरणं … ",
"mnd1:78.6":	"थिनमिद्धनीवरणं … ",
"mnd1:78.7":	"उद्धच्चकुक्कुच्चनीवरणं … ",
"mnd1:78.8":	"विचिकिच्छानीवरणं पहाय पजहित्वा विनोदेत्वा ब्यन्तिं करित्वा अनभावं गमित्वा खिप्पं लहुं अप्पकसिरेनेव पारं गच्छेय्य। ",
"mnd1:78.9":	"पारं वुच्चति अमतं निब्बानं। ",
"mnd1:78.10":	"यो सो सब्बसङ्खारसमथो सब्बूपधिपटिनिस्सग्गो तण्हक्खयो विरागो निरोधो निब्बानं। ",
"mnd1:78.11":	"<ब्>पारं गच्छेय्या</ब्>ति—",
"mnd1:78.12":	"पारं अधिगच्छेय्य, पारं फुसेय्य, पारं सच्छिकरेय्य। ",
"mnd1:78.13":	"<ब्>पारगू</ब्>ति योपि पारं गन्तुकामो सोपि पारगू; ",
"mnd1:78.14":	"योपि पारं गच्छति सोपि पारगू; ",
"mnd1:78.15":	"योपि पारङ्गतो, सोपि पारगू। ",
"mnd1:79.1":	"वुत्तम्पि हेतं भगवता—",
"mnd1:80.1":	"“तिण्णो पारङ्गतो थले तिट्ठति ब्राह्मणोति खो, भिक्खवे, अरहतो एतं अधिवचनं। ",
"mnd1:80.2":	"सो अभिञ्ञापारगू परिञ्ञापारगू पहानपारगू भावनापारगू सच्छिकिरियापारगू समापत्तिपारगू। ",
"mnd1:80.3":	"अभिञ्ञापारगू सब्बधम्मानं, परिञ्ञापारगू सब्बदुक्खानं, पहानपारगू सब्बकिलेसानं, भावनापारगू चतुन्नं अरियमग्गानं, सच्छिकिरियापारगू निरोधस्स, समापत्तिपारगू सब्बसमापत्तीनं। ",
"mnd1:80.4":	"सो वसिप्पत्तो पारमिप्पत्तो अरियस्मिं सीलस्मिं, वसिप्पत्तो पारमिप्पत्तो अरियस्मिं समाधिस्मिं, वसिप्पत्तो पारमिप्पत्तो अरियाय पञ्ञाय, वसिप्पत्तो पारमिप्पत्तो अरियाय विमुत्तिया। ",
"mnd1:80.5":	"सो पारङ्गतो पारप्पत्तो अन्तगतो अन्तप्पत्तो कोटिगतो कोटिप्पत्तो परियन्तगतो परियन्तप्पत्तो वोसानगतो वोसानप्पत्तो ताणगतो ताणप्पत्तो लेणगतो लेणप्पत्तो सरणगतो सरणप्पत्तो अभयगतो अभयप्पत्तो अच्चुतगतो अच्चुतप्पत्तो अमतगतो अमतप्पत्तो निब्बानगतो निब्बानप्पत्तो। ",
"mnd1:80.6":	"सो वुट्ठवासो चिण्णचरणो गतद्धो गतदिसो गतकोटिको पालितब्रह्मचरियो उत्तमदिट्ठिप्पत्तो भावितमग्गो पहीनकिलेसो पटिविद्धाकुप्पो सच्छिकतनिरोधो, दुक्खं तस्स परिञ्ञातं, समुदयो पहीनो, मग्गो भावितो, निरोधो सच्छिकतो, अभिञ्ञेय्यं अभिञ्ञातं, परिञ्ञेय्यं परिञ्ञातं, पहातब्बं पहीनं, भावेतब्बं भावितं, सच्छिकातब्बं सच्छिकतं। ",
"mnd1:81.1":	"सो उक्खित्तपलिघो सङ्किण्णपरिक्खो अब्बुळ्हेसिको निरग्गळो अरियो पन्नद्धजो पन्नभारो विसञ्ञुत्तो पञ्चङ्गविप्पहीनो छळङ्गसमन्नागतो एकारक्खो चतुरापस्सेनो पनुण्णपच्चेकसच्चो समवयसट्ठेसनो अनाविलसङ्कप्पो पस्सद्धकायसङ्खारो सुविमुत्तचित्तो सुविमुत्तपञ्ञो केवली वुसितवा उत्तमपुरिसो परमपुरिसो परमपत्तिप्पत्तो। ",
"mnd1:81.2":	"सो नेवाचिनति नापचिनति, अपचिनित्वा ठितो। ",
"mnd1:81.3":	"नेव पजहति न उपादियति, पजहित्वा ठितो। ",
"mnd1:81.4":	"नेव संसिब्बति न उस्सिनेति, विसिनित्वा ठितो। ",
"mnd1:81.5":	"नेव विधूपेति न सन्धूपेति, विधूपेत्वा ठितो। ",
"mnd1:81.6":	"असेक्खेन सीलक्खन्धेन समन्नागतत्ता ठितो। ",
"mnd1:81.7":	"असेक्खेन समाधिक्खन्धेन … ",
"mnd1:81.8":	"असेक्खेन पञ्ञाक्खन्धेन … ",
"mnd1:81.9":	"असेक्खेन विमुत्तिक्खन्धेन … ",
"mnd1:81.10":	"असेक्खेन विमुत्तिञाणदस्सनक्खन्धेन समन्नागतत्ता ठितो। ",
"mnd1:81.11":	"सच्चं सम्पटिपादियित्वा ठितो। ",
"mnd1:81.12":	"एजं समतिक्कमित्वा ठितो। ",
"mnd1:81.13":	"किलेसग्गिं परियादियित्वा ठितो, ",
"mnd1:81.14":	"अपरिगमनताय ठितो, ",
"mnd1:81.15":	"कटं समादाय ठितो, ",
"mnd1:81.16":	"मुत्तिपटिसेवनताय ठितो, ",
"mnd1:81.17":	"मेत्ताय पारिसुद्धिया ठितो, ",
"mnd1:81.18":	"करुणाय … ",
"mnd1:81.19":	"मुदिताय … ",
"mnd1:81.20":	"उपेक्खाय पारिसुद्धिया ठितो, ",
"mnd1:81.21":	"अच्चन्तपारिसुद्धिया ठितो, ",
"mnd1:81.22":	"अतम्मयताय पारिसुद्धिया ठितो, ",
"mnd1:81.23":	"विमुत्तत्ता ठितो, ",
"mnd1:81.24":	"सन्तुस्सितत्ता ठितो, ",
"mnd1:81.25":	"खन्धपरियन्ते ठितो, ",
"mnd1:81.26":	"धातुपरियन्ते ठितो, ",
"mnd1:81.27":	"आयतनपरियन्ते ठितो, ",
"mnd1:81.28":	"गतिपरियन्ते ठितो, ",
"mnd1:81.29":	"उपपत्तिपरियन्ते ठितो, ",
"mnd1:81.30":	"पटिसन्धिपरियन्ते ठितो, ",
"mnd1:81.31":	"भवपरियन्ते ठितो, ",
"mnd1:81.32":	"संसारपरियन्ते ठितो, ",
"mnd1:81.33":	"वट्टपरियन्ते ठितो, ",
"mnd1:81.34":	"अन्तिमे भवे ठितो, ",
"mnd1:81.35":	"अन्तिमे समुस्सये ठितो, ",
"mnd1:81.36":	"अन्तिमदेहधरो अरहा। ",
"mnd1:82.1":	"तस्सायं पच्छिमको भवो, ",
"mnd1:82.2":	"चरिमोयं समुस्सयो; ",
"mnd1:82.3":	"जातिमरणसंसारो, ",
"mnd1:82.4":	"नत्थि तस्स पुनब्भवो”ति। ",
"mnd1:83.1":	"नावं सित्वाव पारगूति। ",
"mnd1:83.2":	"तेनाह भगवा—",
"mnd1:84.1":	"“तस्मा जन्तु सदा सतो, ",
"mnd1:84.2":	"कामानि परिवज्जये; ",
"mnd1:84.3":	"ते पहाय तरे ओघं, ",
"mnd1:84.4":	"नावं सित्वाव पारगू”ति। ",
"mnd1:85.1":	"कामसुत्तनिद्देसो पठमो। "
}	
