{	
"mnd12:0.1":	"महानिद्देस ",
"mnd12:0.2":	"अट्ठकवग्ग ",
"mnd12:0.3":	"१२। चूळब्यूहसुत्तनिद्देस ",
"mnd12:1.1":	"अथ चूळब्यूहसुत्तनिद्देसं वक्खति—",
"mnd12:2.1":	"<ब्>सकं सकं दिट्ठिपरिब्बसाना,</ब्> ",
"mnd12:2.2":	"<ब्>विग्गय्ह नाना कुसला वदन्ति;</ब्> ",
"mnd12:2.3":	"<ब्>यो एवं जानाति स वेदि धम्मं,</ब्> ",
"mnd12:2.4":	"<ब्>इदं पटिक्कोसमकेवली सो।</ब्> ",
"mnd12:3.1":	"<ब्>सकं सकं दिट्ठिपरिब्बसाना</ब्>ति। ",
"mnd12:3.2":	"सन्तेके समणब्राह्मणा दिट्ठिगतिका; ",
"mnd12:3.3":	"ते द्वासट्ठिया दिट्ठिगतानं अञ्ञतरञ्ञतरं दिट्ठिगतं गहेत्वा उग्गहेत्वा गण्हित्वा परामसित्वा अभिनिविसित्वा सकाय सकाय दिट्ठिया वसन्ति संवसन्ति आवसन्ति परिवसन्ति। ",
"mnd12:3.4":	"यथा अगारिका घरेसु वसन्ति, सापत्तिका वा आपत्तीसु वसन्ति, सकिलेसा वा किलेसेसु वसन्ति; ",
"mnd12:3.5":	"एवमेवं सन्तेके समणब्राह्मणा दिट्ठिगतिका, ते द्वासट्ठिया दिट्ठिगतानं अञ्ञतरञ्ञतरं दिट्ठिगतं गहेत्वा उग्गहेत्वा गण्हित्वा परामसित्वा अभिनिविसित्वा सकाय सकाय दिट्ठिया वसन्ति संवसन्ति आवसन्ति परिवसन्तीति—",
"mnd12:3.6":	"सकं सकं दिट्ठिपरिब्बसाना। ",
"mnd12:4.1":	"<ब्>विग्गय्ह नाना कुसला वदन्ती</ब्>ति। ",
"mnd12:4.2":	"<ब्>विग्गय्हा</ब्>ति गहेत्वा उग्गहेत्वा गण्हित्वा परामसित्वा अभिनिविसित्वा नाना वदन्ति विविधं वदन्ति अञ्ञोञ्ञं वदन्ति पुथु वदन्ति, न एकं वदन्ति कथेन्ति भणन्ति दीपयन्ति वोहरन्ति। ",
"mnd12:4.3":	"<ब्>कुसला</ब्>ति कुसलवादा पण्डितवादा थिरवादा ञायवादा हेतुवादा लक्खणवादा कारणवादा ठानवादा सकाय लद्धियाति—",
"mnd12:4.4":	"विग्गय्ह नाना कुसला वदन्ति। ",
"mnd12:5.1":	"<ब्>यो एवं जानाति स वेदि धम्मन्</ब्>ति। ",
"mnd12:5.2":	"यो इमं धम्मं दिट्ठिं पटिपदं मग्गं जानाति सो धम्मं वेदि अञ्ञासि अपस्सि पटिविज्झीति—",
"mnd12:5.3":	"यो एवं जानाति स वेदि धम्मं। ",
"mnd12:6.1":	"<ब्>इदं पटिक्कोसमकेवली सो</ब्>ति। ",
"mnd12:6.2":	"यो इमं धम्मं दिट्ठिं पटिपदं मग्गं पटिक्कोसति, अकेवली सो असमत्तो सो अपरिपुण्णो सो हीनो निहीनो ओमको लामको छतुक्को परित्तोति—",
"mnd12:6.3":	"इदं पटिक्कोसमकेवली सो। ",
"mnd12:7.1":	"तेनाह सो निम्मितो—",
"mnd12:8.1":	"“सकं सकं दिट्ठिपरिब्बसाना, ",
"mnd12:8.2":	"विग्गय्ह नाना कुसला वदन्ति; ",
"mnd12:8.3":	"यो एवं जानाति स वेदि धम्मं, ",
"mnd12:8.4":	"इदं पटिक्कोसमकेवली सो”ति। ",
"mnd12:9.1":	"<ब्>एवम्पि विग्गय्ह विवादयन्ति,</ब्> ",
"mnd12:9.2":	"<ब्>बालो परो अक्कुसलोति चाहु;</ब्> ",
"mnd12:9.3":	"<ब्>सच्चो नु वादो कतमो इमेसं,</ब्> ",
"mnd12:9.4":	"<ब्>सब्बेव हीमे कुसलावदाना।</ब्> ",
"mnd12:10.1":	"<ब्>एवम्पि विग्गय्ह विवादयन्ती</ब्>ति। ",
"mnd12:10.2":	"एवं गहेत्वा उग्गहेत्वा गण्हित्वा परामसित्वा अभिनिविसित्वा विवादयन्ति, कलहं करोन्ति, भण्डनं करोन्ति, विग्गहं करोन्ति, विवादं करोन्ति, मेधगं करोन्ति—",
"mnd12:10.3":	"“न त्वं इमं धम्मविनयं आजानासि …पे… ",
"mnd12:10.4":	"निब्बेठेहि वा सचे पहोसी”ति—",
"mnd12:10.5":	"एवम्पि विग्गय्ह विवादयन्ति। ",
"mnd12:11.1":	"<ब्>बालो परो अक्कुसलोति चाहू</ब्>ति। ",
"mnd12:11.2":	"परो बालो हीनो निहीनो ओमको लामको छतुक्को परित्तो अकुसलो अविद्वा अविज्जागतो अञ्ञाणी अविभावी दुप्पञ्ञोति, एवमाहंसु एवं कथेन्ति एवं भणन्ति एवं दीपयन्ति एवं वोहरन्तीति—",
"mnd12:11.3":	"बालो परो अक्कुसलोति चाहु। ",
"mnd12:12.1":	"<ब्>सच्चो नु वादो कतमो इमेसन्</ब्>ति। ",
"mnd12:12.2":	"इमेसं समणब्राह्मणानं वादो कतमो सच्चो तच्छो तथो भूतो याथावो अविपरीतोति—",
"mnd12:12.3":	"सच्चो नु वादो कतमो इमेसं। ",
"mnd12:13.1":	"<ब्>सब्बेव हीमे कुसलावदाना</ब्>ति। ",
"mnd12:13.2":	"सब्बेविमे समणब्राह्मणा कुसलवादा पण्डितवादा थिरवादा ञायवादा हेतुवादा लक्खणवादा कारणवादा ठानवादा सकाय लद्धियाति—",
"mnd12:13.3":	"सब्बेव हीमे कुसलावदाना। ",
"mnd12:14.1":	"तेनाह सो निम्मितो—",
"mnd12:15.1":	"“एवम्पि विग्गय्ह विवादयन्ति, ",
"mnd12:15.2":	"बालो परो अक्कुसलोति चाहु; ",
"mnd12:15.3":	"सच्चो नु वादो कतमो इमेसं, ",
"mnd12:15.4":	"सब्बेव हीमे कुसलावदाना”ति। ",
"mnd12:16.1":	"<ब्>परस्स चे धम्ममनानुजानं,</ब्> ",
"mnd12:16.2":	"<ब्>बालोमको होति निहीनपञ्ञो;</ब्> ",
"mnd12:16.3":	"<ब्>सब्बेव बाला सुनिहीनपञ्ञा,</ब्> ",
"mnd12:16.4":	"<ब्>सब्बेविमे दिट्ठिपरिब्बसाना।</ब्> ",
"mnd12:17.1":	"<ब्>परस्स चे धम्ममनानुजानन्</ब्>ति। ",
"mnd12:17.2":	"परस्स धम्मं दिट्ठिं पटिपदं मग्गं अनानुजानन्तो अनानुपस्सन्तो अनानुमनन्तो अनानुमञ्ञन्तो अनानुमोदन्तोति—",
"mnd12:17.3":	"परस्स चे धम्ममनानुजानं। ",
"mnd12:18.1":	"<ब्>बालोमको होति निहीनपञ्ञो</ब्>ति। ",
"mnd12:18.2":	"परो बालो होति हीनो निहीनो ओमको लामको छतुक्को परित्तो, हीनपञ्ञो निहीनपञ्ञो ओमकपञ्ञो लामकपञ्ञो छतुक्कपञ्ञो परित्तपञ्ञोति—",
"mnd12:18.3":	"बालोमको होति निहीनपञ्ञो। ",
"mnd12:19.1":	"<ब्>सब्बेव बाला सुनिहीनपञ्ञा</ब्>ति। ",
"mnd12:19.2":	"सब्बेविमे समणब्राह्मणा बाला हीना निहीना ओमका लामका छतुक्का परित्ता, सब्बेव हीनपञ्ञा निहीनपञ्ञा ओमकपञ्ञा लामकपञ्ञा छतुक्कपञ्ञा परित्तपञ्ञाति—",
"mnd12:19.3":	"सब्बेव बाला सुनिहीनपञ्ञा। ",
"mnd12:20.1":	"<ब्>सब्बेविमे दिट्ठिपरिब्बसाना</ब्>ति। ",
"mnd12:20.2":	"सब्बेविमे समणब्राह्मणा दिट्ठिगतिका; ",
"mnd12:20.3":	"ते द्वासट्ठिया दिट्ठिगतानं अञ्ञतरञ्ञतरं दिट्ठिगतं गहेत्वा उग्गहेत्वा गण्हित्वा परामसित्वा अभिनिविसित्वा सकाय सकाय दिट्ठिया वसन्ति संवसन्ति आवसन्ति परिवसन्ति। ",
"mnd12:20.4":	"यथा अगारिका वा घरेसु वसन्ति, सापत्तिका वा आपत्तीसु वसन्ति, सकिलेसा वा किलेसेसु वसन्ति; ",
"mnd12:20.5":	"एवमेवं सब्बेविमे समणब्राह्मणा दिट्ठिगतिका …पे… ",
"mnd12:20.6":	"परिवसन्तीति—",
"mnd12:20.7":	"सब्बेविमे दिट्ठिपरिब्बसाना। ",
"mnd12:21.1":	"तेनाह भगवा—",
"mnd12:22.1":	"“परस्स चे धम्ममनानुजानं, ",
"mnd12:22.2":	"बालोमको होति निहीनपञ्ञो; ",
"mnd12:22.3":	"सब्बेव बाला सुनिहीनपञ्ञा, ",
"mnd12:22.4":	"सब्बेविमे दिट्ठिपरिब्बसाना”ति। ",
"mnd12:23.1":	"<ब्>सन्दिट्ठिया चेव नवीवदाता,</ब्> ",
"mnd12:23.2":	"<ब्>संसुद्धपञ्ञा कुसला मुतीमा;</ब्> ",
"mnd12:23.3":	"<ब्>न तेसं कोचि परिहीनपञ्ञो,</ब्> ",
"mnd12:23.4":	"<ब्>दिट्ठी हि तेसम्पि तथा समत्ता।</ब्> ",
"mnd12:24.1":	"<ब्>सन्दिट्ठिया चेव नवीवदाता</ब्>ति। ",
"mnd12:24.2":	"सकाय दिट्ठिया सकाय खन्तिया सकाय रुचिया सकाय लद्धिया अनवीवदाता अवोदाता अपरियोदाता सङ्किलिट्ठा सङ्किलेसिकाति—",
"mnd12:24.3":	"सन्दिट्ठिया चेव नवीवदाता। ",
"mnd12:25.1":	"<ब्>संसुद्धपञ्ञा कुसला मुतीमा</ब्>ति। ",
"mnd12:25.2":	"सुद्धपञ्ञा विसुद्धपञ्ञा परिसुद्धपञ्ञा वोदातपञ्ञा परियोदातपञ्ञा। ",
"mnd12:25.3":	"अथ वा सुद्धदस्सना विसुद्धदस्सना परिसुद्धदस्सना वोदातदस्सना परियोदातदस्सनाति—",
"mnd12:25.4":	"संसुद्धपञ्ञा। ",
"mnd12:25.5":	"<ब्>कुसला</ब्>ति कुसला पण्डिता पञ्ञवन्तो इद्धिमन्तो ञाणिनो विभाविनो मेधाविनोति—",
"mnd12:25.6":	"संसुद्धपञ्ञा कुसला। ",
"mnd12:25.7":	"<ब्>मुतीमा</ब्>ति मुतिमा पण्डिता पञ्ञवन्तो इद्धिमन्तो ञाणिनो विभाविनो मेधाविनोति—",
"mnd12:25.8":	"संसुद्धपञ्ञा कुसला मुतीमा। ",
"mnd12:26.1":	"<ब्>तेसं न कोचि परिहीनपञ्ञो</ब्>ति। ",
"mnd12:26.2":	"तेसं समणब्राह्मणानं न कोचि हीनपञ्ञो निहीनपञ्ञो ओमकपञ्ञो लामकपञ्ञो छतुक्कपञ्ञो परित्तपञ्ञो अत्थि। ",
"mnd12:26.3":	"सब्बेव सेट्ठपञ्ञा विसिट्ठपञ्ञा पामोक्खपञ्ञा उत्तमपञ्ञा पवरपञ्ञाति—",
"mnd12:26.4":	"तेसं न कोचि परिहीनपञ्ञो। ",
"mnd12:27.1":	"<ब्>दिट्ठी हि तेसम्पि तथा समत्ता</ब्>ति। ",
"mnd12:27.2":	"तेसं समणब्राह्मणानं दिट्ठि तथा समत्ता समादिन्ना गहिता परामट्ठा अभिनिविट्ठा अज्झोसिता अधिमुत्ताति—",
"mnd12:27.3":	"दिट्ठी हि तेसम्पि तथा समत्ता। ",
"mnd12:28.1":	"तेनाह भगवा—",
"mnd12:29.1":	"“सन्दिट्ठिया चेव नवीवदाता, ",
"mnd12:29.2":	"संसुद्धपञ्ञा कुसला मुतीमा; ",
"mnd12:29.3":	"तेसं न कोचि परिहीनपञ्ञो, ",
"mnd12:29.4":	"दिट्ठी हि तेसम्पि तथा समत्ता”ति। ",
"mnd12:30.1":	"<ब्>न वाहमेतं तथियन्ति ब्रूमि,</ब्> ",
"mnd12:30.2":	"<ब्>यमाहु बाला मिथु अञ्ञमञ्ञं;</ब्> ",
"mnd12:30.3":	"<ब्>सकं सकं दिट्ठिमकंसु सच्चं,</ब्> ",
"mnd12:30.4":	"<ब्>तस्मा हि बालोति परं दहन्ति।</ब्> ",
"mnd12:31.1":	"<ब्>न वाहमेतं तथियन्ति ब्रूमी</ब्>ति। ",
"mnd12:31.2":	"<ब्>ना</ब्>ति पटिक्खेपो। ",
"mnd12:31.3":	"<ब्>एतन्</ब्>ति “द्वासट्ठिदिट्ठिगतानि नाहं एतं तच्छं तथं भूतं याथावं अविपरीतन्”ति ब्रूमि आचिक्खामि देसेमि पञ्ञपेमि पट्ठपेमि विवरामि विभजामि उत्तानीकरोमि पकासेमीति—",
"mnd12:31.4":	"न वाहमेतं तथियन्ति ब्रूमि। ",
"mnd12:32.1":	"<ब्>यमाहु बाला मिथु अञ्ञमञ्ञन्</ब्>ति। ",
"mnd12:32.2":	"<ब्>मिथू</ब्>ति द्वे जना, द्वे कलहकारका, द्वे भण्डनकारका, द्वे भस्सकारका, द्वे विवादकारका, द्वे अधिकरणकारका, द्वे वादिनो, द्वे सल्लपका; ",
"mnd12:32.3":	"ते अञ्ञमञ्ञं बालो हीनो निहीनो ओमको लामको छतुक्को परित्तोति, एवमाहंसु एवं कथेन्ति एवं भणन्ति एवं दीपयन्ति एवं वोहरन्तीति—",
"mnd12:32.4":	"यमाहु बाला मिथु अञ्ञमञ्ञं। ",
"mnd12:33.1":	"<ब्>सकं सकं दिट्ठिमकंसु सच्चन्</ब्>ति। ",
"mnd12:33.2":	"“सस्सतो लोको, इदमेव सच्चं मोघमञ्ञन्”ति—",
"mnd12:33.3":	"सकं सकं दिट्ठिमकंसु सच्चं। ",
"mnd12:33.4":	"“असस्सतो लोको, इदमेव सच्चं मोघमञ्ञन्”ति …पे… ",
"mnd12:33.5":	"“नेव होति न न होति तथागतो परं मरणा, इदमेव सच्चं मोघमञ्ञन्”ति—",
"mnd12:33.6":	"सकं सकं दिट्ठिमकंसु सच्चं। ",
"mnd12:34.1":	"<ब्>तस्मा हि बालोति परं दहन्ती</ब्>ति। ",
"mnd12:34.2":	"<ब्>तस्मा</ब्>ति तस्मा तङ्कारणा तंहेतु तप्पच्चया तंनिदाना परं बालो हीनो निहीनो ओमको लामको छतुक्को परित्तोति दहन्ति पस्सन्ति दक्खन्ति ओलोकेन्ति निज्झायन्ति उपपरिक्खन्तीति—",
"mnd12:34.3":	"तस्मा हि बालोति परं दहन्ति। ",
"mnd12:35.1":	"तेनाह भगवा—",
"mnd12:36.1":	"“न वाहमेतं तथियन्ति ब्रूमि, ",
"mnd12:36.2":	"यमाहु बाला मिथु अञ्ञमञ्ञं; ",
"mnd12:36.3":	"सकं सकं दिट्ठिमकंसु सच्चं, ",
"mnd12:36.4":	"तस्मा हि बालोति परं दहन्ती”ति। ",
"mnd12:37.1":	"<ब्>यमाहु सच्चं तथियन्ति एके,</ब्> ",
"mnd12:37.2":	"<ब्>तमाहु अञ्ञेपि तुच्छं मुसाति;</ब्> ",
"mnd12:37.3":	"<ब्>एवम्पि विग्गय्ह विवादयन्ति,</ब्> ",
"mnd12:37.4":	"<ब्>कस्मा न एकं समणा वदन्ति।</ब्> ",
"mnd12:38.1":	"<ब्>यमाहु सच्चं तथियन्ति एके</ब्>ति। ",
"mnd12:38.2":	"यं धम्मं दिट्ठिं पटिपदं मग्गं एके समणब्राह्मणा “इदं सच्चं तच्छं तथं भूतं याथावं अविपरीतन्”ति, एवमाहंसु एवं कथेन्ति एवं भणन्ति एवं दीपयन्ति एवं वोहरन्तीति—",
"mnd12:38.3":	"यमाहु सच्चं तथियन्ति एके। ",
"mnd12:39.1":	"<ब्>तमाहु अञ्ञेपि तुच्छं मुसाती</ब्>ति। ",
"mnd12:39.2":	"तमेव धम्मं दिट्ठिं पटिपदं मग्गं एके समणब्राह्मणा “तुच्छं एतं, मुसा एतं, अभूतं एतं, अलिकं एतं, अयाथावं एतन्”ति, एवमाहंसु एवं कथेन्ति एवं भणन्ति एवं दीपयन्ति एवं वोहरन्तीति—",
"mnd12:39.3":	"तमाहु अञ्ञेपि तुच्छं मुसाति। ",
"mnd12:40.1":	"<ब्>एवम्पि विग्गय्ह विवादयन्ती</ब्>ति। ",
"mnd12:40.2":	"एवं गहेत्वा उग्गहेत्वा गण्हित्वा परामसित्वा अभिनिविसित्वा विवादयन्ति, कलहं करोन्ति, भण्डनं करोन्ति, विग्गहं करोन्ति, विवादं करोन्ति, मेधगं करोन्ति—",
"mnd12:40.3":	"“न त्वं इमं धम्मविनयं आजानासि …पे… ",
"mnd12:40.4":	"निब्बेठेहि वा सचे पहोसी”ति—",
"mnd12:40.5":	"एवम्पि विग्गय्ह विवादयन्ति। ",
"mnd12:41.1":	"<ब्>कस्मा न एकं समणा वदन्ती</ब्>ति। ",
"mnd12:41.2":	"<ब्>कस्मा</ब्>ति कस्मा किङ्कारणा किंहेतु किंपच्चया किंनिदाना किंसमुदया किंजातिका किंपभवा न एकं वदन्ति नाना वदन्ति विविधं वदन्ति अञ्ञोञ्ञं वदन्ति पुथु वदन्ति कथेन्ति भणन्ति दीपयन्ति वोहरन्तीति—",
"mnd12:41.3":	"कस्मा न एकं समणा वदन्ति। ",
"mnd12:42.1":	"तेनाह सो निम्मितो—",
"mnd12:43.1":	"“यमाहु सच्चं तथियन्ति एके, ",
"mnd12:43.2":	"तमाहु अञ्ञेपि तुच्छं मुसाति; ",
"mnd12:43.3":	"एवम्पि विग्गय्ह विवादयन्ति, ",
"mnd12:43.4":	"कस्मा न एकं समणा वदन्ती”ति। ",
"mnd12:44.1":	"<ब्>एकञ्हि सच्चं न दुतीयमत्थि,</ब्> ",
"mnd12:44.2":	"<ब्>यस्मिं पजा नो विवदे पजानं;</ब्> ",
"mnd12:44.3":	"<ब्>नाना ते सच्चानि सयं थुनन्ति,</ब्> ",
"mnd12:44.4":	"<ब्>तस्मा न एकं समणा वदन्ति।</ब्> ",
"mnd12:45.1":	"<ब्>एकञ्हि सच्चं न दुतीयमत्थी</ब्>ति। ",
"mnd12:45.2":	"एकं सच्चं वुच्चति दुक्खनिरोधो निब्बानं। ",
"mnd12:45.3":	"यो सो सब्बसङ्खारसमथो सब्बूपधिपटिनिस्सग्गो तण्हक्खयो विरागो निरोधो निब्बानं। ",
"mnd12:45.4":	"अथ वा एकं सच्चं वुच्चति—",
"mnd12:45.5":	"मग्गसच्चं, निय्यानसच्चं, दुक्खनिरोधगामिनी पटिपदा, अरियो अट्ठङ्गिको मग्गो, सेय्यथिदं—",
"mnd12:45.6":	"सम्मादिट्ठि, सम्मासङ्कप्पो, सम्मावाचा, सम्माकम्मन्तो, सम्माआजीवो, सम्मावायामो, सम्मासति, सम्मासमाधीति—",
"mnd12:45.7":	"एकञ्हि सच्चं न दुतीयमत्थि। ",
"mnd12:46.1":	"<ब्>यस्मिं पजा नो विवदे पजानन्</ब्>ति। ",
"mnd12:46.2":	"<ब्>यस्मिन्</ब्>ति यस्मिं सच्चे। ",
"mnd12:46.3":	"<ब्>पजा</ब्>ति सत्ताधिवचनं। ",
"mnd12:46.4":	"<ब्>पजानन्</ब्>ति यं सच्चं पजानन्ता आजानन्ता विजानन्ता पटिविजानन्ता पटिविज्झन्ता न कलहं करेय्युं, न भण्डनं करेय्युं, न विग्गहं करेय्युं, न विवादं करेय्युं, न मेधगं करेय्युं, कलहं भण्डनं विग्गहं विवादं मेधगं पजहेय्युं, विनोदेय्युं, ब्यन्तिं करेय्युं, अनभावं गमेय्युन्ति—",
"mnd12:46.5":	"यस्मिं पजा नो विवदे पजानं। ",
"mnd12:47.1":	"<ब्>नाना ते सच्चानि सयं थुनन्ती</ब्>ति। ",
"mnd12:47.2":	"नाना ते सच्चानि सयं थुनन्ति वदन्ति कथेन्ति भणन्ति दीपयन्ति वोहरन्ति। ",
"mnd12:47.3":	"“सस्सतो लोको, इदमेव सच्चं मोघमञ्ञन्”ति सयं थुनन्ति वदन्ति कथेन्ति भणन्ति दीपयन्ति वोहरन्ति। ",
"mnd12:47.4":	"“असस्सतो लोको …पे… ",
"mnd12:47.5":	"नेव होति न न होति तथागतो परं मरणा, इदमेव सच्चं मोघमञ्ञन्”ति सयं थुनन्ति वदन्ति कथेन्ति भणन्ति दीपयन्ति वोहरन्तीति—",
"mnd12:47.6":	"नाना ते सच्चानि सयं थुनन्ति। ",
"mnd12:48.1":	"<ब्>तस्मा न एकं समणा वदन्ती</ब्>ति। ",
"mnd12:48.2":	"<ब्>तस्मा</ब्>ति तस्मा तङ्कारणा तंहेतु तप्पच्चया तंनिदाना न एकं वदन्ति नाना वदन्ति विविधं वदन्ति अञ्ञोञ्ञं वदन्ति पुथु वदन्ति कथेन्ति भणन्ति दीपयन्ति वोहरन्तीति—",
"mnd12:48.3":	"तस्मा न एकं समणा वदन्ति। ",
"mnd12:49.1":	"तेनाह भगवा—",
"mnd12:50.1":	"“एकञ्हि सच्चं न दुतीयमत्थि, ",
"mnd12:50.2":	"यस्मिं पजा नो विवदे पजानं; ",
"mnd12:50.3":	"नाना ते सच्चानि सयं थुनन्ति, ",
"mnd12:50.4":	"तस्मा न एकं समणा वदन्ती”ति। ",
"mnd12:51.1":	"<ब्>कस्मा नु सच्चानि वदन्ति नाना,</ब्> ",
"mnd12:51.2":	"<ब्>पवादियासे कुसलावदाना;</ब्> ",
"mnd12:51.3":	"<ब्>सच्चानि सुतानि बहूनि नाना,</ब्> ",
"mnd12:51.4":	"<ब्>उदाहु ते तक्कमनुस्सरन्ति।</ब्> ",
"mnd12:52.1":	"<ब्>कस्मा नु सच्चानि वदन्ति नाना</ब्>ति। ",
"mnd12:52.2":	"<ब्>कस्मा</ब्>ति कस्मा किङ्कारणा किंहेतु किंपच्चया किंनिदाना सच्चानि नाना वदन्ति, विविधानि वदन्ति, अञ्ञोञ्ञानि वदन्ति, पुथूनि वदन्ति कथेन्ति भणन्ति दीपयन्ति वोहरन्तीति—",
"mnd12:52.3":	"कस्मा नु सच्चानि वदन्ति नाना। ",
"mnd12:53.1":	"<ब्>पवादियासे कुसलावदाना</ब्>ति। ",
"mnd12:53.2":	"<ब्>पवादियासे</ब्>ति विप्पवदन्तीतिपि पवादियासे। ",
"mnd12:53.3":	"अथ वा सकं सकं दिट्ठिगतं पवदन्ति कथेन्ति भणन्ति दीपयन्ति वोहरन्ति। ",
"mnd12:53.4":	"“सस्सतो लोको, इदमेव सच्चं मोघमञ्ञन्”ति पवदन्ति कथेन्ति भणन्ति दीपयन्ति वोहरन्ति। ",
"mnd12:53.5":	"“असस्सतो लोको …पे… ",
"mnd12:53.6":	"नेव होति न न होति तथागतो परं मरणा, इदमेव सच्चं मोघमञ्ञन्”ति पवदन्ति कथेन्ति भणन्ति दीपयन्ति वोहरन्ति। ",
"mnd12:53.7":	"<ब्>कुसलावदाना</ब्>ति कुसलवादा पण्डितवादा थिरवादा ञायवादा हेतुवादा लक्खणवादा कारणवादा ठानवादा सकाय लद्धियाति—",
"mnd12:53.8":	"पवादियासे कुसलावदाना। ",
"mnd12:54.1":	"<ब्>सच्चानि सुतानि बहूनि नाना</ब्>ति सच्चानि सुतानि बहुकानि नानानि विविधानि अञ्ञोञ्ञानि पुथूनीति—",
"mnd12:54.2":	"सच्चानि सुतानि बहूनि नाना। ",
"mnd12:55.1":	"<ब्>उदाहु ते तक्कमनुस्सरन्ती</ब्>ति उदाहु तक्केन सङ्कप्पेन यायन्ति नीयन्ति वुय्हन्ति संहरीयन्तीति। ",
"mnd12:55.2":	"एवम्पि उदाहु ते तक्कमनुस्सरन्ति। ",
"mnd12:55.3":	"अथ वा तक्कपरियाहतं वीमंसानुचरितं सयं पटिभानं वदन्ति कथेन्ति भणन्ति दीपयन्ति वोहरन्तीति। ",
"mnd12:55.4":	"एवम्पि उदाहु ते तक्कमनुस्सरन्ति। ",
"mnd12:56.1":	"तेनाह सो निम्मितो—",
"mnd12:57.1":	"“कस्मा नु सच्चानि वदन्ति नाना, ",
"mnd12:57.2":	"पवादियासे कुसलावदाना; ",
"mnd12:57.3":	"सच्चानि सुतानि बहूनि नाना, ",
"mnd12:57.4":	"उदाहु ते तक्कमनुस्सरन्ती”ति। ",
"mnd12:58.1":	"<ब्>न हेव सच्चानि बहूनि नाना,</ब्> ",
"mnd12:58.2":	"<ब्>अञ्ञत्र सञ्ञाय निच्चानि लोके;</ब्> ",
"mnd12:58.3":	"<ब्>तक्कञ्च दिट्ठीसु पकप्पयित्वा,</ब्> ",
"mnd12:58.4":	"<ब्>सच्चं मुसाति द्वयधम्ममाहु।</ब्> ",
"mnd12:59.1":	"<ब्>न हेव सच्चानि बहूनि नाना</ब्>ति न हेव सच्चानि बहुकानि नानानि विविधानि अञ्ञोञ्ञानि पुथूनीति—",
"mnd12:59.2":	"न हेव सच्चानि बहूनि नाना। ",
"mnd12:60.1":	"<ब्>अञ्ञत्र सञ्ञाय निच्चानि लोके</ब्>ति अञ्ञत्र सञ्ञाय निच्चग्गाहा एकञ्ञेव सच्चं लोके कथीयति भणीयति दीपीयति वोहरीयति—",
"mnd12:60.2":	"दुक्खनिरोधो निब्बानं। ",
"mnd12:60.3":	"यो सो सब्बसङ्खारसमथो सब्बूपधिपटिनिस्सग्गो तण्हक्खयो विरागो निरोधो निब्बानं। ",
"mnd12:60.4":	"अथ वा एकं सच्चं वुच्चति मग्गसच्चं, निय्यानसच्चं, दुक्खनिरोधगामिनी पटिपदा, अरियो अट्ठङ्गिको मग्गो, सेय्यथिदं—",
"mnd12:60.5":	"सम्मादिट्ठि …पे… सम्मासमाधीति—",
"mnd12:60.6":	"अञ्ञत्र सञ्ञाय निच्चानि लोके। ",
"mnd12:61.1":	"<ब्>तक्कञ्च दिट्ठीसु पकप्पयित्वा, सच्चं मुसाति द्वयधम्ममाहू</ब्>ति। ",
"mnd12:61.2":	"तक्कं वितक्कं सङ्कप्पं तक्कयित्वा वितक्कयित्वा सङ्कप्पयित्वा दिट्ठिगतानि जनेन्ति सञ्जनेन्ति निब्बत्तेन्ति अभिनिब्बत्तेन्ति। ",
"mnd12:61.3":	"दिट्ठिगतानि जनेत्वा सञ्जनेत्वा निब्बत्तेत्वा अभिनिब्बत्तेत्वा “मय्हं सच्चं तुय्हं मुसा”ति, एवमाहंसु एवं कथेन्ति एवं भणन्ति एवं दीपयन्ति एवं वोहरन्तीति—",
"mnd12:61.4":	"तक्कञ्च दिट्ठीसु पकप्पयित्वा सच्चं मुसाति द्वयधम्ममाहु। ",
"mnd12:62.1":	"तेनाह भगवा—",
"mnd12:63.1":	"“न हेव सच्चानि बहूनि नाना, ",
"mnd12:63.2":	"अञ्ञत्र सञ्ञाय निच्चानि लोके; ",
"mnd12:63.3":	"तक्कञ्च दिट्ठीसु पकप्पयित्वा, ",
"mnd12:63.4":	"सच्चं मुसाति द्वयधम्ममाहू”ति। ",
"mnd12:64.1":	"<ब्>दिट्ठे सुते सीलवते मुते वा,</ब्> ",
"mnd12:64.2":	"<ब्>एते च निस्साय विमानदस्सी;</ब्> ",
"mnd12:64.3":	"<ब्>विनिच्छये ठत्वा पहस्समानो,</ब्> ",
"mnd12:64.4":	"<ब्>बालो परो अक्कुसलोति चाह।</ब्> ",
"mnd12:65.1":	"<ब्>दिट्ठे सुते सीलवते मुते वा, एते च निस्साय विमानदस्सी</ब्>ति। ",
"mnd12:65.2":	"दिट्ठं वा दिट्ठसुद्धिं वा, सुतं वा सुतसुद्धिं वा, सीलं वा सीलसुद्धिं वा, वतं वा वतसुद्धिं वा, मुतं वा मुतसुद्धिं वा निस्साय उपनिस्साय गण्हित्वा परामसित्वा अभिनिविसित्वाति—",
"mnd12:65.3":	"दिट्ठे सुते सीलवते मुते वा। ",
"mnd12:65.4":	"<ब्>एते च निस्साय विमानदस्सी</ब्>ति। ",
"mnd12:65.5":	"न सम्मानेतीतिपि विमानदस्सी। ",
"mnd12:65.6":	"अथ वा दोमनस्सं जनेतीतिपि विमानदस्सीति—",
"mnd12:65.7":	"दिट्ठे सुते सीलवते मुते वा एते च निस्साय विमानदस्सी। ",
"mnd12:66.1":	"<ब्>विनिच्छये ठत्वा पहस्समानो</ब्>ति। ",
"mnd12:66.2":	"विनिच्छया वुच्चन्ति द्वासट्ठि दिट्ठिगतानि। ",
"mnd12:66.3":	"दिट्ठिविनिच्छये विनिच्छयदिट्ठिया ठत्वा पतिट्ठहित्वा गण्हित्वा परामसित्वा अभिनिविसित्वाति—",
"mnd12:66.4":	"विनिच्छये ठत्वा। ",
"mnd12:66.5":	"<ब्>पहस्समानो</ब्>ति तुट्ठो होति हट्ठो पहट्ठो अत्तमनो परिपुण्णसङ्कप्पो। ",
"mnd12:66.6":	"अथ वा दन्तविदंसकं पहस्समानोति—",
"mnd12:66.7":	"विनिच्छये ठत्वा पहस्समानो। ",
"mnd12:67.1":	"<ब्>बालो परो अक्कुसलोति चाहा</ब्>ति। ",
"mnd12:67.2":	"परो बालो हीनो निहीनो ओमको लामको छतुक्को परित्तो अकुसलो अविद्वा अविज्जागतो अञ्ञाणी अविभावी अमेधावी दुप्पञ्ञोति, एवमाह एवं कथेति एवं भणति एवं दीपयति एवं वोहरतीति—",
"mnd12:67.3":	"बालो परो अक्कुसलोति चाह। ",
"mnd12:68.1":	"तेनाह भगवा—",
"mnd12:69.1":	"“दिट्ठे सुते सीलवते मुते वा, ",
"mnd12:69.2":	"एते च निस्साय विमानदस्सी; ",
"mnd12:69.3":	"विनिच्छये ठत्वा पहस्समानो, ",
"mnd12:69.4":	"बालो परो अक्कुसलोति चाहा”ति। ",
"mnd12:70.1":	"<ब्>येनेव बालोति परं दहाति,</ब्> ",
"mnd12:70.2":	"<ब्>तेनातुमानं कुसलोति चाह;</ब्> ",
"mnd12:70.3":	"<ब्>सयमत्तना सो कुसलावदानो,</ब्> ",
"mnd12:70.4":	"<ब्>अञ्ञं विमानेति तदेव पाव।</ब्> ",
"mnd12:71.1":	"<ब्>येनेव बालोति परं दहाती</ब्>ति। ",
"mnd12:71.2":	"येनेव हेतुना येन पच्चयेन येन कारणेन येन पभवेन परं बालतो हीनतो निहीनतो ओमकतो लामकतो छतुक्कतो परित्ततो दहति पस्सति दक्खति ओलोकेति निज्झायति उपपरिक्खतीति—",
"mnd12:71.3":	"येनेव बालोति परं दहाति। ",
"mnd12:72.1":	"<ब्>तेनातुमानं कुसलोति चाहा</ब्>ति। ",
"mnd12:72.2":	"<ब्>आतुमानो</ब्> वुच्चति अत्ता। ",
"mnd12:72.3":	"सोपि तेनेव हेतुना तेन पच्चयेन तेन कारणेन तेन पभवेन अत्तानं अहमस्मि कुसलो पण्डितो पञ्ञवा बुद्धिमा ञाणी विभावी मेधावीति—",
"mnd12:72.4":	"तेनातुमानं कुसलोति चाह। ",
"mnd12:73.1":	"<ब्>सयमत्तना सो कुसलावदानो</ब्>ति। ",
"mnd12:73.2":	"सयमेव अत्तानं कुसलवादो पण्डितवादो थिरवादो ञायवादो हेतुवादो लक्खणवादो कारणवादो ठानवादो सकाय लद्धियाति—",
"mnd12:73.3":	"सयमत्तना सो कुसलावदानो। ",
"mnd12:74.1":	"<ब्>अञ्ञं विमानेति तदेव पावा</ब्>ति। ",
"mnd12:74.2":	"न सम्मानेतीतिपि अञ्ञं विमानेति। ",
"mnd12:74.3":	"अथ वा दोमनस्सं जनेतीतिपि अञ्ञं विमानेति। ",
"mnd12:74.4":	"<ब्>तदेव पावा</ब्>ति तदेव तं दिट्ठिगतं पावदति “इतिपायं पुग्गलो मिच्छादिट्ठिको विपरीतदस्सनो”ति—",
"mnd12:74.5":	"अञ्ञं विमानेति तदेव पावद। ",
"mnd12:75.1":	"तेनाह भगवा—",
"mnd12:76.1":	"“येनेव बालोति परं दहाति, ",
"mnd12:76.2":	"तेनातुमानं कुसलोति चाह; ",
"mnd12:76.3":	"सयमत्तना सो कुसलावदानो, ",
"mnd12:76.4":	"अञ्ञं विमानेति तदेव पावा”ति। ",
"mnd12:77.1":	"<ब्>अतिसारदिट्ठिया सो समत्तो,</ब्> ",
"mnd12:77.2":	"<ब्>मानेन मत्तो परिपुण्णमानी;</ब्> ",
"mnd12:77.3":	"<ब्>सयमेव सामं मनसाभिसित्तो,</ब्> ",
"mnd12:77.4":	"<ब्>दिट्ठी हि सा तस्स तथा समत्ता।</ब्> ",
"mnd12:78.1":	"<ब्>अतिसारदिट्ठिया सो समत्तो</ब्>ति। ",
"mnd12:78.2":	"अतिसारदिट्ठियो वुच्चन्ति द्वासट्ठि दिट्ठिगतानि। ",
"mnd12:78.3":	"किङ्कारणा अतिसारदिट्ठियो वुच्चन्ति द्वासट्ठि दिट्ठिगतानि? ",
"mnd12:78.4":	"सब्बा ता दिट्ठियो कारणातिक्कन्ता लक्खणातिक्कन्ता ठानातिक्कन्ता, तङ्कारणा अतिसारदिट्ठियो वुच्चन्ति द्वासट्ठि दिट्ठिगतानि। ",
"mnd12:78.5":	"सब्बेपि तित्थिया अतिसारदिट्ठिया। ",
"mnd12:78.6":	"किङ्कारणा सब्बेपि तित्थिया अतिसारदिट्ठिया? ",
"mnd12:78.7":	"ते अञ्ञमञ्ञं अतिक्कमित्वा समतिक्कमित्वा वीतिवत्तित्वा दिट्ठिगतानि जनेन्ति सञ्जनेन्ति निब्बत्तेन्ति अभिनिब्बत्तेन्ति, तङ्कारणा सब्बेपि तित्थिया अतिसारदिट्ठिया। ",
"mnd12:78.8":	"<ब्>अतिसारदिट्ठिया सो समत्तो</ब्>ति। ",
"mnd12:78.9":	"अतिसारदिट्ठिया समत्तो परिपुण्णो अनोमोति—",
"mnd12:78.10":	"अतिसारदिट्ठिया सो समत्तो। ",
"mnd12:79.1":	"<ब्>मानेन मत्तो परिपुण्णमानी</ब्>ति। ",
"mnd12:79.2":	"सकाय दिट्ठिया दिट्ठिमानेन मत्तो पमत्तो उम्मत्तो अतिमत्तोति—",
"mnd12:79.3":	"मानेन मत्तो। ",
"mnd12:79.4":	"<ब्>परिपुण्णमानी</ब्>ति परिपुण्णमानी समत्तमानी अनोममानीति—",
"mnd12:79.5":	"मानेन मत्तो परिपुण्णमानी। ",
"mnd12:80.1":	"<ब्>सयमेव सामं मनसाभिसित्तो</ब्>ति। ",
"mnd12:80.2":	"सयमेव अत्तानं चित्तेन अभिसिञ्चति “अहमस्मि कुसलो पण्डितो पञ्ञवा बुद्धिमा ञाणी विभावी मेधावी”ति—",
"mnd12:80.3":	"सयमेव सामं मनसाभिसित्तो। ",
"mnd12:81.1":	"<ब्>दिट्ठी हि सा तस्स तथा समत्ता</ब्>ति। ",
"mnd12:81.2":	"तस्स सा दिट्ठि तथा समत्ता समादिन्ना गहिता परामट्ठा अभिनिविट्ठा अज्झोसिता अधिमुत्ताति—",
"mnd12:81.3":	"दिट्ठी हि सा तस्स तथा समत्ता। ",
"mnd12:82.1":	"तेनाह भगवा—",
"mnd12:83.1":	"“अतिसारदिट्ठिया सो समत्तो, ",
"mnd12:83.2":	"मानेन मत्तो परिपुण्णमानी; ",
"mnd12:83.3":	"सयमेव सामं मनसाभिसित्तो, ",
"mnd12:83.4":	"दिट्ठी हि सा तस्स तथा समत्ता”ति। ",
"mnd12:84.1":	"<ब्>परस्स चे हि वचसा निहीनो,</ब्> ",
"mnd12:84.2":	"<ब्>तुमो सहा होति निहीनपञ्ञो;</ब्> ",
"mnd12:84.3":	"<ब्>अथ चे सयं वेदगू होति धीरो,</ब्> ",
"mnd12:84.4":	"<ब्>न कोचि बालो समणेसु अत्थि।</ब्> ",
"mnd12:85.1":	"<ब्>परस्स चे हि वचसा निहीनो</ब्>ति परस्स चे वाचाय वचनेन निन्दितकारणा गरहितकारणा उपवदितकारणा परो बालो होति हीनो निहीनो ओमको लामको छतुक्को परित्तोति—",
"mnd12:85.2":	"परस्स चे हि वचसा निहीनो। ",
"mnd12:85.3":	"<ब्>तुमो सहा होति निहीनपञ्ञो</ब्>ति। ",
"mnd12:85.4":	"सोपि तेनेव सहा होति हीनपञ्ञो निहीनपञ्ञो ओमकपञ्ञो लामकपञ्ञो छतुक्कपञ्ञो परित्तपञ्ञोति—",
"mnd12:85.5":	"तुमो सहा होति निहीनपञ्ञो। ",
"mnd12:86.1":	"<ब्>अथ चे सयं वेदगू होति धीरो</ब्>ति अथ चे सयं वेदगू होति धीरो पण्डितो पञ्ञवा बुद्धिमा ञाणी विभावी मेधावीति—",
"mnd12:86.2":	"अथ चे सयं वेदगू होति धीरो। ",
"mnd12:87.1":	"<ब्>न कोचि बालो समणेसु अत्थी</ब्>ति। ",
"mnd12:87.2":	"समणेसु न कोचि बालो हीनो निहीनो ओमको लामको छतुक्को परित्तो अत्थि, सब्बेव सेट्ठपञ्ञा विसिट्ठपञ्ञा पामोक्खपञ्ञा उत्तमपञ्ञा पवरपञ्ञाति—",
"mnd12:87.3":	"न कोचि बालो समणेसु अत्थि। ",
"mnd12:88.1":	"तेनाह भगवा—",
"mnd12:89.1":	"“परस्स चे हि वचसा निहीनो, ",
"mnd12:89.2":	"तुमो सहा होति निहीनपञ्ञो; ",
"mnd12:89.3":	"अथ चे सयं वेदगू होति धीरो, ",
"mnd12:89.4":	"न कोचि बालो समणेसु अत्थी”ति। ",
"mnd12:90.1":	"<ब्>अञ्ञं इतो याभिवदन्ति धम्मं,</ब्> ",
"mnd12:90.2":	"<ब्>अपरद्धा सुद्धिमकेवली ते;</ब्> ",
"mnd12:90.3":	"<ब्>एवम्पि तित्थ्या पुथुसो वदन्ति,</ब्> ",
"mnd12:90.4":	"<ब्>सन्दिट्ठिरागेन हि तेभिरत्ता।</ब्> ",
"mnd12:91.1":	"<ब्>अञ्ञं इतो याभिवदन्ति धम्मं, अपरद्धा सुद्धिमकेवली ते</ब्>ति। ",
"mnd12:91.2":	"इतो अञ्ञं धम्मं दिट्ठिं पटिपदं मग्गं ये अभिवदन्ति, ते सुद्धिमग्गं विसुद्धिमग्गं परिसुद्धिमग्गं वोदातमग्गं परियोदातमग्गं विरद्धा अपरद्धा खलिता गलिता अञ्ञाय अपरद्धा अकेवली ते, असमत्ता ते, अपरिपुण्णा ते, हीना निहीना ओमका लामका छतुक्का परित्ताति—",
"mnd12:91.3":	"अञ्ञं इतो याभिवदन्ति धम्मं, अपरद्धा सुद्धिमकेवली ते। ",
"mnd12:92.1":	"<ब्>एवम्पि तित्थ्या पुथुसो वदन्ती</ब्>ति। ",
"mnd12:92.2":	"<ब्>तित्थं</ब्> वुच्चति दिट्ठिगतं। ",
"mnd12:92.3":	"तित्थिया वुच्चन्ति दिट्ठिगतिका। ",
"mnd12:92.4":	"पुथुदिट्ठिया पुथुदिट्ठिगतानि वदन्ति कथेन्ति भणन्ति दीपयन्ति वोहरन्तीति—",
"mnd12:92.5":	"एवम्पि तित्थ्या पुथुसो वदन्ति। ",
"mnd12:93.1":	"<ब्>सन्दिट्ठिरागेन हि तेभिरत्ता</ब्>ति। ",
"mnd12:93.2":	"सकाय दिट्ठिया दिट्ठिरागेन रत्ता अभिरत्ताति—",
"mnd12:93.3":	"सन्दिट्ठिरागेन हि तेभिरत्ता। ",
"mnd12:94.1":	"तेनाह भगवा—",
"mnd12:95.1":	"“अञ्ञं इतो याभिवदन्ति धम्मं, ",
"mnd12:95.2":	"अपरद्धा सुद्धिमकेवली ते; ",
"mnd12:95.3":	"एवम्पि तित्थ्या पुथुसो वदन्ति, ",
"mnd12:95.4":	"सन्दिट्ठिरागेन हि तेभिरत्ता”ति। ",
"mnd12:96.1":	"<ब्>इधेव सुद्धिं इति वादयन्ति,</ब्> ",
"mnd12:96.2":	"<ब्>नाञ्ञेसु धम्मेसु विसुद्धिमाहु;</ब्> ",
"mnd12:96.3":	"<ब्>एवम्पि तित्थ्या पुथुसो निविट्ठा,</ब्> ",
"mnd12:96.4":	"<ब्>सकायने तत्थ दळ्हं वदाना।</ब्> ",
"mnd12:97.1":	"<ब्>इधेव सुद्धिं इति वादयन्ती</ब्>ति। ",
"mnd12:97.2":	"इध सुद्धिं विसुद्धिं परिसुद्धिं, मुत्तिं विमुत्तिं परिमुत्तिं वदन्ति कथेन्ति भणन्ति दीपयन्ति वोहरन्ति। ",
"mnd12:97.3":	"“सस्सतो लोको, इदमेव सच्चं मोघमञ्ञन्”ति इध सुद्धिं विसुद्धिं परिसुद्धिं, मुत्तिं विमुत्तिं परिमुत्तिं वदन्ति कथेन्ति भणन्ति दीपयन्ति वोहरन्ति। ",
"mnd12:97.4":	"“असस्सतो लोको …पे… ",
"mnd12:97.5":	"नेव होति न न होति तथागतो परं मरणा, इदमेव सच्चं मोघमञ्ञन्”ति इध सुद्धिं विसुद्धिं परिसुद्धिं मुत्तिं विमुत्तिं परिमुत्तिं वदन्ति कथेन्ति भणन्ति दीपयन्ति वोहरन्तीति—",
"mnd12:97.6":	"इधेव सुद्धिं इति वादयन्ति। ",
"mnd12:98.1":	"<ब्>नाञ्ञेसु धम्मेसु विसुद्धिमाहू</ब्>ति। ",
"mnd12:98.2":	"अत्तनो सत्थारं धम्मक्खानं गणं दिट्ठिं पटिपदं मग्गं ठपेत्वा सब्बे परवादे खिपन्ति उक्खिपन्ति परिक्खिपन्ति। ",
"mnd12:98.3":	"“सो सत्था न सब्बञ्ञू, धम्मो न स्वाक्खातो, गणो न सुप्पटिपन्नो, दिट्ठि न भद्दिका, पटिपदा न सुपञ्ञत्ता, मग्गो न निय्यानिको, नत्थेत्थ सुद्धि वा विसुद्धि वा परिसुद्धि वा, मुत्ति वा विमुत्ति वा परिमुत्ति वा, नत्थेत्थ सुज्झन्ति वा विसुज्झन्ति वा परिसुज्झन्ति वा, मुच्चन्ति वा विमुच्चन्ति वा परिमुच्चन्ति वा हीना निहीना ओमका लामका छतुक्का परित्ता”ति, एवमाहंसु एवं कथेन्ति एवं भणन्ति एवं दीपयन्ति एवं वोहरन्तीति—",
"mnd12:98.4":	"नाञ्ञेसु धम्मेसु विसुद्धिमाहु। ",
"mnd12:99.1":	"<ब्>एवम्पि तित्थ्या पुथुसो निविट्ठा</ब्>ति। ",
"mnd12:99.2":	"तित्थं वुच्चति दिट्ठिगतं। ",
"mnd12:99.3":	"तित्थिया वुच्चन्ति दिट्ठिगतिका। ",
"mnd12:99.4":	"पुथुदिट्ठिया पुथुदिट्ठिगतेसु निविट्ठा पतिट्ठिता अल्लीना उपगता अज्झोसिता अधिमुत्ताति—",
"mnd12:99.5":	"एवम्पि तित्थ्या पुथुसो निविट्ठा। ",
"mnd12:100.1":	"<ब्>सकायने तत्थ दळ्हं वदाना</ब्>ति। ",
"mnd12:100.2":	"धम्मो सकायनं, दिट्ठि सकायनं, पटिपदा सकायनं, मग्गो सकायनं, सकायने दळ्हवादा थिरवादा बलिकवादा अवट्ठितवादाति—",
"mnd12:100.3":	"सकायने तत्थ दळ्हं वदाना। ",
"mnd12:101.1":	"तेनाह भगवा—",
"mnd12:102.1":	"“इधेव सुद्धिं इति वादयन्ति, ",
"mnd12:102.2":	"नाञ्ञेसु धम्मेसु विसुद्धिमाहु; ",
"mnd12:102.3":	"एवम्पि तित्थ्या पुथुसो निविट्ठा, ",
"mnd12:102.4":	"सकायने तत्थ दळ्हं वदाना”ति। ",
"mnd12:103.1":	"<ब्>सकायने वापि दळ्हं वदानो,</ब्> ",
"mnd12:103.2":	"<ब्>कमेत्थ बालोति परं दहेय्य;</ब्> ",
"mnd12:103.3":	"<ब्>सयंव सो मेधगमावहेय्य,</ब्> ",
"mnd12:103.4":	"<ब्>परं वदं बालमसुद्धिधम्मं।</ब्> ",
"mnd12:104.1":	"<ब्>सकायने वापि दळ्हं वदानो</ब्>ति। ",
"mnd12:104.2":	"धम्मो सकायनं, दिट्ठि सकायनं, पटिपदा सकायनं, मग्गो सकायनं, सकायने दळ्हवादो थिरवादो बलिकवादो अवट्ठितवादोति—",
"mnd12:104.3":	"सकायने वापि दळ्हं वदानो। ",
"mnd12:105.1":	"<ब्>कमेत्थ बालोति परं दहेय्या</ब्>ति। ",
"mnd12:105.2":	"<ब्>एत्था</ब्>ति सकाय दिट्ठिया सकाय खन्तिया सकाय रुचिया सकाय लद्धिया परं बालतो हीनतो निहीनतो ओमकतो लामकतो छतुक्कतो परित्ततो कं दहेय्य कं पस्सेय्य कं दक्खेय्य कं ओलोकेय्य कं निज्झायेय्य कं उपपरिक्खेय्याति—",
"mnd12:105.3":	"कमेत्थ बालोति परं दहेय्य। ",
"mnd12:106.1":	"<ब्>सयंव सो मेधगमावहेय्य, परं वदं बालमसुद्धिधम्मन्</ब्>ति। ",
"mnd12:106.2":	"परो बालो हीनो निहीनो ओमको लामको छतुक्को परित्तो असुद्धिधम्मो अविसुद्धिधम्मो अपरिसुद्धिधम्मो अवोदातधम्मोति—",
"mnd12:106.3":	"एवं वदन्तो एवं कथेन्तो एवं भणन्तो एवं दीपयन्तो एवं वोहरन्तो सयमेव कलहं भण्डनं विग्गहं विवादं मेधगं आवहेय्य समावहेय्य आहरेय्य समाहरेय्य आकड्ढेय्य समाकड्ढेय्य गण्हेय्य परामसेय्य अभिनिविसेय्याति—",
"mnd12:106.4":	"सयंव सो मेधगमावहेय्य परं वदं बालमसुद्धिधम्मं। ",
"mnd12:107.1":	"तेनाह भगवा—",
"mnd12:108.1":	"“सकायने वापि दळ्हं वदानो, ",
"mnd12:108.2":	"कमेत्थ बालोति परं दहेय्य; ",
"mnd12:108.3":	"सयंव सो मेधगमावहेय्य, ",
"mnd12:108.4":	"परं वदं बालमसुद्धिधम्मन्”ति। ",
"mnd12:109.1":	"<ब्>विनिच्छये ठत्वा सयं पमाय,</ब्> ",
"mnd12:109.2":	"<ब्>उद्धंस लोकस्मिं विवादमेति;</ब्> ",
"mnd12:109.3":	"<ब्>हित्वान सब्बानि विनिच्छयानि,</ब्> ",
"mnd12:109.4":	"<ब्>न मेधगं कुब्बति जन्तु लोके।</ब्> ",
"mnd12:110.1":	"<ब्>विनिच्छये ठत्वा सयं पमाया</ब्>ति। ",
"mnd12:110.2":	"विनिच्छया वुच्चन्ति द्वासट्ठि दिट्ठिगतानि। ",
"mnd12:110.3":	"विनिच्छयदिट्ठिया ठत्वा पतिट्ठहित्वा गण्हित्वा परामसित्वा अभिनिविसित्वाति विनिच्छये ठत्वा। ",
"mnd12:110.4":	"<ब्>सयं पमाया</ब्>ति सयं पमाय पमिनित्वा। ",
"mnd12:110.5":	"“अयं सत्था सब्बञ्ञू”ति सयं पमाय पमिनित्वा, ",
"mnd12:110.6":	"“अयं धम्मो स्वाक्खातो … ",
"mnd12:110.7":	"अयं गणो सुप्पटिपन्नो … ",
"mnd12:110.8":	"अयं दिट्ठि भद्दिका … ",
"mnd12:110.9":	"अयं पटिपदा सुपञ्ञत्ता … ",
"mnd12:110.10":	"अयं मग्गो निय्यानिको”ति सयं पमाय पमिनित्वाति—",
"mnd12:110.11":	"विनिच्छये ठत्वा सयं पमाय। ",
"mnd12:111.1":	"<ब्>उद्धंस लोकस्मिं विवादमेती</ब्>ति। ",
"mnd12:111.2":	"उद्धंसो वुच्चति अनागतं। ",
"mnd12:111.3":	"अत्तनो वादं उद्धं ठपेत्वा सयमेव कलहं भण्डनं विग्गहं विवादं मेधगं एति उपेति उपगच्छति गण्हाति परामसति अभिनिविसतीति। ",
"mnd12:111.4":	"एवम्पि उद्धंस लोकस्मिं विवादमेति। ",
"mnd12:111.5":	"अथ वा अञ्ञेन उद्धं वादेन सद्धिं कलहं करोति भण्डनं करोति विग्गहं करोति विवादं करोति मेधगं करोति—",
"mnd12:111.6":	"“न त्वं इमं धम्मविनयं आजानासि …पे… ",
"mnd12:111.7":	"निब्बेठेहि वा सचे पहोसी”ति। ",
"mnd12:111.8":	"एवम्पि उद्धंस लोकस्मिं विवादमेति। ",
"mnd12:112.1":	"<ब्>हित्वान सब्बानि विनिच्छयानी</ब्>ति। ",
"mnd12:112.2":	"विनिच्छया वुच्चन्ति द्वासट्ठि दिट्ठिगतानि। ",
"mnd12:112.3":	"दिट्ठिविनिच्छया सब्बे विनिच्छये हित्वा चजित्वा परिच्चजित्वा जहित्वा पजहित्वा विनोदेत्वा ब्यन्तिं करित्वा अनभावं गमेत्वाति—",
"mnd12:112.4":	"हित्वान सब्बानि विनिच्छयानि। ",
"mnd12:113.1":	"<ब्>न मेधगं कुब्बति जन्तु लोके</ब्>ति। ",
"mnd12:113.2":	"न कलहं करोति, न भण्डनं करोति, न विग्गहं करोति, न विवादं करोति, न मेधगं करोति। ",
"mnd12:113.3":	"वुत्तञ्हेतं भगवता—",
"mnd12:113.4":	"“एवं विमुत्तचित्तो खो, अग्गिवेस्सन, भिक्खु न केनचि संवदति, न केनचि विवदति, यञ्च लोके वुत्तं तेन च वोहरति अपरामसन्”ति। ",
"mnd12:113.5":	"<ब्>जन्तू</ब्>ति सत्तो नरो मानवो पोसो पुग्गलो जीवो जागु जन्तु इन्दगु मनुजो। ",
"mnd12:113.6":	"<ब्>लोके</ब्>ति अपायलोके …पे… आयतनलोकेति—",
"mnd12:113.7":	"न मेधगं कुब्बति जन्तु लोकेति। ",
"mnd12:114.1":	"तेनाह भगवा—",
"mnd12:115.1":	"“विनिच्छये ठत्वा सयं पमाय, ",
"mnd12:115.2":	"उद्धंस लोकस्मिं विवादमेति; ",
"mnd12:115.3":	"हित्वान सब्बानि विनिच्छयानि, ",
"mnd12:115.4":	"न मेधगं कुब्बति जन्तु लोके”ति। ",
"mnd12:116.1":	"चूळब्यूहसुत्तनिद्देसो द्वादसमो। "
}	
