{	
"mnd7:0.1":	"महानिद्देस ",
"mnd7:0.2":	"अट्ठकवग्ग ",
"mnd7:0.3":	"७। तिस्समेत्तेय्यसुत्तनिद्देस ",
"mnd7:1.1":	"अथ तिस्समेत्तेय्यसुत्तनिद्देसं वक्खति—",
"mnd7:2.1":	"<ब्>मेथुनमनुयुत्तस्स,</ब्> ",
"mnd7:2.2":	"(इच्चायस्मा तिस्सो मेत्तेय्यो) ",
"mnd7:2.3":	"<ब्>विघातं ब्रूहि मारिस;</ब्> ",
"mnd7:2.4":	"<ब्>सुत्वान तव सासनं,</ब्> ",
"mnd7:2.5":	"<ब्>विवेके सिक्खिस्सामसे।</ब्> ",
"mnd7:3.1":	"<ब्>मेथुनमनुयुत्तस्सा</ब्>ति। ",
"mnd7:3.2":	"<ब्>मेथुनधम्मो</ब्> नाम यो सो असद्धम्मो गामधम्मो वसलधम्मो दुट्ठुल्लो ओदकन्तिको रहस्सो द्वयंद्वयसमापत्ति। ",
"mnd7:3.3":	"किङ्कारणा वुच्चति मेथुनधम्मो? ",
"mnd7:3.4":	"उभिन्नं रत्तानं सारत्तानं अवस्सुतानं परियुट्ठितानं परियादिन्नचित्तानं उभिन्नं सदिसानं धम्मोति—",
"mnd7:3.5":	"तङ्कारणा वुच्चति मेथुनधम्मो। ",
"mnd7:3.6":	"यथा उभो कलहकारका मेथुनकाति वुच्चन्ति, उभो भण्डनकारका मेथुनकाति वुच्चन्ति, उभो भस्सकारका मेथुनकाति वुच्चन्ति, उभो विवादकारका मेथुनकाति वुच्चन्ति, उभो अधिकरणकारका मेथुनकाति वुच्चन्ति, उभो वादिनो मेथुनकाति वुच्चन्ति, उभो सल्लापका मेथुनकाति वुच्चन्ति; ",
"mnd7:3.7":	"एवमेवं उभिन्नं रत्तानं सारत्तानं अवस्सुतानं परियुट्ठितानं परियादिन्नचित्तानं उभिन्नं सदिसानं धम्मोति—",
"mnd7:3.8":	"तङ्कारणा वुच्चति मेथुनधम्मो। ",
"mnd7:4.1":	"<ब्>मेथुनमनुयुत्तस्सा</ब्>ति। ",
"mnd7:4.2":	"मेथुनधम्मे युत्तस्स पयुत्तस्स आयुत्तस्स समायुत्तस्स तच्चरितस्स तब्बहुलस्स तग्गरुकस्स तन्निन्नस्स तप्पोणस्स तप्पब्भारस्स तदधिमुत्तस्स तदधिपतेय्यस्साति—",
"mnd7:4.3":	"मेथुनमनुयुत्तस्स। ",
"mnd7:5.1":	"<ब्>इच्चायस्मा तिस्सो मेत्तेय्यो</ब्>ति। ",
"mnd7:5.2":	"<ब्>इच्चा</ब्>ति पदसन्धि पदसंसग्गो पदपारिपूरी अक्खरसमवायो ब्यञ्जनसिलिट्ठता पदानुपुब्बतापेतं—",
"mnd7:5.3":	"इच्चाति। ",
"mnd7:5.4":	"<ब्>आयस्मा</ब्>ति पियवचनं गरुवचनं सगारववचनं सप्पतिस्सवचनमेतं—",
"mnd7:5.5":	"आयस्माति। ",
"mnd7:5.6":	"<ब्>तिस्सो</ब्>ति तस्स थेरस्स नामं सङ्खा समञ्ञा पञ्ञत्ति वोहारो नामं नामकम्मं नामधेय्यं निरुत्ति ब्यञ्जनं अभिलापो। ",
"mnd7:5.7":	"<ब्>मेत्तेय्यो</ब्>ति तस्स थेरस्स गोत्तं सङ्खा समञ्ञा पञ्ञत्ति वोहारोति—",
"mnd7:5.8":	"इच्चायस्मा तिस्सो मेत्तेय्यो। ",
"mnd7:6.1":	"<ब्>विघातं ब्रूहि मारिसा</ब्>ति। ",
"mnd7:6.2":	"<ब्>विघातन्</ब्>ति विघातं उपघातं पीळनं घट्टनं उपद्दवं उपसग्गं ब्रूहि आचिक्ख देसेहि पञ्ञपेहि पट्ठपेहि विवर विभज उत्तानीकरोहि पकासेहि। ",
"mnd7:6.3":	"<ब्>मारिसा</ब्>ति पियवचनं गरुवचनं सगारववचनं सप्पतिस्सवचनमेतं मारिसाति—",
"mnd7:6.4":	"विघातं ब्रूहि मारिस। ",
"mnd7:7.1":	"<ब्>सुत्वान तव सासनन्</ब्>ति। ",
"mnd7:7.2":	"तुय्हं वचनं ब्यप्पथं देसनं अनुसासनं अनुसिट्ठिं सुत्वा सुणित्वा उग्गहेत्वा उपधारयित्वा उपलक्खयित्वाति—",
"mnd7:7.3":	"सुत्वान तव सासनं। ",
"mnd7:8.1":	"<ब्>विवेके सिक्खिस्सामसे</ब्>ति। ",
"mnd7:8.2":	"<ब्>विवेको</ब्>ति तयो विवेका—",
"mnd7:8.3":	"कायविवेको, चित्तविवेको, उपधिविवेको। ",
"mnd7:8.4":	"कतमो कायविवेको? ",
"mnd7:8.5":	"इध भिक्खु विवित्तं सेनासनं भजति अरञ्ञं रुक्खमूलं पब्बतं कन्दरं गिरिगुहं सुसानं वनपत्थं अब्भोकासं पलासपुञ्जं, कायेन विवित्तो विहरति। ",
"mnd7:8.6":	"सो एको गच्छति, एको तिट्ठति, एको निसीदति, एको सेय्यं कप्पेति, एको गामं पिण्डाय पविसति, एको पटिक्कमति, एको रहो निसीदति, एको चङ्कमं अधिट्ठाति, एको चरति, एको विहरति इरियति वत्तति पालेति यपेति यापेति—",
"mnd7:8.7":	"अयं कायविवेको। ",
"mnd7:9.1":	"कतमो चित्तविवेको? ",
"mnd7:9.2":	"पठमं झानं समापन्नस्स नीवरणेहि चित्तं विवित्तं होति, ",
"mnd7:9.3":	"दुतियं झानं समापन्नस्स वितक्कविचारेहि चित्तं विवित्तं होति, ",
"mnd7:9.4":	"ततियं झानं समापन्नस्स पीतिया चित्तं विवित्तं होति, ",
"mnd7:9.5":	"चतुत्थं झानं समापन्नस्स सुखदुक्खेहि चित्तं विवित्तं होति, ",
"mnd7:9.6":	"आकासानञ्चायतनं समापन्नस्स रूपसञ्ञाय पटिघसञ्ञाय नानत्तसञ्ञाय चित्तं विवित्तं होति, ",
"mnd7:9.7":	"विञ्ञाणञ्चायतनं समापन्नस्स आकासानञ्चायतनसञ्ञाय चित्तं विवित्तं होति, ",
"mnd7:9.8":	"आकिञ्चञ्ञायतनं समापन्नस्स विञ्ञाणञ्चायतनसञ्ञाय चित्तं विवित्तं होति, ",
"mnd7:9.9":	"नेवसञ्ञानासञ्ञायतनं समापन्नस्स आकिञ्चञ्ञायतनसञ्ञाय चित्तं विवित्तं होति, ",
"mnd7:9.10":	"सोतापन्नस्स सक्कायदिट्ठिया विचिकिच्छाय सीलब्बतपरामासा दिट्ठानुसया विचिकिच्छानुसया तदेकट्ठेहि च किलेसेहि चित्तं विवित्तं होति, ",
"mnd7:9.11":	"सकदागामिस्स ओळारिका कामरागसंयोजना पटिघसंयोजना ओळारिका कामरागानुसया पटिघानुसया तदेकट्ठेहि च किलेसेहि चित्तं विवित्तं होति, ",
"mnd7:9.12":	"अनागामिस्स अनुसहगता कामरागसंयोजना पटिघसंयोजना अनुसहगता कामरागानुसया पटिघानुसया तदेकट्ठेहि च किलेसेहि चित्तं विवित्तं होति, ",
"mnd7:9.13":	"अरहतो रूपरागा अरूपरागा माना उद्धच्चा अविज्जाय मानानुसया भवरागानुसया अविज्जानुसया तदेकट्ठेहि च किलेसेहि बहिद्धा च सब्बनिमित्तेहि चित्तं विवित्तं होति—",
"mnd7:9.14":	"अयं चित्तविवेको। ",
"mnd7:10.1":	"कतमो उपधिविवेको? ",
"mnd7:10.2":	"<ब्>उपधि</ब्> वुच्चन्ति किलेसा च खन्धा च अभिसङ्खारा च। ",
"mnd7:10.3":	"उपधिविवेको वुच्चति अमतं निब्बानं। ",
"mnd7:10.4":	"यो सो सब्बसङ्खारसमथो सब्बूपधिपटिनिस्सग्गो तण्हक्खयो विरागो निरोधो निब्बानं—",
"mnd7:10.5":	"अयं उपधिविवेको। ",
"mnd7:10.6":	"कायविवेको च विवेकट्ठकायानं नेक्खम्माभिरतानं; ",
"mnd7:10.7":	"चित्तविवेको च परिसुद्धचित्तानं परमवोदानप्पत्तानं; ",
"mnd7:10.8":	"उपधिविवेको च निरूपधीनं पुग्गलानं विसङ्खारगतानं। ",
"mnd7:10.9":	"<ब्>विवेके सिक्खिस्सामसे</ब्>ति। ",
"mnd7:10.10":	"सो थेरो पकतिया सिक्खितसिक्खो। ",
"mnd7:10.11":	"अपि च धम्मदेसनं उपादाय धम्मदेसनं सावेन्तो एवमाह—",
"mnd7:10.12":	"विवेके सिक्खिस्सामसेति। ",
"mnd7:11.1":	"तेनाह थेरो तिस्समेत्तेय्यो—",
"mnd7:12.1":	"“मेथुनमनुयुत्तस्स, ",
"mnd7:12.2":	"(इच्चायस्मा तिस्सो मेत्तेय्यो) ",
"mnd7:12.3":	"विघातं ब्रूहि मारिस; ",
"mnd7:12.4":	"सुत्वान तव सासनं, ",
"mnd7:12.5":	"विवेके सिक्खिस्सामसे”ति। ",
"mnd7:13.1":	"<ब्>मेथुनमनुयुत्तस्स</ब्>, ",
"mnd7:13.2":	"(मेत्तेय्याति भगवा) ",
"mnd7:13.3":	"<ब्>मुस्सते वापि सासनं;</ब्> ",
"mnd7:13.4":	"<ब्>मिच्छा च पटिपज्जति,</ब्> ",
"mnd7:13.5":	"<ब्>एतं तस्मिं अनारियं।</ब्> ",
"mnd7:14.1":	"<ब्>मेथुनमनुयुत्तस्सा</ब्>ति। ",
"mnd7:14.2":	"मेथुनधम्मो नाम यो सो असद्धम्मो गामधम्मो वसलधम्मो दुट्ठुल्लो ओदकन्तिको रहस्सो द्वयंद्वयसमापत्ति। ",
"mnd7:14.3":	"किङ्कारणा वुच्चति मेथुनधम्मो? ",
"mnd7:14.4":	"उभिन्नं रत्तानं सारत्तानं अवस्सुतानं परियुट्ठितानं परियादिन्नचित्तानं उभिन्नं सदिसानं धम्मोति—",
"mnd7:14.5":	"तङ्कारणा वुच्चति मेथुनधम्मो। ",
"mnd7:14.6":	"यथा उभो कलहकारका मेथुनकाति वुच्चन्ति, उभो भण्डनकारका मेथुनकाति वुच्चन्ति, उभो भस्सकारका मेथुनकाति वुच्चन्ति, उभो विवादकारका मेथुनकाति वुच्चन्ति, उभो अधिकरणकारका मेथुनकाति वुच्चन्ति, उभो वादिनो मेथुनकाति वुच्चन्ति, उभो सल्लापका मेथुनकाति वुच्चन्ति; ",
"mnd7:14.7":	"एवमेवं उभिन्नं रत्तानं सारत्तानं अवस्सुतानं परियुट्ठितानं परियादिन्नचित्तानं उभिन्नं सदिसानं धम्मोति—",
"mnd7:14.8":	"तङ्कारणा वुच्चति मेथुनधम्मो। ",
"mnd7:15.1":	"<ब्>मेथुनमनुयुत्तस्सा</ब्>ति। ",
"mnd7:15.2":	"मेथुनधम्मे युत्तस्स पयुत्तस्स आयुत्तस्स समायुत्तस्स तच्चरितस्स तब्बहुलस्स तग्गरुकस्स तन्निन्नस्स तप्पोणस्स तप्पब्भारस्स तदधिमुत्तस्स तदधिपतेय्यस्साति—",
"mnd7:15.3":	"मेथुनमनुयुत्तस्स। ",
"mnd7:16.1":	"<ब्>मेत्तेय्या</ब्>ति भगवा तं थेरं गोत्तेन आलपति। ",
"mnd7:16.2":	"<ब्>भगवा</ब्>ति गारवाधिवचनं। ",
"mnd7:16.3":	"अपि च भग्गरागोति भगवा, ",
"mnd7:16.4":	"भग्गदोसोति भगवा, ",
"mnd7:16.5":	"भग्गमोहोति भगवा, ",
"mnd7:16.6":	"भग्गमानोति भगवा, ",
"mnd7:16.7":	"भग्गदिट्ठीति भगवा, ",
"mnd7:16.8":	"भग्गकण्डकोति भगवा, ",
"mnd7:16.9":	"भग्गकिलेसोति भगवा, ",
"mnd7:16.10":	"भजि विभजि पविभजि धम्मरतनन्ति भगवा, ",
"mnd7:16.11":	"भवानं अन्तकरोति भगवा, ",
"mnd7:16.12":	"भावितकायो भावितसीलो भावितचित्तो भावितपञ्ञोति भगवा, ",
"mnd7:16.13":	"भजि वा भगवा अरञ्ञवनपत्थानि पन्तानि सेनासनानि अप्पसद्दानि अप्पनिग्घोसानि विजनवातानि मनुस्सराहस्सेय्यकानि पटिसल्लानसारुप्पानीति भगवा, ",
"mnd7:16.14":	"भागी वा भगवा चीवरपिण्डपातसेनासनगिलानपच्चयभेसज्जपरिक्खारानन्ति भगवा, ",
"mnd7:16.15":	"भागी वा भगवा अत्थरसस्स धम्मरसस्स विमुत्तिरसस्स अधिसीलस्स अधिचित्तस्स अधिपञ्ञायाति भगवा, ",
"mnd7:16.16":	"भागी वा भगवा चतुन्नं झानानं चतुन्नं अप्पमञ्ञानं चतुन्नं अरूपसमापत्तीनन्ति भगवा, ",
"mnd7:16.17":	"भागी वा भगवा अट्ठन्नं विमोक्खानं अट्ठन्नं अभिभायतनानं नवन्नं अनुपुब्बविहारसमापत्तीनन्ति भगवा, ",
"mnd7:16.18":	"भागी वा भगवा दसन्नं सञ्ञाभावनानं दसन्नं कसिणसमापत्तीनं आनापानस्सतिसमाधिस्स असुभसमापत्तियाति भगवा, ",
"mnd7:16.19":	"भागी वा भगवा चतुन्नं सतिपट्ठानानं चतुन्नं सम्मप्पधानानं चतुन्नं इद्धिपादानं पञ्चन्नं इन्द्रियानं पञ्चन्नं बलानं सत्तन्नं बोज्झङ्गानं अरियस्स अट्ठङ्गिकस्स मग्गस्साति भगवा, ",
"mnd7:16.20":	"भागी वा भगवा दसन्नं तथागतबलानं चतुन्नं वेसारज्जानं चतुन्नं पटिसम्भिदानं छन्नं अभिञ्ञानं छन्नं बुद्धधम्मानन्ति भगवा। ",
"mnd7:16.21":	"भगवाति नेतं नामं मातरा कतं, न पितरा कतं, न भातरा कतं, न भगिनिया कतं, न मित्तामच्चेहि कतं, न ञातिसालोहितेहि कतं न समणब्राह्मणेहि कतं, न देवताहि कतं। ",
"mnd7:16.22":	"विमोक्खन्तिकमेतं बुद्धानं भगवन्तानं बोधिया मूले सह सब्बञ्ञुतञ्ञाणस्स पटिलाभा सच्छिका पञ्ञत्ति यदिदं भगवाति—",
"mnd7:16.23":	"मेत्तेय्याति भगवा। ",
"mnd7:17.1":	"<ब्>मुस्सते वापि सासनन्</ब्>ति। ",
"mnd7:17.2":	"द्वीहि कारणेहि सासनं मुस्सति—",
"mnd7:17.3":	"परियत्तिसासनम्पि मुस्सति, पटिपत्तिसासनम्पि मुस्सति। ",
"mnd7:17.4":	"कतमं परियत्तिसासनं? ",
"mnd7:17.5":	"यं तस्स परियापुटं—",
"mnd7:17.6":	"सुत्तं गेय्यं वेय्याकरणं गाथा उदानं इतिवुत्तकं जातकं अब्भुतधम्मं वेदल्लं—",
"mnd7:17.7":	"इदं परियत्तिसासनं। ",
"mnd7:17.8":	"तम्पि मुस्सति सम्मुस्सति पमुस्सति सम्पमुस्सति परिबाहिरो होतीति—",
"mnd7:17.9":	"एवम्पि मुस्सते वापि सासनं। ",
"mnd7:18.1":	"कतमं पटिपत्तिसासनं? ",
"mnd7:18.2":	"सम्मापटिपदा अनुलोमपटिपदा अपच्चनीकपटिपदा अन्वत्थपटिपदा धम्मानुधम्मपटिपदा सीलेसु परिपूरकारिता इन्द्रियेसु गुत्तद्वारता भोजने मत्तञ्ञुता जागरियानुयोगो सतिसम्पजञ्ञं चत्तारो सतिपट्ठाना चत्तारो सम्मप्पधाना चत्तारो इद्धिपादा पञ्चिन्द्रियानि पञ्च बलानि सत्त बोज्झङ्गा अरियो अट्ठङ्गिको मग्गो—",
"mnd7:18.3":	"इदं पटिपत्तिसासनं। ",
"mnd7:18.4":	"तम्पि मुस्सति सम्मुस्सति पमुस्सति सम्पमुस्सति परिबाहिरो होतीति। ",
"mnd7:18.5":	"एवम्पि मुस्सते वापि सासनं। ",
"mnd7:19.1":	"<ब्>मिच्छा च पटिपज्जती</ब्>ति। ",
"mnd7:19.2":	"पाणम्पि हनति, अदिन्नम्पि आदियति, सन्धिम्पि छिन्दति, निल्लोपम्पि हरति, एकागारिकम्पि करोति, परिपन्थेपि तिट्ठति, परदारम्पि गच्छति, मुसापि भणतीति—",
"mnd7:19.3":	"मिच्छा च पटिपज्जति। ",
"mnd7:20.1":	"<ब्>एतं तस्मिं अनारियन्</ब्>ति। ",
"mnd7:20.2":	"एतं तस्मिं पुग्गले अनरियधम्मो बालधम्मो मूळ्हधम्मो अञ्ञाणधम्मो अमराविक्खेपधम्मो, यदिदं मिच्छापटिपदाति—",
"mnd7:20.3":	"एतं तस्मिं अनारियं। ",
"mnd7:21.1":	"तेनाह भगवा—",
"mnd7:22.1":	"“मेथुनमनुयुत्तस्स, ",
"mnd7:22.2":	"(मेत्तेय्याति भगवा) ",
"mnd7:22.3":	"मुस्सते वापि सासनं; ",
"mnd7:22.4":	"मिच्छा च पटिपज्जति, ",
"mnd7:22.5":	"एतं तस्मिं अनारियन्”ति। ",
"mnd7:23.1":	"<ब्>एको पुब्बे चरित्वान,</ब्> ",
"mnd7:23.2":	"<ब्>मेथुनं यो निसेवति;</ब्> ",
"mnd7:23.3":	"<ब्>यानं भन्तंव तं लोके,</ब्> ",
"mnd7:23.4":	"<ब्>हीनमाहु पुथुज्जनं।</ब्> ",
"mnd7:24.1":	"<ब्>एको पुब्बे चरित्वाना</ब्>ति। ",
"mnd7:24.2":	"द्वीहि कारणेहि एको पुब्बे चरित्वान—",
"mnd7:24.3":	"पब्बज्जासङ्खातेन वा गणाववस्सग्गट्ठेन वा। ",
"mnd7:24.4":	"कथं पब्बज्जासङ्खातेन एको पुब्बे चरित्वान? ",
"mnd7:24.5":	"सब्बं घरावासपलिबोधं छिन्दित्वा पुत्तदारपलिबोधं छिन्दित्वा ञातिपलिबोधं छिन्दित्वा मित्तामच्चपलिबोधं छिन्दित्वा सन्निधिपलिबोधं छिन्दित्वा केसमस्सुं ओहारेत्वा कासायानि वत्थानि अच्छादेत्वा अगारस्मा अनगारियं पब्बजित्वा अकिञ्चनभावं उपगन्त्वा एको चरति विहरति इरियति वत्तति पालेति यपेति यापेति। ",
"mnd7:24.6":	"एवं पब्बज्जासङ्खातेन एको पुब्बे चरित्वान। ",
"mnd7:25.1":	"कथं गणाववस्सग्गट्ठेन एको पुब्बे चरित्वान? ",
"mnd7:25.2":	"सो एवं पब्बजितो समानो एको अरञ्ञवनपत्थानि पन्तानि सेनासनानि पटिसेवति अप्पसद्दानि अप्पनिग्घोसानि विजनवातानि मनुस्सराहस्सेय्यकानि पटिसल्लानसारुप्पानि। ",
"mnd7:25.3":	"सो एको गच्छति, एको तिट्ठति, एको निसीदति, एको सेय्यं कप्पेति, एको गामं पिण्डाय पविसति, एको पटिक्कमति, एको रहो निसीदति, एको चङ्कमं अधिट्ठाति, एको चरति विहरति इरियति वत्तति पालेति यपेति यापेति। ",
"mnd7:25.4":	"एवं गणाववस्सग्गट्ठेन एको पुब्बे चरित्वान। ",
"mnd7:26.1":	"<ब्>मेथुनं यो निसेवती</ब्>ति। ",
"mnd7:26.2":	"<ब्>मेथुनधम्मो</ब्> नाम यो सो असद्धम्मो …पे… ",
"mnd7:26.3":	"तङ्कारणा वुच्चति मेथुनधम्मो। ",
"mnd7:26.4":	"<ब्>मेथुनं यो निसेवती</ब्>ति। ",
"mnd7:26.5":	"यो अपरेन समयेन बुद्धं धम्मं सङ्घं सिक्खं पच्चक्खाय हीनायावत्तित्वा मेथुनं धम्मं सेवति निसेवति संसेवति पटिसेवतीति—",
"mnd7:26.6":	"मेथुनं यो निसेवति। ",
"mnd7:27.1":	"<ब्>यानं भन्तंव तं लोके</ब्>ति। ",
"mnd7:27.2":	"<ब्>यानन्</ब्>ति हत्थियानं अस्सयानं गोयानं अजयानं मेण्डयानं ओट्ठयानं खरयानं भन्तं अदन्तं अकारितं अविनीतं उप्पथं गण्हाति, विसमं खाणुम्पि पासाणम्पि अभिरुहति, यानम्पि आरोहनकम्पि भञ्जति, पपातेपि पपतति। ",
"mnd7:27.3":	"यथा तं भन्तं यानं अदन्तं अकारितं अविनीतं उप्पथं गण्हाति; ",
"mnd7:27.4":	"एवमेवं सो विब्भन्तको भन्तयानपटिभागो उप्पथं गण्हाति, मिच्छादिट्ठिं गण्हाति …पे… मिच्छासमाधिं गण्हाति। ",
"mnd7:27.5":	"यथा तं भन्तं यानं अदन्तं अकारितं अविनीतं विसमं खाणुम्पि पासाणम्पि अभिरुहति; ",
"mnd7:27.6":	"एवमेवं सो विब्भन्तको भन्तयानपटिभागो विसमं कायकम्मं अभिरुहति, विसमं वचीकम्मं अभिरुहति, विसमं मनोकम्मं अभिरुहति, विसमं पाणातिपातं अभिरुहति, विसमं अदिन्नादानं अभिरुहति, विसमं कामेसुमिच्छाचारं अभिरुहति, विसमं मुसावादं अभिरुहति, विसमं पिसुणवाचं अभिरुहति, विसमं फरुसवाचं अभिरुहति, विसमं सम्फप्पलापं अभिरुहति, विसमं अभिज्झं अभिरुहति, विसमं ब्यापादं अभिरुहति, विसमं मिच्छादिट्ठिं अभिरुहति, विसमे सङ्खारे अभिरुहति, विसमे पञ्च कामगुणे अभिरुहति, विसमे नीवरणे अभिरुहति। ",
"mnd7:27.7":	"यथा तं भन्तं यानं अदन्तं अकारितं अविनीतं यानम्पि आरोहनकम्पि भञ्जति; ",
"mnd7:27.8":	"एवमेवं सो विब्भन्तको भन्तयानपटिभागो निरये अत्तानं भञ्जति, तिरच्छानयोनियं अत्तानं भञ्जति, पेत्तिविसये अत्तानं भञ्जति, मनुस्सलोके अत्तानं भञ्जति, देवलोके अत्तानं भञ्जति। ",
"mnd7:27.9":	"यथा तं भन्तं यानं अदन्तं अकारितं अविनीतं पपाते पपतति; ",
"mnd7:27.10":	"एवमेवं सो विब्भन्तको भन्तयानपटिभागो जातिपपातम्पि पपतति, जरापपातम्पि पपतति, ब्याधिपपातम्पि पपतति, मरणपपातम्पि पपतति, सोकपरिदेवदुक्खदोमनस्सुपायासपपातम्पि पपतति। ",
"mnd7:27.11":	"<ब्>लोके</ब्>ति अपायलोके मनुस्सलोकेति—",
"mnd7:27.12":	"यानं भन्तंव तं लोके। ",
"mnd7:28.1":	"<ब्>हीनमाहु पुथुज्जनन्</ब्>ति। ",
"mnd7:28.2":	"<ब्>पुथुज्जना</ब्>ति केनट्ठेन पुथुज्जना? ",
"mnd7:28.3":	"पुथु किलेसे जनेन्तीति पुथुज्जना, पुथु अविहतसक्कायदिट्ठिकाति पुथुज्जना, पुथु सत्थारानं मुखुल्लोकिकाति पुथुज्जना, पुथु सब्बगतीहि अवुट्ठिताति पुथुज्जना, पुथु नानाभिसङ्खारे अभिसङ्खरोन्तीति पुथुज्जना, पुथु नानाओघेहि वुय्हन्तीति पुथुज्जना, पुथु नानासन्तापेहि सन्तपन्तीति पुथुज्जना, पुथु नानापरिळाहेहि परिदय्हन्तीति पुथुज्जना, पुथु पञ्चसु कामगुणेसु रत्ता गिद्धा गधिता मुच्छिता अज्झोसन्ना लग्गा लग्गिता पलिबुद्धाति पुथुज्जना, पुथु पञ्चहि नीवरणेहि आवुता निवुता ओवुता पिहिता पटिच्छन्ना पटिकुज्जिताति पुथुज्जना। ",
"mnd7:28.4":	"<ब्>हीनमाहु पुथुज्जनन्</ब्>ति। ",
"mnd7:28.5":	"पुथुज्जनं हीनं निहीनं ओमकं लामकं छतुक्कं परित्तन्ति एवमाहंसु एवं कथेन्ति एवं भणन्ति एवं दीपयन्ति एवं वोहरन्तीति—",
"mnd7:28.6":	"हीनमाहु पुथुज्जनं। ",
"mnd7:29.1":	"तेनाह भगवा—",
"mnd7:30.1":	"“एको पुब्बे चरित्वान, ",
"mnd7:30.2":	"मेथुनं यो निसेवति; ",
"mnd7:30.3":	"यानं भन्तंव तं लोके, ",
"mnd7:30.4":	"हीनमाहु पुथुज्जनन्”ति। ",
"mnd7:31.1":	"<ब्>यसो कित्ति च या पुब्बे,</ब्> ",
"mnd7:31.2":	"<ब्>हायते वापि तस्स सा;</ब्> ",
"mnd7:31.3":	"<ब्>एतम्पि दिस्वा सिक्खेथ,</ब्> ",
"mnd7:31.4":	"<ब्>मेथुनं विप्पहातवे।</ब्> ",
"mnd7:32.1":	"<ब्>यसो कित्ति च या पुब्बे, हायते वापि तस्स सा</ब्>ति। ",
"mnd7:32.2":	"कतमो <ब्>यसो</ब्>? ",
"mnd7:32.3":	"इधेकच्चो पुब्बे समणभावे सक्कतो होति गरुकतो मानितो पूजितो अपचितो लाभी चीवरपिण्डपातसेनासनगिलानपच्चयभेसज्जपरिक्खारानं—",
"mnd7:32.4":	"अयं यसो। ",
"mnd7:32.5":	"कतमा <ब्>कित्ति</ब्>? ",
"mnd7:32.6":	"इधेकच्चो पुब्बे समणभावे कित्तिवण्णगतो होति पण्डितो वियत्तो मेधावी बहुस्सुतो चित्तकथी कल्याणपटिभानो—",
"mnd7:32.7":	"सुत्तन्तिकोति वा विनयधरोति वा धम्मकथिकोति वा आरञ्ञिकोति वा पिण्डपातिकोति वा पंसुकूलिकोति वा तेचीवरिकोति वा सपदानचारिकोति वा खलुपच्छाभत्तिकोति वा नेसज्जिकोति वा यथासन्थतिकोति वा ",
"mnd7:32.8":	"पठमस्स झानस्स लाभीति वा दुतियस्स झानस्स लाभीति वा ततियस्स झानस्स लाभीति वा चतुत्थस्स झानस्स लाभीति वा आकासानञ्चायतनसमापत्तिया लाभीति वा विञ्ञाणञ्चायतनसमापत्तिया लाभीति वा आकिञ्चञ्ञायतनसमापत्तिया लाभीति वा नेवसञ्ञानासञ्ञायतनसमापत्तिया लाभीति वा, अयं कित्तीति—",
"mnd7:32.9":	"यसो कित्ति च या पुब्बे। ",
"mnd7:33.1":	"<ब्>हायते वापि तस्स सा</ब्>ति। ",
"mnd7:33.2":	"तस्स अपरेन समयेन बुद्धं धम्मं सङ्घं सिक्खं पच्चक्खाय हीनायावत्तस्स सो च यसो सा च कित्ति हायति परिहायति परिधंसति परिपतति अन्तरधायति विप्पलुज्जतीति—",
"mnd7:33.3":	"यसो कित्ति च या पुब्बे हायते वापि तस्स सा। ",
"mnd7:34.1":	"<ब्>एतम्पि दिस्वा सिक्खेथ मेथुनं विप्पहातवे</ब्>ति। ",
"mnd7:34.2":	"<ब्>एतन्</ब्>ति पुब्बे समणभावे यसो कित्ति च, अपरभागे बुद्धं धम्मं सङ्घं सिक्खं पच्चक्खाय हीनायावत्तस्स अयसो च अकित्ति च; ",
"mnd7:34.3":	"एतं सम्पत्तिं विपत्तिं। ",
"mnd7:34.4":	"<ब्>दिस्वा</ब्>ति पस्सित्वा तुलयित्वा तीरयित्वा विभावयित्वा विभूतं कत्वाति—",
"mnd7:34.5":	"एतम्पि दिस्वा। ",
"mnd7:34.6":	"<ब्>सिक्खेथा</ब्>ति तिस्सो सिक्खा—",
"mnd7:34.7":	"अधिसीलसिक्खा, अधिचित्तसिक्खा, अधिपञ्ञासिक्खा। ",
"mnd7:34.8":	"कतमा अधिसीलसिक्खा? ",
"mnd7:34.9":	"इध भिक्खु सीलवा होति, पातिमोक्खसंवरसंवुतो विहरति आचारगोचरसम्पन्नो अणुमत्तेसु वज्जेसु भयदस्सावी, समादाय सिक्खति सिक्खापदेसु। ",
"mnd7:34.10":	"खुद्दको सीलक्खन्धो, महन्तो सीलक्खन्धो। ",
"mnd7:34.11":	"सीलं पतिट्ठा आदि चरणं संयमो संवरो मुखं पमुखं कुसलानं धम्मानं समापत्तिया—",
"mnd7:34.12":	"अयं अधिसीलसिक्खा। ",
"mnd7:35.1":	"कतमा अधिचित्तसिक्खा? ",
"mnd7:35.2":	"इध भिक्खु विविच्चेव कामेहि विविच्च अकुसलेहि धम्मेहि सवितक्कं सविचारं विवेकजं पीतिसुखं पठमं झानं उपसम्पज्ज विहरति …पे… ",
"mnd7:35.3":	"दुतियं झानं … ",
"mnd7:35.4":	"ततियं झानं … ",
"mnd7:35.5":	"चतुत्थं झानं उपसम्पज्ज विहरति—",
"mnd7:35.6":	"अयं अधिचित्तसिक्खा। ",
"mnd7:36.1":	"कतमा अधिपञ्ञासिक्खा? ",
"mnd7:36.2":	"इध भिक्खु पञ्ञवा होति उदयत्थगामिनिया पञ्ञाय समन्नागतो अरियाय निब्बेधिकाय सम्मा दुक्खक्खयगामिनिया। ",
"mnd7:36.3":	"सो इदं दुक्खन्ति यथाभूतं पजानाति, अयं दुक्खसमुदयोति यथाभूतं पजानाति, अयं दुक्खनिरोधोति यथाभूतं पजानाति, अयं दुक्खनिरोधगामिनी पटिपदाति यथाभूतं पजानाति, ",
"mnd7:36.4":	"इमे आसवाति यथाभूतं पजानाति, अयं आसवसमुदयोति यथाभूतं पजानाति, अयं आसवनिरोधोति यथाभूतं पजानाति, अयं आसवनिरोधगामिनी पटिपदाति यथाभूतं पजानाति—",
"mnd7:36.5":	"अयं अधिपञ्ञासिक्खा। ",
"mnd7:36.6":	"<ब्>मेथुनधम्मो</ब्> नाम यो सो असद्धम्मो …पे… ",
"mnd7:36.7":	"तङ्कारणा वुच्चति मेथुनधम्मो। ",
"mnd7:37.1":	"<ब्>एतम्पि दिस्वा सिक्खेथ, मेथुनं विप्पहातवे</ब्>ति। ",
"mnd7:37.2":	"मेथुनधम्मस्स पहानाय वूपसमाय पटिनिस्सग्गाय पटिपस्सद्धिया अधिसीलम्पि सिक्खेय्य, अधिचित्तम्पि सिक्खेय्य, अधिपञ्ञम्पि सिक्खेय्य। ",
"mnd7:37.3":	"इमा तिस्सो सिक्खायो आवज्जन्तो सिक्खेय्य, जानन्तो सिक्खेय्य, पस्सन्तो सिक्खेय्य, पच्चवेक्खन्तो सिक्खेय्य, चित्तं अधिट्ठहन्तो सिक्खेय्य, सद्धाय अधिमुच्चन्तो सिक्खेय्य, वीरियं पग्गण्हन्तो सिक्खेय्य, सतिं उपट्ठपेन्तो सिक्खेय्य, चित्तं समादहन्तो सिक्खेय्य, पञ्ञाय पजानन्तो सिक्खेय्य, अभिञ्ञेय्यं अभिजानन्तो सिक्खेय्य, परिञ्ञेय्यं परिजानन्तो सिक्खेय्य, पहातब्बं पजहन्तो सिक्खेय्य, भावेतब्बं भावेन्तो सिक्खेय्य, सच्छिकातब्बं सच्छिकरोन्तो सिक्खेय्य आचरेय्य समाचरेय्य समादाय वत्तेय्याति—",
"mnd7:37.4":	"एतम्पि दिस्वा सिक्खेथ, मेथुनं विप्पहातवे। ",
"mnd7:38.1":	"तेनाह भगवा—",
"mnd7:39.1":	"“यसो कित्ति च या पुब्बे, ",
"mnd7:39.2":	"हायते वापि तस्स सा; ",
"mnd7:39.3":	"एतम्पि दिस्वा सिक्खेथ, ",
"mnd7:39.4":	"मेथुनं विप्पहातवे”ति। ",
"mnd7:40.1":	"<ब्>सङ्कप्पेहि परेतो सो,</ब्> ",
"mnd7:40.2":	"<ब्>कपणो विय झायति;</ब्> ",
"mnd7:40.3":	"<ब्>सुत्वा परेसं निग्घोसं,</ब्> ",
"mnd7:40.4":	"<ब्>मङ्कु होति तथाविधो।</ब्> ",
"mnd7:41.1":	"<ब्>सङ्कप्पेहि परेतो सो, कपणो विय झायती</ब्>ति। ",
"mnd7:41.2":	"कामसङ्कप्पेन ब्यापादसङ्कप्पेन विहिंसासङ्कप्पेन दिट्ठिसङ्कप्पेन फुट्ठो परेतो समोहितो समन्नागतो पिहितो कपणो विय मन्दो विय मोमूहो विय झायति पज्झायति निज्झायति अपज्झायति। ",
"mnd7:41.3":	"यथा उलूको रुक्खसाखायं मूसिकं मगयमानो झायति पज्झायति निज्झायति अपज्झायति, यथा कोत्थु नदीतीरे मच्छे मगयमानो झायति पज्झायति निज्झायति अपज्झायति, यथा बिळारो सन्धिसमलसङ्कटिरे मूसिकं मगयमानो झायति पज्झायति निज्झायति अपज्झायति, यथा गद्रभो वहच्छिन्नो सन्धिसमलसङ्कटिरे झायति पज्झायति निज्झायति अपज्झायति; ",
"mnd7:41.4":	"एवमेवं सो विब्भन्तको कामसङ्कप्पेन ब्यापादसङ्कप्पेन विहिंसासङ्कप्पेन दिट्ठिसङ्कप्पेन फुट्ठो परेतो समोहितो समन्नागतो पिहितो कपणो विय मन्दो विय मोमूहो विय झायति पज्झायति निज्झायति अपज्झायतीति—",
"mnd7:41.5":	"सङ्कप्पेहि परेतो सो कपणो विय झायति। ",
"mnd7:42.1":	"<ब्>सुत्वा परेसं निग्घोसं, मङ्कु होति तथाविधो</ब्>ति। ",
"mnd7:42.2":	"<ब्>परेसन्</ब्>ति उपज्झाया वा आचरिया वा समानुपज्झायका वा समानाचरियका वा मित्ता वा सन्दिट्ठा वा सम्भत्ता वा सहाया वा चोदेन्ति—",
"mnd7:42.3":	"“तस्स ते, आवुसो, अलाभा, तस्स ते दुल्लद्धं, यं त्वं एवरूपं उळारं सत्थारं लभित्वा एवं स्वाक्खाते धम्मविनये पब्बजित्वा एवरूपं अरियगणं लभित्वा हीनस्स मेथुनधम्मस्स कारणा बुद्धं धम्मं सङ्घं सिक्खं पच्चक्खाय हीनायावत्तोसि। ",
"mnd7:42.4":	"सद्धापि नाम ते नाहोसि कुसलेसु धम्मेसु, हिरीपि नाम ते नाहोसि कुसलेसु धम्मेसु, ओत्तप्पम्पि नाम ते नाहोसि कुसलेसु धम्मेसु, वीरियम्पि नाम ते नाहोसि कुसलेसु धम्मेसु, सतिपि नाम ते नाहोसि कुसलेसु धम्मेसु, पञ्ञापि नाम ते नाहोसि कुसलेसु धम्मेसू”ति। ",
"mnd7:42.5":	"तेसं वचनं ब्यप्पथं देसनं अनुसासनं अनुसिट्ठिं सुत्वा सुणित्वा उग्गहेत्वा उपधारयित्वा उपलक्खयित्वा मङ्कु होति, पीळितो घट्टितो ब्याधितो दोमनस्सितो होति। ",
"mnd7:42.6":	"<ब्>तथाविधो</ब्>ति तथाविधो तादिसो तस्सण्ठितो तप्पकारो तप्पटिभागो। ",
"mnd7:42.7":	"यो सो विब्भन्तकोति—",
"mnd7:42.8":	"सुत्वा परेसं निग्घोसं मङ्कु होति तथाविधो। ",
"mnd7:43.1":	"तेनाह भगवा—",
"mnd7:44.1":	"“सङ्कप्पेहि परेतो सो, ",
"mnd7:44.2":	"कपणो विय झायति; ",
"mnd7:44.3":	"सुत्वा परेसं निग्घोसं, ",
"mnd7:44.4":	"मङ्कु होति तथाविधो”ति। ",
"mnd7:45.1":	"<ब्>अथ सत्थानि कुरुते,</ब्> ",
"mnd7:45.2":	"<ब्>परवादेहि चोदितो;</ब्> ",
"mnd7:45.3":	"<ब्>एस ख्वस्स महागेधो,</ब्> ",
"mnd7:45.4":	"<ब्>मोसवज्जं पगाहति।</ब्> ",
"mnd7:46.1":	"<ब्>अथ सत्थानि कुरुते, परवादेहि चोदितो</ब्>ति। ",
"mnd7:46.2":	"<ब्>अथा</ब्>ति पदसन्धि पदसंसग्गो पदपारिपूरी अक्खरसमवायो ब्यञ्जनसिलिट्ठता पदानुपुब्बतापेतं—",
"mnd7:46.3":	"अथाति। ",
"mnd7:46.4":	"<ब्>सत्थानी</ब्>ति तीणि सत्थानि—",
"mnd7:46.5":	"कायसत्थं, वचीसत्थं, मनोसत्थं। ",
"mnd7:46.6":	"तिविधं कायदुच्चरितं कायसत्थं, चतुब्बिधं वचीदुच्चरितं वचीसत्थं, तिविधं मनोदुच्चरितं मनोसत्थं। ",
"mnd7:46.7":	"<ब्>परवादेहि चोदितो</ब्>ति। ",
"mnd7:46.8":	"उपज्झायेहि वा आचरियेहि वा समानुपज्झायकेहि वा समानाचरियकेहि वा मित्तेहि वा सन्दिट्ठेहि वा सम्भत्तेहि वा सहायेहि वा चोदितो सम्पजानमुसा भासति। ",
"mnd7:46.9":	"“अभिरतो अहं, भन्ते, अहोसिं पब्बज्जाय। ",
"mnd7:46.10":	"माता मे पोसेतब्बा, तेनम्हि विब्भन्तो”ति भणति। ",
"mnd7:46.11":	"“पिता मे पोसेतब्बो, तेनम्हि विब्भन्तो”ति भणति। ",
"mnd7:46.12":	"“भाता मे पोसेतब्बो … ",
"mnd7:46.13":	"भगिनी मे पोसेतब्बा … ",
"mnd7:46.14":	"पुत्तो मे पोसेतब्बो … ",
"mnd7:46.15":	"धीता मे पोसेतब्बा … ",
"mnd7:46.16":	"मित्ता मे पोसेतब्बा … ",
"mnd7:46.17":	"अमच्चा मे पोसेतब्बा … ",
"mnd7:46.18":	"ञातका मे पोसेतब्बा … ",
"mnd7:46.19":	"सालोहिता मे पोसेतब्बा, तेनम्हि विब्भन्तो”ति भणति। ",
"mnd7:46.20":	"वचीसत्थं करोति सङ्करोति जनेति सञ्जनेति निब्बत्तेति अभिनिब्बत्तेतीति—",
"mnd7:46.21":	"अथ सत्थानि कुरुते, परवादेहि चोदितो। ",
"mnd7:47.1":	"<ब्>एस ख्वस्स महागेधो</ब्>ति। ",
"mnd7:47.2":	"एसो तस्स महागेधो महावनं महागहनं महाकन्तारो महाविसमो महाकुटिलो महापङ्को महापलिपो महापलिबोधो महाबन्धनं, यदिदं सम्पजानमुसावादोति—",
"mnd7:47.3":	"एस ख्वस्स महागेधो। ",
"mnd7:48.1":	"<ब्>मोसवज्जं पगाहती</ब्>ति। ",
"mnd7:48.2":	"मोसवज्जं वुच्चति मुसावादो। ",
"mnd7:48.3":	"इधेकच्चो सभग्गतो वा परिसग्गतो वा ञातिमज्झगतो वा पूगमज्झगतो वा राजकुलमज्झगतो वा अभिनीतो सक्खिपुट्ठो—",
"mnd7:48.4":	"“एहम्भो पुरिस, यं जानासि तं वदेही”ति, ",
"mnd7:48.5":	"सो अजानं वा आह—“जानामी”ति, ",
"mnd7:48.6":	"जानं वा आह—“न जानामी”ति, ",
"mnd7:48.7":	"अपस्सं वा आह—“पस्सामी”ति, ",
"mnd7:48.8":	"पस्सं वा आह—“न पस्सामी”ति। ",
"mnd7:48.9":	"इति अत्तहेतु वा परहेतु वा आमिसकिञ्चिक्खहेतु वा सम्पजानमुसा भासति—",
"mnd7:48.10":	"इदं वुच्चति मोसवज्जं। ",
"mnd7:49.1":	"अपि च तीहाकारेहि मुसावादो होति। ",
"mnd7:49.2":	"पुब्बेवस्स होति—",
"mnd7:49.3":	"“मुसा भणिस्सन्”ति, भणन्तस्स होति—",
"mnd7:49.4":	"“मुसा भणामी”ति, भणितस्स होति—",
"mnd7:49.5":	"“मुसा मया भणितन्”ति। ",
"mnd7:49.6":	"इमेहि तीहाकारेहि मुसावादो होति। ",
"mnd7:49.7":	"अपि च चतूहाकारेहि मुसावादो होति। ",
"mnd7:49.8":	"पुब्बेवस्स होति—",
"mnd7:49.9":	"“मुसा भणिस्सन्”ति, भणन्तस्स होति—",
"mnd7:49.10":	"“मुसा भणामी”ति, भणितस्स होति—",
"mnd7:49.11":	"“मुसा मया भणितन्”ति, विनिधाय दिट्ठिं। ",
"mnd7:49.12":	"इमेहि चतूहाकारेहि मुसावादो होति। ",
"mnd7:49.13":	"अपि च पञ्चहाकारेहि … ",
"mnd7:49.14":	"छहाकारेहि … ",
"mnd7:49.15":	"सत्तहाकारेहि … ",
"mnd7:49.16":	"अट्ठहाकारेहि मुसावादो होति। ",
"mnd7:49.17":	"पुब्बेवस्स होति—",
"mnd7:49.18":	"“मुसा भणिस्सन्”ति, भणन्तस्स होति—",
"mnd7:49.19":	"“मुसा भणामी”ति, भणितस्स होति—",
"mnd7:49.20":	"“मुसा मया भणितन्”ति, विनिधाय दिट्ठिं, विनिधाय खन्तिं, विनिधाय रुचिं, विनिधाय सञ्ञं, विनिधाय भावं। ",
"mnd7:49.21":	"इमेहि अट्ठहाकारेहि मुसावादो होति। ",
"mnd7:49.22":	"<ब्>मोसवज्जं पगाहती</ब्>ति। ",
"mnd7:49.23":	"मोसवज्जं पगाहति ओगाहति अज्झोगाहति पविसतीति—",
"mnd7:49.24":	"मोसवज्जं पगाहति। ",
"mnd7:50.1":	"तेनाह भगवा—",
"mnd7:51.1":	"“अथ सत्थानि कुरुते, ",
"mnd7:51.2":	"परवादेहि चोदितो; ",
"mnd7:51.3":	"एस ख्वस्स महागेधो, ",
"mnd7:51.4":	"मोसवज्जं पगाहती”ति। ",
"mnd7:52.1":	"<ब्>पण्डितोति समञ्ञातो,</ब्> ",
"mnd7:52.2":	"<ब्>एकचरियं अधिट्ठितो;</ब्> ",
"mnd7:52.3":	"<ब्>स चापि मेथुने युत्तो,</ब्> ",
"mnd7:52.4":	"<ब्>मन्दोव परिकिस्सति।</ब्> ",
"mnd7:53.1":	"<ब्>पण्डितोति समञ्ञातो</ब्>ति। ",
"mnd7:53.2":	"इधेकच्चो पुब्बे समणभावे कित्ति वण्णगतो होति—",
"mnd7:53.3":	"“पण्डितो वियत्तो मेधावी बहुस्सुतो चित्तकथी कल्याणपटिभानो सुत्तन्तिकोति वा विनयधरोति वा धम्मकथिकोति वा …पे… ",
"mnd7:53.4":	"नेवसञ्ञानासञ्ञायतनसमापत्तिया लाभी”ति वा। ",
"mnd7:53.5":	"एवं ञातो होति पञ्ञातो समञ्ञातो होतीति—",
"mnd7:53.6":	"पण्डितोति समञ्ञातो। ",
"mnd7:54.1":	"<ब्>एकच्चरियं अधिट्ठितो</ब्>ति। ",
"mnd7:54.2":	"द्वीहि कारणेहि एकच्चरियं अधिट्ठितो—",
"mnd7:54.3":	"पब्बज्जासङ्खातेन वा गणाववस्सग्गट्ठेन वा। ",
"mnd7:54.4":	"कथं पब्बज्जासङ्खातेन एकचरियं अधिट्ठितो? ",
"mnd7:54.5":	"सब्बं घरावासपलिबोधं छिन्दित्वा …पे… ",
"mnd7:54.6":	"एवं पब्बज्जासङ्खातेन एकच्चरियं अधिट्ठितो। ",
"mnd7:54.7":	"कथं गणाववस्सग्गट्ठेन एकचरियं अधिट्ठितो? ",
"mnd7:54.8":	"सो एवं पब्बजितो समानो एको अरञ्ञवनपत्थानि पन्तानि …पे… ",
"mnd7:54.9":	"एवं गणाववस्सग्गट्ठेन एकचरियं अधिट्ठितोति—",
"mnd7:54.10":	"एकचरियं अधिट्ठितो। ",
"mnd7:55.1":	"<ब्>स चापि मेथुने युत्तो</ब्>ति। ",
"mnd7:55.2":	"<ब्>मेथुनधम्मो</ब्> नाम यो सो असद्धम्मो गामधम्मो …पे… ",
"mnd7:55.3":	"तङ्कारणा वुच्चति मेथुनधम्मो। ",
"mnd7:55.4":	"<ब्>स चापि मेथुने युत्तो</ब्>ति। ",
"mnd7:55.5":	"सो अपरेन समयेन बुद्धं धम्मं सङ्घं सिक्खं पच्चक्खाय हीनायावत्तित्वा मेथुनधम्मे युत्तो पयुत्तो आयुत्तो समायुत्तोति—",
"mnd7:55.6":	"स चापि मेथुने युत्तो। ",
"mnd7:56.1":	"<ब्>मन्दोव परिकिस्सती</ब्>ति। ",
"mnd7:56.2":	"कपणो विय मन्दो विय मोमूहो विय किस्सति परिकिस्सति परिकिलिस्सति। ",
"mnd7:56.3":	"पाणम्पि हनति, अदिन्नम्पि आदियति, सन्धिम्पि छिन्दति, निल्लोपम्पि हरति, एकागारिकम्पि करोति, परिपन्थेपि तिट्ठति, परदारम्पि गच्छति, मुसापि भणति। ",
"mnd7:56.4":	"एवम्पि किस्सति परिकिस्सति परिकिलिस्सति। ",
"mnd7:56.5":	"तमेनं राजानो गहेत्वा विविधा कम्मकारणा कारेन्ति—",
"mnd7:56.6":	"कसाहिपि ताळेन्ति, वेत्तेहिपि ताळेन्ति, अद्धदण्डकेहिपि ताळेन्ति, हत्थम्पि छिन्दन्ति, पादम्पि छिन्दन्ति, हत्थपादम्पि छिन्दन्ति, कण्णम्पि छिन्दन्ति, नासम्पि छिन्दन्ति, कण्णनासम्पि छिन्दन्ति, बिलङ्गथालिकम्पि करोन्ति, सङ्खमुण्डिकम्पि करोन्ति, राहुमुखम्पि करोन्ति, जोतिमालिकम्पि करोन्ति, हत्थपज्जोतिकम्पि करोन्ति, एरकवत्तिकम्पि करोन्ति, चीरकवासिकम्पि करोन्ति, एणेय्यकम्पि करोन्ति, बळिसमंसिकम्पि करोन्ति, कहापणिकम्पि करोन्ति, खारापतच्छिकम्पि करोन्ति, पलिघपरिवत्तिकम्पि करोन्ति, पलालपीठकम्पि करोन्ति, तत्तेनपि तेलेन ओसिञ्चन्ति, सुनखेहिपि खादापेन्ति, जीवन्तम्पि सूले उत्तासेन्ति, असिनापि सीसं छिन्दन्ति। ",
"mnd7:56.7":	"एवम्पि किस्सति परिकिस्सति परिकिलिस्सति। ",
"mnd7:57.1":	"अथ वा कामतण्हाय अभिभूतो परियादिन्नचित्तो भोगे परियेसन्तो नावाय महासमुद्दं पक्खन्दति, सीतस्स पुरक्खतो उण्हस्स पुरक्खतो डंसमकसवातातपसरीसपसम्फस्सेहि पीळियमानो खुप्पिपासाय मिय्यमानो तिगुम्बं गच्छति, तक्कोलं गच्छति, तक्कसीलं गच्छति, कालमुखं गच्छति, पुरपूरं गच्छति, वेसुङ्गं गच्छति, वेरापथं गच्छति, जवं गच्छति, तामलिं गच्छति, वङ्गं गच्छति, एळबन्धनं गच्छति, सुवण्णकूटं गच्छति, सुवण्णभूमिं गच्छति, तम्बपाणिं गच्छति, सुप्पारकं गच्छति, भारुकच्छं गच्छति, सुरट्ठं गच्छति, भङ्गलोकं गच्छति, भङ्गणं गच्छति, परमभङ्गणं गच्छति, योनं गच्छति, परमयोनं गच्छति, विनकं गच्छति, मूलपदं गच्छति, मरुकन्तारं गच्छति, जण्णुपथं गच्छति, अजपथं गच्छति, मेण्डपथं गच्छति, सङ्कुपथं गच्छति, छत्तपथं गच्छति, वंसपथं गच्छति, सकुणपथं गच्छति, मूसिकपथं गच्छति, दरिपथं गच्छति, वेत्ताचारं गच्छति। ",
"mnd7:57.2":	"एवम्पि किस्सति परिकिस्सति परिकिलिस्सति। ",
"mnd7:58.1":	"गवेसन्तो न विन्दति, अलाभमूलकम्पि दुक्खं दोमनस्सं पटिसंवेदेति। ",
"mnd7:58.2":	"एवम्पि किस्सति परिकिस्सति परिकिलिस्सति। ",
"mnd7:59.1":	"गवेसन्तो विन्दति, लद्धापि आरक्खमूलकम्पि दुक्खं दोमनस्सं पटिसंवेदेति—",
"mnd7:59.2":	"“किन्ति मे भोगे नेव राजानो हरेय्युं, न चोरा हरेय्युं, न अग्गि दहेय्य, न उदकं वहेय्य, न अपिया दायादा हरेय्युन्”ति। ",
"mnd7:59.3":	"तस्स एवं आरक्खतो गोपयतो ते भोगा विप्पलुज्जन्ति। ",
"mnd7:59.4":	"सो विप्पयोगमूलकम्पि दुक्खं दोमनस्सं पटिसंवेदेति। ",
"mnd7:59.5":	"एवम्पि किस्सति परिकिस्सति परिकिलिस्सतीति—",
"mnd7:59.6":	"स चापि मेथुने युत्तो, मन्दोव परिकिस्सति। ",
"mnd7:60.1":	"तेनाह भगवा—",
"mnd7:61.1":	"“पण्डितोति समञ्ञातो, ",
"mnd7:61.2":	"एकचरियं अधिट्ठितो; ",
"mnd7:61.3":	"स चापि मेथुने युत्तो, ",
"mnd7:61.4":	"मन्दोव परिकिस्सती”ति। ",
"mnd7:62.1":	"<ब्>एतमादीनवं ञत्वा,</ब्> ",
"mnd7:62.2":	"<ब्>मुनि पुब्बापरे इध;</ब्> ",
"mnd7:62.3":	"<ब्>एकचरियं दळ्हं कयिरा,</ब्> ",
"mnd7:62.4":	"<ब्>न निसेवेथ मेथुनं।</ब्> ",
"mnd7:63.1":	"<ब्>एतमादीनवं ञत्वा, मुनि पुब्बापरे इधा</ब्>ति। ",
"mnd7:63.2":	"<ब्>एतन्</ब्>ति पुब्बे समणभावे यसो च कित्ति च, अपरभागे बुद्धं धम्मं सङ्घं सिक्खं पच्चक्खाय हीनायावत्तस्स अयसो च अकित्ति च; ",
"mnd7:63.3":	"एतं सम्पत्तिं विपत्तिञ्च। ",
"mnd7:63.4":	"<ब्>ञत्वा</ब्>ति जानित्वा तुलयित्वा तीरयित्वा विभावयित्वा विभूतं कत्वा। ",
"mnd7:63.5":	"<ब्>मुनी</ब्>ति। ",
"mnd7:63.6":	"<ब्>मोनं</ब्> वुच्चति ञाणं। ",
"mnd7:63.7":	"या पञ्ञा पजानना …पे… सङ्गजालमतिच्च सो मुनि। ",
"mnd7:63.8":	"<ब्>इधा</ब्>ति इमिस्सा दिट्ठिया इमिस्सा खन्तिया इमिस्सा रुचिया इमस्मिं आदाये इमस्मिं धम्मे इमस्मिं विनये इमस्मिं धम्मविनये इमस्मिं पावचने इमस्मिं ब्रह्मचरिये इमस्मिं सत्थुसासने इमस्मिं अत्तभावे इमस्मिं मनुस्सलोकेति—",
"mnd7:63.9":	"एतमादीनवं ञत्वा मुनि पुब्बापरे इध। ",
"mnd7:64.1":	"<ब्>एकचरियं दळ्हं कयिरा</ब्>ति। ",
"mnd7:64.2":	"द्वीहि कारणेहि एकचरियं दळ्हं करेय्य—",
"mnd7:64.3":	"पब्बज्जासङ्खातेन वा गणाववस्सग्गट्ठेन वा। ",
"mnd7:64.4":	"कथं पब्बज्जासङ्खातेन एकचरियं दळ्हं करेय्य? ",
"mnd7:64.5":	"सब्बं घरावासपलिबोधं छिन्दित्वा पुत्तदारपलिबोधं छिन्दित्वा ञातिपलिबोधं छिन्दित्वा मित्तामच्चपलिबोधं छिन्दित्वा सन्निधिपलिबोधं छिन्दित्वा केसमस्सुं ओहारेत्वा कासायानि वत्थानि अच्छादेत्वा अगारस्मा अनगारियं पब्बजित्वा अकिञ्चनभावं उपगन्त्वा एको चरेय्य विहरेय्य इरियेय्य वत्तेय्य पालेय्य यपेय्य यापेय्य। ",
"mnd7:64.6":	"एवं पब्बज्जासङ्खातेन एकचरियं दळ्हं करेय्य। ",
"mnd7:65.1":	"कथं गणाववस्सग्गट्ठेन एकचरियं दळ्हं करेय्य? ",
"mnd7:65.2":	"सो एवं पब्बजितो समानो एको अरञ्ञवनपत्थानि पन्तानि सेनासनानि पटिसेवेय्य अप्पसद्दानि अप्पनिग्घोसानि विजनवातानि मनुस्सराहस्सेय्यकानि पटिसल्लानसारुप्पानि। ",
"mnd7:65.3":	"सो एको गच्छेय्य, एको तिट्ठेय्य, एको निसीदेय्य, एको सेय्यं कप्पेय्य, एको गामं पिण्डाय पविसेय्य, एको पटिक्कमेय्य, एको रहो निसीदेय्य, एको चङ्कमं अधिट्ठेय्य, एको चरेय्य विहरेय्य इरियेय्य वत्तेय्य पालेय्य यपेय्य यापेय्य। ",
"mnd7:65.4":	"एवं गणाववस्सग्गट्ठेन <ब्>एकचरियं दळ्हं करेय्या</ब्>ति—",
"mnd7:65.5":	"एकचरियं दळ्हं करेय्य, थिरं करेय्य, दळ्हं समादानो अस्स, अवट्ठितसमादानो अस्स कुसलेसु धम्मेसूति—",
"mnd7:65.6":	"एकचरियं दळ्हं कयिरा। ",
"mnd7:66.1":	"<ब्>न निसेवेथ मेथुनन्</ब्>ति। ",
"mnd7:66.2":	"<ब्>मेथुनधम्मो</ब्> नाम यो सो असद्धम्मो गामधम्मो …पे… ",
"mnd7:66.3":	"तङ्कारणा वुच्चति मेथुनधम्मो। ",
"mnd7:66.4":	"मेथुनधम्मं न सेवेय्य न निसेवेय्य न संसेवेय्य न पटिसेवेय्य न चरेय्य न समाचरेय्य न समादाय वत्तेय्याति—",
"mnd7:66.5":	"न निसेवेथ मेथुनं। ",
"mnd7:67.1":	"तेनाह भगवा—",
"mnd7:68.1":	"“एतमादीनवं ञत्वा, ",
"mnd7:68.2":	"मुनि पुब्बापरे इध; ",
"mnd7:68.3":	"एकचरियं दळ्हं कयिरा, ",
"mnd7:68.4":	"न निसेवेथ मेथुनन्”ति। ",
"mnd7:69.1":	"<ब्>विवेकञ्ञेव सिक्खेथ,</ब्> ",
"mnd7:69.2":	"<ब्>एतं अरियानमुत्तमं;</ब्> ",
"mnd7:69.3":	"<ब्>न तेन सेट्ठो मञ्ञेथ,</ब्> ",
"mnd7:69.4":	"<ब्>स वे निब्बानसन्तिके।</ब्> ",
"mnd7:70.1":	"<ब्>विवेकञ्ञेव सिक्खेथा</ब्>ति। ",
"mnd7:70.2":	"<ब्>विवेको</ब्>ति तयो विवेका—",
"mnd7:70.3":	"कायविवेको, चित्तविवेको, उपधिविवेको। ",
"mnd7:70.4":	"कतमो कायविवेको …पे… ",
"mnd7:70.5":	"अयं उपधिविवेको। ",
"mnd7:70.6":	"कायविवेको च विवेकट्ठकायानं नेक्खम्माभिरतानं। ",
"mnd7:70.7":	"चित्तविवेको च परिसुद्धचित्तानं परमवोदानप्पत्तानं। ",
"mnd7:70.8":	"उपधिविवेको च निरूपधीनं पुग्गलानं विसङ्खारगतानं। ",
"mnd7:70.9":	"<ब्>सिक्खा</ब्>ति तिस्सो सिक्खा—",
"mnd7:70.10":	"अधिसीलसिक्खा, अधिचित्तसिक्खा, अधिपञ्ञासिक्खा …पे… ",
"mnd7:70.11":	"अयं अधिपञ्ञासिक्खा। ",
"mnd7:70.12":	"<ब्>विवेकञ्ञेव सिक्खेथा</ब्>ति विवेकञ्ञेव सिक्खेय्य आचरेय्य समाचरेय्य समादाय वत्तेय्याति—",
"mnd7:70.13":	"विवेकञ्ञेव सिक्खेथ। ",
"mnd7:71.1":	"<ब्>एतं अरियानमुत्तमन्</ब्>ति। ",
"mnd7:71.2":	"<ब्>अरिया</ब्> वुच्चन्ति बुद्धा च बुद्धसावका च पच्चेकबुद्धा च। ",
"mnd7:71.3":	"अरियानं एतं अग्गं सेट्ठं विसिट्ठं पामोक्खं उत्तमं पवरं यदिदं विवेकचरियाति—",
"mnd7:71.4":	"एतं अरियानमुत्तमं। ",
"mnd7:72.1":	"<ब्>न तेन सेट्ठो मञ्ञेथा</ब्>ति। ",
"mnd7:72.2":	"कायविवेकचरियाय उन्नतिं न करेय्य, उन्नमं न करेय्य, मानं न करेय्य, थामं न करेय्य, थम्भं न करेय्य, न तेन मानं जनेय्य, न तेन थद्धो अस्स पत्थद्धो पग्गहितसिरोति—",
"mnd7:72.3":	"तेन सेट्ठो न मञ्ञेथ। ",
"mnd7:73.1":	"<ब्>स वे निब्बानसन्तिके</ब्>ति। ",
"mnd7:73.2":	"सो निब्बानस्स सन्तिके सामन्ता आसन्ने अविदूरे उपकट्ठेति—",
"mnd7:73.3":	"स वे निब्बानसन्तिके। ",
"mnd7:74.1":	"तेनाह भगवा—",
"mnd7:75.1":	"“विवेकञ्ञेव सिक्खेथ, ",
"mnd7:75.2":	"एतं अरियानमुत्तमं; ",
"mnd7:75.3":	"न तेन सेट्ठो मञ्ञेथ, ",
"mnd7:75.4":	"स वे निब्बानसन्तिके”ति। ",
"mnd7:76.1":	"<ब्>रित्तस्स मुनिनो चरतो,</ब्> ",
"mnd7:76.2":	"<ब्>कामेसु अनपेक्खिनो;</ब्> ",
"mnd7:76.3":	"<ब्>ओघतिण्णस्स पिहयन्ति,</ब्> ",
"mnd7:76.4":	"<ब्>कामेसु गधिता पजा।</ब्> ",
"mnd7:77.1":	"<ब्>रित्तस्स मुनिनो चरतो</ब्>ति। ",
"mnd7:77.2":	"रित्तस्स विवित्तस्स पविवित्तस्स, कायदुच्चरितेन रित्तस्स विवित्तस्स पविवित्तस्स। ",
"mnd7:77.3":	"वचीदुच्चरितेन …पे… ",
"mnd7:77.4":	"मनोदुच्चरितेन … ",
"mnd7:77.5":	"रागेन … ",
"mnd7:77.6":	"दोसेन … ",
"mnd7:77.7":	"मोहेन … ",
"mnd7:77.8":	"कोधेन … ",
"mnd7:77.9":	"उपनाहेन … ",
"mnd7:77.10":	"मक्खेन … ",
"mnd7:77.11":	"पळासेन … ",
"mnd7:77.12":	"इस्साय … ",
"mnd7:77.13":	"मच्छरियेन … ",
"mnd7:77.14":	"मायाय … ",
"mnd7:77.15":	"साठेय्येन … ",
"mnd7:77.16":	"थम्भेन … ",
"mnd7:77.17":	"सारम्भेन … ",
"mnd7:77.18":	"मानेन … ",
"mnd7:77.19":	"अतिमानेन … ",
"mnd7:77.20":	"मदेन … ",
"mnd7:77.21":	"पमादेन … ",
"mnd7:77.22":	"सब्बकिलेसेहि … ",
"mnd7:77.23":	"सब्बदुच्चरितेहि … ",
"mnd7:77.24":	"सब्बदरथेहि … ",
"mnd7:77.25":	"सब्बपरिळाहेहि … ",
"mnd7:77.26":	"सब्बसन्तापेहि … ",
"mnd7:77.27":	"सब्बाकुसलाभिसङ्खारेहि रित्तस्स विवित्तस्स पविवित्तस्स। ",
"mnd7:77.28":	"<ब्>मुनिनो</ब्>ति। ",
"mnd7:77.29":	"<ब्>मोनं</ब्> वुच्चति ञाणं …पे… सङ्गजालमतिच्च सो मुनि। ",
"mnd7:77.30":	"<ब्>चरतो</ब्>ति चरतो विहरतो इरियतो वत्ततो पालयतो यपयतो यापयतोति—",
"mnd7:77.31":	"रित्तस्स मुनिनो चरतो। ",
"mnd7:78.1":	"<ब्>कामेसु अनपेक्खिनो</ब्>ति। ",
"mnd7:78.2":	"<ब्>कामा</ब्>ति उद्दानतो द्वे कामा—",
"mnd7:78.3":	"वत्थुकामा च किलेसकामा च …पे… ",
"mnd7:78.4":	"इमे वुच्चन्ति वत्थुकामा …पे… ",
"mnd7:78.5":	"इमे वुच्चन्ति किलेसकामा। ",
"mnd7:78.6":	"वत्थुकामे परिजानित्वा किलेसकामे पहाय पजहित्वा विनोदेत्वा ब्यन्तिं करित्वा अनभावं गमेत्वा कामेसु अनपेक्खमानो चत्तकामो वन्तकामो मुत्तकामो पहीनकामो पटिनिस्सट्ठकामो, वीतरागो चत्तरागो वन्तरागो मुत्तरागो पहीनरागो पटिनिस्सट्ठरागो निच्छातो निब्बुतो सीतिभूतो सुखप्पटिसंवेदी ब्रह्मभूतेन अत्तना विहरतीति—",
"mnd7:78.7":	"कामेसु अनपेक्खिनो। ",
"mnd7:79.1":	"<ब्>ओघतिण्णस्स पिहयन्ति, कामेसु गधिता पजा</ब्>ति। ",
"mnd7:79.2":	"<ब्>पजा</ब्>ति सत्ताधिवचनं पजा कामेसु रत्ता गिद्धा गधिता मुच्छिता अज्झोसन्ना लग्गा लग्गिता पलिबुद्धा। ",
"mnd7:79.3":	"ते कामोघं तिण्णस्स भवोघं तिण्णस्स दिट्ठोघं तिण्णस्स अविज्जोघं तिण्णस्स सब्बसङ्खारपथं तिण्णस्स उत्तिण्णस्स नित्तिण्णस्स अतिक्कन्तस्स समतिक्कन्तस्स वीतिवत्तस्स पारङ्गतस्स पारं पत्तस्स अन्तं गतस्स अन्तं पत्तस्स कोटिं गतस्स कोटिं पत्तस्स परियन्तं गतस्स परियन्तं पत्तस्स वोसानं गतस्स वोसानं पत्तस्स ताणं गतस्स ताणं पत्तस्स लेणं गतस्स लेणं पत्तस्स सरणं गतस्स सरणं पत्तस्स अभयं गतस्स अभयं पत्तस्स अच्चुतं गतस्स अच्चुतं पत्तस्स अमतं गतस्स अमतं पत्तस्स निब्बानं गतस्स निब्बानं पत्तस्स इच्छन्ति सादियन्ति पत्थयन्ति पिहयन्ति अभिजप्पन्ति। ",
"mnd7:79.4":	"यथा इणायिका आनण्यं पत्थेन्ति पिहयन्ति, यथा आबाधिका आरोग्यं पत्थेन्ति पिहयन्ति, यथा बन्धनबद्धा बन्धनमोक्खं पत्थेन्ति पिहयन्ति, यथा दासा भुजिस्सं पत्थेन्ति पिहयन्ति, यथा कन्तारद्धानपक्खन्दा खेमन्तभूमिं पत्थेन्ति पिहयन्ति; ",
"mnd7:79.5":	"एवमेवं पजा कामेसु रत्ता गिद्धा गधिता मुच्छिता अज्झोसन्ना लग्गा लग्गिता पलिबुद्धा ते कामोघं तिण्णस्स भवोघं तिण्णस्स …पे… ",
"mnd7:79.6":	"निब्बानं गतस्स निब्बानं पत्तस्स इच्छन्ति सादियन्ति पत्थयन्ति पिहयन्ति अभिजप्पन्तीति—",
"mnd7:79.7":	"ओघतिण्णस्स पिहयन्ति, कामेसु गधिता पजा। ",
"mnd7:80.1":	"तेनाह भगवा—",
"mnd7:81.1":	"“रित्तस्स मुनिनो चरतो, ",
"mnd7:81.2":	"कामेसु अनपेक्खिनो; ",
"mnd7:81.3":	"ओघतिण्णस्स पिहयन्ति, ",
"mnd7:81.4":	"कामेसु गधिता पजा”ति। ",
"mnd7:82.1":	"तिस्समेत्तेय्यसुत्तनिद्देसो सत्तमो। "
}	
