{	
"mnd9:0.1":	"महानिद्देस ",
"mnd9:0.2":	"अट्ठकवग्ग ",
"mnd9:0.3":	"९। मागण्डियसुत्तनिद्देस ",
"mnd9:1.1":	"अथ मागण्डियसुत्तनिद्देसं वक्खति—",
"mnd9:2.1":	"<ब्>दिस्वान तण्हं अरतिं रगञ्च,</ब्> ",
"mnd9:2.2":	"<ब्>नाहोसि छन्दो अपि मेथुनस्मिं;</ब्> ",
"mnd9:2.3":	"<ब्>किमेविदं मुत्तकरीसपुण्णं,</ब्> ",
"mnd9:2.4":	"<ब्>पादापि नं सम्फुसितुं न इच्छे।</ब्> ",
"mnd9:3.1":	"<ब्>दिस्वान तण्हं अरतिं रगञ्च, नाहोसि छन्दो अपि मेथुनस्मिन्</ब्>ति। ",
"mnd9:3.2":	"तण्हञ्च अरतिञ्च रगञ्च मारधीतरो दिस्वा पस्सित्वा मेथुनधम्मे छन्दो वा रागो वा पेमं वा नाहोसीति—",
"mnd9:3.3":	"दिस्वान तण्हं अरतिं रगञ्च नाहोसि छन्दो अपि मेथुनस्मिं। ",
"mnd9:4.1":	"<ब्>किमेविदं मुत्तकरीसपुण्णं, पादापि नं सम्फुसितुं न इच्छे</ब्>ति। ",
"mnd9:4.2":	"किमेविदं सरीरं मुत्तपुण्णं करीसपुण्णं सेम्हपुण्णं रुहिरपुण्णं अट्ठिसङ्घातन्हारुसम्बन्धं रुधिरमंसावलेपनं चम्मविनद्धं छविया पटिच्छन्नं छिद्दावछिद्दं उग्घरन्तं पग्घरन्तं किमिसङ्घनिसेवितं नानाकलिमलपरिपूरं पादेन अक्कमितुं न इच्छेय्य, कुतो पन संवासो वा समागमो वाति—",
"mnd9:4.3":	"किमेविदं मुत्तकरीसपुण्णं, पादापि नं सम्फुसितुं न इच्छे। ",
"mnd9:4.4":	"अनच्छरियञ्चेतं मनुस्सो दिब्बे कामे पत्थयन्तो मानुसके कामे न इच्छेय्य, मानुसके वा कामे पत्थयन्तो दिब्बे कामे न इच्छेय्य। ",
"mnd9:4.5":	"यं त्वं उभोपि न इच्छसि न सादियसि न पत्थेसि न पिहेसि नाभिजप्पसि, किं ते दस्सनं, कतमाय त्वं दिट्ठिया समन्नागतोति पुच्छतीति। ",
"mnd9:5.1":	"तेनाह भगवा—",
"mnd9:6.1":	"“दिस्वान तण्हं अरतिं रगञ्च, ",
"mnd9:6.2":	"नाहोसि छन्दो अपि मेथुनस्मिं; ",
"mnd9:6.3":	"किमेविदं मुत्तकरीसपुण्णं, ",
"mnd9:6.4":	"पादापि नं सम्फुसितुं न इच्छे”ति। ",
"mnd9:7.1":	"<ब्>एतादिसञ्चे रतनं न इच्छसि,</ब्> ",
"mnd9:7.2":	"<ब्>नारिं नरिन्देहि बहूहि पत्थितं;</ब्> ",
"mnd9:7.3":	"<ब्>दिट्ठिगतं सीलवतं नु जीवितं,</ब्> ",
"mnd9:7.4":	"<ब्>भवूपपत्तिञ्च वदेसि कीदिसं।</ब्> ",
"mnd9:8.1":	"<ब्>इदं वदामीति न तस्स होति,</ब्> ",
"mnd9:8.2":	"(मागण्डियाति भगवा) ",
"mnd9:8.3":	"<ब्>धम्मेसु निच्छेय्य समुग्गहीतं;</ब्> ",
"mnd9:8.4":	"<ब्>पस्सञ्च दिट्ठीसु अनुग्गहाय,</ब्> ",
"mnd9:8.5":	"<ब्>अज्झत्तसन्तिं पचिनं अदस्सं।</ब्> ",
"mnd9:9.1":	"<ब्>इदं वदामीति न तस्स होती</ब्>ति। ",
"mnd9:9.2":	"<ब्>इदं वदामी</ब्>ति इदं वदामि, एतं वदामि, एत्तकं वदामि, एत्तावता वदामि, इदं दिट्ठिगतं वदामि—",
"mnd9:9.3":	"“सस्सतो लोको”ति वा …पे… ",
"mnd9:9.4":	"“नेव होति न न होति तथागतो परं मरणा”ति वा। ",
"mnd9:9.5":	"<ब्>न तस्स होती</ब्>ति न मय्हं होति, “एत्तावता वदामी”ति न तस्स होतीति—",
"mnd9:9.6":	"इदं वदामीति न तस्स होति। ",
"mnd9:10.1":	"<ब्>मागण्डिया</ब्>ति भगवा तं ब्राह्मणं नामेन आलपति। ",
"mnd9:10.2":	"<ब्>भगवा</ब्>ति गारवाधिवचनं …पे… सच्छिका पञ्ञत्ति यदिदं भगवाति—",
"mnd9:10.3":	"मागण्डियाति भगवा। ",
"mnd9:11.1":	"<ब्>धम्मेसु निच्छेय्य समुग्गहीतन्</ब्>ति। ",
"mnd9:11.2":	"<ब्>धम्मेसू</ब्>ति द्वासट्ठिया दिट्ठिगतेसु। ",
"mnd9:11.3":	"<ब्>निच्छेय्या</ब्>ति निच्छिनित्वा विनिच्छिनित्वा विचिनित्वा पविचिनित्वा तुलयित्वा तीरयित्वा विभावयित्वा विभूतं कत्वा। ",
"mnd9:11.4":	"<ब्>समुग्गहीतन्</ब्>ति ओधिग्गाहो बिलग्गाहो वरग्गाहो कोट्ठासग्गाहो उच्चयग्गाहो समुच्चयग्गाहो, “इदं सच्चं तच्छं तथं भूतं याथावं अविपरीतन्”ति गहितं परामट्ठं अभिनिविट्ठं अज्झोसितं अधिमुत्तं, ",
"mnd9:11.5":	"नत्थि न सन्ति न संविज्जति नुपलब्भति, पहीनं समुच्छिन्नं वूपसन्तं पटिपस्सद्धं अभब्बुप्पत्तिकं ञाणग्गिना दड्ढन्ति—",
"mnd9:11.6":	"धम्मेसु निच्छेय्य समुग्गहीतं। ",
"mnd9:12.1":	"<ब्>पस्सञ्च दिट्ठीसु अनुग्गहाया</ब्>ति। ",
"mnd9:12.2":	"दिट्ठीसु आदीनवं पस्सन्तो दिट्ठियो न गण्हामि न परामसामि नाभिनिविसामि। ",
"mnd9:12.3":	"अथ वा न गण्हितब्बा न परामसितब्बा नाभिनिविसितब्बाति। ",
"mnd9:12.4":	"एवम्पि पस्सञ्च दिट्ठीसु अनुग्गहाय। ",
"mnd9:13.1":	"अथ वा “सस्सतो लोको, इदमेव सच्चं मोघमञ्ञन्”ति दिट्ठिगतमेतं दिट्ठिगहनं दिट्ठिकन्तारो दिट्ठिविसूकायिकं दिट्ठिविप्फन्दितं दिट्ठिसंयोजनं, सदुक्खं सविघातं सौपायासं सपरिळाहं, न निब्बिदाय न विरागाय न निरोधाय न उपसमाय न अभिञ्ञाय न सम्बोधाय न निब्बानाय संवत्ततीति। ",
"mnd9:13.2":	"दिट्ठीसु आदीनवं पस्सन्तो दिट्ठियो न गण्हामि न परामसामि नाभिनिविसामि। ",
"mnd9:13.3":	"अथ वा न गण्हितब्बा न परामसितब्बा नाभिनिविसितब्बाति। ",
"mnd9:13.4":	"एवम्पि पस्सञ्च दिट्ठीसु अनुग्गहाय। ",
"mnd9:14.1":	"अथ वा “असस्सतो लोको, अन्तवा लोको, अनन्तवा लोको, तं जीवं तं सरीरं, अञ्ञं जीवं अञ्ञं सरीरं, होति तथागतो परं मरणा, न होति तथागतो परं मरणा, होति च न च होति तथागतो परं मरणा, नेव होति न न होति तथागतो परं मरणा, इदमेव सच्चं मोघमञ्ञन्”ति दिट्ठिगतमेतं दिट्ठिगहनं दिट्ठिकन्तारो दिट्ठिविसूकायिकं दिट्ठिविप्फन्दितं दिट्ठिसंयोजनं, सदुक्खं सविघातं सौपायासं सपरिळाहं न निब्बिदाय न विरागाय न निरोधाय न उपसमाय न अभिञ्ञाय न सम्बोधाय न निब्बानाय संवत्ततीति। ",
"mnd9:14.2":	"दिट्ठीसु आदीनवं पस्सन्तो दिट्ठियो न गण्हामि न परामसामि नाभिनिविसामि। ",
"mnd9:14.3":	"अथ वा न गण्हितब्बा न परामसितब्बा नाभिनिविसितब्बाति। ",
"mnd9:14.4":	"एवम्पि पस्सञ्च दिट्ठीसु अनुग्गहाय। ",
"mnd9:15.1":	"अथ वा इमा दिट्ठियो एवङ्गहिता एवंपरामट्ठा एवङ्गतिका भविस्सन्ति एवंअभिसम्परायाति। ",
"mnd9:15.2":	"दिट्ठीसु आदीनवं पस्सन्तो दिट्ठियो न गण्हामि न परामसामि नाभिनिविसामि। ",
"mnd9:15.3":	"अथ वा न गण्हितब्बा न परामसितब्बा नाभिनिविसितब्बाति। ",
"mnd9:15.4":	"एवम्पि पस्सञ्च दिट्ठीसु अनुग्गहाय। ",
"mnd9:16.1":	"अथ वा इमा दिट्ठियो निरयसंवत्तनिका तिरच्छानयोनिसंवत्तनिका पेत्तिविसयसंवत्तनिकाति। ",
"mnd9:16.2":	"दिट्ठीसु आदीनवं पस्सन्तो दिट्ठियो न गण्हामि न परामसामि नाभिनिविसामि। ",
"mnd9:16.3":	"अथ वा न गण्हितब्बा न परामसितब्बा नाभिनिविसितब्बाति। ",
"mnd9:16.4":	"एवम्पि पस्सञ्च दिट्ठीसु अनुग्गहाय। ",
"mnd9:17.1":	"अथ वा इमा दिट्ठियो अनिच्चा सङ्खता पटिच्चसमुप्पन्ना खयधम्मा वयधम्मा विरागधम्मा निरोधधम्माति। ",
"mnd9:17.2":	"दिट्ठीसु आदीनवं पस्सन्तो दिट्ठियो न गण्हामि न परामसामि नाभिनिविसामि। ",
"mnd9:17.3":	"अथ वा न गण्हितब्बा न परामसितब्बा नाभिनिविसितब्बाति। ",
"mnd9:17.4":	"एवम्पि पस्सञ्च दिट्ठीसु अनुग्गहाय। ",
"mnd9:18.1":	"<ब्>अज्झत्तसन्तिं पचिनं अदस्सन्</ब्>ति। ",
"mnd9:18.2":	"अज्झत्तसन्तिं अज्झत्तं रागस्स सन्तिं, दोसस्स सन्तिं, मोहस्स सन्तिं, कोधस्स … उपनाहस्स … मक्खस्स … पळासस्स … इस्साय … मच्छरियस्स … मायाय … साठेय्यस्स … थम्भस्स … सारम्भस्स … मानस्स … अतिमानस्स … मदस्स … पमादस्स … सब्बकिलेसानं … सब्बदुच्चरितानं … सब्बदरथानं … सब्बपरिळाहानं … सब्बसन्तापानं … सब्बाकुसलाभिसङ्खारानं सन्तिं उपसन्तिं वूपसन्तिं निब्बुतिं पटिपस्सद्धिं सन्तिं। ",
"mnd9:18.3":	"<ब्>पचिनन्</ब्>ति पचिनन्तो विचिनन्तो पविचिनन्तो तुलयन्तो तीरयन्तो विभावयन्तो विभूतं करोन्तो, ",
"mnd9:18.4":	"“सब्बे सङ्खारा अनिच्चा”ति पचिनन्तो विचिनन्तो पविचिनन्तो तुलयन्तो तीरयन्तो विभावयन्तो विभूतं करोन्तो, ",
"mnd9:18.5":	"“सब्बे सङ्खारा दुक्खा”ति … ",
"mnd9:18.6":	"“सब्बे धम्मा अनत्ता”ति पचिनन्तो विचिनन्तो पविचिनन्तो … ",
"mnd9:18.7":	"“यं किञ्चि समुदयधम्मं, सब्बं तं निरोधधम्मन्”ति पचिनन्तो विचिनन्तो पविचिनन्तो तुलयन्तो तीरयन्तो विभावयन्तो विभूतं करोन्तो। ",
"mnd9:18.8":	"<ब्>अदस्सन्</ब्>ति अदस्सं अदक्खिं अपस्सिं पटिविज्झिन्ति—",
"mnd9:18.9":	"अज्झत्तसन्तिं पचिनं अदस्सं। ",
"mnd9:19.1":	"तेनाह भगवा—",
"mnd9:20.1":	"“इदं वदामीति न तस्स होति, ",
"mnd9:20.2":	"(मागण्डियाति भगवा) ",
"mnd9:20.3":	"धम्मेसु निच्छेय्य समुग्गहीतं; ",
"mnd9:20.4":	"पस्सञ्च दिट्ठीसु अनुग्गहाय, ",
"mnd9:20.5":	"अज्झत्तसन्तिं पचिनं अदस्सन्”ति। ",
"mnd9:21.1":	"<ब्>विनिच्छया यानि पकप्पितानि,</ब्> ",
"mnd9:21.2":	"(इति मागण्डियो) ",
"mnd9:21.3":	"<ब्>ते वे मुनी ब्रूसि अनुग्गहाय;</ब्> ",
"mnd9:21.4":	"<ब्>अज्झत्तसन्तीति यमेतमत्थं,</ब्> ",
"mnd9:21.5":	"<ब्>कथं नु धीरेहि पवेदितं तं।</ब्> ",
"mnd9:22.1":	"<ब्>विनिच्छया यानि पकप्पितानी</ब्>ति। ",
"mnd9:22.2":	"विनिच्छया वुच्चन्ति द्वासट्ठि दिट्ठिगतानि दिट्ठिविनिच्छया। ",
"mnd9:22.3":	"<ब्>पकप्पितानी</ब्>ति कप्पिता पकप्पिता अभिसङ्खता सण्ठपितातिपि पकप्पिता। ",
"mnd9:22.4":	"अथ वा अनिच्चा सङ्खता पटिच्चसमुप्पन्ना खयधम्मा वयधम्मा विरागधम्मा निरोधधम्मा विपरिणामधम्मातिपि पकप्पिताति—",
"mnd9:22.5":	"विनिच्छया यानि पकप्पितानि। ",
"mnd9:23.1":	"<ब्>इति मागण्डियो</ब्>ति। ",
"mnd9:23.2":	"<ब्>इती</ब्>ति पदसन्धि पदसंसग्गो पदपारिपूरी अक्खरसमवायो ब्यञ्जनसिलिट्ठता पदानुपुब्बतापेतं—",
"mnd9:23.3":	"इतीति। ",
"mnd9:23.4":	"<ब्>मागण्डियो</ब्>ति तस्स ब्राह्मणस्स नामं सङ्खा समञ्ञा पञ्ञत्ति वोहारो—",
"mnd9:23.5":	"इति मागण्डियोति। ",
"mnd9:24.1":	"<ब्>ते वे मुनी ब्रूसि अनुग्गहाय, अज्झत्तसन्तीति यमेतमत्थन्</ब्>ति। ",
"mnd9:24.2":	"<ब्>ते वे</ब्>ति द्वासट्ठि दिट्ठिगतानि। ",
"mnd9:24.3":	"<ब्>मुनी</ब्>ति। ",
"mnd9:24.4":	"<ब्>मोनं</ब्> वुच्चति ञाणं …पे… सङ्गजालमतिच्च सो मुनीति। ",
"mnd9:24.5":	"<ब्>अनुग्गहाया</ब्>ति दिट्ठीसु आदीनवं पस्सन्तो दिट्ठियो न गण्हामि न परामसामि नाभिनिविसामीति च भणसि, अज्झत्तसन्तीति च भणसि। ",
"mnd9:24.6":	"<ब्>यमेतमत्थन्</ब्>ति यं परमत्थन्ति—",
"mnd9:24.7":	"ते वे मुनी ब्रूसि अनुग्गहाय, अज्झत्तसन्तीति यमेतमत्थं। ",
"mnd9:25.1":	"<ब्>कथं नु धीरेहि पवेदितं तन्</ब्>ति। ",
"mnd9:25.2":	"<ब्>कथं नू</ब्>ति पदं संसयपुच्छा विमतिपुच्छा द्वेळ्हकपुच्छा अनेकंसपुच्छा, एवं नु खो ननु खो किं नु खो कथं नु खोति—",
"mnd9:25.3":	"कथं नु। ",
"mnd9:25.4":	"<ब्>धीरेही</ब्>ति धीरेहि पण्डितेहि पञ्ञवन्तेहि बुद्धिमन्तेहि ञाणीहि विभावीहि मेधावीहि। ",
"mnd9:25.5":	"<ब्>पवेदितन्</ब्>ति वेदितं पवेदितं आचिक्खितं देसितं पञ्ञापितं पट्ठपितं विवटं विभत्तं उत्तानीकतं पकासितन्ति—",
"mnd9:25.6":	"कथं नु धीरेहि पवेदितं तं। ",
"mnd9:26.1":	"तेनाह सो ब्राह्मणो—",
"mnd9:27.1":	"“विनिच्छया यानि पकप्पितानि, ",
"mnd9:27.2":	"(इति मागण्डियो) ",
"mnd9:27.3":	"ते वे मुनी ब्रूसि अनुग्गहाय; ",
"mnd9:27.4":	"अज्झत्तसन्तीति यमेतमत्थं, ",
"mnd9:27.5":	"कथं नु धीरेहि पवेदितं तन्”ति। ",
"mnd9:28.1":	"<ब्>न दिट्ठिया न सुतिया न ञाणेन,</ब्> ",
"mnd9:28.2":	"(मागण्डियाति भगवा) ",
"mnd9:28.3":	"<ब्>सीलब्बतेनापि न सुद्धिमाह;</ब्> ",
"mnd9:28.4":	"<ब्>अदिट्ठिया अस्सुतिया अञाणा,</ब्> ",
"mnd9:28.5":	"<ब्>असीलता अब्बता नोपि तेन;</ब्> ",
"mnd9:28.6":	"<ब्>एते च निस्सज्ज अनुग्गहाय,</ब्> ",
"mnd9:28.7":	"<ब्>सन्तो अनिस्साय भवं न जप्पे।</ब्> ",
"mnd9:29.1":	"<ब्>न दिट्ठिया न सुतिया न ञाणेना</ब्>ति। ",
"mnd9:29.2":	"दिट्ठेनापि सुद्धिं विसुद्धिं परिसुद्धिं, मुत्तिं विमुत्तिं परिमुत्तिं नाह न कथेसि न भणसि न दीपयसि न वोहरसि; ",
"mnd9:29.3":	"सुतेनापि सुद्धिं विसुद्धिं परिसुद्धिं, मुत्तिं विमुत्तिं परिमुत्तिं नाह न कथेसि न भणसि न दीपयसि न वोहरसि; ",
"mnd9:29.4":	"दिट्ठसुतेनापि सुद्धिं विसुद्धिं परिसुद्धिं, मुत्तिं विमुत्तिं परिमुत्तिं नाह न कथेसि न भणसि न दीपयसि न वोहरसि; ",
"mnd9:29.5":	"ञाणेनापि सुद्धिं विसुद्धिं परिसुद्धिं, मुत्तिं विमुत्तिं परिमुत्तिं नाह न कथेसि न भणसि न दीपयसि न वोहरसीति—",
"mnd9:29.6":	"न दिट्ठिया न सुतिया न ञाणेन। ",
"mnd9:30.1":	"<ब्>मागण्डिया</ब्>ति भगवा तं ब्राह्मणं नामेन आलपति। ",
"mnd9:30.2":	"<ब्>भगवा</ब्>ति गारवाधिवचनं …पे… सच्छिका पञ्ञत्ति यदिदं भगवाति—",
"mnd9:30.3":	"मागण्डियाति भगवा। ",
"mnd9:31.1":	"<ब्>सीलब्बतेनापि न सुद्धिमाहा</ब्>ति। ",
"mnd9:31.2":	"सीलेनापि सुद्धिं विसुद्धिं परिसुद्धिं, मुत्तिं विमुत्तिं परिमुत्तिं नाह न कथेसि न भणसि न दीपयसि न वोहरसि; ",
"mnd9:31.3":	"वतेनापि सुद्धिं विसुद्धिं परिसुद्धिं, मुत्तिं विमुत्तिं परिमुत्तिं नाह न कथेसि न भणसि न दीपयसि न वोहरसि; ",
"mnd9:31.4":	"सीलब्बतेनापि सुद्धिं विसुद्धिं परिसुद्धिं, मुत्तिं विमुत्तिं परिमुत्तिं नाह न कथेसि न भणसि न दीपयसि न वोहरसीति—",
"mnd9:31.5":	"सीलब्बतेनापि न सुद्धिमाह। ",
"mnd9:32.1":	"<ब्>अदिट्ठिया अस्सुतिया अञाणा, असीलता अब्बता नोपि तेना</ब्>ति। ",
"mnd9:32.2":	"दिट्ठिपि इच्छितब्बा। ",
"mnd9:32.3":	"दसवत्थुका सम्मादिट्ठि—",
"mnd9:32.4":	"अत्थि दिन्नं, अत्थि यिट्ठं, अत्थि हुतं, अत्थि सुकतदुक्कटानं कम्मानं फलं विपाको, अत्थि अयं लोको, अत्थि परो लोको, अत्थि माता, अत्थि पिता, अत्थि सत्ता ओपपातिका, अत्थि लोके समणब्राह्मणा सम्मग्गता सम्मापटिपन्ना ये इमञ्च लोकं परञ्च लोकं सयं अभिञ्ञा सच्छिकत्वा पवेदेन्तीति; ",
"mnd9:32.5":	"सवनम्पि इच्छितब्बं—",
"mnd9:32.6":	"परतो घोसो, सुत्तं, गेय्यं, वेय्याकरणं, गाथा, उदानं, इतिवुत्तकं, जातकं, अब्भुतधम्मं, वेदल्लं; ",
"mnd9:32.7":	"ञाणम्पि इच्छितब्बं—",
"mnd9:32.8":	"कम्मस्सकतञाणं, सच्चानुलोमिकञाणं, अभिञ्ञाञाणं, समापत्तिञाणं; ",
"mnd9:32.9":	"सीलम्पि इच्छितब्बं—",
"mnd9:32.10":	"पातिमोक्खसंवरो; ",
"mnd9:32.11":	"वतम्पि इच्छितब्बं—",
"mnd9:32.12":	"अट्ठ धुतङ्गानि—",
"mnd9:32.13":	"आरञ्ञिकङ्गं, पिण्डपातिकङ्गं, पंसुकूलिकङ्गं, तेचीवरिकङ्गं, सपदानचारिकङ्गं, खलुपच्छाभत्तिकङ्गं, नेसज्जिकङ्गं, यथासन्थतिकङ्गन्ति। ",
"mnd9:33.1":	"<ब्>अदिट्ठिया अस्सुतिया अञाणा, असीलता अब्बता नोपि तेना</ब्>ति। ",
"mnd9:33.2":	"नापि सम्मादिट्ठिमत्तेन, नापि सवनमत्तेन, नापि ञाणमत्तेन, नापि सीलमत्तेन, नापि वतमत्तेन अज्झत्तसन्तिं पत्तो होति, नापि विना एतेहि धम्मेहि अज्झत्तसन्तिं पापुणाति। ",
"mnd9:33.3":	"अपि च सम्भारा इमे धम्मा होन्ति अज्झत्तसन्तिं पापुणितुं अधिगन्तुं फस्सितुं सच्छिकातुन्ति—",
"mnd9:33.4":	"अदिट्ठिया अस्सुतिया अञाणा असीलता अब्बता नोपि तेन। ",
"mnd9:34.1":	"<ब्>एते च निस्सज्ज अनुग्गहाया</ब्>ति। ",
"mnd9:34.2":	"<ब्>एते</ब्>ति कण्हपक्खिकानं धम्मानं समुग्घाततो पहानं इच्छितब्बं, तेधातुकेसु कुसलेसु धम्मेसु अतम्मयता इच्छितब्बा, यतो कण्हपक्खिया धम्मा समुग्घातपहानेन पहीना होन्ति उच्छिन्नमूला तालावत्थुकता अनभावङ्कता आयतिं अनुप्पादधम्मा, तेधातुकेसु च कुसलेसु धम्मेसु अतम्मयता होति, एत्तावतापि न गण्हाति न परामसति नाभिनिविसति। ",
"mnd9:34.3":	"अथ वा न गण्हितब्बा न परामसितब्बा नाभिनिविसितब्बाति। ",
"mnd9:34.4":	"एवम्पि एते च निस्सज्ज अनुग्गहाय। ",
"mnd9:34.5":	"यतो तण्हा च दिट्ठि च मानो च पहीना होन्ति उच्छिन्नमूला तालावत्थुकता अनभावङ्कता आयतिं अनुप्पादधम्माति, एत्तावतापि न गण्हाति न परामसति नाभिनिविसतीति। ",
"mnd9:34.6":	"एवम्पि एते च निस्सज्ज अनुग्गहाय। ",
"mnd9:35.1":	"यतो पुञ्ञाभिसङ्खारो च अपुञ्ञाभिसङ्खारो च आनेञ्जाभिसङ्खारो च पहीना होन्ति उच्छिन्नमूला तालावत्थुकता अनभावङ्कता आयतिं अनुप्पादधम्माति, एत्तावतापि न गण्हाति न परामसति नाभिनिविसतीति। ",
"mnd9:35.2":	"एवम्पि एते च निस्सज्ज अनुग्गहाय। ",
"mnd9:36.1":	"<ब्>सन्तो अनिस्साय भवं न जप्पे</ब्>ति। ",
"mnd9:36.2":	"<ब्>सन्तो</ब्>ति रागस्स समितत्ता सन्तो, दोसस्स समितत्ता सन्तो, मोहस्स समितत्ता सन्तो, कोधस्स … उपनाहस्स … मक्खस्स … पळासस्स … इस्साय … मच्छरियस्स … मायाय … साठेय्यस्स … थम्भस्स … सारम्भस्स … मानस्स … अतिमानस्स … मदस्स … पमादस्स … सब्बकिलेसानं … सब्बदुच्चरितानं … सब्बदरथानं … सब्बपरिळाहानं … सब्बसन्तापानं … सब्बाकुसलाभिसङ्खारानं सन्तत्ता समितत्ता वूपसमितत्ता विज्झातत्ता निब्बुतत्ता विगतत्ता पटिपस्सद्धत्ता सन्तो उपसन्तो वूपसन्तो निब्बुतो पटिपस्सद्धोति—",
"mnd9:36.3":	"सन्तो। ",
"mnd9:37.1":	"<ब्>अनिस्साया</ब्>ति द्वे निस्सया—",
"mnd9:37.2":	"तण्हानिस्सयो च दिट्ठिनिस्सयो च …पे… ",
"mnd9:37.3":	"अयं तण्हानिस्सयो …पे… ",
"mnd9:37.4":	"अयं दिट्ठिनिस्सयो। ",
"mnd9:37.5":	"तण्हानिस्सयं पहाय दिट्ठिनिस्सयं पटिनिस्सज्जित्वा चक्खुं अनिस्साय, सोतं अनिस्साय, घानं अनिस्साय, जिव्हं अनिस्साय, कायं अनिस्साय, मनं अनिस्साय, रूपे … सद्दे … गन्धे … रसे … फोट्ठब्बे … कुलं … गणं … आवासं … लाभं … यसं … पसंसं … सुखं … चीवरं … पिण्डपातं … सेनासनं … गिलानपच्चयभेसज्जपरिक्खारं … कामधातुं … रूपधातुं … अरूपधातुं … कामभवं … रूपभवं … अरूपभवं … सञ्ञाभवं … असञ्ञाभवं … नेवसञ्ञानासञ्ञाभवं … एकवोकारभवं … चतुवोकारभवं … पञ्चवोकारभवं … अतीतं … अनागतं … पच्चुप्पन्नं … दिट्ठसुतमुतविञ्ञातब्बे धम्मे अनिस्साय अग्गण्हित्वा अपरामसित्वा अनभिनिविसित्वाति—",
"mnd9:37.6":	"सन्तो अनिस्साय। ",
"mnd9:37.7":	"<ब्>भवं न जप्पे</ब्>ति कामभवं न जप्पेय्य, रूपभवं न जप्पेय्य, अरूपभवं न जप्पेय्य नप्पजप्पेय्य न अभिजप्पेय्याति—",
"mnd9:37.8":	"सन्तो अनिस्साय भवं न जप्पे। ",
"mnd9:38.1":	"तेनाह भगवा—",
"mnd9:39.1":	"“न दिट्ठिया न सुतिया न ञाणेन, ",
"mnd9:39.2":	"(मागण्डियाति भगवा) ",
"mnd9:39.3":	"सीलब्बतेनापि न सुद्धिमाह; ",
"mnd9:39.4":	"अदिट्ठिया अस्सुतिया अञाणा, ",
"mnd9:39.5":	"असीलता अब्बता नोपि तेन; ",
"mnd9:39.6":	"एते च निस्सज्ज अनुग्गहाय, ",
"mnd9:39.7":	"सन्तो अनिस्साय भवं न जप्पे”ति। ",
"mnd9:40.1":	"<ब्>नो चे किर दिट्ठिया न सुतिया न ञाणेन,</ब्> ",
"mnd9:40.2":	"(इति मागण्डियो) ",
"mnd9:40.3":	"<ब्>सीलब्बतेनापि न सुद्धिमाह;</ब्> ",
"mnd9:40.4":	"<ब्>अदिट्ठिया अस्सुतिया अञाणा,</ब्> ",
"mnd9:40.5":	"<ब्>असीलता अब्बता नोपि तेन;</ब्> ",
"mnd9:40.6":	"<ब्>मञ्ञामहं मोमुहमेव धम्मं,</ब्> ",
"mnd9:40.7":	"<ब्>दिट्ठिया एके पच्चेन्ति सुद्धिं।</ब्> ",
"mnd9:41.1":	"<ब्>नो चे किर दिट्ठिया न सुतिया न ञाणेना</ब्>ति। ",
"mnd9:41.2":	"दिट्ठियापि सुद्धिं विसुद्धिं परिसुद्धिं, मुत्तिं विमुत्तिं परिमुत्तिं नाह न कथेसि न भणसि न दीपयसि न वोहरसि; ",
"mnd9:41.3":	"सुतेनापि सुद्धिं विसुद्धिं परिसुद्धिं, मुत्तिं विमुत्तिं परिमुत्तिं … ",
"mnd9:41.4":	"दिट्ठसुतेनापि सुद्धिं विसुद्धिं परिसुद्धिं, मुत्तिं विमुत्तिं परिमुत्तिं … ",
"mnd9:41.5":	"ञाणेनापि सुद्धिं विसुद्धिं परिसुद्धिं, मुत्तिं विमुत्तिं परिमुत्तिं नाह न कथेसि न भणसि न दीपयसि न वोहरसीति—",
"mnd9:41.6":	"नो चे किर दिट्ठिया न सुतिया न ञाणेन। ",
"mnd9:42.1":	"<ब्>इति मागण्डियो</ब्>ति <ब्>इती</ब्>ति पदसन्धि …पे…। ",
"mnd9:42.2":	"<ब्>मागण्डियो</ब्>ति तस्स ब्राह्मणस्स नामं …पे… ",
"mnd9:42.3":	"इति मागण्डियो। ",
"mnd9:43.1":	"<ब्>सीलब्बतेनापि न सुद्धिमाहा</ब्>ति। ",
"mnd9:43.2":	"सीलेनापि सुद्धिं विसुद्धिं परिसुद्धिं …पे… ",
"mnd9:43.3":	"वतेनापि सुद्धिं विसुद्धिं परिसुद्धिं …पे… ",
"mnd9:43.4":	"सीलब्बतेनापि सुद्धिं विसुद्धिं परिसुद्धिं, मुत्तिं विमुत्तिं परिमुत्तिं नाह न कथेसि न भणसि न दीपयसि न वोहरसीति—",
"mnd9:43.5":	"सीलब्बतेनापि न सुद्धिमाह। ",
"mnd9:44.1":	"<ब्>अदिट्ठिया अस्सुतिया अञाणा, असीलता अब्बता नोपि तेना</ब्>ति। ",
"mnd9:44.2":	"दिट्ठिपि इच्छितब्बाति एवं भणसि, सवनम्पि इच्छितब्बन्ति एवं भणसि, ञाणम्पि इच्छितब्बन्ति एवं भणसि, न सक्कोसि एकंसेन अनुजानितुं, नपि सक्कोसि एकंसेन पटिक्खिपितुन्ति—",
"mnd9:44.3":	"अदिट्ठिया अस्सुतिया अञाणा, असीलता अब्बता नोपि तेन। ",
"mnd9:45.1":	"<ब्>मञ्ञामहं मोमुहमेव धम्मन्</ब्>ति। ",
"mnd9:45.2":	"मोमूहधम्मो अयं तुय्हं बालधम्मो मूळ्हधम्मो अञ्ञाणधम्मो अमराविक्खेपधम्मोति एवं मञ्ञामि एवं जानामि एवं आजानामि एवं विजानामि एवं पटिविजानामि एवं पटिविज्झामीति—",
"mnd9:45.3":	"मञ्ञामहं मोमुहमेव धम्मं। ",
"mnd9:46.1":	"<ब्>दिट्ठिया एके पच्चेन्ति सुद्धिन्</ब्>ति। ",
"mnd9:46.2":	"सुद्धिदिट्ठिया एके समणब्राह्मणा सुद्धिं विसुद्धिं परिसुद्धिं, मुत्तिं विमुत्तिं परिमुत्तिं पच्चेन्ति; ",
"mnd9:46.3":	"“सस्सतो लोको, इदमेव सच्चं मोघमञ्ञन्”ति दिट्ठिया एके समणब्राह्मणा सुद्धिं विसुद्धिं परिसुद्धिं, मुत्तिं विमुत्तिं परिमुत्तिं पच्चेन्ति; ",
"mnd9:46.4":	"“असस्सतो लोको …पे… ",
"mnd9:46.5":	"नेव होति न न होति तथागतो परं मरणा, इदमेव सच्चं मोघमञ्ञन्”ति दिट्ठिया एके समणब्राह्मणा सुद्धिं विसुद्धिं परिसुद्धिं, मुत्तिं विमुत्तिं परिमुत्तिं पच्चेन्तीति—",
"mnd9:46.6":	"दिट्ठिया एके पच्चेन्ति सुद्धिं। ",
"mnd9:47.1":	"तेनाह सो ब्राह्मणो—",
"mnd9:48.1":	"“नो चे किर दिट्ठिया न सुतिया न ञाणेन, ",
"mnd9:48.2":	"(इति मागण्डियो) ",
"mnd9:48.3":	"सीलब्बतेनापि न सुद्धिमाह; ",
"mnd9:48.4":	"अदिट्ठिया अस्सुतिया अञाणा, ",
"mnd9:48.5":	"असीलता अब्बता नोपि तेन; ",
"mnd9:48.6":	"मञ्ञामहं मोमुहमेव धम्मं, ",
"mnd9:48.7":	"दिट्ठिया एके पच्चेन्ति सुद्धिन्”ति। ",
"mnd9:49.1":	"<ब्>दिट्ठिञ्च निस्सायनुपुच्छमानो,</ब्> ",
"mnd9:49.2":	"(मागण्डियाति भगवा) ",
"mnd9:49.3":	"<ब्>समुग्गहीतेसु पमोहमागा;</ब्> ",
"mnd9:49.4":	"<ब्>इतो च नाद्दक्खि अणुम्पि सञ्ञं,</ब्> ",
"mnd9:49.5":	"<ब्>तस्मा तुवं मोमुहतो दहासि।</ब्> ",
"mnd9:50.1":	"<ब्>दिट्ठिञ्च निस्सायनुपुच्छमानो</ब्>ति। ",
"mnd9:50.2":	"मागण्डियो ब्राह्मणो दिट्ठिं निस्साय दिट्ठिं पुच्छति, लग्गनं निस्साय लग्गनं पुच्छति, बन्धनं निस्साय बन्धनं पुच्छति, पलिबोधं निस्साय पलिबोधं पुच्छति। ",
"mnd9:50.3":	"<ब्>अनुपुच्छमानो</ब्>ति पुनप्पुनं पुच्छतीति—",
"mnd9:50.4":	"दिट्ठिञ्च निस्सायनुपुच्छमानो। ",
"mnd9:51.1":	"<ब्>मागण्डिया</ब्>ति भगवा तं ब्राह्मणं नामेन आलपति। ",
"mnd9:51.2":	"<ब्>भगवा</ब्>ति गारवाधिवचनं …पे… सच्छिका पञ्ञत्ति यदिदं भगवाति—",
"mnd9:51.3":	"मागण्डियाति भगवा। ",
"mnd9:52.1":	"<ब्>समुग्गहीतेसु पमोहमागा</ब्>ति। ",
"mnd9:52.2":	"या सा दिट्ठि तया गहिता परामट्ठा अभिनिविट्ठा अज्झोसिता अधिमुत्ता, तायेव त्वं दिट्ठिया मूळ्होसि पमूळ्होसि सम्मूळ्होसि मोहं आगतोसि पमोहं आगतोसि सम्मोहं आगतोसि अन्धकारं पक्खन्दोसीति—",
"mnd9:52.3":	"समुग्गहीतेसु पमोहमागा। ",
"mnd9:53.1":	"<ब्>इतो च नाद्दक्खि अणुम्पि सञ्ञन्</ब्>ति। ",
"mnd9:53.2":	"इतो अज्झत्तसन्तितो वा पटिपदातो वा धम्मदेसनातो वा, युत्तसञ्ञं पत्तसञ्ञं लक्खणसञ्ञं कारणसञ्ञं ठानसञ्ञं न पटिलभति, कुतो ञाणन्ति। ",
"mnd9:53.3":	"एवम्पि इतो च नाद्दक्खि अणुम्पि सञ्ञं। ",
"mnd9:53.4":	"अथ वा अनिच्चं वा अनिच्चसञ्ञानुलोमं वा, दुक्खं वा दुक्खसञ्ञानुलोमं वा, अनत्तं वा अनत्तसञ्ञानुलोमं वा, सञ्ञुप्पादमत्तं वा सञ्जानितमत्तं वा न पटिलभति, कुतो ञाणन्ति। ",
"mnd9:53.5":	"एवम्पि इतो च नाद्दक्खि अणुम्पि सञ्ञं। ",
"mnd9:54.1":	"<ब्>तस्मा तुवं मोमुहतो दहासी</ब्>ति। ",
"mnd9:54.2":	"<ब्>तस्मा</ब्>ति तस्मा तङ्कारणा तंहेतु तप्पच्चया तंनिदाना मोमूहधम्मतो बालधम्मतो मूळ्हधम्मतो अञ्ञाणधम्मतो अमराविक्खेपधम्मतो दहासि पस्ससि दक्खसि ओलोकेसि निज्झायसि उपपरिक्खसीति—",
"mnd9:54.3":	"तस्मा तुवं मोमुहतो दहासि। ",
"mnd9:55.1":	"तेनाह भगवा—",
"mnd9:56.1":	"“दिट्ठिञ्च निस्सायनुपुच्छमानो, ",
"mnd9:56.2":	"(मागण्डियाति भगवा) ",
"mnd9:56.3":	"समुग्गहीतेसु पमोहमागा; ",
"mnd9:56.4":	"इतो च नाद्दक्खि अणुम्पि सञ्ञं, ",
"mnd9:56.5":	"तस्मा तुवं मोमुहतो दहासी”ति। ",
"mnd9:57.1":	"<ब्>समो विसेसी उद वा निहीनो,</ब्> ",
"mnd9:57.2":	"<ब्>यो मञ्ञति सो विवदेथ तेन;</ब्> ",
"mnd9:57.3":	"<ब्>तीसु विधासु अविकम्पमानो,</ब्> ",
"mnd9:57.4":	"<ब्>समो विसेसीति न तस्स होति।</ब्> ",
"mnd9:58.1":	"<ब्>समो विसेसी उद वा निहीनो, यो मञ्ञति सो विवदेथ तेना</ब्>ति। ",
"mnd9:58.2":	"सदिसोहमस्मीति वा सेय्योहमस्मीति वा हीनोहमस्मीति वा यो मञ्ञति, सो तेन मानेन ताय दिट्ठिया तेन वा पुग्गलेन कलहं करेय्य भण्डनं करेय्य विग्गहं करेय्य विवादं करेय्य मेधगं करेय्य—",
"mnd9:58.3":	"“न त्वं इमं धम्मविनयं आजानासि, अहं इमं धम्मविनयं आजानामि, किं त्वं इमं धम्मविनयं आजानिस्ससि, मिच्छापटिपन्नो त्वमसि, अहमस्मि सम्मापटिपन्नो, सहितं मे, असहितं ते, पुरे वचनीयं पच्छा अवच, पच्छा वचनीयं पुरे अवच, अधिचिण्णं ते विपरावत्तं, आरोपितो ते वादो, निग्गहितो त्वमसि, चर वादप्पमोक्खाय, निब्बेठेहि वा सचे पहोसी”ति—",
"mnd9:58.4":	"समो विसेसी उद वा निहीनो यो मञ्ञति सो विवदेथ तेन। ",
"mnd9:59.1":	"<ब्>तीसु विधासु अविकम्पमानो, समो विसेसीति न तस्स होती</ब्>ति। ",
"mnd9:59.2":	"यस्सेता तिस्सो विधा पहीना समुच्छिन्ना वूपसन्ता पटिपस्सद्धा अभब्बुप्पत्तिका ञाणग्गिना दड्ढा, सो तीसु विधासु न कम्पति न विकम्पति, अविकम्पमानस्स पुग्गलस्स सदिसोहमस्मीति वा सेय्योहमस्मीति वा हीनोहमस्मीति वा। ",
"mnd9:59.3":	"<ब्>न तस्स होती</ब्>ति। ",
"mnd9:59.4":	"तीसु विधासु अविकम्पमानो, समो विसेसीति—",
"mnd9:59.5":	"न तस्स होति। ",
"mnd9:60.1":	"तेनाह भगवा—",
"mnd9:61.1":	"“समो विसेसी उद वा निहीनो, ",
"mnd9:61.2":	"यो मञ्ञति सो विवदेथ तेन; ",
"mnd9:61.3":	"तीसु विधासु अविकम्पमानो, ",
"mnd9:61.4":	"समो विसेसीति न तस्स होती”ति। ",
"mnd9:62.1":	"<ब्>सच्चन्ति सो ब्राह्मणो किं वदेय्य,</ब्> ",
"mnd9:62.2":	"<ब्>मुसाति वा सो विवदेथ केन;</ब्> ",
"mnd9:62.3":	"<ब्>यस्मिं समं विसमं वापि नत्थि,</ब्> ",
"mnd9:62.4":	"<ब्>स केन वादं पटिसंयुजेय्य।</ब्> ",
"mnd9:63.1":	"<ब्>सच्चन्ति सो ब्राह्मणो किं वदेय्या</ब्>ति। ",
"mnd9:63.2":	"<ब्>ब्राह्मणो</ब्>ति सत्तन्नं धम्मानं बाहितत्ता ब्राह्मणो …पे… असितो तादि पवुच्चते स ब्रह्मा। ",
"mnd9:63.3":	"<ब्>सच्चन्ति सो ब्राह्मणो किं वदेय्या</ब्>ति। ",
"mnd9:63.4":	"“सस्सतो लोको, इदमेव सच्चं मोघमञ्ञन्”ति ब्राह्मणो किं वदेय्य किं कथेय्य किं भणेय्य किं दीपयेय्य किं वोहरेय्य; ",
"mnd9:63.5":	"“असस्सतो लोको …पे… ",
"mnd9:63.6":	"नेव होति न न होति तथागतो परं मरणा, इदमेव सच्चं मोघमञ्ञन्”ति ब्राह्मणो किं वदेय्य किं कथेय्य किं भणेय्य किं दीपयेय्य किं वोहरेय्याति—",
"mnd9:63.7":	"सच्चन्ति सो ब्राह्मणो किं वदेय्य। ",
"mnd9:64.1":	"<ब्>मुसाति वा सो विवदेथ केना</ब्>ति। ",
"mnd9:64.2":	"ब्राह्मणो मय्हंव सच्चं, तुय्हं मुसाति केन मानेन, काय दिट्ठिया, केन वा पुग्गलेन कलहं करेय्य भण्डनं करेय्य विग्गहं करेय्य विवादं करेय्य मेधगं करेय्य—",
"mnd9:64.3":	"“न त्वं इमं धम्मविनयं आजानासि …पे… ",
"mnd9:64.4":	"निब्बेठेहि वा सचे पहोसी”ति—",
"mnd9:64.5":	"मुसाति वा सो विवदेथ केन। ",
"mnd9:65.1":	"<ब्>यस्मिं समं विसमं वापि नत्थी</ब्>ति। ",
"mnd9:65.2":	"<ब्>यस्मिन्</ब्>ति यस्मिं पुग्गले अरहन्ते खीणासवे सदिसोहमस्मीति मानो नत्थि, सेय्योहमस्मीति मानो नत्थि, हीनोहमस्मीति ओमानो नत्थि न सन्ति न संविज्जति नुपलब्भति, पहीनं समुच्छिन्नं वूपसन्तं पटिपस्सद्धं अभब्बुप्पत्तिकं ञाणग्गिना दड्ढन्ति—",
"mnd9:65.3":	"यस्मिं समं विसमं वापि नत्थि। ",
"mnd9:66.1":	"<ब्>स केन वादं पटिसंयुजेय्या</ब्>ति। ",
"mnd9:66.2":	"सो केन मानेन, काय दिट्ठिया, केन वा पुग्गलेन वादं पटिसंयोजेय्य पटिबलेय्य कलहं करेय्य भण्डनं करेय्य विग्गहं करेय्य विवादं करेय्य मेधगं करेय्य—",
"mnd9:66.3":	"“न त्वं इमं धम्मविनयं आजानासि …पे… ",
"mnd9:66.4":	"निब्बेठेहि वा सचे पहोसी”ति—",
"mnd9:66.5":	"स केन वादं पटिसंयुजेय्य। ",
"mnd9:67.1":	"तेनाह भगवा—",
"mnd9:68.1":	"“सच्चन्ति सो ब्राह्मणो किं वदेय्य, ",
"mnd9:68.2":	"मुसाति वा सो विवदेथ केन; ",
"mnd9:68.3":	"यस्मिं समं विसमं वापि नत्थि, ",
"mnd9:68.4":	"स केन वादं पटिसंयुजेय्या”ति। ",
"mnd9:69.1":	"<ब्>ओकं पहाय अनिकेतसारी,</ब्> ",
"mnd9:69.2":	"<ब्>गामे अकुब्बं मुनि सन्थवानि;</ब्> ",
"mnd9:69.3":	"<ब्>कामेहि रित्तो अपुरक्खरानो,</ब्> ",
"mnd9:69.4":	"<ब्>कथं न विग्गय्ह जनेन कयिरा।</ब्> ",
"mnd9:70.1":	"अथ खो हालिद्दकानि गहपति येनायस्मा महाकच्चानो तेनुपसङ्कमि; उपसङ्कमित्वा आयस्मन्तं महाकच्चानं अभिवादेत्वा एकमन्तं निसीदि। ",
"mnd9:70.2":	"एकमन्तं निसिन्नो खो हालिद्दकानि गहपति आयस्मन्तं महाकच्चानं एतदवोच—",
"mnd9:70.3":	"“वुत्तमिदं, भन्ते कच्चान, भगवता अट्ठकवग्गिये मागण्डियपञ्हे—",
"mnd9:71.1":	"‘ओकं पहाय अनिकेतसारी, ",
"mnd9:71.2":	"गामे अकुब्बं मुनि सन्थवानि; ",
"mnd9:71.3":	"कामेहि रित्तो अपुरक्खरानो, ",
"mnd9:71.4":	"कथं न विग्गय्ह जनेन कयिरा’ति। ",
"mnd9:72.1":	"इमस्स नु खो, भन्ते कच्चान, भगवता सङ्खित्तेन भासितस्स कथं वित्थारेन अत्थो दट्ठब्बो”ति? ",
"mnd9:73.1":	"“रूपधातु खो, गहपति, विञ्ञाणस्स ओको रूपधातुरागविनिबद्धञ्च पन विञ्ञाणं ओकसारीति वुच्चति। ",
"mnd9:73.2":	"वेदनाधातु खो, गहपति … ",
"mnd9:73.3":	"सञ्ञाधातु खो, गहपति … ",
"mnd9:73.4":	"सङ्खारधातु खो, गहपति, विञ्ञाणस्स ओको सङ्खारधातुरागविनिबन्धञ्च पन विञ्ञाणं ओकसारीति वुच्चति। ",
"mnd9:73.5":	"एवं खो, गहपति, ओकसारी होति। ",
"mnd9:74.1":	"कथञ्च, गहपति, अनोकसारी होति? ",
"mnd9:74.2":	"रूपधातुया खो, गहपति, यो छन्दो यो रागो या नन्दी या तण्हा ये उपायुपादाना चेतसो अधिट्ठानाभिनिवेसानुसया ते तथागतस्स पहीना उच्छिन्नमूला तालावत्थुकता अनभावङ्कता आयतिं अनुप्पादधम्मा; ",
"mnd9:74.3":	"तस्मा तथागतो अनोकसारीति वुच्चति। ",
"mnd9:74.4":	"वेदनाधातुया खो, गहपति … ",
"mnd9:74.5":	"सञ्ञाधातुया खो, गहपति … ",
"mnd9:74.6":	"सङ्खारधातुया खो, गहपति … ",
"mnd9:74.7":	"विञ्ञाणधातुया खो, गहपति, यो छन्दो यो रागो या नन्दी या तण्हा ये उपायुपादाना चेतसो अधिट्ठानाभिनिवेसानुसया ते तथागतस्स पहीना उच्छिन्नमूला तालावत्थुकता अनभावङ्कता आयतिं अनुप्पादधम्मा; ",
"mnd9:74.8":	"तस्मा तथागतो अनोकसारीति वुच्चति। ",
"mnd9:74.9":	"एवं खो, गहपति, अनोकसारी होति। ",
"mnd9:75.1":	"कथञ्च, गहपति, निकेतसारी होति? ",
"mnd9:75.2":	"रूपनिमित्तनिकेतविसारविनिबन्धा खो, गहपति, निकेतसारीति वुच्चति। ",
"mnd9:75.3":	"सद्दनिमित्त … ",
"mnd9:75.4":	"गन्धनिमित्त … ",
"mnd9:75.5":	"रसनिमित्त … ",
"mnd9:75.6":	"फोट्ठब्बनिमित्त … ",
"mnd9:75.7":	"धम्मनिमित्तनिकेतविसारविनिबन्धा खो, गहपति, निकेतसारीति वुच्चति। ",
"mnd9:75.8":	"एवं खो, गहपति, निकेतसारी होति। ",
"mnd9:76.1":	"कथञ्च, गहपति, अनिकेतसारी होति? ",
"mnd9:76.2":	"रूपनिमित्तनिकेतविसारविनिबन्धा खो, गहपति, तथागतस्स पहीना उच्छिन्नमूला तालावत्थुकता अनभावङ्कता आयतिं अनुप्पादधम्मा; ",
"mnd9:76.3":	"तस्मा तथागतो अनिकेतसारीति वुच्चति। ",
"mnd9:76.4":	"सद्दनिमित्त … ",
"mnd9:76.5":	"गन्धनिमित्त … ",
"mnd9:76.6":	"रसनिमित्त … ",
"mnd9:76.7":	"फोट्ठब्बनिमित्त … ",
"mnd9:76.8":	"धम्मनिमित्तनिकेतविसारविनिबन्धा खो, गहपति, तथागतस्स पहीना उच्छिन्नमूला तालावत्थुकता अनभावङ्कता आयतिं अनुप्पादधम्मा; ",
"mnd9:76.9":	"तस्मा तथागतो अनिकेतसारीति वुच्चति। ",
"mnd9:76.10":	"एवं खो, गहपति, अनिकेतसारी होति। ",
"mnd9:77.1":	"कथञ्च, गहपति, गामे सन्थवजातो होति? ",
"mnd9:77.2":	"इध, गहपति, एकच्चो भिक्खु गिहीहि संसट्ठो विहरति सहनन्दी सहसोकी, सुखितेसु सुखितो, दुक्खितेसु दुक्खितो, उप्पन्नेसु किच्चकरणीयेसु अत्तना वोयोगं आपज्जति। ",
"mnd9:77.3":	"एवं खो, गहपति, गामे सन्थवजातो होति। ",
"mnd9:78.1":	"कथञ्च, गहपति, गामे न सन्थवजातो होति? ",
"mnd9:78.2":	"इध, गहपति, एकच्चो भिक्खु गिहीहि असंसट्ठो विहरति न सहनन्दी न सहसोकी, न सुखितेसु सुखितो, न दुक्खितेसु दुक्खितो, उप्पन्नेसु किच्चकरणीयेसु न अत्तना वोयोगं आपज्जति। ",
"mnd9:78.3":	"एवं खो, गहपति, गामे न सन्थवजातो होति। ",
"mnd9:79.1":	"कथञ्च, गहपति, कामेहि अरित्तो होति? ",
"mnd9:79.2":	"इध, गहपति, एकच्चो भिक्खु कामेसु अवीतरागो होति अविगतच्छन्दो अविगतपेमो अविगतपिपासो अविगतपरिळाहो अविगततण्हो। ",
"mnd9:79.3":	"एवं खो, गहपति, कामेहि अरित्तो होति। ",
"mnd9:80.1":	"कथञ्च, गहपति, कामेहि रित्तो होति? ",
"mnd9:80.2":	"इध, गहपति, एकच्चो भिक्खु कामेसु वीतरागो होति विगतच्छन्दो विगतपेमो विगतपिपासो विगतपरिळाहो विगततण्हो। ",
"mnd9:80.3":	"एवं खो, गहपति, कामेहि रित्तो होति। ",
"mnd9:81.1":	"कथञ्च, गहपति, पुरक्खरानो होति? ",
"mnd9:81.2":	"इध, गहपति, एकच्चस्स भिक्खुनो एवं होति—",
"mnd9:81.3":	"‘एवंरूपो सियं अनागतमद्धानन्’ति … ",
"mnd9:81.4":	"‘एवंवेदनो सियं … ",
"mnd9:81.5":	"एवंसञ्ञो सियं … ",
"mnd9:81.6":	"एवंसङ्खारो सियं … ",
"mnd9:81.7":	"एवंविञ्ञाणो सियं अनागतमद्धानन्’ति … ",
"mnd9:81.8":	"एवं खो, गहपति, पुरक्खरानो होति। ",
"mnd9:82.1":	"कथञ्च, गहपति, अपुरक्खरानो होति? ",
"mnd9:82.2":	"इध, गहपति, एकच्चस्स भिक्खुनो न एवं होति—",
"mnd9:82.3":	"‘एवंरूपो सियं अनागतमद्धानन्’ति … ",
"mnd9:82.4":	"‘एवंवेदनो सियं … ",
"mnd9:82.5":	"एवंसञ्ञो सियं … ",
"mnd9:82.6":	"एवंसङ्खारो सियं … ",
"mnd9:82.7":	"एवंविञ्ञाणो सियं अनागतमद्धानन्’ति … ",
"mnd9:82.8":	"एवं खो, गहपति, अपुरक्खरानो होति। ",
"mnd9:83.1":	"कथञ्च, गहपति, कथं विग्गय्ह जनेन कत्ता होति? ",
"mnd9:83.2":	"इध, गहपति, एकच्चो एवरूपिं कथं कत्ता होति—",
"mnd9:83.3":	"‘न त्वं इमं धम्मविनयं आजानासि, अहं इमं धम्मविनयं आजानामि, किं त्वं इमं धम्मविनयं आजानिस्ससि, मिच्छापटिपन्नो त्वमसि, अहमस्मि सम्मापटिपन्नो, सहितं मे, असहितं ते, पुरे वचनीयं पच्छा अवच, पच्छा वचनीयं पुरे अवच, अधिचिण्णं ते विपरावत्तं, आरोपितो ते वादो, निग्गहितो त्वमसि, चर वादप्पमोक्खाय, निब्बेठेहि वा सचे पहोसी’ति। ",
"mnd9:83.4":	"एवं खो, गहपति, कथं विग्गय्ह जनेन कत्ता होति। ",
"mnd9:84.1":	"कथञ्च, गहपति, कथं न विग्गय्ह जनेन कत्ता होति? ",
"mnd9:84.2":	"इध, गहपति, एकच्चो न एवरूपिं कथं कत्ता होति—",
"mnd9:84.3":	"‘न त्वं इमं धम्मविनयं आजानासि …पे… ",
"mnd9:84.4":	"निब्बेठेहि वा सचे पहोसी’ति। ",
"mnd9:84.5":	"एवं खो, गहपति, न विग्गय्ह जनेन कत्ता होति। ",
"mnd9:84.6":	"इति खो, गहपति, यं तं वुत्तं भगवता अट्ठकवग्गिये मागण्डियपञ्हे—",
"mnd9:85.1":	"‘ओकं पहाय अनिकेतसारी, ",
"mnd9:85.2":	"गामे अकुब्बं मुनि सन्थवानि; ",
"mnd9:85.3":	"कामेहि रित्तो अपुरक्खरानो, ",
"mnd9:85.4":	"कथं न विग्गय्ह जनेन कयिरा’ति। ",
"mnd9:86.1":	"इमस्स खो, गहपति, भगवता सङ्खित्तेन भासितस्स एवं वित्थारेन अत्थो दट्ठब्बो”ति। ",
"mnd9:87.1":	"तेनाह भगवा—",
"mnd9:88.1":	"“ओकं पहाय अनिकेतसारी, ",
"mnd9:88.2":	"गामे अकुब्बं मुनि सन्थवानि; ",
"mnd9:88.3":	"कामेहि रित्तो अपुरक्खरानो, ",
"mnd9:88.4":	"कथं न विग्गय्ह जनेन कयिरा”ति। ",
"mnd9:89.1":	"<ब्>येहि विवित्तो विचरेय्य लोके,</ब्> ",
"mnd9:89.2":	"<ब्>न तानि उग्गय्ह वदेय्य नागो;</ब्> ",
"mnd9:89.3":	"<ब्>एलम्बुजं कण्डकवारिजं यथा,</ब्> ",
"mnd9:89.4":	"<ब्>जलेन पङ्केन चनूपलित्तं;</ब्> ",
"mnd9:89.5":	"<ब्>एवं मुनी सन्तिवादो अगिद्धो,</ब्> ",
"mnd9:89.6":	"<ब्>कामे च लोके च अनूपलित्तो।</ब्> ",
"mnd9:90.1":	"<ब्>येहि विवित्तो विचरेय्य लोके</ब्>ति। ",
"mnd9:90.2":	"<ब्>येही</ब्>ति येहि दिट्ठिगतेहि। ",
"mnd9:90.3":	"<ब्>विवित्तो</ब्>ति कायदुच्चरितेन रित्तो विवित्तो पविवित्तो, वचीदुच्चरितेन … ",
"mnd9:90.4":	"मनोदुच्चरितेन … ",
"mnd9:90.5":	"रागेन …पे… ",
"mnd9:90.6":	"सब्बाकुसलाभिसङ्खारेहि रित्तो विवित्तो पविवित्तो। ",
"mnd9:90.7":	"<ब्>विचरेय्या</ब्>ति विचरेय्य विहरेय्य इरियेय्य वत्तेय्य पालेय्य यपेय्य यापेय्य। ",
"mnd9:90.8":	"<ब्>लोके</ब्>ति मनुस्सलोकेति—",
"mnd9:90.9":	"येहि विवित्तो विचरेय्य लोके। ",
"mnd9:91.1":	"<ब्>न तानि उग्गय्ह वदेय्य नागो</ब्>ति। ",
"mnd9:91.2":	"<ब्>नागो</ब्>ति आगुं न करोतीति—",
"mnd9:91.3":	"नागो, न गच्छतीति—",
"mnd9:91.4":	"नागो, नागच्छतीति—",
"mnd9:91.5":	"नागो। ",
"mnd9:91.6":	"कथं आगुं न करोतीति—",
"mnd9:91.7":	"नागो? ",
"mnd9:91.8":	"आगू वुच्चन्ति पापका अकुसला धम्मा सङ्किलेसिका पोनोभविका सदरा दुक्खविपाका आयतिं जातिजरामरणिया। ",
"mnd9:92.1":	"आगुं न करोति किञ्चि लोके, ",
"mnd9:92.2":	"(सभियाति भगवा) ",
"mnd9:92.3":	"सब्बसञ्ञोगे विसज्ज बन्धनानि; ",
"mnd9:92.4":	"सब्बत्थ न सज्जती विमुत्तो, ",
"mnd9:92.5":	"नागो तादि पवुच्चते तथत्ता। ",
"mnd9:93.1":	"एवं आगुं न करोतीति—",
"mnd9:93.2":	"नागो। ",
"mnd9:94.1":	"कथं न गच्छतीति—",
"mnd9:94.2":	"नागो? ",
"mnd9:94.3":	"न छन्दागतिं गच्छति, न दोसागतिं गच्छति, न मोहागतिं गच्छति, न भयागतिं गच्छति, न रागवसेन गच्छति, न दोसवसेन गच्छति, न मोहवसेन गच्छति, न मानवसेन गच्छति, न दिट्ठिवसेन गच्छति, न उद्धच्चवसेन गच्छति, न विचिकिच्छावसेन गच्छति, नानुसयवसेन गच्छति, न वग्गेहि धम्मेहि यायति नीयति वुय्हति संहरीयति। ",
"mnd9:94.4":	"एवं न गच्छतीति—",
"mnd9:94.5":	"नागो। ",
"mnd9:95.1":	"कथं नागच्छतीति—",
"mnd9:95.2":	"नागो? ",
"mnd9:95.3":	"सोतापत्तिमग्गेन ये किलेसा पहीना ते किलेसे न पुनेति न पच्चेति न पच्चागच्छति। ",
"mnd9:95.4":	"सकदागामिमग्गेन … ",
"mnd9:95.5":	"अनागामिमग्गेन … ",
"mnd9:95.6":	"अरहत्तमग्गेन ये किलेसा पहीना ते किलेसे न पुनेति न पच्चेति न पच्चागच्छति। ",
"mnd9:95.7":	"एवं नागच्छतीति—",
"mnd9:95.8":	"नागो। ",
"mnd9:96.1":	"<ब्>न तानि उग्गय्ह वदेय्य नागो</ब्>ति। ",
"mnd9:96.2":	"नागो न तानि दिट्ठिगतानि गहेत्वा उग्गहेत्वा गण्हित्वा परामसित्वा अभिनिविसित्वा वदेय्य कथेय्य भणेय्य दीपयेय्य वोहरेय्य; ",
"mnd9:96.3":	"“सस्सतो लोको …पे… ",
"mnd9:96.4":	"नेव होति न न होति तथागतो परं मरणा, इदमेव सच्चं मोघमञ्ञन्”ति वदेय्य कथेय्य भणेय्य दीपयेय्य वोहरेय्याति—",
"mnd9:96.5":	"न तानि उग्गय्ह वदेय्य नागो। ",
"mnd9:97.1":	"<ब्>एलम्बुजं कण्डकवारिजं यथा, जलेन पङ्केन चनूपलित्तन्</ब्>ति। ",
"mnd9:97.2":	"एलं वुच्चति उदकं, अम्बुजं वुच्चति पदुमं, कण्डको वुच्चति खरदण्डो, वारि वुच्चति उदकं, वारिजं वुच्चति पदुमं वारिसम्भवं, जलं वुच्चति उदकं, पङ्को वुच्चति कद्दमो। ",
"mnd9:97.3":	"यथा पदुमं वारिजं वारिसम्भवं जलेन च पङ्केन च न लिम्पति न पलिम्पति न उपलिम्पति, अलित्तं असंलित्तं अनुपलित्तन्ति—",
"mnd9:97.4":	"एलम्बुजं कण्डकवारिजं यथा जलेन पङ्केन चनूपलित्तं। ",
"mnd9:98.1":	"<ब्>एवं मुनी सन्तिवादो अगिद्धो, कामे च लोके च अनूपलित्तो</ब्>ति। ",
"mnd9:98.2":	"<ब्>एवन्</ब्>ति ओपम्मसंपटिपादनं। ",
"mnd9:98.3":	"<ब्>मुनी</ब्>ति। ",
"mnd9:98.4":	"मोनं वुच्चति ञाणं …पे… सङ्गजालमतिच्च सो मुनि। ",
"mnd9:98.5":	"<ब्>सन्तिवादो</ब्>ति सन्तिवादो मुनि ताणवादो लेणवादो सरणवादो अभयवादो अच्चुतवादो अमतवादो निब्बानवादोति—",
"mnd9:98.6":	"एवं मुनि सन्तिवादो। ",
"mnd9:98.7":	"<ब्>अगिद्धो</ब्>ति। ",
"mnd9:98.8":	"<ब्>गेधो</ब्> वुच्चति तण्हा। ",
"mnd9:98.9":	"यो रागो सारागो …पे… अभिज्झा लोभो अकुसलमूलं। ",
"mnd9:98.10":	"यस्सेसो गेधो पहीनो समुच्छिन्नो वूपसन्तो पटिपस्सद्धो अभब्बुप्पत्तिको ञाणग्गिना दड्ढो सो वुच्चति अगिद्धो। ",
"mnd9:98.11":	"सो रूपे अगिद्धो, सद्दे … गन्धे … रसे … फोट्ठब्बे … कुले … गणे … आवासे … लाभे … यसे … पसंसाय … सुखे … चीवरे … पिण्डपाते … सेनासने … गिलानपच्चयभेसज्जपरिक्खारे … कामधातुया … रूपधातुया … अरूपधातुया … कामभवे … रूपभवे … अरूपभवे … सञ्ञाभवे … असञ्ञाभवे … नेवसञ्ञानासञ्ञाभवे … एकवोकारभवे … चतुवोकारभवे … पञ्चवोकारभवे … अतीते … अनागते … पच्चुप्पन्ने … दिट्ठसुतमुतविञ्ञातब्बेसु धम्मेसु अगिद्धो अगधितो अमुच्छितो अनज्झोसन्नो, वीतगेधो विगतगेधो चत्तगेधो वन्तगेधो मुत्तगेधो पहीनगेधो पटिनिस्सट्ठगेधो, वीतरागो विगतरागो चत्तरागो वन्तरागो मुत्तरागो पहीनरागो पटिनिस्सट्ठरागो, निच्छातो निब्बुतो सीतिभूतो सुखप्पटिसंवेदी ब्रह्मभूतेन अत्तना विहरतीति—",
"mnd9:98.12":	"एवं मुनि सन्तिवादो अगिद्धो। ",
"mnd9:99.1":	"<ब्>कामे च लोके च अनूपलित्तो</ब्>ति। ",
"mnd9:99.2":	"<ब्>कामा</ब्>ति उदानतो द्वे कामा—",
"mnd9:99.3":	"वत्थुकामा च किलेसकामा च …पे… ",
"mnd9:99.4":	"इमे वुच्चन्ति वत्थुकामा …पे… ",
"mnd9:99.5":	"इमे वुच्चन्ति किलेसकामा। ",
"mnd9:99.6":	"<ब्>लोके</ब्>ति अपायलोके मनुस्सलोके देवलोके खन्धलोके धातुलोके आयतनलोके। ",
"mnd9:99.7":	"<ब्>लेपा</ब्>ति द्वे लेपा—",
"mnd9:99.8":	"तण्हालेपो च दिट्ठिलेपो च …पे… ",
"mnd9:99.9":	"अयं तण्हालेपो …पे… ",
"mnd9:99.10":	"अयं दिट्ठिलेपो। ",
"mnd9:99.11":	"मुनि तण्हालेपं पहाय दिट्ठिलेपं पटिनिस्सज्जित्वा कामे च लोके च न लिम्पति न पलिम्पति न उपलिम्पति, अलित्तो अपलित्तो अनुपलित्तो निक्खन्तो निस्सटो विप्पमुत्तो विसञ्ञुत्तो विमरियादिकतेन चेतसा विहरतीति—",
"mnd9:99.12":	"एवं मुनी सन्तिवादो अगिद्धो, कामे च लोके च अनूपलित्तो। ",
"mnd9:100.1":	"तेनाह भगवा—",
"mnd9:101.1":	"“येहि विवित्तो विचरेय्य लोके, ",
"mnd9:101.2":	"न तानि उग्गय्ह वदेय्य नागो; ",
"mnd9:101.3":	"एलम्बुजं कण्डकवारिजं यथा, ",
"mnd9:101.4":	"जलेन पङ्केन चनूपलित्तं; ",
"mnd9:101.5":	"एवं मुनी सन्तिवादो अगिद्धो, ",
"mnd9:101.6":	"कामे च लोके च अनूपलित्तो”ति। ",
"mnd9:102.1":	"<ब्>न वेदगू दिट्ठियायको न मुतिया,</ब्> ",
"mnd9:102.2":	"<ब्>स मानमेति न हि तम्मयो सो;</ब्> ",
"mnd9:102.3":	"<ब्>न कम्मुना नोपि सुतेन नेय्यो,</ब्> ",
"mnd9:102.4":	"<ब्>अनूपनीतो स निवेसनेसु।</ब्> ",
"mnd9:103.1":	"<ब्>न वेदगू दिट्ठियायको न मुतिया, स मानमेती</ब्>ति। ",
"mnd9:103.2":	"<ब्>ना</ब्>ति पटिक्खेपो। ",
"mnd9:103.3":	"<ब्>वेदगू</ब्>ति। ",
"mnd9:103.4":	"वेदो वुच्चति चतूसु मग्गेसु ञाणं, पञ्ञा पञ्ञिन्द्रियं पञ्ञाबलं धम्मविचयसम्बोज्झङ्गो वीमंसा विपस्सना सम्मादिट्ठि। ",
"mnd9:103.5":	"तेहि वेदेहि जातिजरामरणस्स अन्तगतो अन्तप्पत्तो, कोटिगतो कोटिप्पत्तो, परियन्तगतो परियन्तप्पत्तो, वोसानगतो वोसानप्पत्तो, ताणगतो ताणप्पत्तो, लेणगतो लेणप्पत्तो, सरणगतो सरणप्पत्तो, अभयगतो अभयप्पत्तो, अच्चुतगतो अच्चुतप्पत्तो, अमतगतो अमतप्पत्तो, निब्बानगतो निब्बानप्पत्तो, वेदानं वा अन्तं गतोति वेदगू, वेदेहि वा अन्तं गतोति वेदगू, सत्तन्नं वा धम्मानं विदितत्ता वेदगू, सक्कायदिट्ठि विदिता होति, विचिकिच्छा विदिता होति, सीलब्बतपरामासो विदितो होति, रागो विदितो होति, दोसो विदितो होति, मोहो विदितो होति, मानो विदितो होति, विदितास्स होन्ति पापका अकुसला धम्मा सङ्किलेसिका पोनोभविका सदरा दुक्खविपाका आयतिं जातिजरामरणिया। ",
"mnd9:104.1":	"वेदानि विचेय्य केवलानि, ",
"mnd9:104.2":	"(सभियाति भगवा) ",
"mnd9:104.3":	"समणानं यानीधत्थि ब्राह्मणानं; ",
"mnd9:104.4":	"सब्बवेदनासु वीतरागो, ",
"mnd9:104.5":	"सब्बं वेदमतिच्च वेदगू सोति। ",
"mnd9:105.1":	"<ब्>न दिट्ठिया</ब्>ति तस्स द्वासट्ठि दिट्ठिगतानि पहीनानि समुच्छिन्नानि वूपसन्तानि पटिपस्सद्धानि अभब्बुप्पत्तिकानि ञाणग्गिना दड्ढानि। ",
"mnd9:105.2":	"सो दिट्ठिया न यायति न नीयति न वुय्हति न संहरीयति, नपि तं दिट्ठिगतं सारतो पच्चेति न पच्चागच्छतीति—",
"mnd9:105.3":	"न वेदगू दिट्ठिया। ",
"mnd9:105.4":	"<ब्>न मुतिया</ब्>ति मुतरूपेन वा परतो घोसेन वा महाजनसम्मुतिया वा मानं नेति न उपेति न उपगच्छति न गण्हाति न परामसति नाभिनिविसतीति—",
"mnd9:105.5":	"न वेदगू दिट्ठियायको न मुतिया स मानमेति। ",
"mnd9:106.1":	"<ब्>न हि तम्मयो सो</ब्>ति न तण्हावसेन दिट्ठिवसेन तम्मयो होति तप्परमो तप्परायणो। ",
"mnd9:106.2":	"यतो तण्हा च दिट्ठि च मानो चस्स पहीना होन्ति उच्छिन्नमूला तालावत्थुकता अनभावङ्कता आयतिं अनुप्पादधम्मा एत्तावता न तम्मयो होति न तप्परमो न तप्परायणोति—",
"mnd9:106.3":	"स मानमेति न हि तम्मयो सो। ",
"mnd9:107.1":	"<ब्>न कम्मुना नोपि सुतेन नेय्यो</ब्>ति। ",
"mnd9:107.2":	"<ब्>न कम्मुना</ब्>ति पुञ्ञाभिसङ्खारेन वा अपुञ्ञाभिसङ्खारेन वा आनेञ्जाभिसङ्खारेन वा न यायति न नीयति न वुय्हति न संहरीयतीति—",
"mnd9:107.3":	"न कम्मुना। ",
"mnd9:107.4":	"<ब्>नोपि सुतेन नेय्यो</ब्>ति सुतसुद्धिया वा परतो घोसेन वा महाजनसम्मुतिया वा न यायति न नीयति न वुय्हति न संहरीयतीति—",
"mnd9:107.5":	"न कम्मुना नोपि सुतेन नेय्यो। ",
"mnd9:108.1":	"<ब्>अनूपनीतो स निवेसनेसू</ब्>ति। ",
"mnd9:108.2":	"<ब्>उपया</ब्>ति द्वे उपया—",
"mnd9:108.3":	"तण्हूपयो च दिट्ठूपयो च …पे… ",
"mnd9:108.4":	"अयं तण्हूपयो …पे… ",
"mnd9:108.5":	"अयं दिट्ठूपयो। ",
"mnd9:108.6":	"तस्स तण्हूपयो पहीनो, दिट्ठूपयो पटिनिस्सट्ठो। ",
"mnd9:108.7":	"तण्हूपयस्स पहीनत्ता, दिट्ठूपयस्स पटिनिस्सट्ठत्ता सो निवेसनेसु अनूपनीतो अनुपलित्तो अनुपगतो अनज्झोसितो अनधिमुत्तो निक्खन्तो निस्सटो विप्पमुत्तो विसञ्ञुत्तो विमरियादिकतेन चेतसा विहरतीति—",
"mnd9:108.8":	"अनूपनीतो स निवेसनेसु। ",
"mnd9:109.1":	"तेनाह भगवा—",
"mnd9:110.1":	"“न वेदगू दिट्ठियायको न मुतिया, ",
"mnd9:110.2":	"स मानमेति न हि तम्मयो सो; ",
"mnd9:110.3":	"न कम्मुना नोपि सुतेन नेय्यो, ",
"mnd9:110.4":	"अनूपनीतो स निवेसनेसू”ति। ",
"mnd9:111.1":	"<ब्>सञ्ञाविरत्तस्स न सन्ति गन्था,</ब्> ",
"mnd9:111.2":	"<ब्>पञ्ञाविमुत्तस्स न सन्ति मोहा;</ब्> ",
"mnd9:111.3":	"<ब्>सञ्ञञ्च दिट्ठिञ्च ये अग्गहेसुं,</ब्> ",
"mnd9:111.4":	"<ब्>ते घट्टयन्ता विचरन्ति लोके।</ब्> ",
"mnd9:112.1":	"<ब्>सञ्ञाविरत्तस्स न सन्ति गन्था</ब्>ति। ",
"mnd9:112.2":	"यो समथपुब्बङ्गमं अरियमग्गं भावेति तस्स आदितो उपादाय गन्था विक्खम्भिता होन्ति, अरहत्ते पत्ते अरहतो गन्था च मोहा च नीवरणा च कामसञ्ञा ब्यापादसञ्ञा विहिंसासञ्ञा दिट्ठिसञ्ञा च पहीना होन्ति उच्छिन्नमूला तालावत्थुकता अनभावङ्कता आयतिं अनुप्पादधम्माति—",
"mnd9:112.3":	"सञ्ञाविरत्तस्स न सन्ति गन्था। ",
"mnd9:113.1":	"<ब्>पञ्ञाविमुत्तस्स न सन्ति मोहा</ब्>ति। ",
"mnd9:113.2":	"यो विपस्सनापुब्बङ्गमं अरियमग्गं भावेति, तस्स आदितो उपादाय मोहा विक्खम्भिता होन्ति, अरहत्ते पत्ते अरहतो मोहा च गन्था च नीवरणा च कामसञ्ञा ब्यापादसञ्ञा विहिंसासञ्ञा दिट्ठिसञ्ञा च पहीना होन्ति उच्छिन्नमूला तालावत्थुकता अनभावङ्कता आयतिं अनुप्पादधम्माति—",
"mnd9:113.3":	"पञ्ञाविमुत्तस्स न सन्ति मोहा। ",
"mnd9:114.1":	"<ब्>सञ्ञञ्च दिट्ठिञ्च ये अग्गहेसुं, ते घट्टयन्ता विचरन्ति लोके</ब्>ति। ",
"mnd9:114.2":	"ये सञ्ञं गण्हन्ति कामसञ्ञं ब्यापादसञ्ञं विहिंसासञ्ञं ते सञ्ञावसेन घट्टेन्ति सङ्घट्टेन्ति। ",
"mnd9:114.3":	"राजानोपि राजूहि विवदन्ति, खत्तियापि खत्तियेहि विवदन्ति, ब्राह्मणापि ब्राह्मणेहि विवदन्ति, गहपतीपि गहपतीहि विवदन्ति, मातापि पुत्तेन विवदति, पुत्तोपि मातरा विवदति, पितापि पुत्तेन विवदति, पुत्तोपि पितरा विवदति, भातापि भातरा विवदति, भगिनीपि भगिनिया विवदति, भातापि भगिनिया विवदति, भगिनीपि भातरा विवदति, सहायोपि सहायेन विवदति। ",
"mnd9:114.4":	"ते तत्थ कलहविग्गहविवादमापन्ना अञ्ञमञ्ञं पाणीहिपि उपक्कमन्ति, लेड्डूहिपि उपक्कमन्ति, दण्डेहिपि उपक्कमन्ति, सत्थेहिपि उपक्कमन्ति। ",
"mnd9:114.5":	"ते तत्थ मरणम्पि निगच्छन्ति मरणमत्तम्पि दुक्खं। ",
"mnd9:114.6":	"ये दिट्ठिं गण्हन्ति “सस्सतो लोको”ति वा …पे… ",
"mnd9:114.7":	"“नेव होति न न होति तथागतो परं मरणा”ति वा ते दिट्ठिवसेन घट्टेन्ति सङ्घट्टेन्ति, सत्थारतो सत्थारं घट्टेन्ति, धम्मक्खानतो धम्मक्खानं घट्टेन्ति, गणतो गणं घट्टेन्ति, दिट्ठिया दिट्ठिं घट्टेन्ति, पटिपदाय पटिपदं घट्टेन्ति, मग्गतो मग्गं घट्टेन्ति। ",
"mnd9:115.1":	"अथ वा ते विवदन्ति, कलहं करोन्ति, भण्डनं करोन्ति, विग्गहं करोन्ति, विवादं करोन्ति, मेधगं करोन्ति—",
"mnd9:115.2":	"“न त्वं इमं धम्मविनयं आजानासि …पे… ",
"mnd9:115.3":	"निब्बेठेहि वा सचे पहोसी”ति। ",
"mnd9:115.4":	"तेसं अभिसङ्खारा अप्पहीना; ",
"mnd9:115.5":	"अभिसङ्खारानं अप्पहीनत्ता गतिया घट्टेन्ति, निरये घट्टेन्ति, तिरच्छानयोनिया घट्टेन्ति, पेत्तिविसये घट्टेन्ति, मनुस्सलोके घट्टेन्ति, देवलोके घट्टेन्ति, गतिया गतिं … उपपत्तिया उपपत्तिं … पटिसन्धिया पटिसन्धिं … भवेन भवं … संसारेन संसारं … वट्टेन वट्टं घट्टेन्ति सङ्घट्टेन्ति वदन्ति विचरन्ति विहरन्ति इरियन्ति वत्तेन्ति पालेन्ति यपेन्ति यापेन्ति। ",
"mnd9:115.6":	"<ब्>लोके</ब्>ति अपायलोके …पे… आयतनलोकेति—",
"mnd9:115.7":	"सञ्ञञ्च दिट्ठिञ्च ये अग्गहेसुं ते घट्टयन्ता विचरन्ति लोके। ",
"mnd9:116.1":	"तेनाह भगवा—",
"mnd9:117.1":	"“सञ्ञाविरत्तस्स न सन्ति गन्था, ",
"mnd9:117.2":	"पञ्ञाविमुत्तस्स न सन्ति मोहा; ",
"mnd9:117.3":	"सञ्ञञ्च दिट्ठिञ्च ये अग्गहेसुं, ",
"mnd9:117.4":	"ते घट्टयन्ता विचरन्ति लोके”ति। ",
"mnd9:118.1":	"मागण्डियसुत्तनिद्देसो नवमो। "
}	
