{	
"ne14:0.1":	"नेत्ति ",
"ne14:0.2":	"पटिनिद्देसवार ",
"ne14:0.3":	"विभङ्ग ११ ",
"ne14:0.4":	"पञ्ञत्तिहारविभङ्ग ",
"ne14:1.1":	"तत्थ कतमो पञ्ञत्तिहारो? ",
"ne14:1.2":	"“एकं भगवा धम्मं पञ्ञत्तीहि विविधाहि देसेती”ति। ",
"ne14:2.1":	"या पकतिकथाय देसना। ",
"ne14:2.2":	"अयं निक्खेपपञ्ञत्ति। ",
"ne14:2.3":	"का च पकतिकथाय देसना, चत्तारि सच्चानि। ",
"ne14:2.4":	"यथा भगवा आह—",
"ne14:2.5":	"“इदं दुक्खन्”ति अयं पञ्ञत्ति पञ्चन्नं खन्धानं छन्नं धातूनं अट्ठारसन्नं धातूनं द्वादसन्नं आयतनानं दसन्नं इन्द्रियानं निक्खेपपञ्ञत्ति। ",
"ne14:3.1":	"कबळीकारे चे, भिक्खवे, आहारे अत्थि रागो अत्थि नन्दी अत्थि तण्हा, पतिट्ठितं तत्थ विञ्ञाणं विरूळ्हं। ",
"ne14:3.2":	"यत्थ पतिट्ठितं विञ्ञाणं विरूळ्हं, अत्थि तत्थ नामरूपस्स अवक्कन्ति। ",
"ne14:3.3":	"यत्थ अत्थि नामरूपस्स अवक्कन्ति, अत्थि तत्थ सङ्खारानं वुद्धि। ",
"ne14:3.4":	"यत्थ अत्थि सङ्खारानं वुद्धि, अत्थि तत्थ आयतिं पुनब्भवाभिनिब्बत्ति। ",
"ne14:3.5":	"यत्थ अत्थि आयतिं पुनब्भवाभिनिब्बत्ति, अत्थि तत्थ आयतिं जातिजरामरणं। ",
"ne14:3.6":	"यत्थ अत्थि आयतिं जातिजरामरणं, ससोकं तं, भिक्खवे, सदरं सौपायासन्ति वदामि। ",
"ne14:4.1":	"फस्से चे …पे… ",
"ne14:4.2":	"मनोसञ्चेतनाय चे, भिक्खवे, आहारे। ",
"ne14:4.3":	"विञ्ञाणे चे, भिक्खवे, आहारे अत्थि रागो अत्थि नन्दी अत्थि तण्हा, पतिट्ठितं तत्थ विञ्ञाणं विरूळ्हं। ",
"ne14:4.4":	"यत्थ पतिट्ठितं विञ्ञाणं विरूळ्हं, अत्थि तत्थ नामरूपस्स अवक्कन्ति। ",
"ne14:4.5":	"यत्थ अत्थि नामरूपस्स अवक्कन्ति, अत्थि तत्थ सङ्खारानं वुद्धि। ",
"ne14:4.6":	"यत्थ अत्थि सङ्खारानं वुद्धि, अत्थि तत्थ आयतिं पुनब्भवाभिनिब्बत्ति। ",
"ne14:4.7":	"यत्थ अत्थि आयतिं पुनब्भवाभिनिब्बत्ति, अत्थि तत्थ आयतिं जातिजरामरणं। ",
"ne14:4.8":	"यत्थ अत्थि आयतिं जातिजरामरणं, ससोकं तं, भिक्खवे, सदरं सौपायासन्ति वदामि। ",
"ne14:4.9":	"अयं पभवपञ्ञत्ति दुक्खस्स च समुदयस्स च। ",
"ne14:5.1":	"कबळीकारे चे, भिक्खवे, आहारे नत्थि रागो नत्थि नन्दी नत्थि तण्हा, अप्पतिट्ठितं तत्थ विञ्ञाणं अविरूळ्हं। ",
"ne14:5.2":	"यत्थ अप्पतिट्ठितं विञ्ञाणं अविरूळ्हं, नत्थि तत्थ नामरूपस्स अवक्कन्ति। ",
"ne14:5.3":	"यत्थ नत्थि नामरूपस्स अवक्कन्ति, नत्थि तत्थ सङ्खारानं वुद्धि। ",
"ne14:5.4":	"यत्थ नत्थि सङ्खारानं वुद्धि, नत्थि तत्थ आयतिं पुनब्भवाभिनिब्बत्ति। ",
"ne14:5.5":	"यत्थ नत्थि आयतिं पुनब्भवाभिनिब्बत्ति, नत्थि तत्थ आयतिं जातिजरामरणं। ",
"ne14:5.6":	"यत्थ नत्थि आयतिं जातिजरामरणं, असोकं तं, भिक्खवे, अदरं अनुपायासन्ति वदामि। ",
"ne14:6.1":	"फस्से चे …पे… ",
"ne14:6.2":	"मनोसञ्चेतनाय चे, भिक्खवे, आहारे। ",
"ne14:6.3":	"विञ्ञाणे चे, भिक्खवे, आहारे नत्थि रागो नत्थि नन्दी नत्थि तण्हा, अप्पतिट्ठितं तत्थ विञ्ञाणं अविरूळ्हं। ",
"ne14:6.4":	"यत्थ अप्पतिट्ठितं विञ्ञाणं अविरूळ्हं, नत्थि तत्थ नामरूपस्स अवक्कन्ति। ",
"ne14:6.5":	"यत्थ नत्थि नामरूपस्स अवक्कन्ति, नत्थि तत्थ सङ्खारानं वुद्धि। ",
"ne14:6.6":	"यत्थ नत्थि सङ्खारानं वुद्धि, नत्थि तत्थ आयतिं पुनब्भवाभिनिब्बत्ति। ",
"ne14:6.7":	"यत्थ नत्थि आयतिं पुनब्भवाभिनिब्बत्ति, नत्थि तत्थ आयतिं जातिजरामरणं। ",
"ne14:6.8":	"यत्थ नत्थि आयतिं जातिजरामरणं, असोकं तं, भिक्खवे, अदरं अनुपायासन्ति वदामि। ",
"ne14:7.1":	"अयं परिञ्ञापञ्ञत्ति दुक्खस्स, पहानपञ्ञत्ति समुदयस्स, भावनापञ्ञत्ति मग्गस्स, सच्छिकिरियापञ्ञत्ति निरोधस्स। ",
"ne14:8.1":	"समाधिं, भिक्खवे, भावेथ। ",
"ne14:8.2":	"अप्पमत्तो निपको सतो, समाहितो, भिक्खवे, भिक्खु यथाभूतं पजानाति। ",
"ne14:8.3":	"किञ्च यथाभूतं पजानाति? ",
"ne14:8.4":	"“चक्खु अनिच्चन्”ति यथाभूतं पजानाति। ",
"ne14:8.5":	"“रूपा अनिच्चा”ति यथाभूतं पजानाति “चक्खुविञ्ञाणं अनिच्चन्”ति यथाभूतं पजानाति। ",
"ne14:8.6":	"“चक्खुसम्फस्सो अनिच्चो”ति यथाभूतं पजानाति। ",
"ne14:8.7":	"यम्पिदं चक्खुसम्फस्सपच्चया उप्पज्जति वेदयितं सुखं वा दुक्खं वा अदुक्खमसुखं वा, तम्पि अनिच्चन्ति यथाभूतं पजानाति। ",
"ne14:9.1":	"सोतं …पे… ",
"ne14:9.2":	"घानं … ",
"ne14:9.3":	"जिव्हा … ",
"ne14:9.4":	"कायो … ",
"ne14:9.5":	"“मनो अनिच्चो”ति यथाभूतं पजानाति। ",
"ne14:9.6":	"“धम्मा अनिच्चा”ति यथाभूतं पजानाति। ",
"ne14:9.7":	"“मनोविञ्ञाणं अनिच्चन्”ति यथाभूतं पजानाति। ",
"ne14:9.8":	"“मनोसम्फस्सो अनिच्चो”ति यथाभूतं पजानाति। ",
"ne14:9.9":	"यम्पिदं मनोसम्फस्सपच्चया उप्पज्जति वेदयितं सुखं वा दुक्खं वा अदुक्खमसुखं वा, तम्पि अनिच्चन्ति यथाभूतं पजानाति। ",
"ne14:10.1":	"अयं भावनापञ्ञत्ति मग्गस्स, परिञ्ञापञ्ञत्ति दुक्खस्स, पहानपञ्ञत्ति समुदयस्स, सच्छिकिरियापञ्ञत्ति निरोधस्स। ",
"ne14:11.1":	"रूपं, राध, विकिरथ विधमथ विद्धंसेथ विकीळनियं करोथ, पञ्ञाय तण्हक्खयाय पटिपज्जथ। ",
"ne14:11.2":	"तण्हक्खया दुक्खक्खयो, दुक्खक्खया निब्बानं। ",
"ne14:11.3":	"वेदनं …पे… ",
"ne14:11.4":	"सञ्ञं … ",
"ne14:11.5":	"सङ्खारे विञ्ञाणं विकिरथ विधमथ विद्धंसेथ विकीळनियं करोथ, पञ्ञाय तण्हक्खयाय पटिपज्जथ। ",
"ne14:11.6":	"तण्हक्खया दुक्खक्खयो, दुक्खक्खया निब्बानं। ",
"ne14:12.1":	"अयं निरोधपञ्ञत्ति निरोधस्स, निब्बिदापञ्ञत्ति अस्सादस्स, परिञ्ञापञ्ञत्ति दुक्खस्स, पहानपञ्ञत्ति समुदयस्स, भावनापञ्ञत्ति मग्गस्स, सच्छिकिरियापञ्ञत्ति निरोधस्स। ",
"ne14:13.1":	"“सो इदं दुक्खन्”ति यथाभूतं पजानाति, “अयं दुक्खसमुदयो”ति यथाभूतं पजानाति, “अयं दुक्खनिरोधो”ति यथाभूतं पजानाति “अयं दुक्खनिरोधगामिनी पटिपदा”ति यथाभूतं पजानाति। ",
"ne14:14.1":	"अयं पटिवेधपञ्ञत्ति सच्चानं, निक्खेपपञ्ञत्ति दस्सनभूमिया, भावनापञ्ञत्ति मग्गस्स, सच्छिकिरियापञ्ञत्ति सोतापत्तिफलस्स। ",
"ne14:14.2":	"“सो इमे आसवा”ति यथाभूतं पजानाति, “अयं आसवसमुदयो”ति यथाभूतं पजानाति, “अयं आसवनिरोधो”ति यथाभूतं पजानाति। ",
"ne14:14.3":	"“अयं आसवनिरोधगामिनी पटिपदा”ति यथाभूतं पजानाति। ",
"ne14:14.4":	"“इमे आसवा असेसं निरुज्झन्ती”ति यथाभूतं पजानाति। ",
"ne14:15.1":	"अयं उप्पादपञ्ञत्ति खये ञाणस्स, ओकासपञ्ञत्ति अनुप्पादे ञाणस्स, भावनापञ्ञत्ति मग्गस्स, परिञ्ञापञ्ञत्ति दुक्खस्स, पहानपञ्ञत्ति समुदयस्स, आरम्भपञ्ञत्ति वीरियिन्द्रियस्स, आहटनापञ्ञत्ति आसाटिकानं, निक्खेपपञ्ञत्ति भावनाभूमिया, अभिनिघातपञ्ञत्ति पापकानं अकुसलानं धम्मानं। ",
"ne14:16.1":	"इदं “दुक्खन्”ति मे, भिक्खवे, पुब्बे अननुस्सुतेसु धम्मेसु चक्खुं उदपादि, ञाणं उदपादि, पञ्ञा उदपादि, विज्जा उदपादि, आलोको उदपादि। ",
"ne14:16.2":	"अयं “दुक्खसमुदयो”ति मे, भिक्खवे …पे… ",
"ne14:16.3":	"अयं “दुक्खनिरोधो”ति मे, भिक्खवे …। ",
"ne14:16.4":	"अयं “दुक्खनिरोधगामिनी पटिपदा”ति मे, भिक्खवे, पुब्बे अननुस्सुतेसु धम्मेसु चक्खुं उदपादि, ञाणं उदपादि, पञ्ञा उदपादि, विज्जा उदपादि, आलोको उदपादि। ",
"ne14:17.1":	"अयं देसनापञ्ञत्ति सच्चानं, निक्खेपपञ्ञत्ति सुतमयिया पञ्ञाय सच्छिकिरियापञ्ञत्ति अनञ्ञातञ्ञस्सामीतिन्द्रियस्स, पवत्तनापञ्ञत्ति धम्मचक्कस्स। ",
"ne14:18.1":	"“तं खो पनिदं दुक्खं परिञ्ञेय्यन्”ति मे, भिक्खवे, पुब्बे अननुस्सुतेसु धम्मेसु चक्खुं उदपादि, ञाणं उदपादि, पञ्ञा उदपादि, विज्जा उदपादि, आलोको उदपादि। ",
"ne14:18.2":	"“सो खो पनायं दुक्खसमुदयो पहातब्बो”ति मे, भिक्खवे …पे… ",
"ne14:18.3":	"“सो खो पनायं दुक्खनिरोधो सच्छिकातब्बो”ति मे, भिक्खवे …पे… ",
"ne14:18.4":	"“सा खो पनायं दुक्खनिरोधगामिनी पटिपदा भावेतब्बा”ति मे, भिक्खवे पुब्बे अननुस्सुतेसु धम्मेसु चक्खुं उदपादि, ञाणं उदपादि, पञ्ञा उदपादि, विज्जा उदपादि, आलोको उदपादि। ",
"ne14:19.1":	"अयं भावनापञ्ञत्ति मग्गस्स, निक्खेपपञ्ञत्ति चिन्तामयिया पञ्ञाय, सच्छिकिरियापञ्ञत्ति अञ्ञिन्द्रियस्स। ",
"ne14:20.1":	"“तं खो पनिदं दुक्खं परिञ्ञातन्”ति मे, भिक्खवे, पुब्बे अननुस्सुतेसु धम्मेसु चक्खुं उदपादि, ञाणं उदपादि, पञ्ञा उदपादि, विज्जा उदपादि, आलोको उदपादि। ",
"ne14:20.2":	"“सो खो पनायं दुक्खसमुदयो पहीनो”ति मे, भिक्खवे …पे… ",
"ne14:20.3":	"सो खो पनायं दुक्खनिरोधो सच्छिकतो”ति मे, भिक्खवे …पे… ",
"ne14:20.4":	"“सा खो पनायं दुक्खनिरोधगामिनी पटिपदा भाविता”ति मे, भिक्खवे, पुब्बे अननुस्सुतेसु धम्मेसु चक्खुं उदपादि, ञाणं उदपादि, पञ्ञा उदपादि, विज्जा उदपादि, आलोको उदपादि। ",
"ne14:21.1":	"अयं भावनापञ्ञत्ति मग्गस्स, निक्खेपपञ्ञत्ति भावनामयिया पञ्ञाय, सच्छिकिरियापञ्ञत्ति अञ्ञाताविनो इन्द्रियस्स, पवत्तनापञ्ञत्ति धम्मचक्कस्स। ",
"ne14:22.1":	"“तुलमतुलञ्च सम्भवं, ",
"ne14:22.2":	"भवसङ्खारमवस्सजि मुनि; ",
"ne14:22.3":	"अज्झत्तरतो समाहितो, ",
"ne14:22.4":	"अभिन्दि कवचमिवत्तसम्भवन्”ति। ",
"ne14:23.1":	"“तुलन्”ति सङ्खारधातु। ",
"ne14:23.2":	"“अतुलन्”ति निब्बानधातु, “तुलमतुलञ्च सम्भवन्”ति अभिञ्ञापञ्ञत्ति सब्बधम्मानं। ",
"ne14:23.3":	"निक्खेपपञ्ञत्ति धम्मपटिसम्भिदाय। ",
"ne14:23.4":	"“भवसङ्खारमवस्सजि मुनी”ति परिच्चागपञ्ञत्ति समुदयस्स। ",
"ne14:23.5":	"परिञ्ञापञ्ञत्ति दुक्खस्स। ",
"ne14:23.6":	"“अज्झत्तरतो समाहितो”ति भावनापञ्ञत्ति कायगताय सतिया। ",
"ne14:23.7":	"ठितिपञ्ञत्ति चित्तेकग्गताय। ",
"ne14:23.8":	"“अभिन्दि कवचमिवत्तसम्भवन्”ति अभिनिब्बिदापञ्ञत्ति चित्तस्स, उपादानपञ्ञत्ति सब्बञ्ञुताय, पदालनापञ्ञत्ति अविज्जण्डकोसानं। ",
"ne14:23.9":	"तेनाह भगवा “तुलमतुलञ्च सम्भवन्”ति। ",
"ne14:24.1":	"“यो दुक्खमद्दक्खि यतोनिदानं, ",
"ne14:24.2":	"कामेसु सो जन्तु कथं नमेय्य; ",
"ne14:24.3":	"कामा हि लोके सङ्गोति ञत्वा, ",
"ne14:24.4":	"तेसं सतीमा विनयाय सिक्खे”ति। ",
"ne14:25.1":	"<ब्>“यो दुक्खन्”</ब्>ति वेवचनपञ्ञत्ति च दुक्खस्स परिञ्ञापञ्ञत्ति च। ",
"ne14:25.2":	"<ब्>“यतोनिदानन्”</ब्>ति पभवपञ्ञत्ति च समुदयस्स पहानपञ्ञत्ति च। ",
"ne14:25.3":	"<ब्>“अद्दक्खी”</ब्>ति वेवचनपञ्ञत्ति च ञाणचक्खुस्स पटिवेधपञ्ञत्ति च। ",
"ne14:25.4":	"<ब्>“कामेसु सो जन्तु कथं नमेय्या”</ब्>ति वेवचनपञ्ञत्ति च कामतण्हाय अभिनिवेसपञ्ञत्ति च। ",
"ne14:25.5":	"<ब्>“कामा हि लोके सङ्गोति ञत्वा”</ब्>ति पच्चत्थिकतो दस्सनपञ्ञत्ति कामानं। ",
"ne14:25.6":	"कामा हि अङ्गारकासूपमा मंसपेसूपमा पावककप्पा पपातौरगोपमा च। ",
"ne14:25.7":	"<ब्>“तेसं सतीमा”</ब्>ति अपचयपञ्ञत्ति पहानाय, निक्खेपपञ्ञत्ति कायगताय सतिया, भावनापञ्ञत्ति मग्गस्स। ",
"ne14:25.8":	"<ब्>“विनयाय सिक्खे”</ब्>ति पटिवेधपञ्ञत्ति रागविनयस्स दोसविनयस्स मोहविनयस्स। ",
"ne14:25.9":	"<ब्>“जन्तू”</ब्>ति वेवचनपञ्ञत्ति योगिस्स। ",
"ne14:25.10":	"यदा हि योगी कामा सङ्गोति पजानाति। ",
"ne14:25.11":	"सो कामानं अनुप्पादाय कुसले धम्मे उप्पादयति, सो अनुप्पन्नानं कुसलानं धम्मानं उप्पादाय वायमति। ",
"ne14:25.12":	"अयं वायामपञ्ञत्ति अप्पत्तस्स पत्तिया। ",
"ne14:25.13":	"निक्खेपपञ्ञत्ति ओरमत्तिकाय असन्तुट्ठिया। ",
"ne14:25.14":	"तत्थ सो उप्पन्नानं कुसलानं धम्मानं ठितिया वायमतीति अयं अप्पमादपञ्ञत्ति भावनाय, निक्खेपपञ्ञत्ति वीरियिन्द्रियस्स, आरक्खपञ्ञत्ति कुसलानं धम्मानं, ठितिपञ्ञत्ति अधिचित्तसिक्खाय। ",
"ne14:25.15":	"तेनाह भगवा “यो दुक्खमद्दक्खि यतोनिदानन्”ति। ",
"ne14:26.1":	"“मोहसम्बन्धनो लोको, ",
"ne14:26.2":	"भब्बरूपोव दिस्सति; ",
"ne14:26.3":	"उपधिबन्धनो बालो, ",
"ne14:26.4":	"तमसा परिवारितो; ",
"ne14:26.5":	"अस्सिरी विय खायति, ",
"ne14:26.6":	"पस्सतो नत्थि किञ्चनन्”ति। ",
"ne14:27.1":	"<ब्>“मोहसम्बन्धनो लोको”</ब्>ति देसनापञ्ञत्ति विपल्लासानं। ",
"ne14:27.2":	"<ब्>“भब्बरूपोव दिस्सती”</ब्>ति विपरीतपञ्ञत्ति लोकस्स। ",
"ne14:27.3":	"<ब्>“उपधिबन्धनो बालो”</ब्>ति पभवपञ्ञत्ति पापकानं इच्छावचरानं, किच्चपञ्ञत्ति परियुट्ठानानं। ",
"ne14:27.4":	"बलवपञ्ञत्ति किलेसानं। ",
"ne14:27.5":	"विरूहनापञ्ञत्ति सङ्खारानं। ",
"ne14:27.6":	"<ब्>“तमसा परिवारितो”</ब्>ति देसनापञ्ञत्ति अविज्जन्धकारस्स वेवचनपञ्ञत्ति च। ",
"ne14:27.7":	"<ब्>“अस्सिरी विय खायती”</ब्>ति दस्सनपञ्ञत्ति दिब्बचक्खुस्स, निक्खेपपञ्ञत्ति पञ्ञाचक्खुस्स। ",
"ne14:27.8":	"<ब्>“पस्सतो नत्थि किञ्चनन्”</ब्>ति पटिवेधपञ्ञत्ति सत्तानं, रागो किञ्चनं दोसो किञ्चनं मोहो किञ्चनं। ",
"ne14:27.9":	"तेनाह भगवा “मोहसम्बन्धनो लोको”ति। ",
"ne14:28.1":	"“अत्थि, भिक्खवे, अजातं अभूतं अकतं असङ्खतं, नो चेतं, भिक्खवे, अभविस्स अजातं अभूतं अकतं असङ्खतं। ",
"ne14:28.2":	"नयिध जातस्स भूतस्स कतस्स सङ्खतस्स निस्सरणं पञ्ञायेथ। ",
"ne14:28.3":	"यस्मा च खो, भिक्खवे, अत्थि अजातं अभूतं अकतं असङ्खतं, तस्मा जातस्स भूतस्स कतस्स सङ्खतस्स निस्सरणं पञ्ञायती”ति। ",
"ne14:29.1":	"“नो चेतं, भिक्खवे, अभविस्स अजातं अभूतं अकतं असङ्खतन्”ति देसनापञ्ञत्ति निब्बानस्स वेवचनपञ्ञत्ति च। ",
"ne14:29.2":	"“नयिध जातस्स भूतस्स कतस्स सङ्खतस्स निस्सरणं पञ्ञायेथा”ति वेवचनपञ्ञत्ति सङ्खतस्स उपनयनपञ्ञत्ति च। ",
"ne14:29.3":	"“यस्मा च खो, भिक्खवे, अत्थि अजातं अभूतं अकतं असङ्खतन्”ति वेवचनपञ्ञत्ति निब्बानस्स जोतनापञ्ञत्ति च। ",
"ne14:29.4":	"“तस्मा जातस्स भूतस्स कतस्स सङ्खतस्स निस्सरणं पञ्ञायती”ति अयं वेवचनपञ्ञत्ति निब्बानस्स, निय्यानिकपञ्ञत्ति मग्गस्स, निस्सरणपञ्ञत्ति संसारतो। ",
"ne14:29.5":	"तेनाह भगवा “नो चेतं, भिक्खवे, अभविस्सा”ति। ",
"ne14:29.6":	"तेनाह आयस्मा महाकच्चायनो “एकं भगवा धम्मं, पञ्ञत्तीहि विविधाहि देसेती”ति। ",
"ne14:29.7":	"नियुत्तो पञ्ञत्ति हारो। "
}	
