{	
"ne17:0.1":	"नेत्ति ",
"ne17:0.2":	"पटिनिद्देसवार ",
"ne17:0.3":	"विभङ्ग १४ ",
"ne17:0.4":	"अधिट्ठानहारविभङ्ग ",
"ne17:1.1":	"तत्थ कतमो अधिट्ठानो हारो? ",
"ne17:1.2":	"“एकत्तताय धम्मा, येपि च वेमत्तताय निद्दिट्ठा”ति। ",
"ne17:2.1":	"ये तत्थ निद्दिट्ठा, तथा ते धारयितब्बा। ",
"ne17:3.1":	"“दुक्खन्”ति एकत्तता। ",
"ne17:3.2":	"तत्थ कतमं दुक्खं? ",
"ne17:3.3":	"जाति दुक्खा, जरा दुक्खा, ब्याधि दुक्खो, मरणं दुक्खं, अप्पियेहि सम्पयोगो दुक्खो, पियेहि विप्पयोगो दुक्खो, यम्पिच्छं न लभति तम्पि दुक्खं, सङ्खित्तेन पञ्चुपादानक्खन्धा दुक्खा, रूपा दुक्खा, वेदना दुक्खा, सञ्ञा दुक्खा, सङ्खारा दुक्खा, विञ्ञाणं दुक्खं। ",
"ne17:3.4":	"अयं वेमत्तता। ",
"ne17:4.1":	"“दुक्खसमुदयो”ति एकत्तता। ",
"ne17:4.2":	"तत्थ कतमो दुक्खसमुदयो? ",
"ne17:4.3":	"यायं तण्हा पोनोभविका नन्दीरागसहगता तत्रतत्राभिनन्दिनी। ",
"ne17:4.4":	"सेय्यथिदं—",
"ne17:4.5":	"कामतण्हा भवतण्हा विभवतण्हा। ",
"ne17:4.6":	"अयं वेमत्तता। ",
"ne17:5.1":	"“दुक्खनिरोधो”ति एकत्तता। ",
"ne17:5.2":	"तत्थ कतमो दुक्खनिरोधो? ",
"ne17:5.3":	"यो तस्सायेव तण्हाय असेसविरागनिरोधो चागो पटिनिस्सग्गो मुत्ति अनालयो। ",
"ne17:5.4":	"अयं वेमत्तता। ",
"ne17:6.1":	"“दुक्खनिरोधगामिनी पटिपदा”ति एकत्तता। ",
"ne17:6.2":	"तत्थ कतमा दुक्खनिरोधगामिनी पटिपदा? ",
"ne17:6.3":	"अयमेव अरियो अट्ठङ्गिको मग्गो। ",
"ne17:6.4":	"सेय्यथिदं—",
"ne17:6.5":	"सम्मादिट्ठि सम्मासङ्कप्पो सम्मावाचा सम्माकम्मन्तो सम्माआजीवो सम्मावायामो सम्मासति सम्मासमाधि। ",
"ne17:6.6":	"अयं वेमत्तता। ",
"ne17:7.1":	"“मग्गो”ति एकत्तता। ",
"ne17:7.2":	"तत्थ कतमो मग्गो? ",
"ne17:7.3":	"निरयगामी मग्गो तिरच्छानयोनिगामी मग्गो पेत्तिविसयगामी मग्गो असुरयोनियो मग्गो सग्गगामियो मग्गो मनुस्सगामी मग्गो निब्बानगामी मग्गो। ",
"ne17:7.4":	"अयं वेमत्तता। ",
"ne17:8.1":	"“निरोधो”ति एकत्तता। ",
"ne17:8.2":	"तत्थ कतमो निरोधो? ",
"ne17:8.3":	"पटिसङ्खानिरोधो अप्पटिसङ्खानिरोधो अनुनयनिरोधो पटिघनिरोधो माननिरोधो मक्खनिरोधो पळासनिरोधो इस्सानिरोधो मच्छरियनिरोधो सब्बकिलेसनिरोधो। ",
"ne17:8.4":	"अयं वेमत्तता। ",
"ne17:9.1":	"“रूपन्”ति एकत्तता। ",
"ne17:9.2":	"तत्थ कतमं रूपं? ",
"ne17:9.3":	"चातुमहाभूतिकं रूपं चतुन्नं महाभूतानं उपादाय रूपस्स पञ्ञत्ति। ",
"ne17:9.4":	"तत्थ कतमानि चत्तारि महाभूतानि? ",
"ne17:9.5":	"पथवीधातु आपोधातु तेजोधातु वायोधातु। ",
"ne17:10.1":	"द्वीहि आकारेहि धातुयो परिग्गण्हाति सङ्खेपेन च वित्थारेन च। ",
"ne17:10.2":	"कथं वित्थारेन धातुयो परिग्गण्हाति? ",
"ne17:10.3":	"वीसतिया आकारेहि पथवीधातुं वित्थारेन परिग्गण्हाति, द्वादसहि आकारेहि आपोधातुं वित्थारेन परिग्गण्हाति, चतूहि आकारेहि तेजोधातुं वित्थारेन परिग्गण्हाति, छहि आकारेहि वायोधातुं वित्थारेन परिग्गण्हाति। ",
"ne17:11.1":	"कतमेहि वीसतिया आकारेहि पथवीधातुं वित्थारेन परिग्गण्हाति? ",
"ne17:11.2":	"अत्थि इमस्मिं काये केसा लोमा नखा दन्ता तचो, मंसं न्हारु अट्ठि अट्ठिमिञ्जं वक्कं, हदयं यकनं किलोमकं पिहकं पप्फासं, अन्तं अन्तगुणं उदरियं करीसं मत्थके मत्थलुङ्गन्ति इमेहि वीसतिया आकारेहि पथवीधातुं वित्थारेन परिग्गण्हाति। ",
"ne17:12.1":	"कतमेहि द्वादसहि आकारेहि आपोधातुं वित्थारेन परिग्गण्हाति? ",
"ne17:12.2":	"अत्थि इमस्मिं काये पित्तं सेम्हं पुब्बो लोहितं सेदो मेदो अस्सु वसा खेळो सिङ्घाणिका लसिका मुत्तन्ति इमेहि द्वादसहि आकारेहि आपोधातुं वित्थारेन परिग्गण्हाति। ",
"ne17:13.1":	"कतमेहि चतूहि आकारेहि तेजोधातुं वित्थारेन परिग्गण्हाति? ",
"ne17:13.2":	"येन च सन्तप्पति, येन च जीरीयति, येन च परिडय्हति, येन च असितपीतखायितसायितं सम्मा परिणामं गच्छति, इमेहि चतूहि आकारेहि तेजोधातुं वित्थारेन परिग्गण्हाति। ",
"ne17:14.1":	"कतमेहि छहि आकारेहि वायोधातुं वित्थारेन परिग्गण्हाति? ",
"ne17:14.2":	"उद्धङ्गमा वाता, अधोगमा वाता, कुच्छिसया वाता, कोट्ठासया वाता, अङ्गमङ्गानुसारिनो वाता, अस्सासो पस्सासो इति, इमेहि छहि आकारेहि वायोधातुं वित्थारेन परिग्गण्हाति। ",
"ne17:15.1":	"एवं इमेहि द्वाचत्तालीसाय आकारेहि वित्थारेन धातुयो सभावतो उपलक्खयन्तो तुलयन्तो परिवीमंसन्तो परियोगाहन्तो पच्चवेक्खन्तो न किञ्चि गय्हूपगं पस्सति कायं वा कायपदेसं वा, यथा चन्दनिकं पविचिनन्तो न किञ्चि गय्हूपगं पस्सेय्य, यथा सङ्कारट्ठानं पविचिनन्तो न किञ्चि गय्हूपगं पस्सेय्य, यथा वच्चकुटिं पविचिनन्तो न किञ्चि गय्हूपगं पस्सेय्य, यथा सिवथिकं पविचिनन्तो न किञ्चि गय्हूपगं पस्सेय्य। ",
"ne17:15.2":	"एवमेव इमेहि द्वाचत्तालीसाय आकारेहि एवं वित्थारेन धातुयो सभावतो उपलक्खयन्तो तुलयन्तो परिवीमंसन्तो परियोगाहन्तो पच्चवेक्खन्तो न किञ्चि गय्हूपगं पस्सति कायं वा कायपदेसं वा। ",
"ne17:15.3":	"तेनाह भगवा या चेव खो पन अज्झत्तिका पथवीधातु, या च बाहिरा पथवीधातु, पथवीधातुरेवेसा। ",
"ne17:15.4":	"तं “नेतं मम, नेसोहमस्मि, न मेसो अत्ता”ति एवमेतं यथाभूतं सम्मप्पञ्ञाय दट्ठब्बं, एवमेतं यथाभूतं सम्मप्पञ्ञाय दिस्वा पथवीधातुया निब्बिन्दति, पथवीधातुया चित्तं विराजेति। ",
"ne17:15.5":	"या चेव खो पन अज्झत्तिका आपोधातु, या च बाहिरा आपोधातु …पे… ",
"ne17:15.6":	"या चेव खो पन अज्झत्तिका तेजोधातु, या च बाहिरा तेजोधातु …पे… ",
"ne17:15.7":	"या चेव खो पन अज्झत्तिका वायोधातु, या च बाहिरा वायोधातु, वायोधातुरेवेसा। ",
"ne17:15.8":	"तं “नेतं मम, नेसोहमस्मि, न मेसो अत्ता”ति एवमेतं यथाभूतं सम्मप्पञ्ञाय दट्ठब्बं, एवमेतं यथाभूतं सम्मप्पञ्ञाय दिस्वा वायोधातुया निब्बिन्दति, वायोधातुया चित्तं विराजेति। ",
"ne17:15.9":	"अयं वेमत्तता। ",
"ne17:16.1":	"“अविज्जा”ति एकत्तता। ",
"ne17:16.2":	"तत्थ कतमा अविज्जा? ",
"ne17:16.3":	"दुक्खे अञ्ञाणं, दुक्खसमुदये अञ्ञाणं, दुक्खनिरोधे अञ्ञाणं, दुक्खनिरोधगामिनिया पटिपदाय अञ्ञाणं, पुब्बन्ते अञ्ञाणं, अपरन्ते अञ्ञाणं, पुब्बन्तापरन्ते अञ्ञाणं, इदप्पच्चयतापटिच्चसमुप्पन्नेसु धम्मेसु अञ्ञाणं, यं एवरूपं अञ्ञाणं अदस्सनं अनभिसमयो अननुबोधो असम्बोधो अप्पटिवेधो असल्लक्खणा अनुपलक्खणा अपच्चुपलक्खणा असमवेक्खणा अपच्चक्खकम्मं दुम्मेज्झं बाल्यं असम्पजञ्ञं मोहो पमोहो सम्मोहो अविज्जा अविज्जोघो अविज्जायोगो अविज्जानुसयो अविज्जापरियुट्ठानं अविज्जालङ्गी मोहो अकुसलमूलं। ",
"ne17:16.4":	"अयं वेमत्तता। ",
"ne17:17.1":	"“विज्जा”ति एकत्तता। ",
"ne17:17.2":	"तत्थ कतमा विज्जा? ",
"ne17:17.3":	"दुक्खे ञाणं, दुक्खसमुदये ञाणं, दुक्खनिरोधे ञाणं, दुक्खनिरोधगामिनिया पटिपदाय ञाणं, पुब्बन्ते ञाणं, अपरन्ते ञाणं, पुब्बन्तापरन्ते ञाणं, इदप्पच्चयतापटिच्चसमुप्पन्नेसु धम्मेसु ञाणं, या एवरूपा पञ्ञा पजानना विचयो पविचयो धम्मविचयो सल्लक्खणा उपलक्खणा पच्चुपलक्खणा पण्डिच्चं कोसल्लं नेपुञ्ञं वेभब्या चिन्ता उपपरिक्खा भूरी मेधा परिणायिका विपस्सना सम्पजञ्ञं पतोदो पञ्ञा पञ्ञिन्द्रियं पञ्ञाबलं पञ्ञासत्थं पञ्ञापासादो पञ्ञाआलोको पञ्ञाओभासो पञ्ञापज्जोतो पञ्ञारतनं अमोहो धम्मविचयो सम्मादिट्ठि धम्मविचयसम्बोज्झङ्गो मग्गङ्गं मग्गपरियापन्नं। ",
"ne17:17.4":	"अयं वेमत्तता। ",
"ne17:18.1":	"“समापत्ती”ति एकत्तता। ",
"ne17:18.2":	"तत्थ कतमा समापत्ति? ",
"ne17:18.3":	"सञ्ञासमापत्ति असञ्ञासमापत्ति, नेवसञ्ञानासञ्ञासमापत्ति। ",
"ne17:18.4":	"विभूतसञ्ञासमापत्ति निरोधसमापत्तीति। ",
"ne17:18.5":	"अयं वेमत्तता। ",
"ne17:19.1":	"“झायी”ति एकत्तता। ",
"ne17:19.2":	"तत्थ कतमो झायी? ",
"ne17:19.3":	"अत्थि सेक्खो झायी, अत्थि असेक्खो झायी, नेवसेक्खनासेक्खो झायी, आजानियो झायी, अस्सखलुङ्को झायी, दिट्ठुत्तरो झायी, तण्हुत्तरो झायी, पञ्ञुत्तरो झायी। ",
"ne17:19.4":	"अयं वेमत्तता। ",
"ne17:20.1":	"“समाधी”ति एकत्तता। ",
"ne17:20.2":	"तत्थ कतमो समाधि? ",
"ne17:20.3":	"सरणो समाधि, अरणो समाधि, सवेरो समाधि, अवेरो समाधि, सब्यापज्जो समाधि, अब्यापज्जो समाधि, सप्पीतिको समाधि, निप्पीतिको समाधि, सामिसो समाधि, निरामिसो समाधि, ससङ्खारो समाधि, असङ्खारो समाधि, एकंसभावितो समाधि, उभयंसभावितो समाधि, उभयतो भावितभावनो समाधि, सवितक्कसविचारो समाधि, अवितक्कविचारमत्तो समाधि, अवितक्कअविचारो समाधि, हानभागियो समाधि, ठितिभागियो समाधि, विसेसभागियो समाधि, निब्बेधभागियो समाधि, लोकियो समाधि, लोकुत्तरो समाधि, मिच्छासमाधि, सम्मासमाधि। ",
"ne17:20.4":	"अयं वेमत्तता। ",
"ne17:21.1":	"“पटिपदा”ति एकत्तता। ",
"ne17:21.2":	"तत्थ कतमा पटिपदा? ",
"ne17:21.3":	"आगाळ्हपटिपदा, निज्झामपटिपदा, मज्झिमपटिपदा, अक्खमा पटिपदा, खमा पटिपदा, समा पटिपदा, दमा पटिपदा, दुक्खा पटिपदा दन्धाभिञ्ञा, दुक्खा पटिपदा खिप्पाभिञ्ञा, सुखा पटिपदा दन्धाभिञ्ञा, सुखा पटिपदा खिप्पाभिञ्ञाति। ",
"ne17:21.4":	"अयं वेमत्तता। ",
"ne17:22.1":	"“कायो”ति एकत्तता। ",
"ne17:22.2":	"तत्थ कतमो कायो? ",
"ne17:22.3":	"नामकायो रूपकायो च। ",
"ne17:22.4":	"तत्थ कतमो रूपकायो? ",
"ne17:22.5":	"केसा लोमा नखा दन्ता तचो मंसं न्हारु अट्ठि अट्ठिमिञ्जं वक्कं हदयं यकनं किलोमकं पिहकं पप्फासं अन्तं अन्तगुणं उदरियं करीसं पित्तं सेम्हं पुब्बो लोहितं सेदो मेदो अस्सु वसा खेळो सिङ्घाणिका लसिका मुत्तं मत्थलुङ्गन्ति—",
"ne17:22.6":	"अयं रूपकायो। ",
"ne17:22.7":	"नामकायो नाम वेदना सञ्ञा चेतना चित्तं फस्सो मनसिकारोति—",
"ne17:22.8":	"अयं नामकायोति। ",
"ne17:22.9":	"अयं वेमत्तता। ",
"ne17:23.1":	"एवं यो धम्मो यस्स धम्मस्स समानभावो, सो धम्मो तस्स धम्मस्स एकत्तताय एकी भवति। ",
"ne17:23.2":	"येन येन वा पन विलक्खणो, तेन तेन वेमत्तं गच्छति। ",
"ne17:23.3":	"एवं सुत्ते वा वेय्याकरणे वा गाथायं वा पुच्छितेन वीमंसयितब्बं, किं एकत्तताय पुच्छति, उदाहु वेमत्ततायाति। ",
"ne17:23.4":	"यदि एकत्तताय पुच्छितं, एकत्तताय विसज्जयितब्बं। ",
"ne17:23.5":	"यदि वेमत्तताय पुच्छितं, वेमत्तताय विसज्जयितब्बं। ",
"ne17:23.6":	"यदि सत्ताधिट्ठानेन पुच्छितं, सत्ताधिट्ठानेन विसज्जयितब्बं। ",
"ne17:23.7":	"यदि धम्माधिट्ठानेन पुच्छितं, धम्माधिट्ठानेन विसज्जयितब्बं। ",
"ne17:23.8":	"यथा यथा वा पन पुच्छितं तथा तथा विसज्जयितब्बं। ",
"ne17:23.9":	"तेनाह आयस्मा महाकच्चायनो “एकत्तताय धम्मा”ति। ",
"ne17:23.10":	"नियुत्तो अधिट्ठानो हारो। "
}	
