{	
"ne21:0.1":	"नेत्ति ",
"ne21:0.2":	"पटिनिद्देसवार ",
"ne21:0.3":	"सम्पात २ ",
"ne21:0.4":	"विचयहारसम्पात ",
"ne21:1.1":	"तत्थ कतमो विचयो हारसम्पातो? ",
"ne21:1.2":	"तत्थ तण्हा दुविधा कुसलापि अकुसलापि। ",
"ne21:1.3":	"अकुसला संसारगामिनी, कुसला अपचयगामिनी पहानतण्हा। ",
"ne21:1.4":	"मानोपि दुविधो कुसलोपि अकुसलोपि। ",
"ne21:1.5":	"यं मानं निस्साय मानं पजहति, अयं मानो कुसलो। ",
"ne21:1.6":	"यो पन मानो दुक्खं निब्बत्तयति, अयं मानो अकुसलो। ",
"ne21:1.7":	"तत्थ यं नेक्खम्मसितं दोमनस्सं कुदास्सुनामाहं तं आयतनं सच्छिकत्वा उपसम्पज्ज विहरिस्सं यं अरिया सन्तं आयतनं सच्छिकत्वा उपसम्पज्ज विहरन्तीति तस्स उप्पज्जति पिहा, पिहापच्चया दोमनस्सं, अयं तण्हा कुसला रागविरागा चेतोविमुत्ति, तदारम्मणा कुसला अविज्जाविरागा पञ्ञाविमुत्ति। ",
"ne21:2.1":	"तस्सा को पविचयो? ",
"ne21:2.2":	"अट्ठ मग्गङ्गानि सम्मादिट्ठि सम्मासङ्कप्पो सम्मावाचा सम्माकम्मन्तो सम्माआजीवो सम्मावायामो सम्मासति सम्मासमाधि। ",
"ne21:2.3":	"सो कत्थ दट्ठब्बो? ",
"ne21:2.4":	"चतुत्थे झाने पारमिताय। ",
"ne21:2.5":	"चतुत्थे हि झाने अट्ठङ्गसमन्नागतं चित्तं भावयति परिसुद्धं परियोदातं अनङ्गणं विगतूपक्किलेसं मुदु कम्मनियं ठितं आनेञ्जप्पत्तं। ",
"ne21:2.6":	"सो तत्थ अट्ठविधं अधिगच्छति छ अभिञ्ञा द्वे च विसेसे, तं चित्तं यतो परिसुद्धं, ततो परियोदातं, यतो परियोदातं, ततो अनङ्गणं, यतो अनङ्गणं, ततो विगतूपक्किलेसं, यतो विगतूपक्किलेसं, ततो मुदु, यतो मुदु, ततो कम्मनियं, यतो कम्मनियं, ततो ठितं, यतो ठितं, ततो आनेञ्जप्पत्तं। ",
"ne21:2.7":	"तत्थ अङ्गणा च उपक्किलेसा च तदुभयं तण्हापक्खो। ",
"ne21:2.8":	"या च इञ्जना या च चित्तस्स अट्ठिति, अयं दिट्ठिपक्खो। ",
"ne21:3.1":	"चत्तारि इन्द्रियानि दुक्खिन्द्रियं दोमनस्सिन्द्रियं सुखिन्द्रियं सोमनस्सिन्द्रियञ्च चतुत्थज्झाने निरुज्झन्ति, तस्स उपेक्खिन्द्रियं अवसिट्ठं भवति। ",
"ne21:3.2":	"सो उपरिमं समापत्तिं सन्ततो मनसिकरोति, तस्स उपरिमं समापत्तिं सन्ततो मनसिकरोतो चतुत्थज्झाने ओळारिका सञ्ञा सण्ठहति उक्कण्ठा च पटिघसञ्ञा, सो सब्बसो रूपसञ्ञानं समतिक्कमा पटिघसञ्ञानं अत्थङ्गमा नानत्तसञ्ञानं अमनसिकारा “अनन्तं आकासन्”ति आकासानञ्चायतनसमापत्तिं सच्छिकत्वा उपसम्पज्ज विहरति। ",
"ne21:3.3":	"अभिञ्ञाभिनीहारो रूपसञ्ञा वोकारो नानत्तसञ्ञा समतिक्कमति पटिघसञ्ञा चस्स अब्भत्थं गच्छति, एवं समाधि तस्स समाहितस्स ओभासो अन्तरधायति दस्सनञ्च रूपानं, सो समाधि छळङ्गसमन्नागतो पच्चवेक्खितब्बो। ",
"ne21:3.4":	"अनभिज्झासहगतं मे मानसं सब्बलोके, अब्यापन्नं मे चित्तं सब्बसत्तेसु, आरद्धं मे वीरियं पग्गहितं, पस्सद्धो मे कायो असारद्धो, समाहितं मे चित्तं अविक्खित्तं, उपट्ठिता मे सति असम्मुट्ठा, तत्थ यञ्च अनभिज्झासहगतं मानसं सब्बलोके यञ्च अब्यापन्नं चित्तं सब्बसत्तेसु यञ्च आरद्धं वीरियं पग्गहितं यञ्च समाहितं चित्तं अविक्खित्तं, अयं समथो। ",
"ne21:3.5":	"यो पस्सद्धो कायो असारद्धो, अयं समाधिपरिक्खारो। ",
"ne21:3.6":	"या उपट्ठिता सति असम्मुट्ठा अयं विपस्सना। ",
"ne21:4.1":	"सो समाधि पञ्चविधेन वेदितब्बो। ",
"ne21:4.2":	"अयं समाधि “पच्चुप्पन्नसुखो”ति इतिस्स पच्चत्तमेव ञाणदस्सनं पच्चुपट्ठितं भवति, अयं समाधि “आयतिं सुखविपाको”ति इतिस्स पच्चत्तमेव ञाणदस्सनं पच्चुपट्ठितं भवति, अयं समाधि “अरियो निरामिसो”ति इतिस्स पच्चत्तमेव ञाणदस्सनं पच्चुपट्ठितं भवति, अयं समाधि “अकापुरिससेवितो”ति इतिस्स पच्चत्तमेव ञाणदस्सनं पच्चुपट्ठितं भवति, अयं समाधि “सन्तो चेव पणीतो च पटिप्पस्सद्धिलद्धो च एकोदिभावाधिगतो च न ससङ्खारनिग्गय्हवारितगतो चा”ति इतिस्स पच्चत्तमेव ञाणदस्सनं पच्चुपट्ठितं भवति। ",
"ne21:4.3":	"तं खो पनिमं समाधिं “सतो समापज्जामि सतो वुट्ठहामी”ति इतिस्स पच्चत्तमेव ञाणदस्सनं पच्चुपट्ठितं भवति। ",
"ne21:4.4":	"तत्थ यो च समाधि पच्चुप्पन्नसुखो यो च समाधि आयतिं सुखविपाको अयं समथो। ",
"ne21:4.5":	"यो च समाधि अरियो निरामिसो, यो च समाधि अकापुरिससेवितो, यो च समाधि सन्तो चेव पणीतो च पटिप्पस्सद्धिलद्धो च एकोदिभावाधिगतो च न ससङ्खारनिग्गय्हवारितगतो च यञ्चाहं तं खो पनिमं समाधिं सतो समापज्जामि सतो वुट्ठहामीति, अयं विपस्सना। ",
"ne21:5.1":	"सो समाधि पञ्चविधेन वेदितब्बो पीतिफरणता सुखफरणता चेतोफरणता आलोकफरणता पच्चवेक्खणानिमित्तं। ",
"ne21:5.2":	"तत्थ यो च पीतिफरणो यो च सुखफरणो यो च चेतोफरणो, अयं समथो। ",
"ne21:5.3":	"यो च आलोकफरणो यञ्च पच्चवेक्खणानिमित्तं। ",
"ne21:5.4":	"अयं विपस्सना। ",
"ne21:6.1":	"दस कसिणायतनानि पथवीकसिणं आपोकसिणं तेजोकसिणं वायोकसिणं नीलकसिणं पीतकसिणं लोहितकसिणं ओदातकसिणं आकासकसिणं विञ्ञाणकसिणं। ",
"ne21:6.2":	"तत्थ यञ्च पथवीकसिणं यञ्च आपोकसिणं एवं सब्बं, यञ्च ओदातकसिणं। ",
"ne21:6.3":	"इमानि अट्ठ कसिणानि समथो। ",
"ne21:6.4":	"यञ्च आकासकसिणं यञ्च विञ्ञाणकसिणं, अयं विपस्सना। ",
"ne21:6.5":	"एवं सब्बो अरियो मग्गो येन येन आकारेन वुत्तो, तेन तेन समथविपस्सनेन योजयितब्बो। ",
"ne21:6.6":	"ते तीहि धम्मेहि सङ्गहिता अनिच्चताय दुक्खताय अनत्तताय। ",
"ne21:6.7":	"सो समथविपस्सनं भावयमानो तीणि विमोक्खमुखानि भावयति। ",
"ne21:6.8":	"तीणि विमोक्खमुखानि भावयन्तो तयो खन्धे भावयति। ",
"ne21:6.9":	"तयो खन्धे भावयन्तो अरियं अट्ठङ्गिकं मग्गं भावयति। ",
"ne21:7.1":	"रागचरितो पुग्गलो अनिमित्तेन विमोक्खमुखेन निय्याति अधिचित्तसिक्खाय सिक्खन्तो लोभं अकुसलमूलं पजहन्तो सुखवेदनीयं फस्सं अनुपगच्छन्तो सुखं वेदनं परिजानन्तो रागमलं पवाहेन्तो रागरजं निद्धुनन्तो रागविसं वमेन्तो रागग्गिं निब्बापेन्तो रागसल्लं उप्पाटेन्तो रागजटं विजटेन्तो। ",
"ne21:7.2":	"दोसचरितो पुग्गलो अप्पणिहितेन विमोक्खमुखेन निय्याति अधिसीलसिक्खाय सिक्खन्तो दोसं अकुसलमूलं पजहन्तो दुक्खवेदनीयं फस्सं अनुपगच्छन्तो दुक्खवेदनं परिजानन्तो दोसमलं पवाहेन्तो दोसरजं निद्धुनन्तो दोसविसं वमेन्तो दोसग्गिं निब्बापेन्तो दोससल्लं उप्पाटेन्तो दोसजटं विजटेन्तो। ",
"ne21:7.3":	"मोहचरितो पुग्गलो सुञ्ञतविमोक्खमुखेन निय्याति अधिपञ्ञासिक्खाय सिक्खन्तो मोहं अकुसलमूलं पजहन्तो अदुक्खमसुखवेदनीयं फस्सं अनुपगच्छन्तो अदुक्खमसुखं वेदनं परिजानन्तो मोहमलं पवाहेन्तो मोहरजं निद्धुनन्तो मोहविसं वमेन्तो मोहग्गिं निब्बापेन्तो मोहसल्लं उप्पाटेन्तो मोहजटं विजटेन्तो। ",
"ne21:8.1":	"तत्थ सुञ्ञतविमोक्खमुखं पञ्ञाक्खन्धो, अनिमित्तविमोक्खमुखं समाधिक्खन्धो, अप्पणिहितविमोक्खमुखं सीलक्खन्धो। ",
"ne21:8.2":	"सो तीणि विमोक्खमुखानि भावयन्तो तयो खन्धे भावयति, तयो खन्धे भावयन्तो अरियं अट्ठङ्गिकं मग्गं भावयति। ",
"ne21:8.3":	"तत्थ या च सम्मावाचा यो च सम्माकम्मन्तो यो च सम्माआजीवो, अयं सीलक्खन्धो, यो च सम्मावायामो या च सम्मासति यो च सम्मासमाधि, अयं समाधिक्खन्धो, या च सम्मादिट्ठि यो च सम्मासङ्कप्पो, अयं पञ्ञाक्खन्धो। ",
"ne21:9.1":	"तत्थ सीलक्खन्धो च समाधिक्खन्धो च समथो, पञ्ञाक्खन्धो विपस्सना। ",
"ne21:9.2":	"यो समथविपस्सनं भावेति, तस्स द्वे भवङ्गानि भावनं गच्छन्ति कायो चित्तञ्च, भवनिरोधगामिनी पटिपदा द्वे पदानि सीलं समाधि च। ",
"ne21:9.3":	"सो होति भिक्खु भावितकायो भावितसीलो भावितचित्तो भावितपञ्ञो। ",
"ne21:9.4":	"काये भावियमाने द्वे धम्मा भावनं गच्छन्ति सम्माकम्मन्तो सम्मावायामो च, सीले भावियमाने द्वे धम्मा भावनं गच्छन्ति सम्मावाचा सम्माआजीवो च, चित्ते भावियमाने द्वे धम्मा भावनं गच्छन्ति सम्मासति सम्मासमाधि च, पञ्ञाय भावियमानाय द्वे धम्मा भावनं गच्छन्ति सम्मादिट्ठि सम्मासङ्कप्पो च। ",
"ne21:10.1":	"तत्थ यो च सम्माकम्मन्तो यो च सम्मावायामो सिया कायिको सिया चेतसिको, तत्थ यो कायसङ्गहो, सो काये भाविते भावनं गच्छति, यो चित्तसङ्गहो, सो चित्ते भाविते भावनं गच्छति। ",
"ne21:10.2":	"सो समथविपस्सनं भावयन्तो पञ्चविधं अधिगमं गच्छति, खिप्पाधिगमो च होति, विमुत्ताधिगमो च होति, महाधिगमो च होति, विपुलाधिगमो च होति, अनवसेसाधिगमो च होति। ",
"ne21:10.3":	"तत्थ समथेन खिप्पाधिगमो च महाधिगमो च विपुलाधिगमो च होति, विपस्सनाय विमुत्ताधिगमो च अनवसेसाधिगमो च होति। ",
"ne21:11.1":	"तत्थ यो देसयति, सो दसबलसमन्नागतो सत्था ओवादेन सावके न विसंवादयति। ",
"ne21:11.2":	"सो तिविधं इदं करोथ इमिना उपायेन करोथ इदं वो कुरुमानानं हिताय सुखाय भविस्सति, सो तथा ओवदितो तथानुसिट्ठो तथाकरोन्तो तथापटिपज्जन्तो तं भूमिं न पापुणिस्सतीति नेतं ठानं विज्जति। ",
"ne21:11.3":	"सो तथा ओवदितो तथानुसिट्ठो सीलक्खन्धं अपरिपूरयन्तो तं भूमिं अनुपापुणिस्सतीति नेतं ठानं विज्जति। ",
"ne21:11.4":	"सो तथा ओवदितो तथानुसिट्ठो सीलक्खन्धं परिपूरयन्तो तं भूमिं अनुपापुणिस्सतीति ठानमेतं विज्जति। ",
"ne21:12.1":	"सम्मासम्बुद्धस्स ते सतो इमे धम्मा अनभिसम्बुद्धाति नेतं ठानं विज्जति। ",
"ne21:12.2":	"सब्बासवपरिक्खीणस्स ते सतो इमे आसवा अपरिक्खीणाति नेतं ठानं विज्जति। ",
"ne21:12.3":	"यस्स ते अत्थाय धम्मो देसितो, सो न निय्याति तक्करस्स सम्मा दुक्खक्खयायाति नेतं ठानं विज्जति। ",
"ne21:12.4":	"सावको खो पन ते धम्मानुधम्मप्पटिपन्नो सामीचिप्पटिपन्नो अनुधम्मचारी सो पुब्बेन अपरं उळारं विसेसाधिगमं न सच्छिकरिस्सतीति नेतं ठानं विज्जति। ",
"ne21:13.1":	"ये खो पन धम्मा अन्तरायिका, ते पटिसेवतो नालं अन्तरायायाति नेतं ठानं विज्जति। ",
"ne21:13.2":	"ये खो पन धम्मा अनिय्यानिका, ते निय्यन्ति तक्करस्स सम्मा दुक्खक्खयायाति नेतं ठानं विज्जति। ",
"ne21:13.3":	"ये खो पन धम्मा निय्यानिका, ते निय्यन्ति तक्करस्स सम्मा दुक्खक्खयायाति ठानमेतं विज्जति। ",
"ne21:13.4":	"सावको खो पन ते सौपादिसेसो अनुपादिसेसं निब्बानधातुं अनुपापुणिस्सतीति नेतं ठानं विज्जति। ",
"ne21:14.1":	"दिट्ठिसम्पन्नो मातरं जीविता वोरोपेय्य हत्थेहि वा पादेहि वा सुहतं करेय्याति नेतं ठानं विज्जति, पुथुज्जनो मातरं जीविता वोरोपेय्य हत्थेहि वा पादेहि वा सुहतं करेय्याति ठानमेतं विज्जति। ",
"ne21:14.2":	"एवं पितरं, अरहन्तं, भिक्खुं। ",
"ne21:14.3":	"दिट्ठिसम्पन्नो पुग्गलो सङ्घं भिन्देय्य सङ्घे वा सङ्घराजिं जनेय्याति नेतं ठानं विज्जति, पुथुज्जनो सङ्घं भिन्देय्य सङ्घे वा सङ्घराजिं जनेय्याति ठानमेतं विज्जति, दिट्ठिसम्पन्नो तथागतस्स दुट्ठचित्तो लोहितं उप्पादेय्य, परिनिब्बुतस्स वा तथागतस्स दुट्ठचित्तो थूपं भिन्देय्याति नेतं ठानं विज्जति। ",
"ne21:14.4":	"पुथुज्जनो तथागतस्स दुट्ठचित्तो लोहितं उप्पादेय्य, परिनिब्बुतस्स वा तथागतस्स दुट्ठचित्तो थूपं भिन्देय्याति ठानमेतं विज्जति। ",
"ne21:14.5":	"दिट्ठिसम्पन्नो अञ्ञं सत्थारं अपदिसेय्य अपि जीवितहेतूति नेतं ठानं विज्जति, पुथुज्जनो अञ्ञं सत्थारं अपदिसेय्याति ठानमेतं विज्जति। ",
"ne21:14.6":	"दिट्ठिसम्पन्नो इतो बहिद्धा अञ्ञं दक्खिणेय्यं परियेसेय्याति नेतं ठानं विज्जति, पुथुज्जनो इतो बहिद्धा अञ्ञं दक्खिणेय्यं परियेसेय्याति ठानमेतं विज्जति, दिट्ठिसम्पन्नो कुतूहलमङ्गलेन सुद्धिं पच्चेय्याति नेतं ठानं विज्जति। ",
"ne21:14.7":	"पुथुज्जनो कुतूहलमङ्गलेन सुद्धिं पच्चेय्याति ठानमेतं विज्जति। ",
"ne21:15.1":	"इत्थी राजा चक्कवत्ती सियाति नेतं ठानं विज्जति, पुरिसो राजा चक्कवत्ती सियाति ठानमेतं विज्जति; ",
"ne21:15.2":	"इत्थी सक्को देवानमिन्दो सियाति नेतं ठानं विज्जति, पुरिसो सक्को देवानमिन्दो सियाति ठानमेतं विज्जति; ",
"ne21:15.3":	"इत्थी मारो पापिमा सियाति नेतं ठानं विज्जति, पुरिसो मारो पापिमा सियाति ठानमेतं विज्जति; ",
"ne21:15.4":	"इत्थी महाब्रह्मा सियाति नेतं ठानं विज्जति, पुरिसो महाब्रह्मा सियाति ठानमेतं विज्जति; ",
"ne21:15.5":	"इत्थी तथागतो अरहं सम्मासम्बुद्धो सियाति नेतं ठानं विज्जति, पुरिसो तथागतो अरहं सम्मासम्बुद्धो सियाति ठानमेतं विज्जति। ",
"ne21:16.1":	"द्वे तथागता अरहन्तो सम्मासम्बुद्धा अपुब्बं अचरिमं एकिस्सा लोकधातुया उप्पज्जेय्युं वा धम्मं वा देसेय्युन्ति नेतं ठानं विज्जति, एकोव तथागतो अरहं सम्मासम्बुद्धो एकिस्सा लोकधातुया उप्पज्जिस्सति वा धम्मं वा देसेस्सतीति ठानमेतं विज्जति। ",
"ne21:17.1":	"तिण्णं दुच्चरितानं इट्ठो कन्तो पियो मनापो विपाको भविस्सतीति नेतं ठानं विज्जति, तिण्णं दुच्चरितानं अनिट्ठो अकन्तो अप्पियो अमनापो विपाको भविस्सतीति ठानमेतं विज्जति। ",
"ne21:17.2":	"तिण्णं सुचरितानं अनिट्ठो अकन्तो अप्पियो अमनापो विपाको भविस्सतीति नेतं ठानं विज्जति, तिण्णं सुचरितानं इट्ठो कन्तो पियो मनापो विपाको भविस्सतीति ठानमेतं विज्जति। ",
"ne21:18.1":	"अञ्ञतरो समणो वा ब्राह्मणो वा कुहको लपको नेमित्तको कुहनलपननेमित्तकत्तं पुब्बङ्गमं कत्वा पञ्च नीवरणे अप्पहाय चेतसो उपक्किलेसे पञ्ञाय दुब्बलीकरणे चतूसु सतिपट्ठानेसु अनुपट्ठितस्सति विहरन्तो सत्त बोज्झङ्गे अभावयित्वा अनुत्तरं सम्मासम्बोधिं अभिसम्बुज्झिस्सतीति नेतं ठानं विज्जति, अञ्ञतरो समणो वा ब्राह्मणो वा सब्बदोसापगतो पञ्च नीवरणे पहाय चेतसो उपक्किलेसे पञ्ञाय दुब्बलीकरणे चतूसु सतिपट्ठानेसु उपट्ठितस्सति विहरन्तो सत्त बोज्झङ्गे भावयित्वा अनुत्तरं सम्मासम्बोधिं अभिसम्बुज्झिस्सतीति ठानमेतं विज्जति। ",
"ne21:18.2":	"यं एत्थ ञाणं हेतुसो ठानसो अनोधिसो इदं वुच्चति ठानाट्ठानञाणं पठमं तथागतबलं। ",
"ne21:19.1":	"इति ठानाट्ठानगता सब्बे खयधम्मा वयधम्मा विरागधम्मा निरोधधम्मा केचि सग्गूपगा केचि अपायूपगा केचि निब्बानूपगा, एवं भगवा आह—",
"ne21:20.1":	"“सब्बे सत्ता मरिस्सन्ति, ",
"ne21:20.2":	"मरणन्तं हि जीवितं; ",
"ne21:20.3":	"यथाकम्मं गमिस्सन्ति, ",
"ne21:20.4":	"पुञ्ञपापफलूपगा; ",
"ne21:20.5":	"निरयं पापकम्मन्ता, ",
"ne21:20.6":	"पुञ्ञकम्मा च सुग्गतिं; ",
"ne21:20.7":	"अपरे च मग्गं भावेत्वा, ",
"ne21:20.8":	"परिनिब्बन्तिनासवा”ति। ",
"ne21:21.1":	"<ब्>सब्बे सत्ता</ब्>ति अरिया च अनरिया च सक्कायपरियापन्ना च सक्कायवीतिवत्ता च। ",
"ne21:21.2":	"<ब्>मरिस्सन्ती</ब्>ति द्वीहि मरणेहि दन्धमरणेन च अदन्धमरणेन च, सक्कायपरियापन्नानं अदन्धमरणं सक्कायवीतिवत्तानं दन्धमरणं। ",
"ne21:21.3":	"<ब्>मरणन्तं हि जीवितन्</ब्>ति खया आयुस्स इन्द्रियानं उपरोधा जीवितपरियन्तो मरणपरियन्तो। ",
"ne21:21.4":	"<ब्>यथाकम्मं गमिस्सन्ती</ब्>ति कम्मस्सकता। ",
"ne21:21.5":	"<ब्>पुञ्ञपापफलूपगा</ब्>ति कम्मानं फलदस्साविता च अविप्पवासो च। ",
"ne21:22.1":	"<ब्>निरयं पापकम्मन्ता</ब्>ति अपुञ्ञसङ्खारा। ",
"ne21:22.2":	"<ब्>पुञ्ञकम्मा च सुग्गतिन्</ब्>ति पुञ्ञसङ्खारा सुगतिं गमिस्सन्ति। ",
"ne21:22.3":	"<ब्>अपरे च मग्गं भावेत्वा, परिनिब्बन्तिनासवा</ब्>ति सब्बसङ्खारानं समतिक्कमनं। ",
"ne21:22.4":	"तेनाह भगवा—",
"ne21:22.5":	"“सब्बे …पे… ",
"ne21:22.6":	"नासवा”ति। ",
"ne21:23.1":	"“सब्बे सत्ता मरिस्सन्ति, मरणन्तं हि जीवितं। ",
"ne21:23.2":	"यथाकम्मं गमिस्सन्ति, पुञ्ञपापफलूपगा। ",
"ne21:23.3":	"निरयं पापकम्मन्ता”ति आगाळ्हा च निज्झामा च पटिपदा। ",
"ne21:23.4":	"“अपरे च मग्गं भावेत्वा, परिनिब्बन्तिनासवा”ति मज्झिमा पटिपदा। ",
"ne21:23.5":	"“सब्बे सत्ता मरिस्सन्ति, मरणन्तं हि जीवितं, यथाकम्मं गमिस्सन्ति, पुञ्ञपापफलूपगा, निरयं पापकम्मन्ता”ति अयं सङ्किलेसो। ",
"ne21:23.6":	"एवं संसारं निब्बत्तयति। ",
"ne21:23.7":	"“सब्बे सत्ता मरिस्सन्ति …पे… ",
"ne21:23.8":	"निरयं पापकम्मन्ता”ति इमे तयो वट्टा दुक्खवट्टो कम्मवट्टो किलेसवट्टो। ",
"ne21:23.9":	"“अपरे च मग्गं भावेत्वा, परिनिब्बन्तिनासवा”ति तिण्णं वट्टानं विवट्टना। ",
"ne21:23.10":	"“सब्बे सत्ता मरिस्सन्ति …पे… ",
"ne21:23.11":	"निरयं पापकम्मन्ता”ति आदीनवो, “पुञ्ञकम्मा च सुग्गतिन्”ति अस्सादो, “अपरे च मग्गं भावेत्वा, परिनिब्बन्तिनासवा”ति निस्सरणं। ",
"ne21:23.12":	"“सब्बे सत्ता मरिस्सन्ति …पे… ",
"ne21:23.13":	"निरयं पापकम्मन्ता”ति हेतु च फलञ्च, पञ्चक्खन्धा फलं, तण्हा हेतु, “अपरे च मग्गं भावेत्वा, परिनिब्बन्तिनासवा”ति मग्गो च फलञ्च। ",
"ne21:23.14":	"“सब्बे सत्ता मरिस्सन्ति, मरणन्तं हि जीवितं। ",
"ne21:23.15":	"यथाकम्मं गमिस्सन्ति, पुञ्ञपापफलूपगा, निरयं पापकम्मन्ता”ति अयं सङ्किलेसो, सो सङ्किलेसो तिविधो तण्हासङ्किलेसो दिट्ठिसङ्किलेसो दुच्चरितसङ्किलेसोति। ",
"ne21:24.1":	"तत्थ तण्हासङ्किलेसो तीहि तण्हाहि निद्दिसितब्बो—",
"ne21:24.2":	"कामतण्हाय भवतण्हाय विभवतण्हाय। ",
"ne21:24.3":	"येन येन वा पन वत्थुना अज्झोसितो, तेन तेनेव निद्दिसितब्बो, तस्सा वित्थारो छत्तिंसाय तण्हाय जालिनिया विचरितानि। ",
"ne21:24.4":	"तत्थ दिट्ठिसङ्किलेसो उच्छेदसस्सतेन निद्दिसितब्बो, येन येन वा पन वत्थुना दिट्ठिवसेन अभिनिविसति, “इदमेव सच्चं मोघमञ्ञन्”ति तेन तेनेव निद्दिसितब्बो, तस्सा वित्थारो द्वासट्ठि दिट्ठिगतानि। ",
"ne21:24.5":	"तत्थ दुच्चरितसङ्किलेसो चेतना चेतसिककम्मेन निद्दिसितब्बो, तीहि दुच्चरितेहि कायदुच्चरितेन वचीदुच्चरितेन मनोदुच्चरितेन, तस्सा वित्थारो दस अकुसलकम्मपथा। ",
"ne21:24.6":	"अपरे च मग्गं भावेत्वा, परिनिब्बन्तिनासवाति इदं वोदानं। ",
"ne21:25.1":	"तयिदं वोदानं तिविधं; ",
"ne21:25.2":	"तण्हासङ्किलेसो समथेन विसुज्झति, सो समथो समाधिक्खन्धो, दिट्ठिसङ्किलेसो विपस्सनाय विसुज्झति, सा विपस्सना पञ्ञाक्खन्धो, दुच्चरितसङ्किलेसो सुचरितेन विसुज्झति, तं सुचरितं सीलक्खन्धो। ",
"ne21:26.1":	"“सब्बे सत्ता मरिस्सन्ति, मरणन्तं हि जीवितं, यथाकम्मं गमिस्सन्ति, पुञ्ञपापफलूपगा, निरयं पापकम्मन्ता”ति अपुञ्ञप्पटिपदा, “पुञ्ञकम्मा च सुग्गतिन्”ति पुञ्ञप्पटिपदा, “अपरे च मग्गं भावेत्वा, परिनिब्बन्तिनासवा”ति पुञ्ञपापसमतिक्कमप्पटिपदा, तत्थ या च पुञ्ञप्पटिपदा या च अपुञ्ञप्पटिपदा, अयं एका पटिपदा सब्बत्थगामिनी एका अपायेसु, एका देवेसु, या च पुञ्ञपापसमतिक्कमा पटिपदा अयं तत्थ तत्थ गामिनी पटिपदा। ",
"ne21:27.1":	"तयो रासी—",
"ne21:27.2":	"मिच्छत्तनियतो रासि, सम्मत्तनियतो रासि, अनियतो रासि, तत्थ यो च मिच्छत्तनियतो रासि यो च सम्मत्तनियतो रासि एका पटिपदा तत्थ तत्थ गामिनी, तत्थ यो अनियतो रासि, अयं सब्बत्थगामिनी पटिपदा। ",
"ne21:27.3":	"केन कारणेन? ",
"ne21:27.4":	"पच्चयं लभन्तो निरये उपपज्जेय्य, पच्चयं लभन्तो तिरच्छानयोनीसु उपपज्जेय्य, पच्चयं लभन्तो पेत्तिविसयेसु उपपज्जेय्य, पच्चयं लभन्तो असुरेसु उपपज्जेय्य, पच्चयं लभन्तो देवेसु उपपज्जेय्य, पच्चयं लभन्तो मनुस्सेसु उपपज्जेय्य, पच्चयं लभन्तो परिनिब्बायेय्य, तस्मायं सब्बत्थगामिनी पटिपदा, यं एत्थ ञाणं हेतुसो ठानसो अनोधिसो, इदं वुच्चति सब्बत्थगामिनी पटिपदा ञाणं दुतियं तथागतबलं। ",
"ne21:28.1":	"इति सब्बत्थगामिनी पटिपदा अनेकधातुलोको, तत्थ तत्थ गामिनी पटिपदा नानाधातुलोको। ",
"ne21:28.2":	"तत्थ कतमो अनेकधातुलोको? ",
"ne21:28.3":	"चक्खुधातु रूपधातु चक्खुविञ्ञाणधातु, सोतधातु सद्दधातु सोतविञ्ञाणधातु, घानधातु गन्धधातु घानविञ्ञाणधातु, जिव्हाधातु रसधातु जिव्हाविञ्ञाणधातु, कायधातु फोट्ठब्बधातु कायविञ्ञाणधातु, मनोधातु धम्मधातु मनोविञ्ञाणधातु, पथवीधातु, आपोधातु, तेजोधातु, वायोधातु, आकासधातु, विञ्ञाणधातु, कामधातु, ब्यापादधातु, विहिंसाधातु, नेक्खम्मधातु, अब्यापादधातु, अविहिंसाधातु, दुक्खधातु, दोमनस्सधातु, अविज्जाधातु, सुखधातु, सोमनस्सधातु, उपेक्खाधातु, रूपधातु, अरूपधातु, निरोधधातु, सङ्खारधातु, निब्बानधातु, अयं अनेकधातुलोको। ",
"ne21:29.1":	"तत्थ कतमो नानाधातुलोको? ",
"ne21:29.2":	"अञ्ञा चक्खुधातु, अञ्ञा रूपधातु, अञ्ञा चक्खुविञ्ञाणधातु, एवं सब्बा, अञ्ञा निब्बानधातु। ",
"ne21:29.3":	"यं एत्थ ञाणं हेतुसो ठानसो अनोधिसो, इदं वुच्चति अनेकधातु नानाधातु ञाणं ततियं तथागतबलं। ",
"ne21:30.1":	"इति अनेकधातु नानाधातुकस्स लोकस्स यं यदेव धातुं सत्ता अधिमुच्चन्ति, तं तदेव अधिट्ठहन्ति अभिनिविसन्ति, केचि रूपाधिमुत्ता, केचि सद्दाधिमुत्ता, केचि गन्धाधिमुत्ता, केचि रसाधिमुत्ता, केचि फोट्ठब्बाधिमुत्ता, केचि धम्माधिमुत्ता, केचि इत्थाधिमुत्ता, केचि पुरिसाधिमुत्ता, केचि चागाधिमुत्ता, केचि हीनाधिमुत्ता, केचि पणीताधिमुत्ता, केचि देवाधिमुत्ता, केचि मनुस्साधिमुत्ता, केचि निब्बानाधिमुत्ता। ",
"ne21:30.2":	"यं एत्थ ञाणं हेतुसो ठानसो अनोधिसो, अयं वेनेय्यो, अयं न वेनेय्यो, अयं सग्गगामी, अयं दुग्गतिगामीति, इदं वुच्चति सत्तानं नानाधिमुत्तिकता ञाणं चतुत्थं तथागतबलं। ",
"ne21:31.1":	"इति ते यथाधिमुत्ता च भवन्ति, तं तं कम्मसमादानं समादियन्ति। ",
"ne21:31.2":	"ते छब्बिधं कम्मं समादियन्ति—",
"ne21:31.3":	"केचि लोभवसेन, केचि दोसवसेन, केचि मोहवसेन, केचि सद्धावसेन, केचि वीरियवसेन, केचि पञ्ञावसेन। ",
"ne21:31.4":	"तं विभज्जमानं दुविधं—",
"ne21:31.5":	"संसारगामि च निब्बानगामि च। ",
"ne21:32.1":	"तत्थ यं लोभवसेन दोसवसेन मोहवसेन च कम्मं करोति, इदं कम्मं कण्हं कण्हविपाकं। ",
"ne21:32.2":	"तत्थ यं सद्धावसेन कम्मं करोति, इदं कम्मं सुक्कं सुक्कविपाकं। ",
"ne21:32.3":	"तत्थ यं लोभवसेन दोसवसेन मोहवसेन सद्धावसेन च कम्मं करोति, इदं कम्मं कण्हसुक्कं कण्हसुक्कविपाकं। ",
"ne21:32.4":	"तत्थ यं वीरियवसेन पञ्ञावसेन च कम्मं करोति, इदं कम्मं अकण्हं असुक्कं अकण्हअसुक्कविपाकं कम्मुत्तमं कम्मसेट्ठं कम्मक्खयाय संवत्तति। ",
"ne21:33.1":	"चत्तारि कम्मसमादानानि—",
"ne21:33.2":	"अत्थि कम्मसमादानं पच्चुप्पन्नसुखं आयतिं दुक्खविपाकं, अत्थि कम्मसमादानं पच्चुप्पन्नदुक्खं आयतिं सुखविपाकं, अत्थि कम्मसमादानं पच्चुप्पन्नदुक्खञ्चेव आयतिञ्च दुक्खविपाकं, अत्थि कम्मसमादानं पच्चुप्पन्नसुखञ्चेव आयतिं च सुखविपाकं। ",
"ne21:33.3":	"यं एवं जातियं कम्मसमादानं, इमिना पुग्गलेन अकुसलकम्मसमादानं उपचितं अविपक्कं विपाकाय पच्चुपट्ठितं न च भब्बो अभिनिब्बिधा गन्तुन्ति तं भगवा न ओवदति। ",
"ne21:33.4":	"यथा देवदत्तं कोकालिकं सुनक्खत्तं लिच्छविपुत्तं, ये वा पनञ्ञेपि सत्ता मिच्छत्तनियता इमेसञ्च पुग्गलानं उपचितं अकुसलं न च ताव पारिपूरिं गतं, पुरा पारिपूरिं गच्छति। ",
"ne21:33.5":	"पुरा फलं निब्बत्तयति, पुरा मग्गमावारयति, पुरा वेनेय्यत्तं समतिक्कमतीति ते भगवा असमत्ते ओवदति। ",
"ne21:33.6":	"यथा पुण्णञ्च गोवतिकं अचेलञ्च कुक्कुरवतिकं। ",
"ne21:34.1":	"इमस्स च पुग्गलस्स अकुसलकम्मसमादानं परिपूरमानं मग्गं आवारयिस्सति पुरा पारिपूरिं गच्छति, पुरा फलं निब्बत्तयति, पुरा मग्गमावारयति, पुरा वेनेय्यत्तं समतिक्कमतीति तं भगवा असमत्तं ओवदति। ",
"ne21:34.2":	"यथा आयस्मन्तं अङ्गुलिमालं। ",
"ne21:35.1":	"सब्बेसं मुदुमज्झाधिमत्तता। ",
"ne21:35.2":	"तत्थ मुदु आनेञ्जाभिसङ्खारा मज्झं अवसेसकुसलसङ्खारा, अधिमत्तं अकुसलसङ्खारा, यं एत्थ ञाणं हेतुसो ठानसो अनोधिसो, इदं दिट्ठधम्मवेदनीयं, इदं उपपज्जवेदनीयं, इदं अपरापरियवेदनीयं, इदं निरयवेदनीयं, इदं तिरच्छानवेदनीयं, इदं पेत्तिविसयवेदनीयं, इदं असुरवेदनीयं, इदं देववेदनीयं, इदं मनुस्सवेदनीयन्ति, इदं वुच्चति अतीतानागतपच्चुप्पन्नानं कम्मसमादानानं हेतुसो ठानसो अनोधिसो विपाकवेमत्तता ञाणं पञ्चमं तथागतबलं। ",
"ne21:36.1":	"इति तथा समादिन्नानं कम्मानं समादिन्नानं झानानं विमोक्खानं समाधीनं समापत्तीनं अयं सङ्किलेसो, इदं वोदानं, इदं वुट्ठानं, एवं सङ्किलिस्सति, एवं वोदायति, एवं वुट्ठहतीति ञाणं अनावरणं। ",
"ne21:37.1":	"तत्थ कति झानानि? ",
"ne21:37.2":	"चत्तारि झानानि। ",
"ne21:37.3":	"कति विमोक्खा? ",
"ne21:37.4":	"एकादस च अट्ठ च सत्त च तयो च द्वे च। ",
"ne21:37.5":	"कति समाधी? ",
"ne21:37.6":	"तयो समाधी—",
"ne21:37.7":	"सवितक्को सविचारो समाधि, अवितक्को विचारमत्तो समाधि, अवितक्को अविचारो समाधि। ",
"ne21:37.8":	"कति समापत्तियो? ",
"ne21:37.9":	"पञ्च समापत्तियो—",
"ne21:37.10":	"सञ्ञासमापत्ति असञ्ञासमापत्ति नेवसञ्ञानासञ्ञासमापत्ति विभूतसञ्ञासमापत्ति निरोधसमापत्ति। ",
"ne21:38.1":	"तत्थ कतमो सङ्किलेसो? ",
"ne21:38.2":	"पठमज्झानस्स कामरागब्यापादा सङ्किलेसो। ",
"ne21:38.3":	"ये च कुक्कुटझायी द्वे पठमका यो वा पन कोचि हानभागियो समाधि, अयं सङ्किलेसो। ",
"ne21:38.4":	"तत्थ कतमं वोदानं, नीवरणपारिसुद्धि, पठमस्स झानस्स ये च कुक्कुटझायी द्वे पच्छिमका यो वा पन कोचि विसेसभागियो समाधि, इदं वोदानं। ",
"ne21:38.5":	"तत्थ कतमं वुट्ठानं? ",
"ne21:38.6":	"यं समापत्तिवुट्ठानकोसल्लं, इदं वुट्ठानं। ",
"ne21:38.7":	"यं एत्थ ञाणं हेतुसो ठानसो अनोधिसो, इदं वुच्चति सब्बेसं झानविमोक्खसमाधिसमापत्तीनं सङ्किलेसवोदानवुट्ठानञाणं छट्ठं तथागतबलं। ",
"ne21:39.1":	"इति तस्सेव समाधिस्स तयो धम्मा परिवारा इन्द्रियानि बलानि वीरियमिति, तानियेव इन्द्रियानि वीरियवसेन बलानि भवन्ति, आधिपतेय्यट्ठेन इन्द्रियानि, अकम्पियट्ठेन बलानि, इति तेसं मुदुमज्झाधिमत्तता अयं मुदिन्द्रियो अयं मज्झिन्द्रियो अयं तिक्खिन्द्रियोति। ",
"ne21:39.2":	"तत्थ भगवा तिक्खिन्द्रियं सङ्खित्तेन ओवादेन ओवदति, मज्झिन्द्रियं भगवा सङ्खित्तवित्थारेन ओवदति, मुदिन्द्रियं भगवा वित्थारेन ओवदति। ",
"ne21:39.3":	"तत्थ भगवा तिक्खिन्द्रियस्स मुदुकं धम्मदेसनं उपदिसति, मज्झिन्द्रियस्स भगवा मुदुतिक्खधम्मदेसनं उपदिसति, मुदिन्द्रियस्स भगवा तिक्खं धम्मदेसनं उपदिसति। ",
"ne21:39.4":	"तत्थ भगवा तिक्खिन्द्रियस्स समथं उपदिसति, मज्झिन्द्रियस्स भगवा समथविपस्सनं उपदिसति, मुदिन्द्रियस्स भगवा विपस्सनं उपदिसति। ",
"ne21:39.5":	"तत्थ भगवा तिक्खिन्द्रियस्स निस्सरणं उपदिसति, मज्झिन्द्रियस्स भगवा आदीनवञ्च निस्सरणञ्च उपदिसति, मुदिन्द्रियस्स भगवा अस्सादञ्च आदीनवञ्च निस्सरणञ्च उपदिसति। ",
"ne21:39.6":	"तत्थ भगवा तिक्खिन्द्रियस्स अधिपञ्ञासिक्खाय पञ्ञापयति, मज्झिन्द्रियस्स भगवा अधिचित्तसिक्खाय पञ्ञापयति, मुदिन्द्रियस्स भगवा अधिसीलसिक्खाय पञ्ञापयति। ",
"ne21:40.1":	"यं एत्थ ञाणं हेतुसो ठानसो अनोधिसो अयं इमं भूमिं भावनञ्च गतो, इमाय वेलाय इमाय अनुसासनिया एवं धातुको चायं अयं चस्स आसयो अयञ्च अनुसयो इति, इदं वुच्चति परसत्तानं परपुग्गलानं इन्द्रियपरोपरियत्तवेमत्तता ञाणं सत्तमं तथागतबलं। ",
"ne21:41.1":	"इति तत्थ यं अनेकविहितं पुब्बेनिवासं अनुस्सरति। ",
"ne21:41.2":	"सेय्यथिदं—",
"ne21:41.3":	"एकम्पि जातिं द्वेपि जातियो तिस्सोपि जातियो चतस्सोपि जातियो पञ्चपि जातियो दसपि जातियो वीसम्पि जातियो तिंसम्पि जातियो चत्तारीसम्पि जातियो पञ्ञासम्पि जातियो जातिसतम्पि जातिसहस्सम्पि जातिसतसहस्सम्पि अनेकानिपि जातिसतानि अनेकानिपि जातिसहस्सानि अनेकानिपि जातिसतसहस्सानि अनेकेपि संवट्टकप्पे अनेकेपि विवट्टकप्पे अनेकेपि संवट्टविवट्टकप्पे। ",
"ne21:41.4":	"अमुत्रासिं एवंनामो एवङ्गोत्तो एवंवण्णो एवमाहारो एवंसुखदुक्खप्पटिसंवेदी एवमायुपरियन्तो, सो ततो चुतो अमुत्र उदपादिं। ",
"ne21:41.5":	"तत्रापासिं एवंनामो एवङ्गोत्तो एवंवण्णो एवमाहारो एवंसुखदुक्खप्पटिसंवेदी एवमायुपरियन्तो, सो ततो चुतो इधूपपन्नोति, इति साकारं सौद्देसं अनेकविहितं पुब्बेनिवासं अनुस्सरति। ",
"ne21:42.1":	"तत्थ सग्गूपगेसु च सत्तेसु मनुस्सूपगेसु च सत्तेसु अपायूपगेसु च सत्तेसु इमस्स पुग्गलस्स लोभादयो उस्सन्ना अलोभादयो मन्दा, इमस्स पुग्गलस्स अलोभादयो उस्सन्ना लोभादयो मन्दा, ये वा पन उस्सन्ना ये वा पन मन्दा इमस्स पुग्गलस्स इमानि इन्द्रियानि उपचितानि इमस्स पुग्गलस्स इमानि इन्द्रियानि अनुपचितानि अमुकाय वा कप्पकोटियं कप्पसतसहस्से वा कप्पसहस्से वा कप्पसते वा कप्पे वा अन्तरकप्पे वा उपड्ढकप्पे वा संवच्छरे वा उपड्ढसंवच्छरे वा मासे वा पक्खे वा दिवसे वा मुहुत्ते वा इमिना पमादेन वा पसादेन वाति। ",
"ne21:42.2":	"तं तं भवं भगवा अनुस्सरन्तो असेसं जानाति, तत्थ यं दिब्बेन चक्खुना विसुद्धेन अतिक्कन्तमानुसकेन सत्ते पस्सति चवमाने उपपज्जमाने हीने पणीते सुवण्णे दुब्बण्णे सुगते दुग्गते यथाकम्मूपगे सत्ते पजानाति इमे वत भोन्तो सत्ता कायदुच्चरितेन समन्नागता वचीदुच्चरितेन समन्नागता मनोदुच्चरितेन समन्नागता अरियानं उपवादका मिच्छादिट्ठिका मिच्छादिट्ठिकम्मसमादाना, ते कायस्स भेदा परं मरणा अपायं दुग्गतिं विनिपातं निरयं उपपन्ना। ",
"ne21:43.1":	"इमे वा पन भोन्तो सत्ता कायसुचरितेन समन्नागता वचीसुचरितेन समन्नागता मनोसुचरितेन समन्नागता अरियानं अनुपवादका सम्मादिट्ठिका सम्मादिट्ठिकम्मसमादाना, ते कायस्स भेदा परं मरणा सुगतिं सग्गं लोकं उपपन्ना, तत्थ सग्गूपगेसु च सत्तेसु मनुस्सूपगेसु च सत्तेसु अपायूपगेसु च सत्तेसु इमिना पुग्गलेन एवरूपं कम्मं अमुकाय कप्पकोटियं उपचितं कप्पसतसहस्से वा कप्पसहस्से वा कप्पसते वा कप्पे वा अन्तरकप्पे वा उपड्ढकप्पे वा संवच्छरे वा उपड्ढसंवच्छरे वा मासे वा पक्खे वा दिवसे वा मुहुत्ते वा इमिना पमादेन वा पसादेन वाति। ",
"ne21:43.2":	"इमानि भगवतो द्वे ञाणानि—",
"ne21:43.3":	"पुब्बेनिवासानुस्सतिञाणञ्च दिब्बचक्खु च अट्ठमं नवमं तथागतबलं। ",
"ne21:44.1":	"इति तत्थ यं सब्बञ्ञुता पत्ता विदिता सब्बधम्मा विरजं वीतमलं उप्पन्नं सब्बञ्ञुतञाणं निहतो मारो बोधिमूले, इदं भगवतो दसमं बलं सब्बासवपरिक्खयं ञाणं। ",
"ne21:44.2":	"दसबलसमन्नागता हि बुद्धा भगवन्तोति। ",
"ne21:44.3":	"नियुत्तो विचयो हारसम्पातो। "
}	
