{	
"ne23:0.1":	"नेत्ति ",
"ne23:0.2":	"पटिनिद्देसवार ",
"ne23:0.3":	"सम्पात ४ ",
"ne23:0.4":	"पदट्ठानहारसम्पात ",
"ne23:1.1":	"तत्थ कतमो पदट्ठानो हारसम्पातो? ",
"ne23:2.1":	"“तस्मा रक्खितचित्तस्स, सम्मासङ्कप्पगोचरो”ति गाथा। ",
"ne23:2.2":	"“तस्मा रक्खितचित्तस्सा”ति तिण्णं सुचरितानं पदट्ठानं। ",
"ne23:2.3":	"“सम्मासङ्कप्पगोचरो”ति समथस्स पदट्ठानं। ",
"ne23:2.4":	"“सम्मादिट्ठिपुरेक्खारो”ति विपस्सनाय पदट्ठानं। ",
"ne23:2.5":	"“ञत्वान उदयब्बयन्”ति दस्सनभूमिया पदट्ठानं। ",
"ne23:2.6":	"“थिनमिद्धाभिभू भिक्खू”ति वीरियस्स पदट्ठानं। ",
"ne23:2.7":	"“सब्बा दुग्गतियो जहे”ति भावनाय पदट्ठानं। ",
"ne23:2.8":	"नियुत्तो पदट्ठानो हारसम्पातो। "
}	
