{	
"ne7:0.1":	"नेत्ति ",
"ne7:0.2":	"पटिनिद्देसवार ",
"ne7:0.3":	"विभङ्ग ४ ",
"ne7:0.4":	"पदट्ठानहारविभङ्ग ",
"ne7:1.1":	"तत्थ कतमो पदट्ठानो हारो? ",
"ne7:1.2":	"“धम्मं देसेति जिनो”ति, अयं पदट्ठानो हारो। ",
"ne7:1.3":	"किं देसेति? ",
"ne7:1.4":	"सब्बधम्मयाथावअसम्पटिवेधलक्खणा अविज्जा, तस्सा विपल्लासा पदट्ठानं। ",
"ne7:1.5":	"अज्झोसानलक्खणा तण्हा, तस्सा पियरूपं सातरूपं पदट्ठानं। ",
"ne7:1.6":	"पत्थनलक्खणो लोभो, तस्स अदिन्नादानं पदट्ठानं। ",
"ne7:1.7":	"वण्णसण्ठानब्यञ्जनग्गहणलक्खणा सुभसञ्ञा, तस्सा इन्द्रिया संवरो पदट्ठानं। ",
"ne7:1.8":	"सासवफस्सौपगमनलक्खणा सुखसञ्ञा, तस्सा अस्सादो पदट्ठानं। ",
"ne7:1.9":	"सङ्खतलक्खणानं धम्मानं असमनुपस्सनलक्खणा निच्चसञ्ञा, तस्सा विञ्ञाणं पदट्ठानं। ",
"ne7:1.10":	"अनिच्चसञ्ञादुक्खसञ्ञाअसमनुपस्सनलक्खणा अत्तसञ्ञा, तस्सा नामकायो पदट्ठानं। ",
"ne7:1.11":	"सब्बधम्मसम्पटिवेधलक्खणा विज्जा, तस्सा सब्बं नेय्यं पदट्ठानं। ",
"ne7:1.12":	"चित्तविक्खेपपटिसंहरणलक्खणो समथो, तस्स असुभा पदट्ठानं। ",
"ne7:1.13":	"इच्छावचरपटिसंहरणलक्खणो अलोभो, तस्स अदिन्नादाना वेरमणी पदट्ठानं। ",
"ne7:1.14":	"अब्यापज्जलक्खणो अदोसो, तस्स पाणातिपाता वेरमणी पदट्ठानं। ",
"ne7:1.15":	"वत्थुअविप्पटिपत्तिलक्खणो अमोहो, तस्स सम्मापटिपत्ति पदट्ठानं। ",
"ne7:1.16":	"विनीलकविपुब्बकगहणलक्खणा असुभसञ्ञा, तस्सा निब्बिदा पदट्ठानं। ",
"ne7:1.17":	"सासवफस्सपरिजाननलक्खणा दुक्खसञ्ञा, तस्सा वेदना पदट्ठानं। ",
"ne7:1.18":	"सङ्खतलक्खणानं धम्मानं समनुपस्सनलक्खणा अनिच्चसञ्ञा, तस्सा उप्पादवया पदट्ठानं। ",
"ne7:1.19":	"सब्बधम्मअभिनिवेसलक्खणा अनत्तसञ्ञा, तस्सा धम्मसञ्ञा पदट्ठानं। ",
"ne7:2.1":	"पञ्च कामगुणा कामरागस्स पदट्ठानं, पञ्चिन्द्रियानि रूपीनि रूपरागस्स पदट्ठानं, छट्ठायतनं भवरागस्स पदट्ठानं, निब्बत्तभवानुपस्सिता पञ्चन्नं उपादानक्खन्धानं पदट्ठानं, पुब्बेनिवासानुस्सतिञाणदस्सनस्स पदट्ठानं। ",
"ne7:2.2":	"ओकप्पनलक्खणा सद्धा अधिमुत्तिपच्चुपट्ठाना च, अनाविललक्खणो पसादो सम्पसीदनपच्चुपट्ठानो च। ",
"ne7:2.3":	"अभिपत्थियनलक्खणा सद्धा, तस्सा अवेच्चप्पसादो पदट्ठानं। ",
"ne7:2.4":	"अनाविललक्खणो पसादो, तस्स सद्धा पदट्ठानं। ",
"ne7:2.5":	"आरम्भलक्खणं वीरियं, तस्स सम्मप्पधानं पदट्ठानं। ",
"ne7:2.6":	"अपिलापनलक्खणा सति, तस्सा सतिपट्ठानं पदट्ठानं। ",
"ne7:2.7":	"एकग्गलक्खणो समाधि, तस्स झानानि पदट्ठानं। ",
"ne7:2.8":	"पजाननलक्खणा पञ्ञा, तस्सा सच्चानि पदट्ठानं। ",
"ne7:3.1":	"अपरो नयो, अस्सादमनसिकारलक्खणो अयोनिसोमनसिकारो, तस्स अविज्जा पदट्ठानं। ",
"ne7:3.2":	"सच्चसम्मोहनलक्खणा अविज्जा, सा सङ्खारानं पदट्ठानं। ",
"ne7:3.3":	"पुनब्भवविरोहणलक्खणा सङ्खारा, ते विञ्ञाणस्स पदट्ठानं। ",
"ne7:3.4":	"ओपपच्चयिकनिब्बत्तिलक्खणं विञ्ञाणं, तं नामरूपस्स पदट्ठानं। ",
"ne7:3.5":	"नामकायरूपकायसङ्घातलक्खणं नामरूपं, तं छळायतनस्स पदट्ठानं। ",
"ne7:3.6":	"इन्द्रियववत्थानलक्खणं छळायतनं, तं फस्सस्स पदट्ठानं। ",
"ne7:3.7":	"चक्खुरूपविञ्ञाणसन्निपातलक्खणो फस्सो, सो वेदनाय पदट्ठानं। ",
"ne7:3.8":	"इट्ठानिट्ठअनुभवनलक्खणा वेदना, सा तण्हाय पदट्ठानं। ",
"ne7:3.9":	"अज्झोसानलक्खणा तण्हा, सा उपादानस्स पदट्ठानं। ",
"ne7:3.10":	"ओपपच्चयिकं उपादानं, तं भवस्स पदट्ठानं। ",
"ne7:3.11":	"नामकायरूपकायसम्भवनलक्खणो भवो, सो जातिया पदट्ठानं। ",
"ne7:3.12":	"खन्धपातुभवनलक्खणा जाति, सा जराय पदट्ठानं। ",
"ne7:3.13":	"उपधिपरिपाकलक्खणा जरा, सा मरणस्स पदट्ठानं। ",
"ne7:3.14":	"जीवितिन्द्रियुपच्छेदलक्खणं मरणं, तं सोकस्स पदट्ठानं। ",
"ne7:3.15":	"उस्सुक्ककारको सोको, सो परिदेवस्स पदट्ठानं। ",
"ne7:3.16":	"लालप्पकारको परिदेवो, सो दुक्खस्स पदट्ठानं। ",
"ne7:3.17":	"कायसम्पीळनं दुक्खं, तं दोमनस्सस्स पदट्ठानं। ",
"ne7:3.18":	"चित्तसम्पीळनं दोमनस्सं, तं उपायासस्स पदट्ठानं। ",
"ne7:3.19":	"ओदहनकारको उपायासो, सो भवस्स पदट्ठानं। ",
"ne7:3.20":	"इमानि भवङ्गानि यदा समग्गानि निब्बत्तानि भवन्ति सो भवो, तं संसारस्स पदट्ठानं। ",
"ne7:3.21":	"निय्यानिकलक्खणो मग्गो, सो निरोधस्स पदट्ठानं। ",
"ne7:4.1":	"तित्थञ्ञुता पीतञ्ञुताय पदट्ठानं, पीतञ्ञुता पत्तञ्ञुताय पदट्ठानं, पत्तञ्ञुता अत्तञ्ञुताय पदट्ठानं, अत्तञ्ञुता पुब्बेकतपुञ्ञताय पदट्ठानं, पुब्बेकतपुञ्ञता पतिरूपदेसवासस्स पदट्ठानं, पतिरूपदेसवासो सप्पुरिसूपनिस्सयस्स पदट्ठानं, सप्पुरिसूपनिस्सयो अत्तसम्मापणिधानस्स पदट्ठानं, अत्तसम्मापणिधानं सीलानं पदट्ठानं, सीलानि अविप्पटिसारस्स पदट्ठानं, अविप्पटिसारो पामोज्जस्स पदट्ठानं, पामोज्जं पीतिया पदट्ठानं, पीति पस्सद्धिया पदट्ठानं, पस्सद्धि सुखस्स पदट्ठानं, सुखं समाधिस्स पदट्ठानं, समाधि यथाभूतञाणदस्सनस्स पदट्ठानं, यथाभूतञाणदस्सनं निब्बिदाय पदट्ठानं, निब्बिदा विरागस्स पदट्ठानं, विरागो विमुत्तिया पदट्ठानं। ",
"ne7:4.2":	"विमुत्ति विमुत्तिञाणदस्सनस्स पदट्ठानं। ",
"ne7:4.3":	"एवं यो कोचि उपनिस्सयो यो कोचि पच्चयो, सब्बो सो पदट्ठानं। ",
"ne7:4.4":	"तेनाह आयस्मा महाकच्चायनो “धम्मं देसेति जिनो”ति। ",
"ne7:4.5":	"नियुत्तो पदट्ठानो हारो। "
}	
