{	
"ps2.4:0.1":	"पटिसम्भिदामग्ग ",
"ps2.4:0.2":	"२ युगनद्धवग्ग ",
"ps2.4:0.3":	"२।४। मेत्ताकथा ",
"ps2.4:1.1":	"सावत्थिनिदानं। ",
"ps2.4:1.2":	"“मेत्ताय, भिक्खवे, चेतोविमुत्तिया आसेविताय भाविताय बहुलीकताय यानीकताय वत्थुकताय अनुट्ठिताय परिचिताय सुसमारद्धाय एकादसानिसंसा पाटिकङ्खा। ",
"ps2.4:1.3":	"कतमे एकादस? ",
"ps2.4:1.4":	"सुखं सुपति, सुखं पटिबुज्झति, न पापकं सुपिनं पस्सति, मनुस्सानं पियो होति, अमनुस्सानं पियो होति, देवता रक्खन्ति, नास्स अग्गि वा विसं वा सत्थं वा कमति, तुवटं चित्तं समाधियति, मुखवण्णो विप्पसीदति, असम्मूळ्हो कालं करोति, उत्तरि अप्पटिविज्झन्तो ब्रह्मलोकूपगो होति। ",
"ps2.4:1.5":	"मेत्ताय, भिक्खवे, चेतोविमुत्तिया आसेविताय भाविताय बहुलीकताय यानीकताय वत्थुकताय अनुट्ठिताय परिचिताय सुसमारद्धाय—",
"ps2.4:1.6":	"इमे एकादसानिसंसा पाटिकङ्खा”। ",
"ps2.4:2.1":	"अत्थि अनोधिसो फरणा मेत्ताचेतोविमुत्ति, अत्थि ओधिसो फरणा मेत्ताचेतोविमुत्ति, अत्थि दिसाफरणा मेत्ताचेतोविमुत्ति। ",
"ps2.4:2.2":	"कतिहाकारेहि अनोधिसो फरणा मेत्ताचेतोविमुत्ति, कतिहाकारेहि ओधिसो फरणा मेत्ताचेतोविमुत्ति, कतिहाकारेहि दिसाफरणा मेत्ताचेतोविमुत्ति? ",
"ps2.4:2.3":	"पञ्चहाकारेहि अनोधिसो फरणा मेत्ताचेतोविमुत्ति, सत्तहाकारेहि ओधिसो फरणा मेत्ताचेतोविमुत्ति, दसहाकारेहि दिसाफरणा मेत्ताचेतोविमुत्ति। ",
"ps2.4:3.1":	"कतमेहि पञ्चहाकारेहि अनोधिसो फरणा मेत्ताचेतोविमुत्ति? ",
"ps2.4:3.2":	"सब्बे सत्ता अवेरा अब्यापज्जा अनीघा सुखी अत्तानं परिहरन्तु। ",
"ps2.4:3.3":	"सब्बे पाणा …पे… ",
"ps2.4:3.4":	"सब्बे भूता …पे… ",
"ps2.4:3.5":	"सब्बे पुग्गला …पे… ",
"ps2.4:3.6":	"सब्बे अत्तभावपरियापन्ना अवेरा अब्यापज्जा अनीघा सुखी अत्तानं परिहरन्तूति। ",
"ps2.4:3.7":	"इमेहि पञ्चहाकारेहि अनोधिसो फरणा मेत्ताचेतोविमुत्ति। ",
"ps2.4:4.1":	"कतमेहि सत्तहाकारेहि ओधिसो फरणा मेत्ताचेतोविमुत्ति? ",
"ps2.4:4.2":	"सब्बा इत्थियो अवेरा अब्यापज्जा अनीघा सुखी अत्तानं परिहरन्तु। ",
"ps2.4:4.3":	"सब्बे पुरिसा …पे… ",
"ps2.4:4.4":	"सब्बे अरिया …पे… ",
"ps2.4:4.5":	"सब्बे अनरिया …पे… ",
"ps2.4:4.6":	"सब्बे देवा …पे… ",
"ps2.4:4.7":	"सब्बे मनुस्सा …पे… ",
"ps2.4:4.8":	"सब्बे विनिपातिका अवेरा अब्यापज्जा अनीघा सुखी अत्तानं परिहरन्तूति। ",
"ps2.4:4.9":	"इमेहि सत्तहाकारेहि ओधिसो फरणा मेत्ताचेतोविमुत्ति। ",
"ps2.4:5.1":	"कतमेहि दसहाकारेहि दिसाफरणा मेत्ताचेतोविमुत्ति? ",
"ps2.4:5.2":	"सब्बे पुरत्थिमाय दिसाय सत्ता अवेरा अब्यापज्जा अनीघा सुखी अत्तानं परिहरन्तु। ",
"ps2.4:5.3":	"सब्बे पच्छिमाय दिसाय सत्ता …पे… ",
"ps2.4:5.4":	"सब्बे उत्तराय दिसाय सत्ता …पे… ",
"ps2.4:5.5":	"सब्बे दक्खिणाय दिसाय सत्ता …पे… ",
"ps2.4:5.6":	"सब्बे पुरत्थिमाय अनुदिसाय सत्ता …पे… ",
"ps2.4:5.7":	"सब्बे पच्छिमाय अनुदिसाय सत्ता …पे… ",
"ps2.4:5.8":	"सब्बे उत्तराय अनुदिसाय सत्ता …पे… ",
"ps2.4:5.9":	"सब्बे दक्खिणाय अनुदिसाय सत्ता …पे… ",
"ps2.4:5.10":	"सब्बे हेट्ठिमाय दिसाय सत्ता …पे… ",
"ps2.4:5.11":	"सब्बे उपरिमाय दिसाय सत्ता अवेरा अब्यापज्जा अनीघा सुखी अत्तानं परिहरन्तु। ",
"ps2.4:5.12":	"सब्बे पुरत्थिमाय दिसाय पाणा …पे… ",
"ps2.4:5.13":	"भूता … ",
"ps2.4:5.14":	"पुग्गला … ",
"ps2.4:5.15":	"अत्तभावपरियापन्ना … ",
"ps2.4:5.16":	"सब्बा इत्थियो … ",
"ps2.4:5.17":	"सब्बे पुरिसा … ",
"ps2.4:5.18":	"सब्बे अरिया … ",
"ps2.4:5.19":	"सब्बे अनरिया … ",
"ps2.4:5.20":	"सब्बे देवा … ",
"ps2.4:5.21":	"सब्बे मनुस्सा … ",
"ps2.4:5.22":	"सब्बे विनिपातिका अवेरा अब्यापज्जा अनीघा सुखी अत्तानं परिहरन्तु। ",
"ps2.4:5.23":	"सब्बे पच्छिमाय दिसाय विनिपातिका …पे… ",
"ps2.4:5.24":	"सब्बे उत्तराय दिसाय विनिपातिका … ",
"ps2.4:5.25":	"सब्बे दक्खिणाय दिसाय विनिपातिका … ",
"ps2.4:5.26":	"सब्बे पुरत्थिमाय अनुदिसाय विनिपातिका … ",
"ps2.4:5.27":	"सब्बे पच्छिमाय अनुदिसाय विनिपातिका … ",
"ps2.4:5.28":	"सब्बे उत्तराय अनुदिसाय विनिपातिका … ",
"ps2.4:5.29":	"सब्बे दक्खिणाय अनुदिसाय विनिपातिका … ",
"ps2.4:5.30":	"सब्बे हेट्ठिमाय दिसाय विनिपातिका … ",
"ps2.4:5.31":	"सब्बे उपरिमाय दिसाय विनिपातिका अवेरा अब्यापज्जा अनीघा सुखी अत्तानं परिहरन्तूति। ",
"ps2.4:5.32":	"इमेहि दसहाकारेहि दिसाफरणा मेत्ताचेतोविमुत्ति। ",
"ps2.4:6.0":	"२।४।१। इन्द्रियवार ",
"ps2.4:6.1":	"सब्बेसं सत्तानं पीळनं वज्जेत्वा अपीळनाय, उपघातं वज्जेत्वा अनुपघातेन, सन्तापं वज्जेत्वा असन्तापेन, परियादानं वज्जेत्वा अपरियादानेन, विहेसं वज्जेत्वा अविहेसाय, सब्बे सत्ता अवेरिनो होन्तु मा वेरिनो, सुखिनो होन्तु मा दुक्खिनो, सुखितत्ता होन्तु मा दुक्खितत्ताति—",
"ps2.4:6.2":	"इमेहि अट्ठहाकारेहि सब्बे सत्ते मेत्तायतीति—मेत्ता। ",
"ps2.4:6.3":	"तं धम्मं चेतयतीति—चेतो। ",
"ps2.4:6.4":	"सब्बब्यापादपरियुट्ठानेहि विमुच्चतीति—विमुत्ति। ",
"ps2.4:6.5":	"मेत्ता च चेतो च विमुत्ति चाति—मेत्ताचेतोविमुत्ति। ",
"ps2.4:7.1":	"सब्बे सत्ता अवेरिनो होन्तु, खेमिनो होन्तु, सुखिनो होन्तूति—",
"ps2.4:7.2":	"सद्धाय अधिमुच्चति। ",
"ps2.4:7.3":	"सद्धिन्द्रियपरिभाविता होति मेत्ताचेतोविमुत्ति। ",
"ps2.4:8.1":	"सब्बे सत्ता अवेरिनो होन्तु, खेमिनो होन्तु, सुखिनो होन्तूति—",
"ps2.4:8.2":	"वीरियं पग्गण्हाति। ",
"ps2.4:8.3":	"वीरियिन्द्रियपरिभाविता होति मेत्ताचेतोविमुत्ति। ",
"ps2.4:9.1":	"सब्बे सत्ता अवेरिनो होन्तु, खेमिनो होन्तु, सुखिनो होन्तूति—",
"ps2.4:9.2":	"सतिं उपट्ठापेति। ",
"ps2.4:9.3":	"सतिन्द्रियपरिभाविता होति मेत्ताचेतोविमुत्ति। ",
"ps2.4:10.1":	"सब्बे सत्ता अवेरिनो होन्तु, खेमिनो होन्तु, सुखिनो होन्तूति—",
"ps2.4:10.2":	"चित्तं समादहति। ",
"ps2.4:10.3":	"समाधिन्द्रियपरिभाविता होति मेत्ताचेतोविमुत्ति। ",
"ps2.4:11.1":	"सब्बे सत्ता अवेरिनो होन्तु, खेमिनो होन्तु, सुखिनो होन्तूति—",
"ps2.4:11.2":	"पञ्ञाय पजानाति। ",
"ps2.4:11.3":	"पञ्ञिन्द्रियपरिभाविता होति मेत्ताचेतोविमुत्ति। ",
"ps2.4:12.1":	"इमानि पञ्चिन्द्रियानि मेत्ताय चेतोविमुत्तिया आसेवना होन्ति। ",
"ps2.4:12.2":	"इमेहि पञ्चहि इन्द्रियेहि मेत्ताचेतोविमुत्ति आसेवीयति। ",
"ps2.4:12.3":	"इमानि पञ्चिन्द्रियानि मेत्ताय चेतोविमुत्तिया भावना होन्ति। ",
"ps2.4:12.4":	"इमेहि पञ्चहि इन्द्रियेहि मेत्ताचेतोविमुत्ति भावीयति। ",
"ps2.4:12.5":	"इमानि पञ्चिन्द्रियानि मेत्ताय चेतोविमुत्तिया बहुलीकता होन्ति। ",
"ps2.4:12.6":	"इमेहि पञ्चहि इन्द्रियेहि मेत्ताचेतोविमुत्ति बहुलीकरीयति। ",
"ps2.4:12.7":	"इमानि पञ्चिन्द्रियानि मेत्ताय चेतोविमुत्तिया अलङ्कारा होन्ति। ",
"ps2.4:12.8":	"इमेहि पञ्चहि इन्द्रियेहि मेत्ताचेतोविमुत्ति स्वालङ्कता होति। ",
"ps2.4:12.9":	"इमानि पञ्चिन्द्रियानि मेत्ताय चेतोविमुत्तिया परिक्खारा होन्ति। ",
"ps2.4:12.10":	"इमेहि पञ्चहि इन्द्रियेहि मेत्ताचेतोविमुत्ति सुपरिक्खता होति। ",
"ps2.4:13.1":	"इमानि पञ्चिन्द्रियानि मेत्ताय चेतोविमुत्तिया परिवारा होन्ति। ",
"ps2.4:13.2":	"इमेहि पञ्चहि इन्द्रियेहि मेत्ताचेतोविमुत्ति सुपरिवुता होति। ",
"ps2.4:13.3":	"इमानि पञ्चिन्द्रियानि मेत्ताय चेतोविमुत्तिया आसेवना होन्ति, भावना होन्ति, बहुलीकता होन्ति, अलङ्कारा होन्ति, परिक्खारा होन्ति, परिवारा होन्ति, पारिपूरी होन्ति, सहगता होन्ति, सहजाता होन्ति, संसट्ठा होन्ति, सम्पयुत्ता होन्ति, पक्खन्दना होन्ति, पसीदना होन्ति, सन्तिट्ठना होन्ति, विमुच्चना होन्ति, “एतं सन्तन्”ति फस्सना होन्ति, यानीकता होन्ति, वत्थुकता होन्ति, अनुट्ठिता होन्ति, परिचिता होन्ति, सुसमारद्धा होन्ति, सुभाविता होन्ति, स्वाधिट्ठिता होन्ति, सुसमुग्गता होन्ति, सुविमुत्ता होन्ति, निब्बत्तेन्ति जोतेन्ति पतापेन्ति। ",
"ps2.4:14.0":	"२।४।२। बलवार ",
"ps2.4:14.1":	"सब्बे सत्ता अवेरिनो होन्तु, खेमिनो होन्तु, सुखिनो होन्तूति—",
"ps2.4:14.2":	"अस्सद्धिये न कम्पति। ",
"ps2.4:14.3":	"सद्धाबलपरिभाविता होति मेत्ताचेतोविमुत्ति। ",
"ps2.4:15.1":	"सब्बे सत्ता अवेरिनो होन्तु, खेमिनो होन्तु, सुखिनो होन्तूति—",
"ps2.4:15.2":	"कोसज्जे न कम्पति। ",
"ps2.4:15.3":	"वीरियबलपरिभाविता होति मेत्ताचेतोविमुत्ति। ",
"ps2.4:16.1":	"सब्बे सत्ता अवेरिनो होन्तु, खेमिनो होन्तु, सुखिनो होन्तूति—",
"ps2.4:16.2":	"पमादे न कम्पति। ",
"ps2.4:16.3":	"सतिबलपरिभाविता होति मेत्ताचेतोविमुत्ति। ",
"ps2.4:17.1":	"सब्बे सत्ता अवेरिनो होन्तु, खेमिनो होन्तु, सुखिनो होन्तूति—",
"ps2.4:17.2":	"उद्धच्चे न कम्पति। ",
"ps2.4:17.3":	"समाधिबलपरिभाविता होति मेत्ताचेतोविमुत्ति। ",
"ps2.4:18.1":	"सब्बे सत्ता अवेरिनो होन्तु, खेमिनो होन्तु, सुखिनो होन्तूति—",
"ps2.4:18.2":	"अविज्जाय न कम्पति। ",
"ps2.4:18.3":	"पञ्ञाबलपरिभाविता होति मेत्ताचेतोविमुत्ति। ",
"ps2.4:19.1":	"इमानि पञ्च बलानि मेत्ताय चेतोविमुत्तिया आसेवना होन्ति। ",
"ps2.4:19.2":	"इमेहि पञ्चहि बलेहि मेत्ताचेतोविमुत्ति आसेवीयति। ",
"ps2.4:19.3":	"इमानि पञ्च बलानि मेत्ताय चेतोविमुत्तिया भावना होन्ति। ",
"ps2.4:19.4":	"इमेहि पञ्चहि बलेहि मेत्ताचेतोविमुत्ति भावीयति। ",
"ps2.4:19.5":	"इमानि पञ्च बलानि मेत्ताय चेतोविमुत्तिया बहुलीकता होन्ति। ",
"ps2.4:19.6":	"इमेहि पञ्चहि बलेहि मेत्ताचेतोविमुत्ति बहुलीकरीयति। ",
"ps2.4:19.7":	"इमानि पञ्च बलानि मेत्ताय चेतोविमुत्तिया अलङ्कारा होन्ति। ",
"ps2.4:19.8":	"इमेहि पञ्चहि बलेहि मेत्ताचेतोविमुत्ति स्वालङ्कता होति। ",
"ps2.4:19.9":	"इमानि पञ्च बलानि मेत्ताय चेतोविमुत्तिया परिक्खारा होन्ति। ",
"ps2.4:19.10":	"इमेहि पञ्चहि बलेहि मेत्ताचेतोविमुत्ति सुपरिक्खता होति। ",
"ps2.4:19.11":	"इमानि पञ्च बलानि मेत्ताय चेतोविमुत्तिया परिवारा होन्ति। ",
"ps2.4:19.12":	"इमेहि पञ्चहि बलेहि मेत्ताचेतोविमुत्ति सुपरिवुता होति। ",
"ps2.4:19.13":	"इमानि पञ्च बलानि मेत्ताय चेतोविमुत्तिया आसेवना होन्ति, भावना होन्ति, बहुलीकता होन्ति, अलङ्कारा होन्ति, परिक्खारा होन्ति, परिवारा होन्ति, पारिपूरी होन्ति, सहगता होन्ति, सहजाता होन्ति, संसट्ठा होन्ति, सम्पयुत्ता होन्ति, पक्खन्दना होन्ति, पसीदना होन्ति, सन्तिट्ठना होन्ति, विमुच्चना होन्ति, “एतं सन्तन्”ति फस्सना होन्ति, यानीकता होन्ति, वत्थुकता होन्ति, अनुट्ठिता होन्ति, परिचिता होन्ति, सुसमारद्धा होन्ति, सुभाविता होन्ति, स्वाधिट्ठिता होन्ति, सुसमुग्गता होन्ति, सुविमुत्ता होन्ति निब्बत्तेन्ति जोतेन्ति पतापेन्ति। ",
"ps2.4:20.0":	"२।४।३। बोज्झङ्गवार ",
"ps2.4:20.1":	"सब्बे सत्ता अवेरिनो होन्तु, खेमिनो होन्तु, सुखिनो होन्तूति—",
"ps2.4:20.2":	"सतिं उपट्ठापेति। ",
"ps2.4:20.3":	"सतिसम्बोज्झङ्गपरिभाविता होति मेत्ताचेतोविमुत्ति। ",
"ps2.4:21.1":	"सब्बे सत्ता अवेरिनो होन्तु, खेमिनो होन्तु, सुखिनो होन्तूति—",
"ps2.4:21.2":	"पञ्ञाय पविचिनाति। ",
"ps2.4:21.3":	"धम्मविचयसम्बोज्झङ्गपरिभाविता होति मेत्ताचेतोविमुत्ति। ",
"ps2.4:22.1":	"सब्बे सत्ता अवेरिनो होन्तु, खेमिनो होन्तु, सुखिनो होन्तूति—",
"ps2.4:22.2":	"वीरियं पग्गण्हाति। ",
"ps2.4:22.3":	"वीरियसम्बोज्झङ्गपरिभाविता होति मेत्ताचेतोविमुत्ति। ",
"ps2.4:23.1":	"सब्बे सत्ता अवेरिनो होन्तु, खेमिनो होन्तु, सुखिनो होन्तूति—",
"ps2.4:23.2":	"परिळाहं पटिप्पस्सम्भेति। ",
"ps2.4:23.3":	"पीतिसम्बोज्झङ्गपरिभाविता होति मेत्ताचेतोविमुत्ति। ",
"ps2.4:24.1":	"सब्बे सत्ता अवेरिनो होन्तु, खेमिनो होन्तु, सुखिनो होन्तूति—",
"ps2.4:24.2":	"दुट्ठुल्लं पटिप्पस्सम्भेति। ",
"ps2.4:24.3":	"पस्सद्धिसम्बोज्झङ्गपरिभाविता होति मेत्ताचेतोविमुत्ति। ",
"ps2.4:25.1":	"सब्बे सत्ता अवेरिनो होन्तु, खेमिनो होन्तु, सुखिनो होन्तूति—",
"ps2.4:25.2":	"चित्तं समादहति। ",
"ps2.4:25.3":	"समाधिसम्बोज्झङ्गपरिभाविता होति मेत्ताचेतोविमुत्ति। ",
"ps2.4:26.1":	"सब्बे सत्ता अवेरिनो होन्तु, खेमिनो होन्तु, सुखिनो होन्तूति—",
"ps2.4:26.2":	"ञाणेन किलेसे पटिसङ्खाति। ",
"ps2.4:26.3":	"उपेक्खासम्बोज्झङ्गपरिभाविता होति मेत्ताचेतोविमुत्ति। ",
"ps2.4:27.1":	"इमे सत्त बोज्झङ्गा मेत्ताय चेतोविमुत्तिया आसेवना होन्ति। ",
"ps2.4:27.2":	"इमेहि सत्तहि बोज्झङ्गेहि मेत्ताचेतोविमुत्ति आसेवीयति। ",
"ps2.4:27.3":	"इमे सत्त बोज्झङ्गा मेत्ताय चेतोविमुत्तिया भावना होन्ति। ",
"ps2.4:27.4":	"इमेहि सत्तहि बोज्झङ्गेहि मेत्ताचेतोविमुत्ति भावीयति। ",
"ps2.4:27.5":	"इमे सत्त बोज्झङ्गा मेत्ताय चेतोविमुत्तिया बहुलीकता होन्ति। ",
"ps2.4:27.6":	"इमेहि सत्तहि बोज्झङ्गेहि मेत्ताचेतोविमुत्ति बहुलीकरीयति। ",
"ps2.4:27.7":	"इमे सत्त बोज्झङ्गा मेत्ताय चेतोविमुत्तिया अलङ्कारा होन्ति। ",
"ps2.4:27.8":	"इमेहि सत्तहि बोज्झङ्गेहि मेत्ताचेतोविमुत्ति स्वालङ्कता होति। ",
"ps2.4:27.9":	"इमे सत्त बोज्झङ्गा मेत्ताय चेतोविमुत्तिया परिक्खारा होन्ति। ",
"ps2.4:27.10":	"इमेहि सत्तहि बोज्झङ्गेहि मेत्ताचेतोविमुत्ति सुपरिक्खता होति। ",
"ps2.4:27.11":	"इमे सत्त बोज्झङ्गा मेत्ताय चेतोविमुत्तिया परिवारा होन्ति। ",
"ps2.4:27.12":	"इमेहि सत्तहि बोज्झङ्गेहि मेत्ताचेतोविमुत्ति सुपरिवुता होति। ",
"ps2.4:27.13":	"इमे सत्त बोज्झङ्गा मेत्ताय चेतोविमुत्तिया आसेवना होन्ति, भावना होन्ति, बहुलीकता होन्ति, अलङ्कारा होन्ति, परिक्खारा होन्ति, परिवारा होन्ति, पारिपूरी होन्ति, सहगता होन्ति, सहजाता होन्ति, संसट्ठा होन्ति, सम्पयुत्ता होन्ति, पक्खन्दना होन्ति, पसीदना होन्ति, सन्तिट्ठना होन्ति, विमुच्चना होन्ति, “एतं सन्तन्”ति फस्सना होन्ति, यानीकता होन्ति, वत्थुकता होन्ति, अनुट्ठिता होन्ति, परिचिता होन्ति, सुसमारद्धा होन्ति, सुभाविता होन्ति, स्वाधिट्ठिता होन्ति, सुसमुग्गता होन्ति, सुविमुत्ता होन्ति, निब्बत्तेन्ति जोतेन्ति पतापेन्ति। ",
"ps2.4:28.0":	"२।४।४। मग्गङ्गवार ",
"ps2.4:28.1":	"सब्बे सत्ता अवेरिनो होन्तु, खेमिनो होन्तु, सुखिनो होन्तूति—",
"ps2.4:28.2":	"सम्मा पस्सति। ",
"ps2.4:28.3":	"सम्मादिट्ठिपरिभाविता होति मेत्ताचेतोविमुत्ति। ",
"ps2.4:29.1":	"सब्बे सत्ता अवेरिनो होन्तु, खेमिनो होन्तु, सुखिनो होन्तूति—",
"ps2.4:29.2":	"सम्मा अभिनिरोपेति। ",
"ps2.4:29.3":	"सम्मासङ्कप्पपरिभाविता होति मेत्ताचेतोविमुत्ति। ",
"ps2.4:30.1":	"सब्बे सत्ता अवेरिनो होन्तु, खेमिनो होन्तु, सुखिनो होन्तूति—",
"ps2.4:30.2":	"सम्मा परिग्गण्हाति। ",
"ps2.4:30.3":	"सम्मावाचापरिभाविता होति मेत्ताचेतोविमुत्ति। ",
"ps2.4:31.1":	"सब्बे सत्ता अवेरिनो होन्तु, खेमिनो होन्तु, सुखिनो होन्तूति—",
"ps2.4:31.2":	"सम्मा समुट्ठापेति। ",
"ps2.4:31.3":	"सम्माकम्मन्तपरिभाविता होति मेत्ताचेतोविमुत्ति। ",
"ps2.4:32.1":	"सब्बे सत्ता अवेरिनो होन्तु, खेमिनो होन्तु, सुखिनो होन्तूति—",
"ps2.4:32.2":	"सम्मा वोदापेति। ",
"ps2.4:32.3":	"सम्माआजीवपरिभाविता होति मेत्ताचेतोविमुत्ति। ",
"ps2.4:33.1":	"सब्बे सत्ता अवेरिनो होन्तु, खेमिनो होन्तु, सुखिनो होन्तूति—",
"ps2.4:33.2":	"सम्मा पग्गण्हाति। ",
"ps2.4:33.3":	"सम्मावायामपरिभाविता होति मेत्ताचेतोविमुत्ति। ",
"ps2.4:34.1":	"सब्बे सत्ता अवेरिनो होन्तु, खेमिनो होन्तु, सुखिनो होन्तूति—",
"ps2.4:34.2":	"सम्मा उपट्ठापेति। ",
"ps2.4:34.3":	"सम्मासतिपरिभाविता होति मेत्ताचेतोविमुत्ति। ",
"ps2.4:35.1":	"सब्बे सत्ता अवेरिनो होन्तु, खेमिनो होन्तु, सुखिनो होन्तूति—",
"ps2.4:35.2":	"सम्मा समादहति। ",
"ps2.4:35.3":	"सम्मासमाधिपरिभाविता होति मेत्ताचेतोविमुत्ति। ",
"ps2.4:36.1":	"इमे अट्ठ मग्गङ्गा मेत्ताय चेतोविमुत्तिया आसेवना होन्ति। ",
"ps2.4:36.2":	"इमेहि अट्ठहि मग्गङ्गेहि मेत्ताचेतोविमुत्ति आसेवीयति। ",
"ps2.4:36.3":	"इमे अट्ठ मग्गङ्गा मेत्ताय चेतोविमुत्तिया भावना होन्ति। ",
"ps2.4:36.4":	"इमेहि अट्ठहि मग्गङ्गेहि मेत्ताचेतोविमुत्ति भावीयति। ",
"ps2.4:36.5":	"इमे अट्ठ मग्गङ्गा मेत्ताय चेतोविमुत्तिया बहुलीकता होन्ति। ",
"ps2.4:36.6":	"इमेहि अट्ठहि मग्गङ्गेहि मेत्ताचेतोविमुत्ति बहुलीकरीयति। ",
"ps2.4:36.7":	"इमे अट्ठ मग्गङ्गा मेत्ताय चेतोविमुत्तिया अलङ्कारा होन्ति। ",
"ps2.4:36.8":	"इमेहि अट्ठहि मग्गङ्गेहि मेत्ताचेतोविमुत्ति स्वालङ्कता होन्ति। ",
"ps2.4:36.9":	"इमे अट्ठ मग्गङ्गा मेत्ताय चेतोविमुत्तिया परिक्खारा होन्ति। ",
"ps2.4:36.10":	"इमेहि अट्ठहि मग्गङ्गेहि मेत्ताचेतोविमुत्ति सुपरिक्खता होति। ",
"ps2.4:36.11":	"इमे अट्ठ मग्गङ्गा मेत्ताय चेतोविमुत्तिया परिवारा होन्ति। ",
"ps2.4:36.12":	"इमेहि अट्ठहि मग्गङ्गेहि मेत्ताचेतोविमुत्ति सुपरिवुता होति। ",
"ps2.4:36.13":	"इमे अट्ठ मग्गङ्गा मेत्ताय चेतोविमुत्तिया आसेवना होन्ति, भावना होन्ति, बहुलीकता होन्ति, अलङ्कारा होन्ति, परिक्खारा होन्ति, परिवारा होन्ति, पारिपूरी होन्ति, सहगता होन्ति, सहजाता होन्ति, संसट्ठा होन्ति, सम्पयुत्ता होन्ति, पक्खन्दना होन्ति, पसीदना होन्ति, सन्तिट्ठना होन्ति, विमुच्चना होन्ति, “एतं सन्तन्”ति फस्सना होन्ति, यानीकता होन्ति, वत्थुकता होन्ति, अनुट्ठिता होन्ति, परिचिता होन्ति, सुसमारद्धा होन्ति, सुभाविता होन्ति, स्वाधिट्ठिता होन्ति, सुसमुग्गता होन्ति, सुविमुत्ता होन्ति निब्बत्तेन्ति जोतेन्ति पतापेन्ति। ",
"ps2.4:37.1":	"सब्बेसं पाणानं …पे… ",
"ps2.4:37.2":	"सब्बेसं भूतानं … ",
"ps2.4:37.3":	"सब्बेसं पुग्गलानं … ",
"ps2.4:37.4":	"सब्बेसं अत्तभावपरियापन्नानं … ",
"ps2.4:37.5":	"सब्बासं इत्थीनं … ",
"ps2.4:37.6":	"सब्बेसं पुरिसानं … ",
"ps2.4:37.7":	"सब्बेसं अरियानं … ",
"ps2.4:37.8":	"सब्बेसं अनरियानं … ",
"ps2.4:37.9":	"सब्बेसं देवानं … ",
"ps2.4:37.10":	"सब्बेसं मनुस्सानं … ",
"ps2.4:37.11":	"सब्बेसं विनिपातिकानं पीळनं वज्जेत्वा अपीळनाय, उपघातं वज्जेत्वा अनुपघातेन, सन्तापं वज्जेत्वा असन्तापेन, परियादानं वज्जेत्वा अपरियादानेन, विहेसं वज्जेत्वा अविहेसाय, सब्बे विनिपातिका अवेरिनो होन्तु मा वेरिनो, सुखिनो होन्तु मा दुक्खिनो, सुखितत्ता होन्तु मा दुक्खितत्ताति—",
"ps2.4:37.12":	"इमेहि अट्ठहाकारेहि सब्बे विनिपातिके मेत्तायतीति—मेत्ता। ",
"ps2.4:37.13":	"तं धम्मं चेतयतीति—चेतो। ",
"ps2.4:37.14":	"सब्बब्यापादपरियुट्ठानेहि विमुच्चतीति—विमुत्ति। ",
"ps2.4:37.15":	"मेत्ता च चेतो च विमुत्ति चाति—मेत्ताचेतोविमुत्ति। ",
"ps2.4:38.1":	"सब्बे विनिपातिका अवेरिनो होन्तु, खेमिनो होन्तु, सुखिनो होन्तूति—",
"ps2.4:38.2":	"सद्धाय अधिमुच्चति। ",
"ps2.4:38.3":	"सद्धिन्द्रियपरिभाविता होति मेत्ताचेतोविमुत्ति …पे… ",
"ps2.4:38.4":	"निब्बत्तेन्ति जोतेन्ति पतापेन्ति। ",
"ps2.4:39.1":	"सब्बेसं पुरत्थिमाय दिसाय सत्तानं …पे… ",
"ps2.4:39.2":	"सब्बेसं पच्छिमाय दिसाय सत्तानं … ",
"ps2.4:39.3":	"सब्बेसं उत्तराय दिसाय सत्तानं … ",
"ps2.4:39.4":	"सब्बेसं दक्खिणाय दिसाय सत्तानं … ",
"ps2.4:39.5":	"सब्बेसं पुरत्थिमाय अनुदिसाय सत्तानं … ",
"ps2.4:39.6":	"सब्बेसं पच्छिमाय अनुदिसाय सत्तानं … ",
"ps2.4:39.7":	"सब्बेसं उत्तराय अनुदिसाय सत्तानं … ",
"ps2.4:39.8":	"सब्बेसं दक्खिणाय अनुदिसाय सत्तानं … ",
"ps2.4:39.9":	"सब्बेसं हेट्ठिमाय दिसाय सत्तानं … ",
"ps2.4:39.10":	"सब्बेसं उपरिमाय दिसाय सत्तानं पीळनं वज्जेत्वा अपीळनाय, उपघातं वज्जेत्वा अनुपघातेन, सन्तापं वज्जेत्वा असन्तापेन, परियादानं वज्जेत्वा अपरियादानेन, विहेसं वज्जेत्वा अविहेसाय, सब्बे उपरिमाय दिसाय सत्ता अवेरिनो होन्तु मा वेरिनो, सुखिनो होन्तु मा दुक्खिनो, सुखितत्ता होन्तु मा दुक्खितत्ताति—",
"ps2.4:39.11":	"इमेहि अट्ठहाकारेहि सब्बे उपरिमाय दिसाय सत्ते मेत्तायतीति—मेत्ता। ",
"ps2.4:39.12":	"तं धम्मं चेतयतीति—चेतो। ",
"ps2.4:39.13":	"सब्बब्यापादपरियुट्ठानेहि विमुच्चतीति—विमुत्ति। ",
"ps2.4:39.14":	"मेत्ता च चेतो च विमुत्ति चाति—मेत्ताचेतोविमुत्ति। ",
"ps2.4:40.1":	"सब्बे उपरिमाय दिसाय सत्ता अवेरिनो होन्तु, खेमिनो होन्तु, सुखिनो होन्तूति—",
"ps2.4:40.2":	"सद्धाय अधिमुच्चति। ",
"ps2.4:40.3":	"सद्धिन्द्रियपरिभाविता होति मेत्ताचेतोविमुत्ति …पे… ",
"ps2.4:40.4":	"निब्बत्तेन्ति जोतेन्ति पतापेन्ति। ",
"ps2.4:41.1":	"सब्बेसं पुरत्थिमाय दिसाय पाणानं …पे… ",
"ps2.4:41.2":	"भूतानं … ",
"ps2.4:41.3":	"पुग्गलानं … ",
"ps2.4:41.4":	"अत्तभावपरियापन्नानं … ",
"ps2.4:41.5":	"सब्बासं इत्थीनं … ",
"ps2.4:41.6":	"सब्बेसं पुरिसानं … ",
"ps2.4:41.7":	"सब्बेसं अरियानं … ",
"ps2.4:41.8":	"सब्बेसं अनरियानं … ",
"ps2.4:41.9":	"सब्बेसं देवानं … ",
"ps2.4:41.10":	"सब्बेसं मनुस्सानं … ",
"ps2.4:41.11":	"सब्बेसं विनिपातिकानं … ",
"ps2.4:41.12":	"सब्बेसं पच्छिमाय दिसाय विनिपातिकानं … ",
"ps2.4:41.13":	"सब्बेसं उत्तराय दिसाय विनिपातिकानं … ",
"ps2.4:41.14":	"सब्बेसं दक्खिणाय दिसाय विनिपातिकानं … ",
"ps2.4:41.15":	"सब्बेसं पुरत्थिमाय अनुदिसाय विनिपातिकानं … ",
"ps2.4:41.16":	"सब्बेसं पच्छिमाय अनुदिसाय विनिपातिकानं … ",
"ps2.4:41.17":	"सब्बेसं उत्तराय अनुदिसाय विनिपातिकानं … ",
"ps2.4:41.18":	"सब्बेसं दक्खिणाय अनुदिसाय विनिपातिकानं … ",
"ps2.4:41.19":	"सब्बेसं हेट्ठिमाय दिसाय विनिपातिकानं … ",
"ps2.4:41.20":	"सब्बेसं उपरिमाय दिसाय विनिपातिकानं पीळनं वज्जेत्वा अपीळनाय, उपघातं वज्जेत्वा अनुपघातेन, सन्तापं वज्जेत्वा असन्तापेन, परियादानं वज्जेत्वा अपरियादानेन, विहेसं वज्जेत्वा अविहेसाय, सब्बे उपरिमाय दिसाय विनिपातिका अवेरिनो होन्तु मा वेरिनो, सुखिनो होन्तु मा दुक्खिनो, सुखितत्ता होन्तु मा दुक्खितत्ताति—",
"ps2.4:41.21":	"इमेहि अट्ठहाकारेहि सब्बे उपरिमाय दिसाय विनिपातिके मेत्तायतीति—मेत्ता। ",
"ps2.4:41.22":	"तं धम्मं चेतयतीति—चेतो। ",
"ps2.4:41.23":	"सब्बब्यापादपरियुट्ठानेहि विमुच्चतीति—विमुत्ति। ",
"ps2.4:41.24":	"मेत्ता च चेतो च विमुत्ति चाति—मेत्ताचेतोविमुत्ति। ",
"ps2.4:42.1":	"सब्बे उपरिमाय दिसाय विनिपातिका अवेरिनो होन्तु, खेमिनो होन्तु, सुखिनो होन्तूति—",
"ps2.4:42.2":	"सद्धाय अधिमुच्चति। ",
"ps2.4:42.3":	"सद्धिन्द्रियपरिभाविता होति मेत्ताचेतोविमुत्ति। ",
"ps2.4:43.1":	"सब्बे उपरिमाय दिसाय विनिपातिका अवेरिनो होन्तु, खेमिनो होन्तु, सुखिनो होन्तूति—",
"ps2.4:43.2":	"वीरियं पग्गण्हाति। ",
"ps2.4:43.3":	"वीरियिन्द्रियपरिभाविता होति मेत्ताचेतोविमुत्ति। ",
"ps2.4:44.1":	"सतिं उपट्ठापेति। ",
"ps2.4:44.2":	"सतिन्द्रियपरिभाविता होति मेत्ताचेतोविमुत्ति। ",
"ps2.4:44.3":	"चित्तं समादहति। ",
"ps2.4:44.4":	"समाधिन्द्रियपरिभाविता होति मेत्ताचेतोविमुत्ति। ",
"ps2.4:44.5":	"पञ्ञाय पजानाति। ",
"ps2.4:44.6":	"पञ्ञिन्द्रियपरिभाविता होति मेत्ताचेतोविमुत्ति। ",
"ps2.4:45.1":	"इमानि पञ्चिन्द्रियानि मेत्ताय चेतोविमुत्तिया आसेवना होन्ति। ",
"ps2.4:45.2":	"इमेहि पञ्चहि इन्द्रियेहि मेत्ताचेतोविमुत्ति आसेवीयति …पे… ",
"ps2.4:45.3":	"निब्बत्तेन्ति जोतेन्ति पतापेन्ति। ",
"ps2.4:46.1":	"सब्बे उपरिमाय दिसाय विनिपातिका अवेरिनो होन्तु, खेमिनो होन्तु, सुखिनो होन्तूति—",
"ps2.4:46.2":	"अस्सद्धिये न कम्पति, सद्धाबलपरिभाविता होति मेत्ताचेतोविमुत्ति। ",
"ps2.4:46.3":	"कोसज्जे न कम्पति, वीरियबलपरिभाविता होति मेत्ताचेतोविमुत्ति। ",
"ps2.4:46.4":	"पमादे न कम्पति, सतिबलपरिभाविता होति मेत्ताचेतोविमुत्ति। ",
"ps2.4:46.5":	"उद्धच्चे न कम्पति, समाधिबलपरिभाविता होति मेत्ताचेतोविमुत्ति। ",
"ps2.4:46.6":	"अविज्जाय न कम्पति, पञ्ञाबलपरिभाविता होति मेत्ताचेतोविमुत्ति। ",
"ps2.4:47.1":	"इमानि पञ्च बलानि मेत्ताय चेतोविमुत्तिया आसेवना होन्ति। ",
"ps2.4:47.2":	"इमेहि पञ्चहि बलेहि मेत्ताचेतोविमुत्ति आसेवीयति …पे… ",
"ps2.4:47.3":	"निब्बत्तेन्ति जोतेन्ति पतापेन्ति। ",
"ps2.4:48.1":	"सब्बे उपरिमाय दिसाय विनिपातिका अवेरिनो होन्तु, खेमिनो होन्तु, सुखिनो होन्तूति—",
"ps2.4:48.2":	"सतिं उपट्ठापेति। ",
"ps2.4:48.3":	"सतिसम्बोज्झङ्गपरिभाविता होति मेत्ताचेतोविमुत्ति। ",
"ps2.4:49.1":	"पञ्ञाय पविचिनाति, धम्मविचयसम्बोज्झङ्गपरिभाविता होति मेत्ताचेतोविमुत्ति। ",
"ps2.4:49.2":	"वीरियं पग्गण्हाति, वीरियसम्बोज्झङ्गपरिभाविता होति मेत्ताचेतोविमुत्ति। ",
"ps2.4:49.3":	"परिळाहं पटिप्पस्सम्भेति, पीतिसम्बोज्झङ्गपरिभाविता होति मेत्ताचेतोविमुत्ति। ",
"ps2.4:49.4":	"दुट्ठुल्लं पटिप्पस्सम्भेति, पस्सद्धिसम्बोज्झङ्गपरिभाविता होति मेत्ताचेतोविमुत्ति। ",
"ps2.4:49.5":	"चित्तं समादहति, समाधिसम्बोज्झङ्गपरिभाविता होति मेत्ताचेतोविमुत्ति। ",
"ps2.4:49.6":	"ञाणेन किलेसे पटिसङ्खाति, उपेक्खासम्बोज्झङ्गपरिभाविता होति मेत्ताचेतोविमुत्ति। ",
"ps2.4:50.1":	"इमे सत्त बोज्झङ्गा मेत्ताय चेतोविमुत्तिया आसेवना होन्ति। ",
"ps2.4:50.2":	"इमेहि सत्तहि बोज्झङ्गेहि मेत्ताचेतोविमुत्ति आसेवीयति …पे… ",
"ps2.4:50.3":	"निब्बत्तेन्ति जोतेन्ति पतापेन्ति। ",
"ps2.4:51.1":	"सब्बे उपरिमाय दिसाय विनिपातिका अवेरिनो होन्तु, खेमिनो होन्तु, सुखिनो होन्तूति—",
"ps2.4:51.2":	"सम्मा पस्सति, सम्मादिट्ठि परिभाविता होति मेत्ताचेतोविमुत्ति। ",
"ps2.4:51.3":	"सम्मा अभिनिरोपेति, सम्मासङ्कप्पपरिभाविता होति मेत्ताचेतोविमुत्ति। ",
"ps2.4:51.4":	"सम्मा परिग्गण्हाति, सम्मावाचापरिभाविता होति मेत्ताचेतोविमुत्ति। ",
"ps2.4:51.5":	"सम्मा समुट्ठापेति, सम्माकम्मन्तपरिभाविता होति मेत्ताचेतोविमुत्ति। ",
"ps2.4:51.6":	"सम्मा वोदापेति, सम्माआजीवपरिभाविता होति मेत्ताचेतोविमुत्ति। ",
"ps2.4:51.7":	"सम्मा पग्गण्हाति, सम्मावायामपरिभाविता होति मेत्ताचेतोविमुत्ति। ",
"ps2.4:51.8":	"सम्मा उपट्ठाति, सम्मासतिपरिभाविता होति मेत्ताचेतोविमुत्ति। ",
"ps2.4:51.9":	"सम्मा समादहति, सम्मासमाधिपरिभाविता होति मेत्ताचेतोविमुत्ति। ",
"ps2.4:52.1":	"इमे अट्ठ मग्गङ्गा मेत्ताय चेतोविमुत्तिया आसेवना होन्ति। ",
"ps2.4:52.2":	"इमेहि अट्ठहि मग्गङ्गेहि मेत्ताचेतोविमुत्ति आसेवीयति …पे… ",
"ps2.4:52.3":	"इमे अट्ठ मग्गङ्गा मेत्ताय चेतोविमुत्तिया परिभाविता होन्ति। ",
"ps2.4:52.4":	"इमेहि अट्ठहि मग्गङ्गेहि मेत्ताचेतोविमुत्ति सुपरिवुता होति। ",
"ps2.4:52.5":	"इमे अट्ठ मग्गङ्गा मेत्ताय चेतोविमुत्तिया आसेवना होन्ति, भावना होन्ति, बहुलीकता होन्ति, अलङ्कारा होन्ति, परिक्खारा होन्ति, परिवारा होन्ति, पारिपूरी होन्ति, सहगता होन्ति, सहजाता होन्ति, संसट्ठा होन्ति, सम्पयुत्ता होन्ति, पक्खन्दना होन्ति, पसीदना होन्ति, सन्तिट्ठना होन्ति, विमुच्चना होन्ति, “एतं सन्तन्”ति फस्सना होन्ति, यानीकता होन्ति, वत्थुकता होन्ति, अनुट्ठिता होन्ति, परिचिता होन्ति, सुसमारद्धा होन्ति, सुभाविता होन्ति, स्वाधिट्ठिता होन्ति, सुसमुग्गता होन्ति, सुविमुत्ता होन्ति निब्बत्तेन्ति जोतेन्ति पतापेन्तीति। ",
"ps2.4:52.6":	"मेत्ताकथा निट्ठिता। "
}	
