{	
"ps2.10:0.1":	"पटिसम्भिदामग्ग ",
"ps2.10:0.2":	"२ युगनद्धवग्ग ",
"ps2.10:0.3":	"२।१०। सुञ्ञकथा ",
"ps2.10:1.1":	"एवं मे सुतं—",
"ps2.10:1.2":	"एकं समयं भगवा सावत्थियं विहरति जेतवने अनाथपिण्डिकस्स आरामे। ",
"ps2.10:1.3":	"अथ खो आयस्मा आनन्दो येन भगवा तेनुपसङ्कमि; उपसङ्कमित्वा भगवन्तं अभिवादेत्वा एकमन्तं निसीदि। ",
"ps2.10:1.4":	"एकमन्तं निसिन्नो खो आयस्मा आनन्दो भगवन्तं एतदवोच—",
"ps2.10:2.1":	"“‘सुञ्ञो लोको, सुञ्ञो लोको’ति, भन्ते, वुच्चति। ",
"ps2.10:2.2":	"कित्तावता नु खो, भन्ते, ‘सुञ्ञो लोको’ति वुच्चती”ति? ",
"ps2.10:2.3":	"“यस्मा खो, आनन्द, सुञ्ञं अत्तेन वा अत्तनियेन वा, तस्मा ‘सुञ्ञो लोको’ति वुच्चति। ",
"ps2.10:2.4":	"किञ्चानन्द, सुञ्ञं अत्तेन वा अत्तनियेन वा? ",
"ps2.10:2.5":	"चक्खु खो, आनन्द, सुञ्ञं अत्तेन वा अत्तनियेन वा। ",
"ps2.10:2.6":	"रूपा सुञ्ञा अत्तेन वा अत्तनियेन वा। ",
"ps2.10:2.7":	"चक्खुविञ्ञाणं सुञ्ञं अत्तेन वा अत्तनियेन वा। ",
"ps2.10:2.8":	"चक्खुसम्फस्सो सुञ्ञो अत्तेन वा अत्तनियेन वा। ",
"ps2.10:2.9":	"यम्पिदं चक्खुसम्फस्सपच्चया उप्पज्जति वेदयितं सुखं वा दुक्खं वा अदुक्खमसुखं वा, तम्पि सुञ्ञं अत्तेन वा अत्तनियेन वा। ",
"ps2.10:3.1":	"सोतं सुञ्ञं …पे… ",
"ps2.10:3.2":	"सद्दा सुञ्ञा … ",
"ps2.10:3.3":	"घानं सुञ्ञं … ",
"ps2.10:3.4":	"गन्धा सुञ्ञा … ",
"ps2.10:3.5":	"जिव्हा सुञ्ञा … ",
"ps2.10:3.6":	"रसा सुञ्ञा … ",
"ps2.10:3.7":	"कायो सुञ्ञो … ",
"ps2.10:3.8":	"फोट्ठब्बा सुञ्ञा … ",
"ps2.10:3.9":	"मनो सुञ्ञो अत्तेन वा अत्तनियेन वा। ",
"ps2.10:3.10":	"धम्मा सुञ्ञा अत्तेन वा अत्तनियेन वा। ",
"ps2.10:3.11":	"मनोविञ्ञाणं सुञ्ञं अत्तेन वा अत्तनियेन वा। ",
"ps2.10:3.12":	"मनोसम्फस्सो सुञ्ञो अत्तेन वा अत्तनियेन वा। ",
"ps2.10:3.13":	"यम्पिदं मनोसम्फस्सपच्चया उप्पज्जति वेदयितं सुखं वा दुक्खं वा अदुक्खमसुखं वा, तम्पि सुञ्ञं अत्तेन वा अत्तनियेन वा। ",
"ps2.10:3.14":	"यस्मा खो, आनन्द, सुञ्ञं अत्तेन वा अत्तनियेन वा तस्मा ‘सुञ्ञो लोको’ति वुच्चती”ति। ",
"ps2.10:4.0":	"१०।१। मातिका ",
"ps2.10:4.1":	"सुञ्ञसुञ्ञं, सङ्खारसुञ्ञं, विपरिणामसुञ्ञं, अग्गसुञ्ञं, लक्खणसुञ्ञं, विक्खम्भनसुञ्ञं, तदङ्गसुञ्ञं, समुच्छेदसुञ्ञं, पटिप्पस्सद्धिसुञ्ञं, निस्सरणसुञ्ञं, अज्झत्तसुञ्ञं, बहिद्धासुञ्ञं, दुभतोसुञ्ञं, सभागसुञ्ञं, विसभागसुञ्ञं, एसनासुञ्ञं, परिग्गहसुञ्ञं, पटिलाभसुञ्ञं, पटिवेधसुञ्ञं, एकत्तसुञ्ञं, नानत्तसुञ्ञं, खन्तिसुञ्ञं, अधिट्ठानसुञ्ञं, परियोगाहणसुञ्ञं, सम्पजानस्स पवत्तपरियादानं सब्बसुञ्ञतानं परमत्थसुञ्ञं। [२५] ",
"ps2.10:5.0":	"१०।२। निद्देस ",
"ps2.10:5.1":	"कतमं <ब्>सुञ्ञसुञ्ञं?</ब्> ",
"ps2.10:5.2":	"चक्खु सुञ्ञं अत्तेन वा अत्तनियेन वा निच्चेन वा धुवेन वा सस्सतेन वा अविपरिणामधम्मेन वा। ",
"ps2.10:5.3":	"सोतं सुञ्ञं …पे… ",
"ps2.10:5.4":	"घानं सुञ्ञं … ",
"ps2.10:5.5":	"जिव्हा सुञ्ञा … ",
"ps2.10:5.6":	"कायो सुञ्ञो … ",
"ps2.10:5.7":	"मनो सुञ्ञो अत्तेन वा अत्तनियेन वा निच्चेन वा धुवेन वा सस्सतेन वा अविपरिणामधम्मेन वा। ",
"ps2.10:5.8":	"इदं सुञ्ञसुञ्ञं। ",
"ps2.10:6.1":	"कतमं <ब्>सङ्खारसुञ्ञं?</ब्> ",
"ps2.10:6.2":	"तयो सङ्खारा—",
"ps2.10:6.3":	"पुञ्ञाभिसङ्खारो, अपुञ्ञाभिसङ्खारो, आनेञ्जाभिसङ्खारो। ",
"ps2.10:6.4":	"पुञ्ञाभिसङ्खारो अपुञ्ञाभिसङ्खारेन च आनेञ्जाभिसङ्खारेन च सुञ्ञो। ",
"ps2.10:6.5":	"अपुञ्ञाभिसङ्खारो पुञ्ञाभिसङ्खारेन च आनेञ्जाभिसङ्खारेन च सुञ्ञो। ",
"ps2.10:6.6":	"आनेञ्जाभिसङ्खारो पुञ्ञाभिसङ्खारेन च अपुञ्ञाभिसङ्खारेन च सुञ्ञो। ",
"ps2.10:6.7":	"इमे तयो सङ्खारा। ",
"ps2.10:7.1":	"अपरेपि तयो सङ्खारा—",
"ps2.10:7.2":	"कायसङ्खारो, वचीसङ्खारो, चित्तसङ्खारो। ",
"ps2.10:7.3":	"कायसङ्खारो वचीसङ्खारेन च चित्तसङ्खारेन च सुञ्ञो। ",
"ps2.10:7.4":	"वचीसङ्खारो कायसङ्खारेन च चित्तसङ्खारेन च सुञ्ञो। ",
"ps2.10:7.5":	"चित्तसङ्खारो कायसङ्खारेन च वचीसङ्खारेन च सुञ्ञो। ",
"ps2.10:7.6":	"इमे तयो सङ्खारा। ",
"ps2.10:8.1":	"अपरेपि तयो सङ्खारा—",
"ps2.10:8.2":	"अतीता सङ्खारा, अनागता सङ्खारा, पच्चुप्पन्ना सङ्खारा। ",
"ps2.10:8.3":	"अतीता सङ्खारा अनागतेहि च पच्चुप्पन्नेहि च सङ्खारेहि सुञ्ञा। ",
"ps2.10:8.4":	"अनागता सङ्खारा अतीतेहि च पच्चुप्पन्नेहि च सङ्खारेहि सुञ्ञा पच्चुप्पन्ना सङ्खारा अतीतेहि च अनागतेहि च सङ्खारेहि सुञ्ञा। ",
"ps2.10:8.5":	"इमे तयो सङ्खारा; ",
"ps2.10:8.6":	"इदं सङ्खारसुञ्ञं। ",
"ps2.10:9.1":	"कतमं <ब्>विपरिणामसुञ्ञं?</ब्> ",
"ps2.10:9.2":	"जातं रूपं सभावेन सुञ्ञं। ",
"ps2.10:9.3":	"विगतं रूपं विपरिणतञ्चेव सुञ्ञञ्च। ",
"ps2.10:9.4":	"जाता वेदना सभावेन सुञ्ञा। ",
"ps2.10:9.5":	"विगता वेदना विपरिणता चेव सुञ्ञा च …पे… ",
"ps2.10:9.6":	"जाता सञ्ञा … ",
"ps2.10:9.7":	"जाता सङ्खारा … ",
"ps2.10:9.8":	"जातं विञ्ञाणं … ",
"ps2.10:9.9":	"जातं चक्खु …पे… ",
"ps2.10:9.10":	"जातो भवो सभावेन सुञ्ञो। ",
"ps2.10:9.11":	"विगतो भवो विपरिणतो चेव सुञ्ञो च। ",
"ps2.10:9.12":	"इदं विपरिणामसुञ्ञं। ",
"ps2.10:10.1":	"कतमं <ब्>अग्गसुञ्ञं?</ब्> ",
"ps2.10:10.2":	"अग्गमेतं पदं सेट्ठमेतं पदं विसिट्ठमेतं पदं यदिदं सब्बसङ्खारसमथो सब्बूपधिपटिनिस्सग्गो तण्हक्खयो विरागो निरोधो निब्बानं। ",
"ps2.10:10.3":	"इदं अग्गसुञ्ञं। ",
"ps2.10:11.1":	"कतमं <ब्>लक्खणसुञ्ञं?</ब्> ",
"ps2.10:11.2":	"द्वे लक्खणानि—",
"ps2.10:11.3":	"बाललक्खणञ्च पण्डितलक्खणञ्च। ",
"ps2.10:11.4":	"बाललक्खणं पण्डितलक्खणेन सुञ्ञं। ",
"ps2.10:11.5":	"पण्डितलक्खणं बाललक्खणेन सुञ्ञं। ",
"ps2.10:11.6":	"तीणि लक्खणानि—",
"ps2.10:11.7":	"उप्पादलक्खणं, वयलक्खणं, ठितञ्ञथत्तलक्खणं। ",
"ps2.10:11.8":	"उप्पादलक्खणं वयलक्खणेन च ठितञ्ञथत्तलक्खणेन च सुञ्ञं। ",
"ps2.10:11.9":	"वयलक्खणं उप्पादलक्खणेन च ठितञ्ञथत्तलक्खणेन च सुञ्ञं, ठितञ्ञथत्तलक्खणं उप्पादलक्खणेन च वयलक्खणेन च सुञ्ञं। ",
"ps2.10:12.1":	"रूपस्स उप्पादलक्खणं वयलक्खणेन च ठितञ्ञथत्तलक्खणेन च सुञ्ञं। ",
"ps2.10:12.2":	"रूपस्स वयलक्खणं उप्पादलक्खणेन च ठितञ्ञथत्तलक्खणेन च सुञ्ञं। ",
"ps2.10:12.3":	"रूपस्स ठितञ्ञथत्तलक्खणं उप्पादलक्खणेन च वयलक्खणेन च सुञ्ञं। ",
"ps2.10:12.4":	"वेदनाय …पे… ",
"ps2.10:12.5":	"सञ्ञाय … ",
"ps2.10:12.6":	"सङ्खारानं … ",
"ps2.10:12.7":	"विञ्ञाणस्स … ",
"ps2.10:12.8":	"चक्खुस्स … ",
"ps2.10:12.9":	"जरामरणस्स उप्पादलक्खणं वयलक्खणेन च ठितञ्ञथत्तलक्खणेन च सुञ्ञं। ",
"ps2.10:12.10":	"जरामरणस्स वयलक्खणं उप्पादलक्खणेन च ठितञ्ञथत्तलक्खणेन च सुञ्ञं। ",
"ps2.10:12.11":	"जरामरणस्स ठितञ्ञथत्तलक्खणं उप्पादलक्खणेन च वयलक्खणेन च सुञ्ञं। ",
"ps2.10:12.12":	"इदं लक्खणसुञ्ञं। ",
"ps2.10:13.1":	"कतमं <ब्>विक्खम्भनसुञ्ञं?</ब्> ",
"ps2.10:13.2":	"नेक्खम्मेन कामच्छन्दो विक्खम्भितो चेव सुञ्ञो च। ",
"ps2.10:13.3":	"अब्यापादेन ब्यापादो विक्खम्भितो चेव सुञ्ञो च। ",
"ps2.10:13.4":	"आलोकसञ्ञाय थिनमिद्धं विक्खम्भितञ्चेव सुञ्ञञ्च। ",
"ps2.10:13.5":	"अविक्खेपेन उद्धच्चं विक्खम्भितञ्चेव सुञ्ञञ्च। ",
"ps2.10:13.6":	"धम्मववत्थानेन विचिकिच्छा विक्खम्भिता चेव सुञ्ञा च। ",
"ps2.10:13.7":	"ञाणेन अविज्जा विक्खम्भिता चेव सुञ्ञा च। ",
"ps2.10:13.8":	"पामोज्जेन अरति विक्खम्भिता चेव सुञ्ञा च। ",
"ps2.10:13.9":	"पठमेन झानेन नीवरणा विक्खम्भिता चेव सुञ्ञा च …पे… ",
"ps2.10:13.10":	"अरहत्तमग्गेन सब्बकिलेसा विक्खम्भिता चेव सुञ्ञा च। ",
"ps2.10:13.11":	"इदं विक्खम्भनसुञ्ञं। ",
"ps2.10:14.1":	"कतमं <ब्>तदङ्गसुञ्ञं?</ब्> ",
"ps2.10:14.2":	"नेक्खम्मेन कामच्छन्दो तदङ्गसुञ्ञो। ",
"ps2.10:14.3":	"अब्यापादेन ब्यापादो तदङ्गसुञ्ञो। ",
"ps2.10:14.4":	"आलोकसञ्ञाय थिनमिद्धं तदङ्गसुञ्ञं। ",
"ps2.10:14.5":	"अविक्खेपेन उद्धच्चं तदङ्गसुञ्ञं। ",
"ps2.10:14.6":	"धम्मववत्थानेन विचिकिच्छा तदङ्गसुञ्ञा। ",
"ps2.10:14.7":	"ञाणेन अविज्जा तदङ्गसुञ्ञा। ",
"ps2.10:14.8":	"पामोज्जेन अरति तदङ्गसुञ्ञा। ",
"ps2.10:14.9":	"पठमेन झानेन नीवरणा तदङ्गसुञ्ञा …पे… ",
"ps2.10:14.10":	"विवट्टनानुपस्सनाय सञ्ञोगाभिनिवेसो तदङ्गसुञ्ञो। ",
"ps2.10:14.11":	"इदं तदङ्गसुञ्ञं। ",
"ps2.10:15.1":	"कतमं <ब्>समुच्छेदसुञ्ञं?</ब्> ",
"ps2.10:15.2":	"नेक्खम्मेन कामच्छन्दो समुच्छिन्नो चेव सुञ्ञो च। ",
"ps2.10:15.3":	"अब्यापादेन ब्यापादो समुच्छिन्नो चेव सुञ्ञो च। ",
"ps2.10:15.4":	"आलोकसञ्ञाय थिनमिद्धं समुच्छिन्नञ्चेव सुञ्ञञ्च। ",
"ps2.10:15.5":	"अविक्खेपेन उद्धच्चं समुच्छिन्नञ्चेव सुञ्ञञ्च। ",
"ps2.10:15.6":	"धम्मववत्थानेन विचिकिच्छा समुच्छिन्ना चेव सुञ्ञा च। ",
"ps2.10:15.7":	"ञाणेन अविज्जा समुच्छिन्ना चेव सुञ्ञा च। ",
"ps2.10:15.8":	"पामोज्जेन अरति समुच्छिन्ना चेव सुञ्ञा च। ",
"ps2.10:15.9":	"पठमेन झानेन नीवरणा समुच्छिन्ना चेव सुञ्ञा च …पे… ",
"ps2.10:15.10":	"अरहत्तमग्गेन सब्बकिलेसा समुच्छिन्ना चेव सुञ्ञा च। ",
"ps2.10:15.11":	"इदं समुच्छेदसुञ्ञं। ",
"ps2.10:16.1":	"कतमं <ब्>पटिप्पस्सद्धिसुञ्ञं?</ब्> ",
"ps2.10:16.2":	"नेक्खम्मेन कामच्छन्दो पटिप्पस्सद्धो चेव सुञ्ञो च। ",
"ps2.10:16.3":	"अब्यापादेन ब्यापादो पटिप्पस्सद्धो चेव सुञ्ञो च। ",
"ps2.10:16.4":	"आलोकसञ्ञाय थिनमिद्धं पटिप्पस्सद्धञ्चेव सुञ्ञञ्च। ",
"ps2.10:16.5":	"अविक्खेपेन उद्धच्चं पटिप्पस्सद्धञ्चेव सुञ्ञञ्च। ",
"ps2.10:16.6":	"धम्मववत्थानेन विचिकिच्छा पटिप्पस्सद्धा चेव सुञ्ञा च। ",
"ps2.10:16.7":	"ञाणेन अविज्जा पटिप्पस्सद्धा चेव सुञ्ञा च। ",
"ps2.10:16.8":	"पामोज्जेन अरति पटिप्पस्सद्धा चेव सुञ्ञा च। ",
"ps2.10:16.9":	"पठमेन झानेन नीवरणा पटिप्पस्सद्धा चेव सुञ्ञा च …पे… ",
"ps2.10:16.10":	"अरहत्तमग्गेन सब्बकिलेसा पटिप्पस्सद्धा चेव सुञ्ञा च। ",
"ps2.10:16.11":	"इदं पटिप्पस्सद्धिसुञ्ञं। ",
"ps2.10:17.1":	"कतमं <ब्>निस्सरणसुञ्ञं?</ब्> ",
"ps2.10:17.2":	"नेक्खम्मेन कामच्छन्दो निस्सटो चेव सुञ्ञो च। ",
"ps2.10:17.3":	"अब्यापादेन ब्यापादो निस्सटो चेव सुञ्ञो च। ",
"ps2.10:17.4":	"आलोकसञ्ञाय थिनमिद्धं निस्सटञ्चेव सुञ्ञञ्च। ",
"ps2.10:17.5":	"अविक्खेपेन उद्धच्चं निस्सटञ्चेव सुञ्ञञ्च। ",
"ps2.10:17.6":	"धम्मववत्थानेन विचिकिच्छा निस्सटा चेव सुञ्ञा च। ",
"ps2.10:17.7":	"ञाणेन अविज्जा निस्सटा चेव सुञ्ञा च। ",
"ps2.10:17.8":	"पामोज्जेन अरति निस्सटा चेव सुञ्ञा च। ",
"ps2.10:17.9":	"पठमेन झानेन नीवरणा निस्सटा चेव सुञ्ञा च …पे… ",
"ps2.10:17.10":	"अरहत्तमग्गेन सब्बकिलेसा निस्सटा चेव सुञ्ञा च। ",
"ps2.10:17.11":	"इदं निस्सरणसुञ्ञं। ",
"ps2.10:18.1":	"कतमं <ब्>अज्झत्तसुञ्ञं?</ब्> ",
"ps2.10:18.2":	"अज्झत्तं चक्खुं सुञ्ञं अत्तेन वा अत्तनियेन वा निच्चेन वा धुवेन वा सस्सतेन वा अविपरिणामधम्मेन वा। ",
"ps2.10:18.3":	"अज्झत्तं सोतं सुञ्ञं … ",
"ps2.10:18.4":	"अज्झत्तं घानं सुञ्ञं … ",
"ps2.10:18.5":	"अज्झत्तं जिव्हा सुञ्ञा … ",
"ps2.10:18.6":	"अज्झत्तं कायो सुञ्ञो … ",
"ps2.10:18.7":	"अज्झत्तं मनो सुञ्ञो अत्तेन वा अत्तनियेन वा निच्चेन वा धुवेन वा सस्सतेन वा अविपरिणामधम्मेन वा। ",
"ps2.10:18.8":	"इदं अज्झत्तसुञ्ञं। ",
"ps2.10:19.1":	"कतमं <ब्>बहिद्धासुञ्ञं?</ब्> ",
"ps2.10:19.2":	"बहिद्धा रूपा सुञ्ञा …पे… ",
"ps2.10:19.3":	"बहिद्धा धम्मा सुञ्ञा अत्तेन वा अत्तनियेन वा निच्चेन वा धुवेन वा सस्सतेन वा अविपरिणामधम्मेन वा। ",
"ps2.10:19.4":	"इदं बहिद्धासुञ्ञं। ",
"ps2.10:20.1":	"कतमं <ब्>दुभतोसुञ्ञं?</ब्> ",
"ps2.10:20.2":	"यञ्च अज्झत्तं चक्खु ये च बहिद्धा रूपा उभयमेतं सुञ्ञं अत्तेन वा अत्तनियेन वा निच्चेन वा धुवेन वा सस्सतेन वा अविपरिणामधम्मेन वा। ",
"ps2.10:20.3":	"यञ्च अज्झत्तं सोतं ये च बहिद्धा सद्दा …पे… ",
"ps2.10:20.4":	"यञ्च अज्झत्तं घानं ये च बहिद्धा गन्धा … ",
"ps2.10:20.5":	"या च अज्झत्तं जिव्हा ये च बहिद्धा रसा … ",
"ps2.10:20.6":	"यो च अज्झत्तं कायो ये च बहिद्धा फोट्ठब्बा … ",
"ps2.10:20.7":	"यो च अज्झत्तं मनो ये च बहिद्धा धम्मा उभयमेतं सुञ्ञं अत्तेन वा अत्तनियेन वा निच्चेन वा धुवेन वा सस्सतेन वा अविपरिणामधम्मेन वा। ",
"ps2.10:20.8":	"इदं दुभतोसुञ्ञं। ",
"ps2.10:21.1":	"कतमं <ब्>सभागसुञ्ञं?</ब्> ",
"ps2.10:21.2":	"छ अज्झत्तिकानि आयतनानि सभागानि चेव सुञ्ञानि च। ",
"ps2.10:21.3":	"छ बाहिरानि आयतनानि सभागानि चेव सुञ्ञानि च। ",
"ps2.10:21.4":	"छ विञ्ञाणकाया सभागा चेव सुञ्ञा च। ",
"ps2.10:21.5":	"छ फस्सकाया सभागा चेव सुञ्ञा च। ",
"ps2.10:21.6":	"छ वेदनाकाया सभागा चेव सुञ्ञा च। ",
"ps2.10:21.7":	"छ सञ्ञाकाया सभागा चेव सुञ्ञा च। ",
"ps2.10:21.8":	"छ चेतनाकाया सभागा चेव सुञ्ञा च। ",
"ps2.10:21.9":	"इदं सभागसुञ्ञं। ",
"ps2.10:22.1":	"कतमं <ब्>विसभागसुञ्ञं?</ब्> ",
"ps2.10:22.2":	"छ अज्झत्तिकानि आयतनानि छहि बाहिरेहि आयतनेहि विसभागानि चेव सुञ्ञानि च। ",
"ps2.10:22.3":	"छ बाहिरानि आयतनानि छहि विञ्ञाणकायेहि विसभागानि चेव सुञ्ञानि च। ",
"ps2.10:22.4":	"छ विञ्ञाणकाया छहि फस्सकायेहि विसभागा चेव सुञ्ञा च। ",
"ps2.10:22.5":	"छ फस्सकाया छहि वेदनाकायेहि विसभागा चेव सुञ्ञा च। ",
"ps2.10:22.6":	"छ वेदनाकाया छहि सञ्ञाकायेहि विसभागा चेव सुञ्ञा च। ",
"ps2.10:22.7":	"छ सञ्ञाकाया छहि चेतनाकायेहि विसभागा चेव सुञ्ञा च। ",
"ps2.10:22.8":	"इदं विसभागसुञ्ञं। ",
"ps2.10:23.1":	"कतमं <ब्>एसनासुञ्ञं?</ब्> ",
"ps2.10:23.2":	"नेक्खम्मेसना कामच्छन्देन सुञ्ञा। ",
"ps2.10:23.3":	"अब्यापादेसना ब्यापादेन सुञ्ञा। ",
"ps2.10:23.4":	"आलोकसञ्ञेसना थिनमिद्धेन सुञ्ञा। ",
"ps2.10:23.5":	"अविक्खेपेसना उद्धच्चेन सुञ्ञा। ",
"ps2.10:23.6":	"धम्मववत्थानेसना विचिकिच्छाय सुञ्ञा। ",
"ps2.10:23.7":	"ञाणेसना अविज्जाय सुञ्ञा। ",
"ps2.10:23.8":	"पामोज्जेसना अरतिया सुञ्ञा। ",
"ps2.10:23.9":	"पठमज्झानेसना नीवरणेहि सुञ्ञा …पे… ",
"ps2.10:23.10":	"अरहत्तमग्गेसना सब्बकिलेसेहि सुञ्ञा। ",
"ps2.10:23.11":	"इदं एसनासुञ्ञं। ",
"ps2.10:24.1":	"कतमं <ब्>परिग्गहसुञ्ञं?</ब्> ",
"ps2.10:24.2":	"नेक्खम्मपरिग्गहो कामच्छन्देन सुञ्ञो। ",
"ps2.10:24.3":	"अब्यापादपरिग्गहो ब्यापादेन सुञ्ञो। ",
"ps2.10:24.4":	"आलोकसञ्ञापरिग्गहो थिनमिद्धेन सुञ्ञो। ",
"ps2.10:24.5":	"अविक्खेपपरिग्गहो उद्धच्चेन सुञ्ञो। ",
"ps2.10:24.6":	"धम्मववत्थानपरिग्गहो विचिकिच्छाय सुञ्ञो। ",
"ps2.10:24.7":	"ञाणपरिग्गहो अविज्जाय सुञ्ञो। ",
"ps2.10:24.8":	"पामोज्जपरिग्गहो अरतिया सुञ्ञो। ",
"ps2.10:24.9":	"पठमज्झानपरिग्गहो नीवरणेहि सुञ्ञो …पे… ",
"ps2.10:24.10":	"अरहत्तमग्गपरिग्गहो सब्बकिलेसेहि सुञ्ञो। ",
"ps2.10:24.11":	"इदं परिग्गहसुञ्ञं। ",
"ps2.10:25.1":	"कतमं <ब्>पटिलाभसुञ्ञं?</ब्> ",
"ps2.10:25.2":	"नेक्खम्मपटिलाभो कामच्छन्देन सुञ्ञो। ",
"ps2.10:25.3":	"अब्यापादपटिलाभो ब्यापादेन सुञ्ञो। ",
"ps2.10:25.4":	"आलोकसञ्ञापटिलाभो थिनमिद्धेन सुञ्ञो। ",
"ps2.10:25.5":	"अविक्खेपपटिलाभो उद्धच्चेन सुञ्ञो। ",
"ps2.10:25.6":	"धम्मववत्थानपटिलाभो विचिकिच्छाय सुञ्ञो। ",
"ps2.10:25.7":	"ञाणपटिलाभो अविज्जाय सुञ्ञो। ",
"ps2.10:25.8":	"पामोज्जपटिलाभो अरतिया सुञ्ञो। ",
"ps2.10:25.9":	"पठमज्झानपटिलाभो नीवरणेहि सुञ्ञो …पे… ",
"ps2.10:25.10":	"अरहत्तमग्गपटिलाभो सब्बकिलेसेहि सुञ्ञो। ",
"ps2.10:25.11":	"इदं पटिलाभसुञ्ञं। ",
"ps2.10:26.1":	"कतमं <ब्>पटिवेधसुञ्ञं?</ब्> ",
"ps2.10:26.2":	"नेक्खम्मप्पटिवेधो कामच्छन्देन सुञ्ञो। ",
"ps2.10:26.3":	"अब्यापादप्पटिवेधो ब्यापादेन सुञ्ञो। ",
"ps2.10:26.4":	"आलोकसञ्ञाप्पटिवेधो थिनमिद्धेन सुञ्ञो। ",
"ps2.10:26.5":	"अविक्खेपप्पटिवेधो उद्धच्चेन सुञ्ञो। ",
"ps2.10:26.6":	"धम्मववत्थानप्पटिवेधो विचिकिच्छाय सुञ्ञो। ",
"ps2.10:26.7":	"ञाणप्पटिवेधो अविज्जाय सुञ्ञो। ",
"ps2.10:26.8":	"पामोज्जप्पटिवेधो अरतिया सुञ्ञो। ",
"ps2.10:26.9":	"पठमज्झानप्पटिवेधो नीवरणेहि सुञ्ञो …पे… ",
"ps2.10:26.10":	"अरहत्तमग्गप्पटिवेधो सब्बकिलेसेहि सुञ्ञो। ",
"ps2.10:26.11":	"इदं पटिवेधसुञ्ञं। ",
"ps2.10:27.1":	"कतमं <ब्>एकत्तसुञ्ञं, नानत्तसुञ्ञं?</ब्> ",
"ps2.10:27.2":	"कामच्छन्दो नानत्तं, नेक्खम्मं एकत्तं। ",
"ps2.10:27.3":	"नेक्खम्मेकत्तं चेतयतो कामच्छन्देन सुञ्ञं। ",
"ps2.10:27.4":	"ब्यापादो नानत्तं, अब्यापादो एकत्तं। ",
"ps2.10:27.5":	"अब्यापादेकत्तं चेतयतो ब्यापादेन सुञ्ञं। ",
"ps2.10:27.6":	"थिनमिद्धं नानत्तं, आलोकसञ्ञा एकत्तं। ",
"ps2.10:27.7":	"आलोकसञ्ञेकत्तं चेतयतो थिनमिद्धेन सुञ्ञं। ",
"ps2.10:27.8":	"उद्धच्चं नानत्तं, अविक्खेपो एकत्तं। ",
"ps2.10:27.9":	"अविक्खेपेकत्तं चेतयतो उद्धच्चेन सुञ्ञं। ",
"ps2.10:27.10":	"विचिकिच्छा नानत्तं, धम्मववत्थानं एकत्तं। ",
"ps2.10:27.11":	"धम्मववत्थानेकत्तं चेतयतो विचिकिच्छाय सुञ्ञं। ",
"ps2.10:27.12":	"अविज्जा नानत्तं, ञाणं एकत्तं। ",
"ps2.10:27.13":	"ञाणेकत्तं चेतयतो अविज्जाय सुञ्ञं। ",
"ps2.10:27.14":	"अरति नानत्तं, पामोज्जं एकत्तं। ",
"ps2.10:27.15":	"पामोज्जेकत्तं चेतयतो अरतिया सुञ्ञं। ",
"ps2.10:27.16":	"नीवरणा नानत्तं, पठमज्झानं एकत्तं। ",
"ps2.10:27.17":	"पठमज्झानेकत्तं चेतयतो नीवरणेहि सुञ्ञं …पे… ",
"ps2.10:27.18":	"सब्बकिलेसा नानत्तं, अरहत्तमग्गो एकत्तं। ",
"ps2.10:27.19":	"अरहत्तमग्गेकत्तं चेतयतो सब्बकिलेसेहि सुञ्ञं। ",
"ps2.10:27.20":	"इदं एकत्तसुञ्ञं नानत्तसुञ्ञं। ",
"ps2.10:28.1":	"कतमं <ब्>खन्तिसुञ्ञं?</ब्> ",
"ps2.10:28.2":	"नेक्खम्मखन्ति कामच्छन्देन सुञ्ञा। ",
"ps2.10:28.3":	"अब्यापादखन्ति ब्यापादेन सुञ्ञा। ",
"ps2.10:28.4":	"आलोकसञ्ञाखन्ति थिनमिद्धेन सुञ्ञा। ",
"ps2.10:28.5":	"अविक्खेपखन्ति उद्धच्चेन सुञ्ञा। ",
"ps2.10:28.6":	"धम्मववत्थानखन्ति विचिकिच्छाय सुञ्ञा। ",
"ps2.10:28.7":	"ञाणखन्ति अविज्जाय सुञ्ञा। ",
"ps2.10:28.8":	"पामोज्जखन्ति अरतिया सुञ्ञा। ",
"ps2.10:28.9":	"पठमज्झानखन्ति नीवरणेहि सुञ्ञा …पे… ",
"ps2.10:28.10":	"अरहत्तमग्गखन्ति सब्बकिलेसेहि सुञ्ञा। ",
"ps2.10:28.11":	"इदं खन्तिसुञ्ञं। ",
"ps2.10:29.1":	"कतमं <ब्>अधिट्ठानसुञ्ञं?</ब्> ",
"ps2.10:29.2":	"नेक्खम्माधिट्ठानं कामच्छन्देन सुञ्ञं। ",
"ps2.10:29.3":	"अब्यापादाधिट्ठानं ब्यापादेन सुञ्ञं। ",
"ps2.10:29.4":	"आलोकसञ्ञाधिट्ठानं थिनमिद्धेन सुञ्ञं। ",
"ps2.10:29.5":	"अविक्खेपाधिट्ठानं उद्धच्चेन सुञ्ञं। ",
"ps2.10:29.6":	"धम्मववत्थानाधिट्ठानं विचिकिच्छाय सुञ्ञं। ",
"ps2.10:29.7":	"ञाणाधिट्ठानं अविज्जाय सुञ्ञं। ",
"ps2.10:29.8":	"पामोज्जाधिट्ठानं अरतिया सुञ्ञं। ",
"ps2.10:29.9":	"पठमज्झानाधिट्ठानं नीवरणेहि सुञ्ञं …पे… ",
"ps2.10:29.10":	"अरहत्तमग्गाधिट्ठानं सब्बकिलेसेहि सुञ्ञं। ",
"ps2.10:29.11":	"इदं अधिट्ठानसुञ्ञं। ",
"ps2.10:30.1":	"कतमं <ब्>परियोगाहणसुञ्ञं?</ब्> ",
"ps2.10:30.2":	"नेक्खम्मपरियोगाहणं कामच्छन्देन सुञ्ञं। ",
"ps2.10:30.3":	"अब्यापादपरियोगाहणं ब्यापादेन सुञ्ञं। ",
"ps2.10:30.4":	"आलोकसञ्ञापरियोगाहणं थिनमिद्धेन सुञ्ञं। ",
"ps2.10:30.5":	"अविक्खेपपरियोगाहणं उद्धच्चेन सुञ्ञं। ",
"ps2.10:30.6":	"धम्मववत्थानपरियोगाहणं विचिकिच्छाय सुञ्ञं। ",
"ps2.10:30.7":	"ञाणपरियोगाहणं अविज्जाय सुञ्ञं। ",
"ps2.10:30.8":	"पामोज्जपरियोगाहणं अरतिया सुञ्ञं। ",
"ps2.10:30.9":	"पठमज्झानपरियोगाहणं नीवरणेहि सुञ्ञं …पे… ",
"ps2.10:30.10":	"अरहत्तमग्गपरियोगाहणं सब्बकिलेसेहि सुञ्ञं। ",
"ps2.10:30.11":	"इदं परियोगाहणसुञ्ञं। ",
"ps2.10:31.1":	"कतमं <ब्>सम्पजानस्स पवत्तपरियादानं सब्बसुञ्ञतानं परमत्थसुञ्ञं?</ब्> ",
"ps2.10:31.2":	"इध सम्पजानो नेक्खम्मेन कामच्छन्दस्स पवत्तं परियादियति, अब्यापादेन ब्यापादस्स पवत्तं परियादियति, आलोकसञ्ञाय थिनमिद्धस्स पवत्तं परियादियति, अविक्खेपेन उद्धच्चस्स पवत्तं परियादियति, धम्मववत्थानेन विचिकिच्छाय पवत्तं परियादियति, ञाणेन अविज्जाय पवत्तं परियादियति, पामोज्जेन अरतिया पवत्तं परियादियति, पठमेन झानेन नीवरणानं पवत्तं परियादियति …पे… ",
"ps2.10:31.3":	"अरहत्तमग्गेन सब्बकिलेसानं पवत्तं परियादियति। ",
"ps2.10:31.4":	"अथ वा पन सम्पजानस्स अनुपादिसेसाय निब्बानधातुया परिनिब्बायन्तस्स इदं चेव चक्खुपवत्तं परियादियति, अञ्ञञ्च चक्खुपवत्तं न उप्पज्जति। ",
"ps2.10:31.5":	"इदञ्चेव सोतपवत्तं …पे… ",
"ps2.10:31.6":	"घानपवत्तं … ",
"ps2.10:31.7":	"जिव्हापवत्तं … ",
"ps2.10:31.8":	"कायपवत्तं … ",
"ps2.10:31.9":	"मनोपवत्तं परियादियति, अञ्ञञ्च मनोपवत्तं न उप्पज्जति। ",
"ps2.10:31.10":	"इदं सम्पजानस्स पवत्तपरियादानं सब्बसुञ्ञतानं परमत्थसुञ्ञन्ति। ",
"ps2.10:31.11":	"सुञ्ञकथा निट्ठिता। ",
"ps2.10:31.12":	"युगनद्धवग्गो दुतियो। ",
"ps2.10:31.13":	"तस्सुद्दानं ",
"ps2.10:32.1":	"युगनद्धा सच्चबोज्झङ्गा, ",
"ps2.10:32.2":	"मेत्ता विरागपञ्चमा; ",
"ps2.10:32.3":	"पटिसम्भिदा धम्मचक्कं, ",
"ps2.10:32.4":	"लोकुत्तरबलसुञ्ञाति। ",
"ps2.10:32.5":	"एस निकायधरेहि ठपितो, असमो दुतियो पवरो वरवग्गोति। "
}	
