{	
"ps2.7:0.1":	"पटिसम्भिदामग्ग ",
"ps2.7:0.2":	"२ युगनद्धवग्ग ",
"ps2.7:0.3":	"२।७। धम्मचक्ककथा ",
"ps2.7:1.0":	"२।७।१। सच्चवार ",
"ps2.7:1.1":	"एकं समयं भगवा बाराणसियं विहरति …पे… ",
"ps2.7:1.2":	"इति हिदं आयस्मतो कोण्डञ्ञस्स “अञ्ञासिकोण्डञ्ञो” त्वेव नामं अहोसि। ",
"ps2.7:2.1":	"“इदं दुक्खं अरियसच्चन्”ति पुब्बे अननुस्सुतेसु धम्मेसु चक्खुं उदपादि, ञाणं उदपादि, पञ्ञा उदपादि, विज्जा उदपादि, आलोको उदपादि। ",
"ps2.7:3.1":	"चक्खुं उदपादीति—",
"ps2.7:3.2":	"केनट्ठेन? ",
"ps2.7:3.3":	"ञाणं उदपादीति—",
"ps2.7:3.4":	"केनट्ठेन? ",
"ps2.7:3.5":	"पञ्ञा उदपादीति—",
"ps2.7:3.6":	"केनट्ठेन? ",
"ps2.7:3.7":	"विज्जा उदपादीति—",
"ps2.7:3.8":	"केनट्ठेन? ",
"ps2.7:3.9":	"आलोको उदपादीति—",
"ps2.7:3.10":	"केनट्ठेन? ",
"ps2.7:3.11":	"<ब्>चक्खुं उदपादी</ब्>ति—",
"ps2.7:3.12":	"दस्सनट्ठेन। ",
"ps2.7:3.13":	"<ब्>ञाणं उदपादी</ब्>ति—",
"ps2.7:3.14":	"ञातट्ठेन। ",
"ps2.7:3.15":	"<ब्>पञ्ञा उदपादी</ब्>ति—",
"ps2.7:3.16":	"पजाननट्ठेन। ",
"ps2.7:3.17":	"<ब्>विज्जा उदपादी</ब्>ति—",
"ps2.7:3.18":	"पटिवेधट्ठेन। ",
"ps2.7:3.19":	"<ब्>आलोको उदपादी</ब्>ति—",
"ps2.7:3.20":	"ओभासट्ठेन। ",
"ps2.7:4.1":	"चक्खुं धम्मो, दस्सनट्ठो अत्थो। ",
"ps2.7:4.2":	"ञाणं धम्मो, ञातट्ठो अत्थो। ",
"ps2.7:4.3":	"पञ्ञा धम्मो, पजाननट्ठो अत्थो। ",
"ps2.7:4.4":	"विज्जा धम्मो, पटिवेधट्ठो अत्थो। ",
"ps2.7:4.5":	"आलोको धम्मो, ओभासट्ठो अत्थो। ",
"ps2.7:4.6":	"इमे पञ्च धम्मा पञ्च अत्था दुक्खवत्थुका सच्चवत्थुका सच्चारम्मणा सच्चगोचरा सच्चसङ्गहिता सच्चपरियापन्ना सच्चे समुदागता सच्चे ठिता सच्चे पतिट्ठिता। ",
"ps2.7:5.1":	"<ब्>धम्मचक्कन्</ब्>ति केनट्ठेन धम्मचक्कं? ",
"ps2.7:5.2":	"धम्मञ्च पवत्तेति चक्कञ्चाति—धम्मचक्कं। ",
"ps2.7:5.3":	"चक्कञ्च पवत्तेति धम्मञ्चाति—धम्मचक्कं। ",
"ps2.7:5.4":	"धम्मेन पवत्तेतीति—धम्मचक्कं। ",
"ps2.7:5.5":	"धम्मचरियाय पवत्तेतीति—धम्मचक्कं। ",
"ps2.7:5.6":	"धम्मे ठितो पवत्तेतीति—धम्मचक्कं। ",
"ps2.7:5.7":	"धम्मे पतिट्ठितो पवत्तेतीति—धम्मचक्कं। ",
"ps2.7:5.8":	"धम्मे पतिट्ठापेन्तो पवत्तेतीति—धम्मचक्कं। ",
"ps2.7:5.9":	"धम्मे वसिप्पत्तो पवत्तेतीति—धम्मचक्कं। ",
"ps2.7:5.10":	"धम्मे वसिं पापेन्तो पवत्तेतीति—धम्मचक्कं। ",
"ps2.7:5.11":	"धम्मे पारमिप्पत्तो पवत्तेतीति—धम्मचक्कं। ",
"ps2.7:5.12":	"धम्मे पारमिं पापेन्तो पवत्तेतीति—धम्मचक्कं। ",
"ps2.7:5.13":	"धम्मे वेसारज्जप्पत्तो पवत्तेतीति—धम्मचक्कं। ",
"ps2.7:5.14":	"धम्मे वेसारज्जं पापेन्तो पवत्तेतीति—धम्मचक्कं। ",
"ps2.7:5.15":	"धम्मं सक्करोन्तो पवत्तेतीति—धम्मचक्कं। ",
"ps2.7:5.16":	"धम्मं गरुं करोन्तो पवत्तेतीति—धम्मचक्कं। ",
"ps2.7:5.17":	"धम्मं मानेन्तो पवत्तेतीति—धम्मचक्कं। ",
"ps2.7:5.18":	"धम्मं पूजेन्तो पवत्तेतीति—धम्मचक्कं। ",
"ps2.7:5.19":	"धम्मं अपचायमानो पवत्तेतीति—धम्मचक्कं। ",
"ps2.7:5.20":	"धम्मद्धजो पवत्तेतीति—धम्मचक्कं। ",
"ps2.7:5.21":	"धम्मकेतु पवत्तेतीति—धम्मचक्कं। ",
"ps2.7:5.22":	"धम्माधिपतेय्यो पवत्तेतीति—धम्मचक्कं। ",
"ps2.7:5.23":	"तं खो पन धम्मचक्कं अप्पटिवत्तियं समणेन वा ब्राह्मणेन वा देवेन वा मारेन वा ब्रह्मुना वा केनचि वा लोकस्मिन्ति—धम्मचक्कं। ",
"ps2.7:6.1":	"सद्धिन्द्रियं धम्मो तं धम्मं पवत्तेतीति—धम्मचक्कं। ",
"ps2.7:6.2":	"वीरियिन्द्रियं धम्मो तं धम्मं पवत्तेतीति—धम्मचक्कं। ",
"ps2.7:6.3":	"सतिन्द्रियं धम्मो तं धम्मं पवत्तेतीति—धम्मचक्कं। ",
"ps2.7:6.4":	"समाधिन्द्रियं धम्मो तं धम्मं पवत्तेतीति—धम्मचक्कं। ",
"ps2.7:6.5":	"पञ्ञिन्द्रियं धम्मो तं धम्मं पवत्तेतीति—धम्मचक्कं। ",
"ps2.7:6.6":	"सद्धाबलं धम्मो तं धम्मं पवत्तेतीति—धम्मचक्कं। ",
"ps2.7:6.7":	"वीरियबलं धम्मो तं धम्मं पवत्तेतीति—धम्मचक्कं। ",
"ps2.7:6.8":	"सतिबलं धम्मो तं धम्मं पवत्तेतीति—धम्मचक्कं। ",
"ps2.7:6.9":	"समाधिबलं धम्मो तं धम्मं पवत्तेतीति—धम्मचक्कं। ",
"ps2.7:6.10":	"पञ्ञाबलं धम्मो तं धम्मं पवत्तेतीति—धम्मचक्कं। ",
"ps2.7:6.11":	"सतिसम्बोज्झङ्गो धम्मो तं धम्मं पवत्तेतीति—धम्मचक्कं। ",
"ps2.7:6.12":	"धम्मविचयसम्बोज्झङ्गो धम्मो तं धम्मं पवत्तेतीति—धम्मचक्कं। ",
"ps2.7:6.13":	"वीरियसम्बोज्झङ्गो धम्मो तं धम्मं पवत्तेतीति—धम्मचक्कं। ",
"ps2.7:6.14":	"पीतिसम्बोज्झङ्गो धम्मो तं धम्मं पवत्तेतीति—धम्मचक्कं। ",
"ps2.7:6.15":	"पस्सद्धिसम्बोज्झङ्गो धम्मो तं धम्मं पवत्तेतीति—धम्मचक्कं। ",
"ps2.7:6.16":	"समाधिसम्बोज्झङ्गो धम्मो तं धम्मं पवत्तेतीति—धम्मचक्कं। ",
"ps2.7:6.17":	"उपेक्खासम्बोज्झङ्गो धम्मो तं धम्मं पवत्तेतीति—धम्मचक्कं। ",
"ps2.7:6.18":	"सम्मादिट्ठि धम्मो तं धम्मं पवत्तेतीति—धम्मचक्कं। ",
"ps2.7:6.19":	"सम्मासङ्कप्पो धम्मो तं धम्मं पवत्तेतीति—धम्मचक्कं। ",
"ps2.7:6.20":	"सम्मावाचा धम्मो तं धम्मं पवत्तेतीति—धम्मचक्कं। ",
"ps2.7:6.21":	"सम्माकम्मन्तो धम्मो तं धम्मं पवत्तेतीति—धम्मचक्कं। ",
"ps2.7:6.22":	"सम्माआजीवो धम्मो तं धम्मं पवत्तेतीति—धम्मचक्कं। ",
"ps2.7:6.23":	"सम्मावायामो धम्मो तं धम्मं पवत्तेतीति—धम्मचक्कं। ",
"ps2.7:6.24":	"सम्मासति धम्मो तं धम्मं पवत्तेतीति—धम्मचक्कं। ",
"ps2.7:6.25":	"सम्मासमाधि धम्मो तं धम्मं पवत्तेतीति—धम्मचक्कं। ",
"ps2.7:7.1":	"आधिपतेय्यट्ठेन इन्द्रियं धम्मो तं धम्मं पवत्तेतीति—धम्मचक्कं। ",
"ps2.7:7.2":	"अकम्पियट्ठेन बलं धम्मो तं धम्मं पवत्तेतीति—धम्मचक्कं। ",
"ps2.7:7.3":	"निय्यानिकट्ठेन बोज्झङ्गो धम्मो तं धम्मं पवत्तेतीति—धम्मचक्कं। ",
"ps2.7:7.4":	"हेतुट्ठेन मग्गो धम्मो तं धम्मं पवत्तेतीति—धम्मचक्कं। ",
"ps2.7:7.5":	"उपट्ठानट्ठेन सतिपट्ठाना धम्मो तं धम्मं पवत्तेतीति—धम्मचक्कं। ",
"ps2.7:7.6":	"पदहनट्ठेन सम्मप्पधाना धम्मो तं धम्मं पवत्तेतीति—धम्मचक्कं। ",
"ps2.7:7.7":	"इज्झनट्ठेन इद्धिपादा धम्मो तं धम्मं पवत्तेतीति—धम्मचक्कं। ",
"ps2.7:7.8":	"तथट्ठेन सच्चा धम्मो तं धम्मं पवत्तेतीति—धम्मचक्कं। ",
"ps2.7:7.9":	"अविक्खेपट्ठेन समथो धम्मो तं धम्मं पवत्तेतीति—धम्मचक्कं। ",
"ps2.7:7.10":	"अनुपस्सनट्ठेन विपस्सना धम्मो तं धम्मं पवत्तेतीति—धम्मचक्कं। ",
"ps2.7:7.11":	"एकरसट्ठेन समथविपस्सना धम्मो तं धम्मं पवत्तेतीति—धम्मचक्कं। ",
"ps2.7:7.12":	"अनतिवत्तनट्ठेन युगनद्धं धम्मो तं धम्मं पवत्तेतीति—धम्मचक्कं। ",
"ps2.7:7.13":	"संवरट्ठेन सीलविसुद्धि धम्मो तं धम्मं पवत्तेतीति—धम्मचक्कं। ",
"ps2.7:7.14":	"अविक्खेपट्ठेन चित्तविसुद्धि धम्मो तं धम्मं पवत्तेतीति—धम्मचक्कं। ",
"ps2.7:7.15":	"दस्सनट्ठेन दिट्ठिविसुद्धि धम्मो तं धम्मं पवत्तेतीति—धम्मचक्कं। ",
"ps2.7:7.16":	"मुत्तट्ठेन विमोक्खो धम्मो तं धम्मं पवत्तेतीति—धम्मचक्कं। ",
"ps2.7:7.17":	"पटिवेधट्ठेन विज्जा धम्मो तं धम्मं पवत्तेतीति—धम्मचक्कं। ",
"ps2.7:7.18":	"परिच्चागट्ठेन विमुत्ति धम्मो तं धम्मं पवत्तेतीति—धम्मचक्कं। ",
"ps2.7:7.19":	"समुच्छेदट्ठेन खये ञाणं धम्मो तं धम्मं पवत्तेतीति—धम्मचक्कं। ",
"ps2.7:7.20":	"पटिप्पस्सद्धट्ठेन अनुप्पादे ञाणं धम्मो तं धम्मं पवत्तेतीति—धम्मचक्कं। ",
"ps2.7:7.21":	"छन्दो मूलट्ठेन धम्मो तं धम्मं पवत्तेतीति—धम्मचक्कं। ",
"ps2.7:7.22":	"मनसिकारो समुट्ठानट्ठेन धम्मो तं धम्मं पवत्तेतीति—धम्मचक्कं। ",
"ps2.7:7.23":	"फस्सो समोधानट्ठेन धम्मो तं धम्मं पवत्तेतीति—धम्मचक्कं। ",
"ps2.7:7.24":	"वेदना समोसरणट्ठेन धम्मो तं धम्मं पवत्तेतीति—धम्मचक्कं। ",
"ps2.7:7.25":	"समाधि पमुखट्ठेन धम्मो तं धम्मं पवत्तेतीति—धम्मचक्कं। ",
"ps2.7:7.26":	"सति आधिपतेय्यट्ठेन धम्मो तं धम्मं पवत्तेतीति—धम्मचक्कं। ",
"ps2.7:7.27":	"पञ्ञा तदुत्तरट्ठेन धम्मो तं धम्मं पवत्तेतीति—धम्मचक्कं। ",
"ps2.7:7.28":	"विमुत्ति सारट्ठेन धम्मो तं धम्मं पवत्तेतीति—धम्मचक्कं। ",
"ps2.7:7.29":	"अमतोगधं निब्बानं परियोसानट्ठेन धम्मो तं धम्मं पवत्तेतीति—धम्मचक्कं। ",
"ps2.7:8.1":	"“तं खो पनिदं दुक्खं अरियसच्चं परिञ्ञेय्यन्”ति …पे… ",
"ps2.7:8.2":	"परिञ्ञातन्ति पुब्बे अननुस्सुतेसु धम्मेसु चक्खुं उदपादि …पे… ",
"ps2.7:8.3":	"आलोको उदपादि। ",
"ps2.7:9.1":	"चक्खुं उदपादीति—",
"ps2.7:9.2":	"केनट्ठेन …पे… ",
"ps2.7:9.3":	"आलोको उदपादीति—",
"ps2.7:9.4":	"केनट्ठेन? ",
"ps2.7:9.5":	"<ब्>चक्खुं उदपादी</ब्>ति—",
"ps2.7:9.6":	"दस्सनट्ठेन …पे… ",
"ps2.7:9.7":	"<ब्>आलोको उदपादी</ब्>ति—",
"ps2.7:9.8":	"ओभासट्ठेन। ",
"ps2.7:9.9":	"चक्खुं धम्मो, दस्सनट्ठो अत्थो …पे… ",
"ps2.7:9.10":	"आलोको धम्मो, ओभासट्ठो अत्थो। ",
"ps2.7:9.11":	"इमे पञ्च धम्मा पञ्च अत्था दुक्खवत्थुका सच्चवत्थुका सच्चारम्मणा सच्चगोचरा सच्चसङ्गहिता सच्चपरियापन्ना सच्चे समुदागता सच्चे ठिता सच्चे पतिट्ठिता। ",
"ps2.7:10.1":	"<ब्>धम्मचक्कन्</ब्>ति केनट्ठेन धम्मचक्कं? ",
"ps2.7:10.2":	"धम्मञ्च पवत्तेति चक्कञ्चाति—धम्मचक्कं। ",
"ps2.7:10.3":	"चक्कञ्च पवत्तेति धम्मञ्चाति—धम्मचक्कं। ",
"ps2.7:10.4":	"धम्मेन पवत्तेतीति—धम्मचक्कं। ",
"ps2.7:10.5":	"धम्मचरियाय पवत्तेतीति—धम्मचक्कं। ",
"ps2.7:10.6":	"धम्मे ठितो पवत्तेतीति—धम्मचक्कं। ",
"ps2.7:10.7":	"धम्मे पतिट्ठितो पवत्तेतीति—धम्मचक्कं …पे… ",
"ps2.7:10.8":	"अमतोगधं निब्बानं परियोसानट्ठेन धम्मो तं धम्मं पवत्तेतीति—धम्मचक्कं। ",
"ps2.7:11.1":	"“इदं दुक्खसमुदयं अरियसच्चन्”ति पुब्बे अननुस्सुतेसु धम्मेसु चक्खुं उदपादि …पे… ",
"ps2.7:11.2":	"आलोको उदपादि …पे… ",
"ps2.7:11.3":	"“तं खो पनिदं दुक्खसमुदयं अरियसच्चं पहातब्बन्”ति …पे… ",
"ps2.7:11.4":	"“पहीनन्”ति पुब्बे अननुस्सुतेसु धम्मेसु चक्खुं उदपादि …पे… ",
"ps2.7:11.5":	"आलोको उदपादि। ",
"ps2.7:12.1":	"चक्खुं उदपादीति—",
"ps2.7:12.2":	"केनट्ठेन …पे… ",
"ps2.7:12.3":	"आलोको उदपादीति—",
"ps2.7:12.4":	"केनट्ठेन? ",
"ps2.7:12.5":	"<ब्>चक्खुं उदपादी</ब्>ति—",
"ps2.7:12.6":	"दस्सनट्ठेन …पे… ",
"ps2.7:12.7":	"<ब्>आलोको उदपादी</ब्>ति—",
"ps2.7:12.8":	"ओभासट्ठेन। ",
"ps2.7:13.1":	"चक्खुं धम्मो, दस्सनट्ठो अत्थो …पे… ",
"ps2.7:13.2":	"आलोको धम्मो, ओभासट्ठो अत्थो। ",
"ps2.7:13.3":	"इमे पञ्च धम्मा पञ्च अत्था समुदयवत्थुका सच्चवत्थुका …पे… ",
"ps2.7:13.4":	"निरोधवत्थुका सच्चवत्थुका …पे… ",
"ps2.7:13.5":	"मग्गवत्थुका सच्चवत्थुका सच्चारम्मणा सच्चगोचरा सच्चसङ्गहिता सच्चपरियापन्ना सच्चे समुदागता सच्चे ठिता सच्चे पतिट्ठिता। ",
"ps2.7:14.1":	"<ब्>धम्मचक्कन्</ब्>ति केनट्ठेन धम्मचक्कं? ",
"ps2.7:14.2":	"धम्मञ्च पवत्तेति चक्कञ्चाति—धम्मचक्कं। ",
"ps2.7:14.3":	"चक्कञ्च पवत्तेति धम्मञ्चाति—धम्मचक्कं। ",
"ps2.7:14.4":	"धम्मेन पवत्तेतीति—धम्मचक्कं। ",
"ps2.7:14.5":	"धम्मचरियाय पवत्तेतीति—धम्मचक्कं। ",
"ps2.7:14.6":	"धम्मे ठितो पवत्तेतीति—धम्मचक्कं। ",
"ps2.7:14.7":	"धम्मे पतिट्ठितो पवत्तेतीति—धम्मचक्कं …पे… ",
"ps2.7:14.8":	"अमतोगधं निब्बानं परियोसानट्ठेन धम्मो तं धम्मं पवत्तेतीति—धम्मचक्कं। ",
"ps2.7:15.0":	"२।७।२। सतिपट्ठानवार ",
"ps2.7:15.1":	"“‘अयं काये कायानुपस्सना’ति मे, भिक्खवे, पुब्बे अननुस्सुतेसु धम्मेसु चक्खुं उदपादि …पे… ",
"ps2.7:15.2":	"आलोको उदपादि। ",
"ps2.7:15.3":	"सा खो पनायं काये कायानुपस्सना भावेतब्बाति मे, भिक्खवे …पे… ",
"ps2.7:15.4":	"भाविताति मे, भिक्खवे, पुब्बे अननुस्सुतेसु धम्मेसु चक्खुं उदपादि …पे… ",
"ps2.7:15.5":	"आलोको उदपादि। ",
"ps2.7:16.1":	"अयं वेदनासु …पे… ",
"ps2.7:16.2":	"अयं चित्ते … ",
"ps2.7:16.3":	"अयं धम्मेसु धम्मानुपस्सनाति मे, भिक्खवे, पुब्बे अननुस्सुतेसु धम्मेसु चक्खुं उदपादि …पे… ",
"ps2.7:16.4":	"आलोको उदपादि। ",
"ps2.7:16.5":	"सा खो पनायं धम्मेसु धम्मानुपस्सना भावेतब्बाति मे, भिक्खवे …पे… ",
"ps2.7:16.6":	"भाविताति मे, भिक्खवे, पुब्बे अननुस्सुतेसु धम्मेसु चक्खुं उदपादि …पे… ",
"ps2.7:16.7":	"आलोको उदपादि”। ",
"ps2.7:17.1":	"“अयं काये कायानुपस्सना”ति पुब्बे अननुस्सुतेसु धम्मेसु चक्खुं उदपादि …पे… ",
"ps2.7:17.2":	"आलोको उदपादि …पे… ",
"ps2.7:17.3":	"सा खो पनायं काये कायानुपस्सना भावेतब्बाति …पे… ",
"ps2.7:17.4":	"भाविताति पुब्बे अननुस्सुतेसु धम्मेसु चक्खुं उदपादि …पे… ",
"ps2.7:17.5":	"आलोको उदपादि। ",
"ps2.7:18.1":	"चक्खुं उदपादीति—",
"ps2.7:18.2":	"केनट्ठेन …पे… ",
"ps2.7:18.3":	"आलोको उदपादीति—",
"ps2.7:18.4":	"केनट्ठेन? ",
"ps2.7:18.5":	"<ब्>चक्खुं उदपादी</ब्>ति—",
"ps2.7:18.6":	"दस्सनट्ठेन …पे… ",
"ps2.7:18.7":	"<ब्>आलोको उदपादी</ब्>ति—",
"ps2.7:18.8":	"ओभासट्ठेन। ",
"ps2.7:19.1":	"चक्खुं धम्मो, दस्सनट्ठो अत्थो …पे… ",
"ps2.7:19.2":	"आलोको धम्मो, ओभासट्ठो अत्थो। ",
"ps2.7:19.3":	"इमे पञ्च धम्मा पञ्च अत्था कायवत्थुका सतिपट्ठानवत्थुका …पे… ",
"ps2.7:19.4":	"वेदनावत्थुका सतिपट्ठानवत्थुका … ",
"ps2.7:19.5":	"चित्तवत्थुका सतिपट्ठानवत्थुका … ",
"ps2.7:19.6":	"धम्मवत्थुका सतिपट्ठानवत्थुका सतिपट्ठानारम्मणा सतिपट्ठानगोचरा सतिपट्ठानसङ्गहिता सतिपट्ठानपरियापन्ना सतिपट्ठाने समुदागता सतिपट्ठाने ठिता सतिपट्ठाने पतिट्ठिता। ",
"ps2.7:20.1":	"<ब्>धम्मचक्कन्</ब्>ति केनट्ठेन धम्मचक्कं? ",
"ps2.7:20.2":	"धम्मञ्च पवत्तेति चक्कञ्चाति—धम्मचक्कं। ",
"ps2.7:20.3":	"चक्कञ्च पवत्तेति धम्मञ्चाति—धम्मचक्कं। ",
"ps2.7:20.4":	"धम्मेन पवत्तेतीति—धम्मचक्कं। ",
"ps2.7:20.5":	"धम्मचरियाय पवत्तेतीति—धम्मचक्कं। ",
"ps2.7:20.6":	"धम्मे ठितो पवत्तेतीति—धम्मचक्कं। ",
"ps2.7:20.7":	"धम्मे पतिट्ठितो पवत्तेतीति—धम्मचक्कं …पे… ",
"ps2.7:20.8":	"अमतोगधं निब्बानं परियोसानट्ठेन धम्मो तं धम्मं पवत्तेतीति—धम्मचक्कं। ",
"ps2.7:21.0":	"२।७।३। इद्धिपादवार ",
"ps2.7:21.1":	"“‘अयं छन्दसमाधिपधानसङ्खारसमन्नागतो इद्धिपादो’ति मे, भिक्खवे पुब्बे अननुस्सुतेसु धम्मेसु चक्खुं उदपादि …पे… ",
"ps2.7:21.2":	"आलोको उदपादि। ",
"ps2.7:21.3":	"‘सो खो पनायं छन्दसमाधिपधानसङ्खारसमन्नागतो इद्धिपादो भावेतब्बो’ति मे, भिक्खवे …पे… ",
"ps2.7:21.4":	"भावितोति मे, भिक्खवे, पुब्बे अननुस्सुतेसु धम्मेसु चक्खुं उदपादि …पे… ",
"ps2.7:21.5":	"आलोको उदपादि। ",
"ps2.7:22.1":	"अयं वीरियसमाधि …पे… ",
"ps2.7:22.2":	"अयं चित्तसमाधि …पे… ",
"ps2.7:22.3":	"अयं वीमंसासमाधिपधानसङ्खारसमन्नागतो इद्धिपादोति मे, भिक्खवे, पुब्बे अननुस्सुतेसु धम्मेसु चक्खुं उदपादि …पे… ",
"ps2.7:22.4":	"आलोको उदपादि। ",
"ps2.7:22.5":	"सो खो पनायं वीमंसासमाधिपधानसङ्खारसमन्नागतो इद्धिपादो भावेतब्बोति मे, भिक्खवे …पे… ",
"ps2.7:22.6":	"भावितोति मे, भिक्खवे, पुब्बे अननुस्सुतेसु धम्मेसु चक्खुं उदपादि …पे… ",
"ps2.7:22.7":	"आलोको उदपादि”। ",
"ps2.7:23.1":	"“अयं छन्दसमाधिपधानसङ्खारसमन्नागतो इद्धिपादो”ति पुब्बे अननुस्सुतेसु धम्मेसु चक्खुं उदपादि …पे… ",
"ps2.7:23.2":	"आलोको उदपादि …पे… ",
"ps2.7:23.3":	"सो खो पनायं छन्दसमाधिपधानसङ्खारसमन्नागतो इद्धिपादो भावेतब्बोति …पे… ",
"ps2.7:23.4":	"भावितोति पुब्बे अननुस्सुतेसु धम्मेसु चक्खुं उदपादि, ञाणं उदपादि, पञ्ञा उदपादि, विज्जा उदपादि, आलोको उदपादि। ",
"ps2.7:24.1":	"चक्खुं उदपादीति—",
"ps2.7:24.2":	"केनट्ठेन? ",
"ps2.7:24.3":	"ञाणं उदपादीति—",
"ps2.7:24.4":	"केनट्ठेन? ",
"ps2.7:24.5":	"पञ्ञा उदपादीति—",
"ps2.7:24.6":	"केनट्ठेन? ",
"ps2.7:24.7":	"विज्जा उदपादीति—",
"ps2.7:24.8":	"केनट्ठेन? ",
"ps2.7:24.9":	"आलोको उदपादीति—",
"ps2.7:24.10":	"केनट्ठेन? ",
"ps2.7:24.11":	"<ब्>चक्खुं उदपादी</ब्>ति—",
"ps2.7:24.12":	"दस्सनट्ठेन। ",
"ps2.7:24.13":	"<ब्>ञाणं उदपादी</ब्>ति—",
"ps2.7:24.14":	"ञातट्ठेन। ",
"ps2.7:24.15":	"<ब्>पञ्ञा उदपादी</ब्>ति—",
"ps2.7:24.16":	"पजाननट्ठेन। ",
"ps2.7:24.17":	"<ब्>विज्जा उदपादी</ब्>ति—",
"ps2.7:24.18":	"पटिवेधट्ठेन। ",
"ps2.7:24.19":	"<ब्>आलोको उदपादी</ब्>ति—",
"ps2.7:24.20":	"ओभासट्ठेन। ",
"ps2.7:25.1":	"चक्खुं धम्मो, दस्सनट्ठो अत्थो। ",
"ps2.7:25.2":	"ञाणं धम्मो, ञातट्ठो अत्थो। ",
"ps2.7:25.3":	"पञ्ञा धम्मो, पजाननट्ठो अत्थो। ",
"ps2.7:25.4":	"विज्जा धम्मो, पटिवेधट्ठो अत्थो। ",
"ps2.7:25.5":	"आलोको धम्मो, ओभासट्ठो अत्थो। ",
"ps2.7:25.6":	"इमे पञ्च धम्मा पञ्च अत्था छन्दवत्थुका इद्धिपादवत्थुका इद्धिपादारम्मणा इद्धिपादगोचरा इद्धिपादसङ्गहिता इद्धिपादपरियापन्ना इद्धिपादे समुदागता इद्धिपादे ठिता इद्धिपादे पतिट्ठिता। ",
"ps2.7:26.1":	"<ब्>धम्मचक्कन्</ब्>ति केनट्ठेन धम्मचक्कं? ",
"ps2.7:26.2":	"धम्मञ्च पवत्तेति चक्कञ्चाति—धम्मचक्कं। ",
"ps2.7:26.3":	"चक्कञ्च पवत्तेति धम्मञ्चाति—धम्मचक्कं। ",
"ps2.7:26.4":	"धम्मेन पवत्तेतीति—धम्मचक्कं। ",
"ps2.7:26.5":	"धम्मचरियाय पवत्तेतीति—धम्मचक्कं। ",
"ps2.7:26.6":	"धम्मे ठितो पवत्तेतीति—धम्मचक्कं। ",
"ps2.7:26.7":	"धम्मे पतिट्ठितो पवत्तेतीति—धम्मचक्कं। ",
"ps2.7:26.8":	"धम्मे पतिट्ठापेन्तो पवत्तेतीति—धम्मचक्कं। ",
"ps2.7:26.9":	"धम्मे वसिप्पत्तो पवत्तेतीति—धम्मचक्कं। ",
"ps2.7:26.10":	"धम्मे वसिं पापेन्तो पवत्तेतीति—धम्मचक्कं। ",
"ps2.7:26.11":	"धम्मे पारमिप्पत्तो पवत्तेतीति—धम्मचक्कं। ",
"ps2.7:26.12":	"धम्मे पारमिं पापेन्तो पवत्तेतीति—धम्मचक्कं …पे… ",
"ps2.7:26.13":	"धम्मं अपचायमानो पवत्तेतीति—धम्मचक्कं। ",
"ps2.7:26.14":	"धम्मद्धजो पवत्तेतीति—धम्मचक्कं। ",
"ps2.7:26.15":	"धम्मकेतु पवत्तेतीति—धम्मचक्कं। ",
"ps2.7:26.16":	"धम्माधिपतेय्यो पवत्तेतीति—धम्मचक्कं। ",
"ps2.7:26.17":	"तं खो पन धम्मचक्कं अप्पटिवत्तियं समणेन वा ब्राह्मणेन वा देवेन वा मारेन वा ब्रह्मुना वा केनचि वा लोकस्मिन्ति—धम्मचक्कं। ",
"ps2.7:27.1":	"“सद्धिन्द्रियं धम्मो। ",
"ps2.7:27.2":	"तं धम्मं पवत्तेती”ति—धम्मचक्कं …पे… ",
"ps2.7:27.3":	"अमतोगधं निब्बानं परियोसानट्ठेन धम्मो। ",
"ps2.7:27.4":	"तं धम्मं पवत्तेतीति—धम्मचक्कं। ",
"ps2.7:28.1":	"अयं वीरियसमाधिपधानसङ्खारसमन्नागतो इद्धिपादोति पुब्बे अननुस्सुतेसु धम्मेसु चक्खुं उदपादि …पे… ",
"ps2.7:28.2":	"आलोको उदपादि …पे… ",
"ps2.7:28.3":	"सो खो पनायं वीरियसमाधिपधानसङ्खारसमन्नागतो इद्धिपादो भावेतब्बोति …पे… ",
"ps2.7:28.4":	"भावितोति पुब्बे अननुस्सुतेसु धम्मेसु चक्खुं उदपादि …पे… ",
"ps2.7:28.5":	"आलोको उदपादि। ",
"ps2.7:29.1":	"चक्खुं उदपादीति—",
"ps2.7:29.2":	"केनट्ठेन …पे… ",
"ps2.7:29.3":	"आलोको उदपादीति—",
"ps2.7:29.4":	"केनट्ठेन? ",
"ps2.7:29.5":	"<ब्>चक्खुं उदपादी</ब्>ति—",
"ps2.7:29.6":	"दस्सनट्ठेन …पे… ",
"ps2.7:29.7":	"<ब्>आलोको उदपादी</ब्>ति—",
"ps2.7:29.8":	"ओभासट्ठेन। ",
"ps2.7:30.1":	"चक्खुं धम्मो, दस्सनट्ठो अत्थो …पे… ",
"ps2.7:30.2":	"आलोको धम्मो, ओभासट्ठो अत्थो। ",
"ps2.7:30.3":	"इमे पञ्च धम्मा पञ्च अत्था वीरियवत्थुका इद्धिपादवत्थुका …पे… ",
"ps2.7:30.4":	"चित्तवत्थुका इद्धिपादवत्थुका … ",
"ps2.7:30.5":	"वीमंसावत्थुका इद्धिपादवत्थुका इद्धिपादारम्मणा इद्धिपादगोचरा इद्धिपादसङ्गहिता इद्धिपादपरियापन्ना इद्धिपादे समुदागता इद्धिपादे ठिता इद्धिपादे पतिट्ठिता। ",
"ps2.7:31.1":	"<ब्>धम्मचक्कन्</ब्>ति केनट्ठेन धम्मचक्कं? ",
"ps2.7:31.2":	"धम्मञ्च पवत्तेति चक्कञ्चाति—धम्मचक्कं। ",
"ps2.7:31.3":	"चक्कञ्च पवत्तेति धम्मञ्चाति—धम्मचक्कं। ",
"ps2.7:31.4":	"धम्मेन पवत्तेतीति—धम्मचक्कं। ",
"ps2.7:31.5":	"धम्मचरियाय पवत्तेतीति—धम्मचक्कं। ",
"ps2.7:31.6":	"धम्मे ठितो पवत्तेतीति—धम्मचक्कं। ",
"ps2.7:31.7":	"धम्मे पतिट्ठितो पवत्तेतीति—धम्मचक्कं …पे… ",
"ps2.7:31.8":	"अमतोगधं निब्बानं परियोसानट्ठेन धम्मो। ",
"ps2.7:31.9":	"तं धम्मं पवत्तेतीति—धम्मचक्कन्ति। ",
"ps2.7:31.10":	"धम्मचक्ककथा निट्ठिता। "
}	
