{	
"ps2.3:0.1":	"पटिसम्भिदामग्ग ",
"ps2.3:0.2":	"२ युगनद्धवग्ग ",
"ps2.3:0.3":	"२।३। बोज्झङ्गकथा ",
"ps2.3:1.1":	"सावत्थिनिदानं। ",
"ps2.3:1.2":	"“सत्तिमे, भिक्खवे, बोज्झङ्गा। ",
"ps2.3:1.3":	"कतमे सत्त? ",
"ps2.3:1.4":	"सतिसम्बोज्झङ्गो, धम्मविचयसम्बोज्झङ्गो, वीरियसम्बोज्झङ्गो, पीतिसम्बोज्झङ्गो, पस्सद्धिसम्बोज्झङ्गो, समाधिसम्बोज्झङ्गो, उपेक्खासम्बोज्झङ्गो—",
"ps2.3:1.5":	"इमे खो, भिक्खवे, सत्त बोज्झङ्गा”। ",
"ps2.3:2.1":	"<ब्>बोज्झङ्गा</ब्>ति केनट्ठेन बोज्झङ्गा? ",
"ps2.3:2.2":	"बोधाय संवत्तन्तीति—बोज्झङ्गा। ",
"ps2.3:2.3":	"बुज्झन्तीति— बोज्झङ्गा। ",
"ps2.3:2.4":	"अनुबुज्झन्तीति—बोज्झङ्गा। ",
"ps2.3:2.5":	"पटिबुज्झन्तीति—बोज्झङ्गा। ",
"ps2.3:2.6":	"सम्बुज्झन्तीति—बोज्झङ्गा। ",
"ps2.3:3.1":	"बुज्झनट्ठेन बोज्झङ्गा, अनुबुज्झनट्ठेन बोज्झङ्गा, पटिबुज्झनट्ठेन बोज्झङ्गा, सम्बुज्झनट्ठेन बोज्झङ्गा। ",
"ps2.3:4.1":	"बोधेन्तीति—बोज्झङ्गा। ",
"ps2.3:4.2":	"अनुबोधेन्तीति—बोज्झङ्गा। ",
"ps2.3:4.3":	"पटिबोधेन्तीति—बोज्झङ्गा। ",
"ps2.3:4.4":	"सम्बोधेन्तीति—बोज्झङ्गा। ",
"ps2.3:5.1":	"बोधनट्ठेन बोज्झङ्गा, अनुबोधनट्ठेन बोज्झङ्गा, पटिबोधनट्ठेन बोज्झङ्गा, सम्बोधनट्ठेन बोज्झङ्गा। ",
"ps2.3:6.1":	"बोधिपक्खियट्ठेन बोज्झङ्गा, अनुबोधिपक्खियट्ठेन बोज्झङ्गा, पटिबोधिपक्खियट्ठेन बोज्झङ्गा, सम्बोधिपक्खियट्ठेन बोज्झङ्गा। ",
"ps2.3:6.2":	"(पञ्चमचतुक्कं) ",
"ps2.3:7.1":	"बुद्धिलभनट्ठेन बोज्झङ्गा, बुद्धिपटिलभनट्ठेन बोज्झङ्गा, बुद्धिरोपनट्ठेन बोज्झङ्गा, बुद्धिअभिरोपनट्ठेन बोज्झङ्गा, बुद्धिपापनट्ठेन बोज्झङ्गा, बुद्धिसम्पापनट्ठेन बोज्झङ्गा। ",
"ps2.3:7.2":	"(छक्कं) ",
"ps2.3:8.0":	"२।३।१। मूलमूलकादिदसक ",
"ps2.3:8.1":	"मूलट्ठेन बोज्झङ्गा, मूलचरियट्ठेन बोज्झङ्गा, मूलपरिग्गहट्ठेन बोज्झङ्गा, मूलपरिवारट्ठेन बोज्झङ्गा, मूलपरिपूरणट्ठेन बोज्झङ्गा, मूलपरिपाकट्ठेन बोज्झङ्गा, मूलपटिसम्भिदट्ठेन बोज्झङ्गा, मूलपटिसम्भिदापापनट्ठेन बोज्झङ्गा, मूलपटिसम्भिदाय वसीभावट्ठेन बोज्झङ्गा, मूलपटिसम्भिदाय वसीभावप्पत्तानम्पि बोज्झङ्गा। ",
"ps2.3:9.1":	"हेतुट्ठेन बोज्झङ्गा, हेतुचरियट्ठेन बोज्झङ्गा, हेतुपरिग्गहट्ठेन बोज्झङ्गा, हेतुपरिवारट्ठेन बोज्झङ्गा, हेतुपरिपूरणट्ठेन बोज्झङ्गा, हेतुपरिपाकट्ठेन बोज्झङ्गा, हेतुपटिसम्भिदट्ठेन बोज्झङ्गा, हेतुपटिसम्भिदापापनट्ठेन बोज्झङ्गा, हेतुपटिसम्भिदाय वसीभावट्ठेन बोज्झङ्गा, हेतुपटिसम्भिदाय वसीभावप्पत्तानम्पि बोज्झङ्गा। ",
"ps2.3:10.1":	"पच्चयट्ठेन बोज्झङ्गा, पच्चयचरियट्ठेन बोज्झङ्गा, पच्चयपरिग्गहट्ठेन बोज्झङ्गा, पच्चयपरिवारट्ठेन बोज्झङ्गा, पच्चयपरिपूरणट्ठेन बोज्झङ्गा, पच्चयपरिपाकट्ठेन बोज्झङ्गा, पच्चयपटिसम्भिदट्ठेन बोज्झङ्गा, पच्चयपटिसम्भिदापापनट्ठेन बोज्झङ्गा, पच्चयपटिसम्भिदाय वसीभावट्ठेन बोज्झङ्गा, पच्चयपटिसम्भिदाय वसीभावप्पत्तानम्पि बोज्झङ्गा। ",
"ps2.3:11.1":	"विसुद्धट्ठेन बोज्झङ्गा, विसुद्धिचरियट्ठेन बोज्झङ्गा, विसुद्धिपरिग्गहट्ठेन बोज्झङ्गा, विसुद्धिपरिवारट्ठेन बोज्झङ्गा, विसुद्धिपरिपूरणट्ठेन बोज्झङ्गा, विसुद्धिपरिपाकट्ठेन बोज्झङ्गा, विसुद्धिपटिसम्भिदट्ठेन बोज्झङ्गा, विसुद्धिपटिसम्भिदापापनट्ठेन बोज्झङ्गा, विसुद्धिपटिसम्भिदाय वसीभावट्ठेन बोज्झङ्गा, विसुद्धिपटिसम्भिदाय वसीभावप्पत्तानम्पि बोज्झङ्गा। ",
"ps2.3:12.1":	"अनवज्जट्ठेन बोज्झङ्गा, अनवज्जचरियट्ठेन बोज्झङ्गा, अनवज्जपरिग्गहट्ठेन बोज्झङ्गा, अनवज्जपरिवारट्ठेन बोज्झङ्गा, अनवज्जपरिपूरणट्ठेन बोज्झङ्गा, अनवज्जपरिपाकट्ठेन बोज्झङ्गा, अनवज्जपटिसम्भिदट्ठेन बोज्झङ्गा, अनवज्जपटिसम्भिदापापनट्ठेन बोज्झङ्गा, अनवज्जपटिसम्भिदाय वसीभावट्ठेन बोज्झङ्गा, अनवज्जपटिसम्भिदाय वसीभावप्पत्तानम्पि बोज्झङ्गा। ",
"ps2.3:13.1":	"नेक्खम्मट्ठेन बोज्झङ्गा, नेक्खम्मचरियट्ठेन बोज्झङ्गा, नेक्खम्मपरिग्गहट्ठेन बोज्झङ्गा, नेक्खम्मपरिवारट्ठेन बोज्झङ्गा, नेक्खम्मपरिपूरणट्ठेन बोज्झङ्गा, नेक्खम्मपरिपाकट्ठेन बोज्झङ्गा, नेक्खम्मपटिसम्भिदट्ठेन बोज्झङ्गा, नेक्खम्मपटिसम्भिदापापनट्ठेन बोज्झङ्गा, नेक्खम्मपटिसम्भिदाय वसीभावट्ठेन बोज्झङ्गा, नेक्खम्मपटिसम्भिदाय वसीभावप्पत्तानम्पि बोज्झङ्गा। ",
"ps2.3:14.1":	"विमुत्तट्ठेन बोज्झङ्गा, विमुत्तिचरियट्ठेन बोज्झङ्गा, विमुत्तिपरिग्गहट्ठेन बोज्झङ्गा, विमुत्तिपरिवारट्ठेन बोज्झङ्गा, विमुत्तिपरिपूरणट्ठेन बोज्झङ्गा, विमुत्तिपरिपाकट्ठेन बोज्झङ्गा, विमुत्तिपटिसम्भिदट्ठेन बोज्झङ्गा, विमुत्तिपटिसम्भिदापापनट्ठेन बोज्झङ्गा, विमुत्तिपटिसम्भिदाय वसीभावट्ठेन बोज्झङ्गा, विमुत्तिपटिसम्भिदाय वसीभावप्पत्तानम्पि बोज्झङ्गा। ",
"ps2.3:15.1":	"अनासवट्ठेन बोज्झङ्गा, अनासवचरियट्ठेन बोज्झङ्गा, अनासवपरिग्गहट्ठेन बोज्झङ्गा, अनासवपरिवारट्ठेन बोज्झङ्गा, अनासवपरिपूरणट्ठेन बोज्झङ्गा, अनासवपरिपाकट्ठेन बोज्झङ्गा, अनासवपटिसम्भिदट्ठेन बोज्झङ्गा, अनासवपटिसम्भिदापापनट्ठेन बोज्झङ्गा, अनासवपटिसम्भिदाय वसीभावट्ठेन बोज्झङ्गा, अनासवपटिसम्भिदाय वसीभावप्पत्तानम्पि बोज्झङ्गा। ",
"ps2.3:16.1":	"विवेकट्ठेन बोज्झङ्गा, विवेकचरियट्ठेन बोज्झङ्गा, विवेकपरिग्गहट्ठेन बोज्झङ्गा, विवेकपरिवारट्ठेन बोज्झङ्गा, विवेकपरिपूरणट्ठेन बोज्झङ्गा, विवेकपरिपाकट्ठेन बोज्झङ्गा, विवेकपटिसम्भिदट्ठेन बोज्झङ्गा, विवेकपटिसम्भिदापापनट्ठेन बोज्झङ्गा, विवेकपटिसम्भिदाय वसीभावट्ठेन बोज्झङ्गा, विवेकपटिसम्भिदाय वसीभावप्पत्तानम्पि बोज्झङ्गा। ",
"ps2.3:17.1":	"वोसग्गट्ठेन बोज्झङ्गा, वोसग्गचरियट्ठेन बोज्झङ्गा, वोसग्गपरिग्गहट्ठेन बोज्झङ्गा, वोसग्गपरिवारट्ठेन बोज्झङ्गा, वोसग्गपरिपूरणट्ठेन बोज्झङ्गा, वोसग्गपरिपाकट्ठेन बोज्झङ्गा, वोसग्गपटिसम्भिदट्ठेन बोज्झङ्गा, वोसग्गपटिसम्भिदापापनट्ठेन बोज्झङ्गा, वोसग्गपटिसम्भिदाय वसीभावट्ठेन बोज्झङ्गा, वोसग्गपटिसम्भिदाय वसीभावप्पत्तानम्पि बोज्झङ्गा। ",
"ps2.3:18.1":	"मूलट्ठं बुज्झन्तीति—बोज्झङ्गा। ",
"ps2.3:18.2":	"हेतुट्ठं बुज्झन्तीति—बोज्झङ्गा। ",
"ps2.3:18.3":	"पच्चयट्ठं बुज्झन्तीति—बोज्झङ्गा। ",
"ps2.3:18.4":	"विसुद्धट्ठं बुज्झन्तीति—बोज्झङ्गा। ",
"ps2.3:18.5":	"अनवज्जट्ठं बुज्झन्तीति—बोज्झङ्गा। ",
"ps2.3:18.6":	"नेक्खम्मट्ठं बुज्झन्तीति—बोज्झङ्गा। ",
"ps2.3:18.7":	"विमुत्तट्ठं बुज्झन्तीति—बोज्झङ्गा। ",
"ps2.3:18.8":	"अनासवट्ठं बुज्झन्तीति—बोज्झङ्गा। ",
"ps2.3:18.9":	"विवेकट्ठं बुज्झन्तीति—बोज्झङ्गा। ",
"ps2.3:18.10":	"वोसग्गट्ठं बुज्झन्तीति—बोज्झङ्गा। ",
"ps2.3:19.1":	"मूलचरियट्ठं बुज्झन्तीति—बोज्झङ्गा। ",
"ps2.3:19.2":	"हेतुचरियट्ठं बुज्झन्तीति—बोज्झङ्गा। ",
"ps2.3:19.3":	"पच्चयचरियट्ठं बुज्झन्तीति—बोज्झङ्गा। ",
"ps2.3:19.4":	"विसुद्धिचरियट्ठं बुज्झन्तीति—बोज्झङ्गा। ",
"ps2.3:19.5":	"अनवज्जचरियट्ठं बुज्झन्तीति—बोज्झङ्गा। ",
"ps2.3:19.6":	"नेक्खम्मचरियट्ठं बुज्झन्तीति—बोज्झङ्गा। ",
"ps2.3:19.7":	"विमुत्तिचरियट्ठं बुज्झन्तीति—बोज्झङ्गा। ",
"ps2.3:19.8":	"अनासवचरियट्ठं बुज्झन्तीति—बोज्झङ्गा। ",
"ps2.3:19.9":	"विवेकचरियट्ठं बुज्झन्तीति—बोज्झङ्गा। ",
"ps2.3:19.10":	"वोसग्गचरियट्ठं बुज्झन्तीति—बोज्झङ्गा। ",
"ps2.3:20.1":	"मूलपरिग्गहट्ठं बुज्झन्तीति—बोज्झङ्गा …पे… ",
"ps2.3:20.2":	"वोसग्गपरिग्गहट्ठं बुज्झन्तीति—बोज्झङ्गा। ",
"ps2.3:20.3":	"मूलपरिवारट्ठं बुज्झन्तीति—बोज्झङ्गा …पे… ",
"ps2.3:20.4":	"वोसग्गपरिवारट्ठं बुज्झन्तीति—बोज्झङ्गा। ",
"ps2.3:20.5":	"मूलपरिपूरणट्ठं बुज्झन्तीति—बोज्झङ्गा …पे… ",
"ps2.3:20.6":	"वोसग्गपरिपूरट्ठं बुज्झन्तीति—बोज्झङ्गा। ",
"ps2.3:20.7":	"मूलपरिपाकट्ठं बुज्झन्तीति—बोज्झङ्गा …पे… ",
"ps2.3:20.8":	"वोसग्गपरिपाकट्ठं बुज्झन्तीति—बोज्झङ्गा। ",
"ps2.3:20.9":	"मूलपटिसम्भिदट्ठं बुज्झन्तीति—बोज्झङ्गा …पे… ",
"ps2.3:20.10":	"वोसग्गपटिसम्भिदट्ठं बुज्झन्तीति—बोज्झङ्गा। ",
"ps2.3:20.11":	"मूलपटिसम्भिदापापनट्ठं बुज्झन्तीति—बोज्झङ्गा …पे… ",
"ps2.3:20.12":	"वोसग्गपटिसम्भिदापापनट्ठं बुज्झन्तीति—बोज्झङ्गा। ",
"ps2.3:20.13":	"मूलपटिसम्भिदाय वसीभावट्ठं बुज्झन्तीति—बोज्झङ्गा …पे… ",
"ps2.3:20.14":	"वोसग्गपटिसम्भिदाय वसीभावट्ठं बुज्झन्तीति—बोज्झङ्गा …पे…। ",
"ps2.3:21.1":	"परिग्गहट्ठं बुज्झन्तीति—बोज्झङ्गा। ",
"ps2.3:21.2":	"परिवारट्ठं बुज्झन्तीति—बोज्झङ्गा। ",
"ps2.3:21.3":	"परिपूरणट्ठं बुज्झन्तीति—बोज्झङ्गा। ",
"ps2.3:21.4":	"एकग्गट्ठं बुज्झन्तीति—बोज्झङ्गा। ",
"ps2.3:21.5":	"अविक्खेपट्ठं बुज्झन्तीति—बोज्झङ्गा। ",
"ps2.3:21.6":	"पग्गहट्ठं बुज्झन्तीति—बोज्झङ्गा। ",
"ps2.3:21.7":	"अविसारट्ठं बुज्झन्तीति—बोज्झङ्गा। ",
"ps2.3:21.8":	"अनाविलट्ठं बुज्झन्तीति—बोज्झङ्गा। ",
"ps2.3:21.9":	"अनिञ्जनट्ठं बुज्झन्तीति—बोज्झङ्गा। ",
"ps2.3:21.10":	"एकत्तुपट्ठानवसेन चित्तस्स ठितट्ठं बुज्झन्तीति—बोज्झङ्गा। ",
"ps2.3:21.11":	"आरम्मणट्ठं बुज्झन्तीति—बोज्झङ्गा। ",
"ps2.3:21.12":	"गोचरट्ठं बुज्झन्तीति—बोज्झङ्गा। ",
"ps2.3:21.13":	"पहानट्ठं बुज्झन्तीति—बोज्झङ्गा। ",
"ps2.3:21.14":	"परिच्चागट्ठं बुज्झन्तीति—बोज्झङ्गा। ",
"ps2.3:21.15":	"वुट्ठानट्ठं बुज्झन्तीति—बोज्झङ्गा। ",
"ps2.3:21.16":	"विवट्टनट्ठं बुज्झन्तीति—बोज्झङ्गा। ",
"ps2.3:21.17":	"सन्तट्ठं बुज्झन्तीति—बोज्झङ्गा। ",
"ps2.3:21.18":	"पणीतट्ठं बुज्झन्तीति—बोज्झङ्गा। ",
"ps2.3:21.19":	"विमुत्तट्ठं बुज्झन्तीति—बोज्झङ्गा। ",
"ps2.3:21.20":	"अनासवट्ठं बुज्झन्तीति—बोज्झङ्गा। ",
"ps2.3:21.21":	"तरणट्ठं बुज्झन्तीति—बोज्झङ्गा। ",
"ps2.3:21.22":	"अनिमित्तट्ठं बुज्झन्तीति—बोज्झङ्गा। ",
"ps2.3:21.23":	"अप्पणिहितट्ठं बुज्झन्तीति—बोज्झङ्गा। ",
"ps2.3:21.24":	"सुञ्ञतट्ठं बुज्झन्तीति—बोज्झङ्गा। ",
"ps2.3:21.25":	"एकरसट्ठं बुज्झन्तीति—बोज्झङ्गा। ",
"ps2.3:21.26":	"अनतिवत्तनट्ठं बुज्झन्तीति—बोज्झङ्गा। ",
"ps2.3:21.27":	"युगनद्धट्ठं बुज्झन्तीति—बोज्झङ्गा। ",
"ps2.3:21.28":	"निय्यानट्ठं बुज्झन्तीति—बोज्झङ्गा। ",
"ps2.3:21.29":	"हेतुट्ठं बुज्झन्तीति—बोज्झङ्गा। ",
"ps2.3:21.30":	"दस्सनट्ठं बुज्झन्तीति—बोज्झङ्गा। ",
"ps2.3:21.31":	"आधिपतेय्यट्ठं बुज्झन्तीति—बोज्झङ्गा। ",
"ps2.3:22.1":	"समथस्स अविक्खेपट्ठं बुज्झन्तीति—बोज्झङ्गा। ",
"ps2.3:22.2":	"विपस्सनाय अनुपस्सनट्ठं बुज्झन्तीति—बोज्झङ्गा। ",
"ps2.3:22.3":	"समथविपस्सनानं एकरसट्ठं बुज्झन्तीति—बोज्झङ्गा। ",
"ps2.3:22.4":	"युगनद्धस्स अनतिवत्तनट्ठं बुज्झन्तीति—बोज्झङ्गा। ",
"ps2.3:23.1":	"सिक्खाय समादानट्ठं बुज्झन्तीति—बोज्झङ्गा। ",
"ps2.3:23.2":	"आरम्मणस्स गोचरट्ठं बुज्झन्तीति—बोज्झङ्गा। ",
"ps2.3:23.3":	"लीनस्स चित्तस्स पग्गहट्ठं बुज्झन्तीति—बोज्झङ्गा। ",
"ps2.3:23.4":	"उद्धतस्स चित्तस्स निग्गहट्ठं बुज्झन्तीति—बोज्झङ्गा। ",
"ps2.3:23.5":	"उभोविसुद्धानं अज्झुपेक्खनट्ठं बुज्झन्तीति—बोज्झङ्गा। ",
"ps2.3:23.6":	"विसेसाधिगमट्ठं बुज्झन्तीति—बोज्झङ्गा। ",
"ps2.3:23.7":	"उत्तरि पटिवेधट्ठं बुज्झन्तीति—बोज्झङ्गा। ",
"ps2.3:23.8":	"सच्चाभिसमयट्ठं बुज्झन्तीति—बोज्झङ्गा। ",
"ps2.3:23.9":	"निरोधे पतिट्ठापकट्ठं बुज्झन्तीति—बोज्झङ्गा। ",
"ps2.3:24.1":	"सद्धिन्द्रियस्स अधिमोक्खट्ठं बुज्झन्तीति—बोज्झङ्गा …पे… ",
"ps2.3:24.2":	"पञ्ञिन्द्रियस्स दस्सनट्ठं बुज्झन्तीति—बोज्झङ्गा। ",
"ps2.3:24.3":	"सद्धाबलस्स अस्सद्धिये अकम्पियट्ठं बुज्झन्तीति—बोज्झङ्गा …पे… ",
"ps2.3:24.4":	"पञ्ञाबलस्स अविज्जाय अकम्पियट्ठं बुज्झन्तीति—बोज्झङ्गा। ",
"ps2.3:24.5":	"सतिसम्बोज्झङ्गस्स उपट्ठानट्ठं बुज्झन्तीति—बोज्झङ्गा …पे… ",
"ps2.3:24.6":	"उपेक्खासम्बोज्झङ्गस्स पटिसङ्खानट्ठं बुज्झन्तीति—बोज्झङ्गा। ",
"ps2.3:24.7":	"सम्मादिट्ठिया दस्सनट्ठं बुज्झन्तीति—बोज्झङ्गा …पे… ",
"ps2.3:24.8":	"सम्मासमाधिस्स अविक्खेपट्ठं बुज्झन्तीति—बोज्झङ्गा। ",
"ps2.3:25.1":	"इन्द्रियानं आधिपतेय्यट्ठं बुज्झन्तीति—बोज्झङ्गा। ",
"ps2.3:25.2":	"बलानं अकम्पियट्ठं बुज्झन्तीति—बोज्झङ्गा। ",
"ps2.3:25.3":	"निय्यानट्ठं बुज्झन्तीति—बोज्झङ्गा। ",
"ps2.3:25.4":	"मग्गस्स हेतुट्ठं बुज्झन्तीति—बोज्झङ्गा। ",
"ps2.3:25.5":	"सतिपट्ठानानं उपट्ठानट्ठं बुज्झन्तीति—बोज्झङ्गा। ",
"ps2.3:25.6":	"सम्मप्पधानानं पदहनट्ठं बुज्झन्तीति—बोज्झङ्गा। ",
"ps2.3:25.7":	"इद्धिपादानं इज्झनट्ठं बुज्झन्तीति—बोज्झङ्गा। ",
"ps2.3:25.8":	"सच्चानं तथट्ठं बुज्झन्तीति—बोज्झङ्गा। ",
"ps2.3:25.9":	"पयोगानं पटिप्पस्सद्धट्ठं बुज्झन्तीति—बोज्झङ्गा। ",
"ps2.3:25.10":	"फलानं सच्छिकिरियट्ठं बुज्झन्तीति—बोज्झङ्गा। ",
"ps2.3:26.1":	"वितक्कस्स अभिनिरोपनट्ठं बुज्झन्तीति—बोज्झङ्गा। ",
"ps2.3:26.2":	"विचारस्स उपविचारट्ठं बुज्झन्तीति—बोज्झङ्गा। ",
"ps2.3:26.3":	"पीतिया फरणट्ठं बुज्झन्तीति—बोज्झङ्गा। ",
"ps2.3:26.4":	"सुखस्स अभिसन्दनट्ठं बुज्झन्तीति—बोज्झङ्गा। ",
"ps2.3:26.5":	"चित्तस्स एकग्गट्ठं बुज्झन्तीति—बोज्झङ्गा। ",
"ps2.3:27.1":	"आवज्जनट्ठं बुज्झन्तीति—बोज्झङ्गा। ",
"ps2.3:27.2":	"विजाननट्ठं बुज्झन्तीति—बोज्झङ्गा। ",
"ps2.3:27.3":	"पजाननट्ठं बुज्झन्तीति—बोज्झङ्गा। ",
"ps2.3:27.4":	"सञ्जाननट्ठं बुज्झन्तीति—बोज्झङ्गा। ",
"ps2.3:27.5":	"एकोदट्ठं बुज्झन्तीति—बोज्झङ्गा। ",
"ps2.3:27.6":	"अभिञ्ञाय ञातट्ठं बुज्झन्तीति—बोज्झङ्गा। ",
"ps2.3:27.7":	"परिञ्ञाय तीरणट्ठं बुज्झन्तीति—बोज्झङ्गा। ",
"ps2.3:27.8":	"पहानस्स परिच्चागट्ठं बुज्झन्तीति—बोज्झङ्गा। ",
"ps2.3:27.9":	"भावनाय एकरसट्ठं बुज्झन्तीति—बोज्झङ्गा। ",
"ps2.3:27.10":	"सच्छिकिरियाय फस्सनट्ठं बुज्झन्तीति—बोज्झङ्गा। ",
"ps2.3:27.11":	"खन्धानं खन्धट्ठं बुज्झन्तीति—बोज्झङ्गा। ",
"ps2.3:27.12":	"धातूनं धातुट्ठं बुज्झन्तीति—बोज्झङ्गा। ",
"ps2.3:27.13":	"आयतनानं आयतनट्ठं बुज्झन्तीति—बोज्झङ्गा। ",
"ps2.3:27.14":	"सङ्खतानं सङ्खतट्ठं बुज्झन्तीति—बोज्झङ्गा। ",
"ps2.3:27.15":	"असङ्खतस्स असङ्खतट्ठं बुज्झन्तीति—बोज्झङ्गा। ",
"ps2.3:28.1":	"चित्तट्ठं बुज्झन्तीति—बोज्झङ्गा। ",
"ps2.3:28.2":	"चित्तानन्तरियट्ठं बुज्झन्तीति—बोज्झङ्गा। ",
"ps2.3:28.3":	"चित्तस्स वुट्ठानट्ठं बुज्झन्तीति—बोज्झङ्गा। ",
"ps2.3:28.4":	"चित्तस्स विवट्टनट्ठं बुज्झन्तीति—बोज्झङ्गा। ",
"ps2.3:28.5":	"चित्तस्स हेतुट्ठं बुज्झन्तीति—बोज्झङ्गा। ",
"ps2.3:28.6":	"चित्तस्स पच्चयट्ठं बुज्झन्तीति—बोज्झङ्गा। ",
"ps2.3:28.7":	"चित्तस्स वत्थुट्ठं बुज्झन्तीति—बोज्झङ्गा। ",
"ps2.3:28.8":	"चित्तस्स भूमट्ठं बुज्झन्तीति—बोज्झङ्गा। ",
"ps2.3:28.9":	"चित्तस्स आरम्मणट्ठं बुज्झन्तीति—बोज्झङ्गा। ",
"ps2.3:28.10":	"चित्तस्स गोचरट्ठं बुज्झन्तीति—बोज्झङ्गा। ",
"ps2.3:28.11":	"चित्तस्स चरियट्ठं बुज्झन्तीति—बोज्झङ्गा। ",
"ps2.3:28.12":	"चित्तस्स गतट्ठं बुज्झन्तीति—बोज्झङ्गा। ",
"ps2.3:28.13":	"चित्तस्स अभिनीहारट्ठं बुज्झन्तीति—बोज्झङ्गा। ",
"ps2.3:28.14":	"चित्तस्स निय्यानट्ठं बुज्झन्तीति—बोज्झङ्गा। ",
"ps2.3:28.15":	"चित्तस्स निस्सरणट्ठं बुज्झन्तीति—बोज्झङ्गा। ",
"ps2.3:29.1":	"एकत्ते आवज्जनट्ठं बुज्झन्तीति—बोज्झङ्गा। ",
"ps2.3:29.2":	"एकत्ते विजाननट्ठं बुज्झन्तीति—बोज्झङ्गा। ",
"ps2.3:29.3":	"एकत्ते पजाननट्ठं बुज्झन्तीति—बोज्झङ्गा। ",
"ps2.3:29.4":	"एकत्ते सञ्जाननट्ठं बुज्झन्तीति—बोज्झङ्गा। ",
"ps2.3:29.5":	"एकत्ते एकोदट्ठं बुज्झन्तीति—बोज्झङ्गा। ",
"ps2.3:29.6":	"(…) एकत्ते पक्खन्दनट्ठं बुज्झन्तीति—बोज्झङ्गा। ",
"ps2.3:29.7":	"एकत्ते पसीदनट्ठं बुज्झन्तीति—बोज्झङ्गा। ",
"ps2.3:29.8":	"एकत्ते सन्तिट्ठनट्ठं बुज्झन्तीति—बोज्झङ्गा। ",
"ps2.3:29.9":	"एकत्ते विमुच्चनट्ठं बुज्झन्तीति—बोज्झङ्गा। ",
"ps2.3:29.10":	"एकत्ते एतं सन्तन्ति पस्सनट्ठं बुज्झन्तीति—बोज्झङ्गा। ",
"ps2.3:29.11":	"एकत्ते यानीकतट्ठं बुज्झन्तीति—बोज्झङ्गा। ",
"ps2.3:29.12":	"एकत्ते वत्थुकतट्ठं बुज्झन्तीति—बोज्झङ्गा। ",
"ps2.3:29.13":	"एकत्ते अनुट्ठितट्ठं बुज्झन्तीति—बोज्झङ्गा। ",
"ps2.3:29.14":	"एकत्ते परिचितट्ठं बुज्झन्तीति—बोज्झङ्गा। ",
"ps2.3:29.15":	"एकत्ते सुसमारद्धट्ठं बुज्झन्तीति—बोज्झङ्गा। ",
"ps2.3:29.16":	"एकत्ते परिग्गहट्ठं बुज्झन्तीति—बोज्झङ्गा। ",
"ps2.3:29.17":	"एकत्ते परिवारट्ठं बुज्झन्तीति—बोज्झङ्गा। ",
"ps2.3:29.18":	"एकत्ते परिपूरणट्ठं बुज्झन्तीति—बोज्झङ्गा। ",
"ps2.3:29.19":	"एकत्ते समोधानट्ठं बुज्झन्तीति—बोज्झङ्गा। ",
"ps2.3:29.20":	"एकत्ते अधिट्ठानट्ठं बुज्झन्तीति—बोज्झङ्गा। ",
"ps2.3:29.21":	"एकत्ते आसेवनट्ठं बुज्झन्तीति—बोज्झङ्गा। ",
"ps2.3:29.22":	"एकत्ते भावनट्ठं बुज्झन्तीति—बोज्झङ्गा। ",
"ps2.3:29.23":	"एकत्ते बहुलीकम्मट्ठं बुज्झन्तीति—बोज्झङ्गा। ",
"ps2.3:29.24":	"एकत्ते सुसमुग्गतट्ठं बुज्झन्तीति—बोज्झङ्गा। ",
"ps2.3:29.25":	"एकत्ते सुविमुत्तट्ठं बुज्झन्तीति—बोज्झङ्गा। ",
"ps2.3:29.26":	"एकत्ते बुज्झनट्ठं बुज्झन्तीति—बोज्झङ्गा। ",
"ps2.3:29.27":	"एकत्ते अनुबुज्झनट्ठं बुज्झन्तीति—बोज्झङ्गा। ",
"ps2.3:29.28":	"एकत्ते पटिबुज्झनट्ठं बुज्झन्तीति—बोज्झङ्गा। ",
"ps2.3:29.29":	"एकत्ते सम्बुज्झनट्ठं बुज्झन्तीति—बोज्झङ्गा। ",
"ps2.3:29.30":	"एकत्ते बोधनट्ठं बुज्झन्तीति—बोज्झङ्गा। ",
"ps2.3:29.31":	"एकत्ते अनुबोधनट्ठं बुज्झन्तीति—बोज्झङ्गा। ",
"ps2.3:29.32":	"एकत्ते पटिबोधनट्ठं बुज्झन्तीति—बोज्झङ्गा। ",
"ps2.3:29.33":	"एकत्ते सम्बुज्झनट्ठं बुज्झन्तीति—बोज्झङ्गा। ",
"ps2.3:29.34":	"एकत्ते बोधिपक्खियट्ठं बुज्झन्तीति—बोज्झङ्गा। ",
"ps2.3:29.35":	"एकत्ते अनुबोधिपक्खियट्ठं बुज्झन्तीति—बोज्झङ्गा। ",
"ps2.3:29.36":	"एकत्ते पटिबोधिपक्खियट्ठं बुज्झन्तीति—बोज्झङ्गा। ",
"ps2.3:29.37":	"एकत्ते सम्बोधिपक्खियट्ठं बुज्झन्तीति—बोज्झङ्गा। ",
"ps2.3:29.38":	"एकत्ते जोतनट्ठं बुज्झन्तीति—बोज्झङ्गा। ",
"ps2.3:29.39":	"एकत्ते उज्जोतनट्ठं बुज्झन्तीति—बोज्झङ्गा। ",
"ps2.3:29.40":	"एकत्ते अनुजोतनट्ठं बुज्झन्तीति—बोज्झङ्गा। ",
"ps2.3:29.41":	"एकत्ते पटिजोतनट्ठं बुज्झन्तीति—बोज्झङ्गा। ",
"ps2.3:29.42":	"एकत्ते सञ्जोतनट्ठं बुज्झन्तीति—बोज्झङ्गा। ",
"ps2.3:30.1":	"पतापनट्ठं बुज्झन्तीति—बोज्झङ्गा। ",
"ps2.3:30.2":	"विरोचनट्ठं बुज्झन्तीति—बोज्झङ्गा। ",
"ps2.3:30.3":	"किलेसानं सन्तापनट्ठं बुज्झन्तीति—बोज्झङ्गा। ",
"ps2.3:30.4":	"अमलट्ठं बुज्झन्तीति—बोज्झङ्गा। ",
"ps2.3:30.5":	"विमलट्ठं बुज्झन्तीति—बोज्झङ्गा। ",
"ps2.3:30.6":	"निम्मलट्ठं बुज्झन्तीति—बोज्झङ्गा। ",
"ps2.3:30.7":	"समट्ठं बुज्झन्तीति—बोज्झङ्गा। ",
"ps2.3:30.8":	"समयट्ठं बुज्झन्तीति—बोज्झङ्गा। ",
"ps2.3:30.9":	"विवेकट्ठं बुज्झन्तीति—बोज्झङ्गा। ",
"ps2.3:30.10":	"विवेकचरियट्ठं बुज्झन्तीति—बोज्झङ्गा। ",
"ps2.3:30.11":	"विरागट्ठं बुज्झन्तीति—बोज्झङ्गा। ",
"ps2.3:30.12":	"विरागचरियट्ठं बुज्झन्तीति—बोज्झङ्गा। ",
"ps2.3:30.13":	"निरोधट्ठं बुज्झन्तीति—बोज्झङ्गा। ",
"ps2.3:30.14":	"निरोधचरियट्ठं बुज्झन्तीति—बोज्झङ्गा। ",
"ps2.3:30.15":	"वोसग्गट्ठं बुज्झन्तीति—बोज्झङ्गा। ",
"ps2.3:30.16":	"वोसग्गचरियट्ठं बुज्झन्तीति—बोज्झङ्गा। ",
"ps2.3:30.17":	"विमुत्तट्ठं बुज्झन्तीति—बोज्झङ्गा। ",
"ps2.3:30.18":	"विमुत्तिचरियट्ठं बुज्झन्तीति—बोज्झङ्गा। ",
"ps2.3:31.1":	"छन्दट्ठं बुज्झन्तीति—बोज्झङ्गा। ",
"ps2.3:31.2":	"छन्दस्स मूलट्ठं बुज्झन्तीति—बोज्झङ्गा। ",
"ps2.3:31.3":	"छन्दस्स पादट्ठं बुज्झन्तीति—बोज्झङ्गा। ",
"ps2.3:31.4":	"छन्दस्स पधानट्ठं बुज्झन्तीति—बोज्झङ्गा। ",
"ps2.3:31.5":	"छन्दस्स इज्झनट्ठं बुज्झन्तीति—बोज्झङ्गा। ",
"ps2.3:31.6":	"छन्दस्स अधिमोक्खट्ठं बुज्झन्तीति—बोज्झङ्गा। ",
"ps2.3:31.7":	"छन्दस्स पग्गहट्ठं बुज्झन्तीति—बोज्झङ्गा। ",
"ps2.3:31.8":	"छन्दस्स उपट्ठानट्ठं बुज्झन्तीति—बोज्झङ्गा। ",
"ps2.3:31.9":	"छन्दस्स अविक्खेपट्ठं बुज्झन्तीति—बोज्झङ्गा। ",
"ps2.3:31.10":	"छन्दस्स दस्सनट्ठं बुज्झन्तीति—बोज्झङ्गा। ",
"ps2.3:32.1":	"वीरियट्ठं बुज्झन्तीति—बोज्झङ्गा …पे… ",
"ps2.3:32.2":	"चित्तट्ठं बुज्झन्तीति—बोज्झङ्गा …पे… ",
"ps2.3:32.3":	"वीमंसट्ठं बुज्झन्तीति—बोज्झङ्गा। ",
"ps2.3:32.4":	"वीमंसाय मूलट्ठं बुज्झन्तीति—बोज्झङ्गा। ",
"ps2.3:32.5":	"वीमंसाय पादट्ठं बुज्झन्तीति—बोज्झङ्गा। ",
"ps2.3:32.6":	"वीमंसाय पधानट्ठं बुज्झन्तीति—बोज्झङ्गा। ",
"ps2.3:32.7":	"वीमंसाय इज्झनट्ठं बुज्झन्तीति—बोज्झङ्गा। ",
"ps2.3:32.8":	"वीमंसाय अधिमोक्खट्ठं बुज्झन्तीति—बोज्झङ्गा। ",
"ps2.3:32.9":	"वीमंसाय पग्गहट्ठं बुज्झन्तीति—बोज्झङ्गा। ",
"ps2.3:32.10":	"वीमंसाय उपट्ठानट्ठं बुज्झन्तीति—बोज्झङ्गा। ",
"ps2.3:32.11":	"वीमंसाय अविक्खेपट्ठं बुज्झन्तीति—बोज्झङ्गा। ",
"ps2.3:32.12":	"वीमंसाय दस्सनट्ठं बुज्झन्तीति—बोज्झङ्गा। ",
"ps2.3:33.1":	"दुक्खट्ठं बुज्झन्तीति—बोज्झङ्गा। ",
"ps2.3:33.2":	"दुक्खस्स पीळनट्ठं बुज्झन्तीति—बोज्झङ्गा। ",
"ps2.3:33.3":	"दुक्खस्स सङ्खतट्ठं बुज्झन्तीति—बोज्झङ्गा। ",
"ps2.3:33.4":	"दुक्खस्स सन्तापट्ठं बुज्झन्तीति—बोज्झङ्गा। ",
"ps2.3:33.5":	"दुक्खस्स विपरिणामट्ठं बुज्झन्तीति—बोज्झङ्गा। ",
"ps2.3:33.6":	"समुदयट्ठं बुज्झन्तीति—बोज्झङ्गा। ",
"ps2.3:33.7":	"समुदयस्स आयूहनट्ठं … निदानट्ठं … सञ्ञोगट्ठं … पलिबोधट्ठं बुज्झन्तीति—बोज्झङ्गा। ",
"ps2.3:33.8":	"निरोधट्ठं बुज्झन्तीति—बोज्झङ्गा। ",
"ps2.3:33.9":	"निरोधस्स निस्सरणट्ठं … विवेकट्ठं … असङ्खतट्ठं … अमतट्ठं बुज्झन्तीति—बोज्झङ्गा। ",
"ps2.3:33.10":	"मग्गट्ठं बुज्झन्तीति—बोज्झङ्गा। ",
"ps2.3:33.11":	"मग्गस्स निय्यानट्ठं … हेतुट्ठं … दस्सनट्ठं … आधिपतेय्यट्ठं बुज्झन्तीति—बोज्झङ्गा। ",
"ps2.3:34.1":	"तथट्ठं बुज्झन्तीति—बोज्झङ्गा। ",
"ps2.3:34.2":	"अनत्तट्ठं बुज्झन्तीति—बोज्झङ्गा। ",
"ps2.3:34.3":	"सच्चट्ठं बुज्झन्तीति—बोज्झङ्गा। ",
"ps2.3:34.4":	"पटिवेधट्ठं बुज्झन्तीति—बोज्झङ्गा। ",
"ps2.3:34.5":	"अभिजाननट्ठं बुज्झन्तीति—बोज्झङ्गा। ",
"ps2.3:34.6":	"परिजाननट्ठं बुज्झन्तीति—बोज्झङ्गा। ",
"ps2.3:34.7":	"धम्मट्ठं बुज्झन्तीति—बोज्झङ्गा। ",
"ps2.3:34.8":	"धातुट्ठं बुज्झन्तीति—बोज्झङ्गा। ",
"ps2.3:34.9":	"ञातट्ठं बुज्झन्तीति—बोज्झङ्गा। ",
"ps2.3:34.10":	"सच्छिकिरियट्ठं बुज्झन्तीति—बोज्झङ्गा। ",
"ps2.3:34.11":	"फस्सनट्ठं बुज्झन्तीति—बोज्झङ्गा। ",
"ps2.3:34.12":	"अभिसमयट्ठं बुज्झन्तीति—बोज्झङ्गा। ",
"ps2.3:35.1":	"नेक्खम्मं बुज्झन्तीति—बोज्झङ्गा। ",
"ps2.3:35.2":	"अब्यापादं बुज्झन्तीति—बोज्झङ्गा। ",
"ps2.3:35.3":	"आलोकसञ्ञं बुज्झन्तीति—बोज्झङ्गा। ",
"ps2.3:35.4":	"अविक्खेपं बुज्झन्तीति—बोज्झङ्गा। ",
"ps2.3:35.5":	"धम्मववत्थानं बुज्झन्तीति—बोज्झङ्गा। ",
"ps2.3:35.6":	"ञाणं बुज्झन्तीति—बोज्झङ्गा। ",
"ps2.3:35.7":	"पामोज्जं बुज्झन्तीति—बोज्झङ्गा। ",
"ps2.3:35.8":	"पठमं झानं बुज्झन्तीति—बोज्झङ्गा …पे… ",
"ps2.3:35.9":	"अरहत्तमग्गं बुज्झन्तीति—बोज्झङ्गा। ",
"ps2.3:35.10":	"अरहत्तफलसमापत्तिं बुज्झन्तीति—बोज्झङ्गा। ",
"ps2.3:36.1":	"अधिमोक्खट्ठेन सद्धिन्द्रियं बुज्झन्तीति—बोज्झङ्गा …पे… ",
"ps2.3:36.2":	"दस्सनट्ठेन पञ्ञिन्द्रियं बुज्झन्तीति—बोज्झङ्गा। ",
"ps2.3:36.3":	"अस्सद्धिये अकम्पियट्ठेन सद्धाबलं बुज्झन्तीति—बोज्झङ्गा …पे… ",
"ps2.3:36.4":	"अविज्जाय अकम्पियट्ठेन पञ्ञाबलं बुज्झन्तीति—बोज्झङ्गा। ",
"ps2.3:36.5":	"उपट्ठानट्ठेन सतिसम्बोज्झङ्गं बुज्झन्तीति—बोज्झङ्गा …पे… ",
"ps2.3:36.6":	"पटिसङ्खानट्ठेन उपेक्खासम्बोज्झङ्गं बुज्झन्तीति—बोज्झङ्गा। ",
"ps2.3:37.1":	"दस्सनट्ठेन सम्मादिट्ठिं बुज्झन्तीति—बोज्झङ्गा …पे… ",
"ps2.3:37.2":	"अविक्खेपट्ठेन सम्मासमाधिं बुज्झन्तीति—बोज्झङ्गा। ",
"ps2.3:37.3":	"आधिपतेय्यट्ठेन इन्द्रियं बुज्झन्तीति—बोज्झङ्गा। ",
"ps2.3:37.4":	"अकम्पियट्ठेन बलं बुज्झन्तीति—बोज्झङ्गा। ",
"ps2.3:37.5":	"निय्यानट्ठं बुज्झन्तीति—बोज्झङ्गा। ",
"ps2.3:37.6":	"हेतुट्ठेन मग्गं बुज्झन्तीति—बोज्झङ्गा। ",
"ps2.3:37.7":	"उपट्ठानट्ठेन सतिपट्ठानं बुज्झन्तीति—बोज्झङ्गा। ",
"ps2.3:37.8":	"पदहनट्ठेन सम्मप्पधानं बुज्झन्तीति—बोज्झङ्गा। ",
"ps2.3:37.9":	"इज्झनट्ठेन इद्धिपादं बुज्झन्तीति—बोज्झङ्गा। ",
"ps2.3:37.10":	"तथट्ठेन सच्चं बुज्झन्तीति—बोज्झङ्गा। ",
"ps2.3:37.11":	"अविक्खेपट्ठेन समथं बुज्झन्तीति—बोज्झङ्गा। ",
"ps2.3:37.12":	"अनुपस्सनट्ठेन विपस्सनं …पे… ",
"ps2.3:37.13":	"एकरसट्ठेन समथविपस्सनं बुज्झन्तीति—बोज्झङ्गा। ",
"ps2.3:37.14":	"अनतिवत्तनट्ठेन युगनद्धं बुज्झन्तीति—बोज्झङ्गा। ",
"ps2.3:37.15":	"संवरट्ठेन सीलविसुद्धिं बुज्झन्तीति—बोज्झङ्गा। ",
"ps2.3:37.16":	"अविक्खेपट्ठेन चित्तविसुद्धिं बुज्झन्तीति—बोज्झङ्गा। ",
"ps2.3:37.17":	"दस्सनट्ठेन दिट्ठिविसुद्धिं बुज्झन्तीति—बोज्झङ्गा। ",
"ps2.3:37.18":	"मुत्तट्ठेन विमोक्खं बुज्झन्तीति—बोज्झङ्गा। ",
"ps2.3:37.19":	"पटिवेधट्ठेन विज्जं बुज्झन्तीति—बोज्झङ्गा। ",
"ps2.3:37.20":	"परिच्चागट्ठेन विमुत्तिं बुज्झन्तीति—बोज्झङ्गा। ",
"ps2.3:37.21":	"समुच्छेदट्ठेन खये ञाणं बुज्झन्तीति—बोज्झङ्गा। ",
"ps2.3:37.22":	"पटिप्पस्सद्धट्ठेन अनुप्पादे ञाणं बुज्झन्तीति—बोज्झङ्गा। ",
"ps2.3:38.1":	"छन्दं मूलट्ठेन बुज्झन्तीति—बोज्झङ्गा। ",
"ps2.3:38.2":	"मनसिकारं समुट्ठानट्ठेन बुज्झन्तीति—बोज्झङ्गा। ",
"ps2.3:38.3":	"फस्सं समोधानट्ठेन बुज्झन्तीति—बोज्झङ्गा। ",
"ps2.3:38.4":	"वेदनं समोसरणट्ठेन बुज्झन्तीति—बोज्झङ्गा। ",
"ps2.3:38.5":	"समाधिं पमुखट्ठेन बुज्झन्तीति—बोज्झङ्गा। ",
"ps2.3:38.6":	"सतिं आधिपतेय्यट्ठेन बुज्झन्तीति—बोज्झङ्गा। ",
"ps2.3:38.7":	"पञ्ञं तदुत्तरट्ठेन बुज्झन्तीति—बोज्झङ्गा। ",
"ps2.3:38.8":	"विमुत्तिं सारट्ठेन बुज्झन्तीति—बोज्झङ्गा। ",
"ps2.3:38.9":	"अमतोगधं निब्बानं परियोसानट्ठेन बुज्झन्तीति—बोज्झङ्गा। ",
"ps2.3:39.1":	"सावत्थिनिदानं। ",
"ps2.3:39.2":	"तत्र खो आयस्मा सारिपुत्तो भिक्खू आमन्तेसि—",
"ps2.3:39.3":	"“आवुसो भिक्खवो”ति। ",
"ps2.3:39.4":	"“आवुसो”ति खो ते भिक्खू आयस्मतो सारिपुत्तस्स पच्चस्सोसुं। ",
"ps2.3:39.5":	"आयस्मा सारिपुत्तो एतदवोच—",
"ps2.3:40.1":	"“सत्तिमे, आवुसो, बोज्झङ्गा। ",
"ps2.3:40.2":	"कतमे सत्त? ",
"ps2.3:40.3":	"सतिसम्बोज्झङ्गो, धम्मविचयसम्बोज्झङ्गो …पे… ",
"ps2.3:40.4":	"उपेक्खासम्बोज्झङ्गो—",
"ps2.3:40.5":	"इमे खो, आवुसो, सत्त बोज्झङ्गा। ",
"ps2.3:40.6":	"इमेसं ख्वाहं, आवुसो, सत्तन्नं बोज्झङ्गानं येन येन बोज्झङ्गेन आकङ्खामि पुब्बण्हसमयं विहरितुं, तेन तेन बोज्झङ्गेन पुब्बण्हसमयं विहरामि। ",
"ps2.3:40.7":	"येन येन बोज्झङ्गेन आकङ्खामि मज्झन्हिकसमयं …पे… ",
"ps2.3:40.8":	"सायन्हसमयं विहरितुं, तेन तेन बोज्झङ्गेन सायन्हसमयं विहरामि। ",
"ps2.3:40.9":	"सतिसम्बोज्झङ्गो इति चे मे, ‘आवुसो, होति, अप्पमाणो’ति मे होति, ‘सुसमारद्धो’ति मे होति। ",
"ps2.3:40.10":	"तिट्ठन्तञ्च नं ‘तिट्ठती’ति पजानामि। ",
"ps2.3:40.11":	"सचेपि मे चवति, ‘इदप्पच्चया मे चवती’ति पजानामि। ",
"ps2.3:40.12":	"धम्मविचयसम्बोज्झङ्गो …पे… ",
"ps2.3:40.13":	"उपेक्खासम्बोज्झङ्गो इति चे मे, आवुसो, होति, ‘अप्पमाणो’ति मे होति, ‘सुसमारद्धो’ति मे होति। ",
"ps2.3:40.14":	"तिट्ठन्तञ्च नं ‘तिट्ठती’ति पजानामि। ",
"ps2.3:40.15":	"सचेपि मे चवति, ‘इदप्पच्चया मे चवती’ति पजानामि। ",
"ps2.3:41.1":	"सेय्यथापि, आवुसो, रञ्ञो वा राजमहामत्तस्स वा नानारत्तानं दुस्सानं दुस्सकरण्डको पूरो अस्स। ",
"ps2.3:41.2":	"सो यञ्ञदेव दुस्सयुगं आकङ्खेय्य पुब्बण्हसमयं पारुपितुं, तं तदेव दुस्सयुगं पुब्बण्हसमयं पारुपेय्य। ",
"ps2.3:41.3":	"यञ्ञदेव दुस्सयुगं आकङ्खेय्य मज्झन्हिकसमयं …पे… ",
"ps2.3:41.4":	"सायन्हसमयं पारुपितुं, तं तदेव दुस्सयुगं सायन्हसमयं पारुपेय्य। ",
"ps2.3:41.5":	"एवमेव ख्वाहं, आवुसो, इमेसं सत्तन्नं बोज्झङ्गानं येन येन बोज्झङ्गेन आकङ्खामि पुब्बण्हसमयं विहरितुं, तेन तेन बोज्झङ्गेन पुब्बण्हसमयं विहरामि। ",
"ps2.3:41.6":	"येन येन बोज्झङ्गेन आकङ्खामि मज्झन्हिकसमयं …पे… ",
"ps2.3:41.7":	"सायन्हसमयं विहरितुं, तेन तेन बोज्झङ्गेन सायन्हसमयं विहरामि। ",
"ps2.3:41.8":	"सतिसम्बोज्झङ्गो इति चे मे, आवुसो, होति, ‘अप्पमाणो’ति मे होति, ‘सुसमारद्धो’ति मे होति। ",
"ps2.3:41.9":	"तिट्ठन्तञ्च नं ‘तिट्ठती’ति पजानामि। ",
"ps2.3:41.10":	"सचेपि मे चवति, ‘इदप्पच्चया मे चवती’ति पजानामि …पे… ",
"ps2.3:41.11":	"उपेक्खासम्बोज्झङ्गो इति चे मे, आवुसो, होति, ‘अप्पमाणो’ति मे होति, ‘सुसमारद्धो’ति मे होति। ",
"ps2.3:41.12":	"तिट्ठन्तञ्च नं ‘तिट्ठती’ति पजानामि। ",
"ps2.3:41.13":	"सचेपि मे चवति, ‘इदप्पच्चया मे चवती’ति पजानामि”। ",
"ps2.3:42.0":	"२।३।२। सुत्तन्तनिद्देस ",
"ps2.3:42.1":	"कथं <ब्>सतिसम्बोज्झङ्गो इति चे मे होती</ब्>ति बोज्झङ्गो? ",
"ps2.3:42.2":	"यावता निरोधूपट्ठाति तावता सतिसम्बोज्झङ्गो। ",
"ps2.3:42.3":	"इति चे मे होतीति बोज्झङ्गो। ",
"ps2.3:42.4":	"सेय्यथापि तेलप्पदीपस्स झायतो यावता अच्चि तावता वण्णो, यावता वण्णो तावता अच्चि। ",
"ps2.3:42.5":	"एवमेव यावता निरोधूपट्ठाति तावता सतिसम्बोज्झङ्गो। ",
"ps2.3:42.6":	"इति चे मे होतीति बोज्झङ्गो। ",
"ps2.3:43.1":	"कथं <ब्>अप्पमाणो इति चे मे होती</ब्>ति बोज्झङ्गो? ",
"ps2.3:43.2":	"पमाणबद्धा किलेसा, सब्बे च परियुट्ठाना, ये च सङ्खारा पोनोभविका अप्पमाणो निरोधो अचलट्ठेन असङ्खतट्ठेन। ",
"ps2.3:43.3":	"यावता निरोधूपट्ठाति तावता अप्पमाणो। ",
"ps2.3:43.4":	"इति चे मे होतीति बोज्झङ्गो। ",
"ps2.3:44.1":	"कथं <ब्>सुसमारद्धो इति चे मे होती</ब्>ति बोज्झङ्गो? ",
"ps2.3:44.2":	"विसमा किलेसा, सब्बे च परियुट्ठाना, ये च सङ्खारा पोनोभविका, समधम्मो निरोधो सन्तट्ठेन पणीतट्ठेन। ",
"ps2.3:44.3":	"यावता निरोधूपट्ठाति तावता सुसमारद्धो इति चे मे होतीति बोज्झङ्गो। ",
"ps2.3:45.1":	"कथं <ब्>“तिट्ठन्तञ्च नं तिट्ठती”ति पजानामि; सचेपि चवति “इदप्पच्चया चवती”ति पजानामि?</ब्> ",
"ps2.3:45.2":	"कतिहाकारेहि सतिसम्बोज्झङ्गो तिट्ठति? ",
"ps2.3:45.3":	"कतिहाकारेहि सतिसम्बोज्झङ्गो चवति? ",
"ps2.3:45.4":	"अट्ठहाकारेहि सतिसम्बोज्झङ्गो तिट्ठति। ",
"ps2.3:45.5":	"अट्ठहाकारेहि सतिसम्बोज्झङ्गो चवति। ",
"ps2.3:46.1":	"कतमेहि <ब्>अट्ठहाकारेहि सतिसम्बोज्झङ्गो तिट्ठति?</ब्> ",
"ps2.3:46.2":	"अनुप्पादं आवज्जितत्ता सतिसम्बोज्झङ्गो तिट्ठति, उप्पादं अनावज्जितत्ता सतिसम्बोज्झङ्गो तिट्ठति, अप्पवत्तं आवज्जितत्ता सतिसम्बोज्झङ्गो तिट्ठति, पवत्तं अनावज्जितत्ता सतिसम्बोज्झङ्गो तिट्ठति, अनिमित्तं आवज्जितत्ता सतिसम्बोज्झङ्गो तिट्ठति, निमित्तं अनावज्जितत्ता सतिसम्बोज्झङ्गो तिट्ठति, निरोधं आवज्जितत्ता सतिसम्बोज्झङ्गो तिट्ठति, सङ्खारे अनावज्जितत्ता सतिसम्बोज्झङ्गो तिट्ठति—",
"ps2.3:46.3":	"इमेहि अट्ठहाकारेहि सतिसम्बोज्झङ्गो तिट्ठति। ",
"ps2.3:47.1":	"कतमेहि <ब्>अट्ठहाकारेहि सतिसम्बोज्झङ्गो चवति?</ब्> ",
"ps2.3:47.2":	"उप्पादं आवज्जितत्ता सतिसम्बोज्झङ्गो चवति, अनुप्पादं अनावज्जितत्ता सतिसम्बोज्झङ्गो चवति, पवत्तं आवज्जितत्ता सतिसम्बोज्झङ्गो चवति, अप्पवत्तं अनावज्जितत्ता सतिसम्बोज्झङ्गो चवति, निमित्तं आवज्जितत्ता सतिसम्बोज्झङ्गो चवति, अनिमित्तं अनावज्जितत्ता सतिसम्बोज्झङ्गो चवति, सङ्खारे आवज्जितत्ता सतिसम्बोज्झङ्गो चवति, निरोधं अनावज्जितत्ता सतिसम्बोज्झङ्गो चवति—",
"ps2.3:47.3":	"इमेहि अट्ठहाकारेहि सतिसम्बोज्झङ्गो चवति। ",
"ps2.3:47.4":	"एवं “तिट्ठन्तञ्च नं तिट्ठती”ति पजानामि; सचेपि चवति, “इदप्पच्चया मे चवती”ति पजानामि …पे…। ",
"ps2.3:48.1":	"कथं <ब्>उपेक्खासम्बोज्झङ्गो इति चे मे होती</ब्>ति बोज्झङ्गो? ",
"ps2.3:48.2":	"यावता निरोधूपट्ठाति तावता उपेक्खासम्बोज्झङ्गो इति चे मे होतीति बोज्झङ्गो। ",
"ps2.3:48.3":	"सेय्यथापि तेलप्पदीपस्स झायतो यावता अच्चि तावता वण्णो, यावता वण्णो तावता अच्चि। ",
"ps2.3:48.4":	"एवमेव यावता निरोधूपट्ठाति तावता उपेक्खासम्बोज्झङ्गो इति चे होतीति बोज्झङ्गो। ",
"ps2.3:49.1":	"कथं <ब्>अप्पमाणो इति चे होती</ब्>ति बोज्झङ्गो? ",
"ps2.3:49.2":	"पमाणबद्धा किलेसा, सब्बे च परियुट्ठाना, ये च सङ्खारा पोनोभविका अप्पमाणो निरोधो अचलट्ठेन असङ्खतट्ठेन। ",
"ps2.3:49.3":	"यावता निरोधूपट्ठाति तावता अप्पमाणो इति चे होतीति बोज्झङ्गो। ",
"ps2.3:50.1":	"कथं <ब्>सुसमारद्धो इति चे होती</ब्>ति बोज्झङ्गो? ",
"ps2.3:50.2":	"विसमा किलेसा, सब्बे च परियुट्ठाना, ये च सङ्खारा पोनोभविका समधम्मो निरोधो सन्तट्ठेन पणीतट्ठेन। ",
"ps2.3:50.3":	"यावता निरोधूपट्ठाति तावता सुसमारद्धो इति चे होतीति बोज्झङ्गो। ",
"ps2.3:51.1":	"कथं <ब्>“तिट्ठन्तञ्च नं तिट्ठती”ति पजानामि; सचेपि चवति “इदप्पच्चया मे चवती”ति पजानामि?</ब्> ",
"ps2.3:51.2":	"कतिहाकारेहि उपेक्खासम्बोज्झङ्गो तिट्ठति? ",
"ps2.3:51.3":	"कतिहाकारेहि उपेक्खासम्बोज्झङ्गो चवति? ",
"ps2.3:51.4":	"अट्ठहाकारेहि उपेक्खासम्बोज्झङ्गो तिट्ठति। ",
"ps2.3:51.5":	"अट्ठहाकारेहि उपेक्खासम्बोज्झङ्गो चवति। ",
"ps2.3:52.1":	"कतमेहि <ब्>अट्ठहाकारेहि उपेक्खासम्बोज्झङ्गो तिट्ठति?</ब्> ",
"ps2.3:52.2":	"अनुप्पादं आवज्जितत्ता उपेक्खासम्बोज्झङ्गो तिट्ठति, उप्पादं अनावज्जितत्ता उपेक्खासम्बोज्झङ्गो तिट्ठति, अप्पवत्तं आवज्जितत्ता उपेक्खासम्बोज्झङ्गो तिट्ठति, पवत्तं अनावज्जितत्ता उपेक्खासम्बोज्झङ्गो तिट्ठति, अनिमित्तं आवज्जितत्ता उपेक्खासम्बोज्झङ्गो तिट्ठति, निमित्तं अनावज्जितत्ता उपेक्खासम्बोज्झङ्गो तिट्ठति, निरोधं आवज्जितत्ता उपेक्खासम्बोज्झङ्गो तिट्ठति, सङ्खारे अनावज्जितत्ता उपेक्खासम्बोज्झङ्गो तिट्ठति—",
"ps2.3:52.3":	"इमेहि अट्ठहाकारेहि उपेक्खासम्बोज्झङ्गो तिट्ठति। ",
"ps2.3:53.1":	"कतमेहि <ब्>अट्ठहाकारेहि उपेक्खासम्बोज्झङ्गो चवति?</ब्> ",
"ps2.3:53.2":	"उप्पादं आवज्जितत्ता उपेक्खासम्बोज्झङ्गो चवति, अनुप्पादं अनावज्जितत्ता उपेक्खासम्बोज्झङ्गो चवति, पवत्तं आवज्जितत्ता उपेक्खासम्बोज्झङ्गो चवति, अप्पवत्तं अनावज्जितत्ता उपेक्खासम्बोज्झङ्गो चवति, निमित्तं आवज्जितत्ता उपेक्खासम्बोज्झङ्गो चवति, अनिमित्तं अनावज्जितत्ता उपेक्खासम्बोज्झङ्गो चवति, सङ्खारे आवज्जितत्ता उपेक्खासम्बोज्झङ्गो चवति, निरोधं अनावज्जितत्ता उपेक्खासम्बोज्झङ्गो चवति—",
"ps2.3:53.3":	"इमेहि अट्ठहाकारेहि उपेक्खासम्बोज्झङ्गो चवति। ",
"ps2.3:53.4":	"एवं “तिट्ठन्तञ्च नं तिट्ठती”ति पजानामि; सचेपि चवति, “इदप्पच्चया मे चवती”ति पजानामि। ",
"ps2.3:53.5":	"बोज्झङ्गकथा निट्ठिता। "
}	
