{	
"ps3.9:0.1":	"पटिसम्भिदामग्ग ",
"ps3.9:0.2":	"पञ्ञावग्ग ",
"ps3.9:0.3":	"३।९। विपस्सनाकथा ",
"ps3.9:1.1":	"एवं मे सुतं—",
"ps3.9:1.2":	"एकं समयं भगवा सावत्थियं विहरति जेतवने अनाथपिण्डिकस्स आरामे। ",
"ps3.9:1.3":	"तत्र खो भगवा भिक्खू आमन्तेसि—",
"ps3.9:1.4":	"“भिक्खवो”ति। ",
"ps3.9:1.5":	"“भदन्ते”ति ते भिक्खू भगवतो पच्चस्सोसुं। ",
"ps3.9:1.6":	"भगवा एतदवोच—",
"ps3.9:2.1":	"“सो वत, भिक्खवे, भिक्खु कञ्चि सङ्खारं निच्चतो समनुपस्सन्तो अनुलोमिकाय खन्तिया समन्नागतो भविस्सतीति—",
"ps3.9:2.2":	"नेतं ठानं विज्जति; ",
"ps3.9:2.3":	"अनुलोमिकाय खन्तिया असमन्नागतो सम्मत्तनियामं ओक्कमिस्सतीति—",
"ps3.9:2.4":	"नेतं ठानं विज्जति; ",
"ps3.9:2.5":	"सम्मत्तनियामं अनोक्कममानो सोतापत्तिफलं वा सकदागामिफलं वा अनागामिफलं वा अरहत्तं वा सच्छिकरिस्सतीति—",
"ps3.9:2.6":	"नेतं ठानं विज्जति। ",
"ps3.9:3.1":	"सो वत, भिक्खवे, भिक्खु सब्बसङ्खारे अनिच्चतो समनुपस्सन्तो अनुलोमिकाय खन्तिया समन्नागतो भविस्सतीति—",
"ps3.9:3.2":	"ठानमेतं विज्जति; ",
"ps3.9:3.3":	"अनुलोमिकाय खन्तिया समन्नागतो सम्मत्तनियामं ओक्कमिस्सतीति—",
"ps3.9:3.4":	"ठानमेतं विज्जति, सम्मत्तनियामं ओक्कममानो सोतापत्तिफलं वा सकदागामिफलं वा अनागामिफलं वा अरहत्तं वा सच्छिकरिस्सतीति—",
"ps3.9:3.5":	"ठानमेतं विज्जति। ",
"ps3.9:4.1":	"सो वत, भिक्खवे, भिक्खु कञ्चि सङ्खारं सुखतो समनुपस्सन्तो अनुलोमिकाय खन्तिया समन्नागतो भविस्सतीति—",
"ps3.9:4.2":	"नेतं ठानं विज्जति; ",
"ps3.9:4.3":	"अनुलोमिकाय खन्तिया असमन्नागतो सम्मत्तनियामं ओक्कमिस्सतीति—",
"ps3.9:4.4":	"नेतं ठानं विज्जति; ",
"ps3.9:4.5":	"सम्मत्तनियामं अनोक्कममानो सोतापत्तिफलं वा सकदागामिफलं वा अनागामिफलं वा अरहत्तं वा सच्छिकरिस्सतीति—",
"ps3.9:4.6":	"नेतं ठानं विज्जति। ",
"ps3.9:5.1":	"सो वत, भिक्खवे, भिक्खु सब्बसङ्खारे दुक्खतो समनुपस्सन्तो अनुलोमिकाय खन्तिया समन्नागतो भविस्सतीति—",
"ps3.9:5.2":	"ठानमेतं विज्जति; ",
"ps3.9:5.3":	"अनुलोमिकाय खन्तिया समन्नागतो सम्मत्तनियामं ओक्कमिस्सतीति—",
"ps3.9:5.4":	"ठानमेतं विज्जति; ",
"ps3.9:5.5":	"सम्मत्तनियामं ओक्कममानो सोतापत्तिफलं वा सकदागामिफलं वा अनागामिफलं वा अरहत्तं वा सच्छिकरिस्सतीति—",
"ps3.9:5.6":	"ठानमेतं विज्जति। ",
"ps3.9:6.1":	"सो वत, भिक्खवे, भिक्खु कञ्चि धम्मं अत्ततो समनुपस्सन्तो अनुलोमिकाय खन्तिया समन्नागतो भविस्सतीति—",
"ps3.9:6.2":	"नेतं ठानं विज्जति; ",
"ps3.9:6.3":	"अनुलोमिकाय खन्तिया असमन्नागतो सम्मत्तनियामं ओक्कमिस्सतीति—",
"ps3.9:6.4":	"नेतं ठानं विज्जति; ",
"ps3.9:6.5":	"सम्मत्तनियामं अनोक्कममानो सोतापत्तिफलं वा सकदागामिफलं वा अनागामिफलं वा अरहत्तं वा सच्छिकरिस्सतीति—",
"ps3.9:6.6":	"नेतं ठानं विज्जति। ",
"ps3.9:7.1":	"सो वत, भिक्खवे, भिक्खु सब्बधम्मे अनत्ततो समनुपस्सन्तो अनुलोमिकाय खन्तिया समन्नागतो भविस्सतीति—",
"ps3.9:7.2":	"ठानमेतं विज्जति; ",
"ps3.9:7.3":	"अनुलोमिकाय खन्तिया समन्नागतो सम्मत्तनियामं ओक्कमिस्सतीति—",
"ps3.9:7.4":	"ठानमेतं विज्जति; ",
"ps3.9:7.5":	"सम्मत्तनियामं ओक्कममानो सोतापत्तिफलं वा सकदागामिफलं वा अनागामिफलं वा अरहत्तं वा सच्छिकरिस्सतीति—",
"ps3.9:7.6":	"ठानमेतं विज्जति। ",
"ps3.9:8.1":	"सो वत, भिक्खवे, भिक्खु निब्बानं दुक्खतो समनुपस्सन्तो अनुलोमिकाय खन्तिया समन्नागतो भविस्सतीति—",
"ps3.9:8.2":	"नेतं ठानं विज्जति; ",
"ps3.9:8.3":	"अनुलोमिकाय खन्तिया असमन्नागतो सम्मत्तनियामं ओक्कमिस्सतीति—",
"ps3.9:8.4":	"नेतं ठानं विज्जति; ",
"ps3.9:8.5":	"सम्मत्तनियामं अनोक्कममानो सोतापत्तिफलं वा सकदागामिफलं वा अनागामिफलं वा अरहत्तं वा सच्छिकरिस्सतीति—",
"ps3.9:8.6":	"नेतं ठानं विज्जति। ",
"ps3.9:9.1":	"सो वत, भिक्खवे, भिक्खु निब्बानं सुखतो समनुपस्सन्तो अनुलोमिकाय खन्तिया समन्नागतो भविस्सतीति—",
"ps3.9:9.2":	"ठानमेतं विज्जति; ",
"ps3.9:9.3":	"अनुलोमिकाय खन्तिया समन्नागतो सम्मत्तनियामं ओक्कमिस्सतीति—",
"ps3.9:9.4":	"ठानमेतं विज्जति; ",
"ps3.9:9.5":	"सम्मत्तनियामं ओक्कममानो सोतापत्तिफलं वा सकदागामिफलं वा अनागामिफलं वा अरहत्तं वा सच्छिकरिस्सतीति—",
"ps3.9:9.6":	"ठानमेतं विज्जति”। ",
"ps3.9:10.1":	"कतिहाकारेहि अनुलोमिकं खन्तिं पटिलभति, कतिहाकारेहि सम्मत्तनियामं ओक्कमति? ",
"ps3.9:10.2":	"चत्तारीसाय आकारेहि अनुलोमिकं खन्तिं पटिलभति, चत्तारीसाय आकारेहि सम्मत्तनियामं ओक्कमति। ",
"ps3.9:11.1":	"कतमेहि चत्तारीसाय आकारेहि अनुलोमिकं खन्तिं पटिलभति, कतमेहि चत्तारीसाय आकारेहि सम्मत्तनियामं ओक्कमति? ",
"ps3.9:11.2":	"पञ्चक्खन्धे अनिच्चतो दुक्खतो रोगतो गण्डतो सल्लतो अघतो आबाधतो परतो पलोकतो ईतितो उपद्दवतो भयतो उपसग्गतो चलतो पभङ्गुतो अद्धुवतो अताणतो अलेणतो असरणतो रित्ततो तुच्छतो सुञ्ञतो अनत्ततो आदीनवतो विपरिणामधम्मतो असारकतो अघमूलतो वधकतो विभवतो सासवतो सङ्खततो मारामिसतो जातिधम्मतो जराधम्मतो ब्याधिधम्मतो मरणधम्मतो सोकधम्मतो परिदेवधम्मतो उपायासधम्मतो सङ्किलेसिकधम्मतो। ",
"ps3.9:12.1":	"पञ्चक्खन्धे अनिच्चतो पस्सन्तो अनुलोमिकं खन्तिं पटिलभति। ",
"ps3.9:12.2":	"पञ्चन्नं खन्धानं निरोधो निच्चं निब्बानन्ति पस्सन्तो सम्मत्तनियामं ओक्कमति। ",
"ps3.9:12.3":	"पञ्चक्खन्धे दुक्खतो पस्सन्तो अनुलोमिकं खन्तिं पटिलभति। ",
"ps3.9:12.4":	"पञ्चन्नं खन्धानं निरोधो सुखं निब्बानन्ति पस्सन्तो सम्मत्तनियामं ओक्कमति। ",
"ps3.9:12.5":	"पञ्चक्खन्धे रोगतो पस्सन्तो अनुलोमिकं खन्तिं पटिलभति। ",
"ps3.9:12.6":	"पञ्चन्नं खन्धानं निरोधो आरोग्यं निब्बानन्ति पस्सन्तो सम्मत्तनियामं ओक्कमति। ",
"ps3.9:12.7":	"पञ्चक्खन्धे गण्डतो पस्सन्तो अनुलोमिकं खन्तिं पटिलभति। ",
"ps3.9:12.8":	"पञ्चन्नं खन्धानं निरोधो अगण्डं निब्बानन्ति पस्सन्तो सम्मत्तनियामं ओक्कमति। ",
"ps3.9:12.9":	"पञ्चक्खन्धे सल्लतो पस्सन्तो अनुलोमिकं खन्तिं पटिलभति। ",
"ps3.9:12.10":	"पञ्चन्नं खन्धानं निरोधो विसल्लं निब्बानन्ति पस्सन्तो सम्मत्तनियामं ओक्कमति। ",
"ps3.9:13.1":	"पञ्चक्खन्धे अघतो पस्सन्तो अनुलोमिकं खन्तिं पटिलभति। ",
"ps3.9:13.2":	"पञ्चन्नं खन्धानं निरोधो अनघो निब्बानन्ति पस्सन्तो सम्मत्तनियामं ओक्कमति। ",
"ps3.9:13.3":	"पञ्चक्खन्धे आबाधतो पस्सन्तो अनुलोमिकं खन्तिं पटिलभति। ",
"ps3.9:13.4":	"पञ्चन्नं खन्धानं निरोधो अनाबाधं निब्बानन्ति पस्सन्तो सम्मत्तनियामं ओक्कमति। ",
"ps3.9:13.5":	"पञ्चक्खन्धे परतो पस्सन्तो अनुलोमिकं खन्तिं पटिलभति। ",
"ps3.9:13.6":	"पञ्चन्नं खन्धानं निरोधो अपरप्पच्चयं निब्बानन्ति पस्सन्तो सम्मत्तनियामं ओक्कमति। ",
"ps3.9:13.7":	"पञ्चक्खन्धे पलोकतो पस्सन्तो अनुलोमिकं खन्तिं पटिलभति। ",
"ps3.9:13.8":	"पञ्चन्नं खन्धानं निरोधो अपलोकधम्मो निब्बानन्ति पस्सन्तो सम्मत्तनियामं ओक्कमति। ",
"ps3.9:13.9":	"पञ्चक्खन्धे ईतितो पस्सन्तो अनुलोमिकं खन्तिं पटिलभति। ",
"ps3.9:13.10":	"पञ्चन्नं खन्धानं निरोधो अनीतिकं निब्बानन्ति पस्सन्तो सम्मत्तनियामं ओक्कमति। ",
"ps3.9:14.1":	"पञ्चक्खन्धे उपद्दवतो पस्सन्तो अनुलोमिकं खन्तिं पटिलभति। ",
"ps3.9:14.2":	"पञ्चन्नं खन्धानं निरोधो अनुपद्दवं निब्बानन्ति पस्सन्तो सम्मत्तनियामं ओक्कमति। ",
"ps3.9:14.3":	"पञ्चक्खन्धे भयतो पस्सन्तो अनुलोमिकं खन्तिं पटिलभति। ",
"ps3.9:14.4":	"पञ्चन्नं खन्धानं निरोधो अभयं निब्बानन्ति पस्सन्तो सम्मत्तनियामं ओक्कमति। ",
"ps3.9:14.5":	"पञ्चक्खन्धे उपसग्गतो पस्सन्तो अनुलोमिकं खन्तिं पटिलभति। ",
"ps3.9:14.6":	"पञ्चन्नं खन्धानं निरोधो अनुपसग्गं निब्बानन्ति पस्सन्तो सम्मत्तनियामं ओक्कमति। ",
"ps3.9:14.7":	"पञ्चक्खन्धे चलतो पस्सन्तो अनुलोमिकं खन्तिं पटिलभति। ",
"ps3.9:14.8":	"पञ्चन्नं खन्धानं निरोधो अचलं निब्बानन्ति पस्सन्तो सम्मत्तनियामं ओक्कमति। ",
"ps3.9:14.9":	"पञ्चक्खन्धे पभङ्गुतो पस्सन्तो अनुलोमिकं खन्तिं पटिलभति। ",
"ps3.9:14.10":	"पञ्चन्नं खन्धानं निरोधो अपभङ्गु निब्बानन्ति पस्सन्तो सम्मत्तनियामं ओक्कमति। ",
"ps3.9:15.1":	"पञ्चक्खन्धे अद्धुवतो पस्सन्तो अनुलोमिकं खन्तिं पटिलभति। ",
"ps3.9:15.2":	"पञ्चन्नं खन्धानं निरोधो धुवं निब्बानन्ति पस्सन्तो सम्मत्तनियामं ओक्कमति। ",
"ps3.9:15.3":	"पञ्चक्खन्धे अताणतो पस्सन्तो अनुलोमिकं खन्तिं पटिलभति। ",
"ps3.9:15.4":	"पञ्चन्नं खन्धानं निरोधो ताणं निब्बानन्ति पस्सन्तो सम्मत्तनियामं ओक्कमति। ",
"ps3.9:15.5":	"पञ्चक्खन्धे अलेणतो पस्सन्तो अनुलोमिकं खन्तिं पटिलभति। ",
"ps3.9:15.6":	"पञ्चन्नं खन्धानं निरोधो लेणं निब्बानन्ति पस्सन्तो सम्मत्तनियामं ओक्कमति। ",
"ps3.9:15.7":	"पञ्चक्खन्धे असरणतो पस्सन्तो अनुलोमिकं खन्तिं पटिलभति। ",
"ps3.9:15.8":	"पञ्चन्नं खन्धानं निरोधो सरणं निब्बानन्ति पस्सन्तो सम्मत्तनियामं ओक्कमति। ",
"ps3.9:15.9":	"पञ्चक्खन्धे रित्ततो पस्सन्तो अनुलोमिकं खन्तिं पटिलभति। ",
"ps3.9:15.10":	"पञ्चन्नं खन्धानं निरोधो अरित्तं निब्बानन्ति पस्सन्तो सम्मत्तनियामं ओक्कमति। ",
"ps3.9:16.1":	"पञ्चक्खन्धे तुच्छतो पस्सन्तो अनुलोमिकं खन्तिं पटिलभति। ",
"ps3.9:16.2":	"पञ्चन्नं खन्धानं निरोधो अतुच्छं निब्बानन्ति पस्सन्तो सम्मत्तनियामं ओक्कमति। ",
"ps3.9:16.3":	"पञ्चक्खन्धे सुञ्ञतो पस्सन्तो अनुलोमिकं खन्तिं पटिलभति। ",
"ps3.9:16.4":	"पञ्चन्नं खन्धानं निरोधो परमसुञ्ञं निब्बानन्ति पस्सन्तो सम्मत्तनियामं ओक्कमति। ",
"ps3.9:16.5":	"पञ्चक्खन्धे अनत्ततो पस्सन्तो अनुलोमिकं खन्तिं पटिलभति। ",
"ps3.9:16.6":	"पञ्चन्नं खन्धानं निरोधो परमत्थं निब्बानन्ति पस्सन्तो सम्मत्तनियामं ओक्कमति। ",
"ps3.9:16.7":	"पञ्चक्खन्धे आदीनवतो पस्सन्तो अनुलोमिकं खन्तिं पटिलभति। ",
"ps3.9:16.8":	"पञ्चन्नं खन्धानं निरोधो अनादीनवं निब्बानन्ति पस्सन्तो सम्मत्तनियामं ओक्कमति। ",
"ps3.9:16.9":	"पञ्चक्खन्धे विपरिणामधम्मतो पस्सन्तो अनुलोमिकं खन्तिं पटिलभति। ",
"ps3.9:16.10":	"पञ्चन्नं खन्धानं निरोधो अविपरिणामधम्मं निब्बानन्ति पस्सन्तो सम्मत्तनियामं ओक्कमति। ",
"ps3.9:17.1":	"पञ्चक्खन्धे असारकतो पस्सन्तो अनुलोमिकं खन्तिं पटिलभति। ",
"ps3.9:17.2":	"पञ्चन्नं खन्धानं निरोधो सारं निब्बानन्ति पस्सन्तो सम्मत्तनियामं ओक्कमति। ",
"ps3.9:17.3":	"पञ्चक्खन्धे अघमूलतो पस्सन्तो अनुलोमिकं खन्तिं पटिलभति। ",
"ps3.9:17.4":	"पञ्चन्नं खन्धानं निरोधो अनघमूलं निब्बानन्ति पस्सन्तो सम्मत्तनियामं ओक्कमति। ",
"ps3.9:17.5":	"पञ्चक्खन्धे वधकतो पस्सन्तो अनुलोमिकं खन्तिं पटिलभति। ",
"ps3.9:17.6":	"पञ्चन्नं खन्धानं निरोधो अवधकं निब्बानन्ति पस्सन्तो सम्मत्तनियामं ओक्कमति। ",
"ps3.9:17.7":	"पञ्चक्खन्धे विभवतो पस्सन्तो अनुलोमिकं खन्तिं पटिलभति। ",
"ps3.9:17.8":	"पञ्चन्नं खन्धानं निरोधो अविभवं निब्बानन्ति पस्सन्तो सम्मत्तनियामं ओक्कमति। ",
"ps3.9:17.9":	"पञ्चक्खन्धे सासवतो पस्सन्तो अनुलोमिकं खन्तिं पटिलभति। ",
"ps3.9:17.10":	"पञ्चन्नं खन्धानं निरोधो अनासवं निब्बानन्ति पस्सन्तो सम्मत्तनियामं ओक्कमति। ",
"ps3.9:18.1":	"पञ्चक्खन्धे सङ्खततो पस्सन्तो अनुलोमिकं खन्तिं पटिलभति। ",
"ps3.9:18.2":	"पञ्चन्नं खन्धानं निरोधो असङ्खतं निब्बानन्ति पस्सन्तो सम्मत्तनियामं ओक्कमति। ",
"ps3.9:18.3":	"पञ्चक्खन्धे मारामिसतो पस्सन्तो अनुलोमिकं खन्तिं पटिलभति। ",
"ps3.9:18.4":	"पञ्चन्नं खन्धानं निरोधो निरामिसं निब्बानन्ति पस्सन्तो सम्मत्तनियामं ओक्कमति। ",
"ps3.9:18.5":	"पञ्चक्खन्धे जातिधम्मतो पस्सन्तो अनुलोमिकं खन्तिं पटिलभति। ",
"ps3.9:18.6":	"पञ्चन्नं खन्धानं निरोधो अजातं निब्बानन्ति पस्सन्तो सम्मत्तनियामं ओक्कमति। ",
"ps3.9:18.7":	"पञ्चक्खन्धे जराधम्मतो पस्सन्तो अनुलोमिकं खन्तिं पटिलभति। ",
"ps3.9:18.8":	"पञ्चन्नं खन्धानं निरोधो अजरं निब्बानन्ति पस्सन्तो सम्मत्तनियामं ओक्कमति। ",
"ps3.9:18.9":	"पञ्चक्खन्धे ब्याधिधम्मतो पस्सन्तो अनुलोमिकं खन्तिं पटिलभति। ",
"ps3.9:18.10":	"पञ्चन्नं खन्धानं निरोधो अब्याधि निब्बानन्ति पस्सन्तो सम्मत्तनियामं ओक्कमति। ",
"ps3.9:19.1":	"पञ्चक्खन्धे मरणधम्मतो पस्सन्तो अनुलोमिकं खन्तिं पटिलभति। ",
"ps3.9:19.2":	"पञ्चन्नं खन्धानं निरोधो अमतं निब्बानन्ति पस्सन्तो सम्मत्तनियामं ओक्कमति। ",
"ps3.9:19.3":	"पञ्चक्खन्धे सोकधम्मतो पस्सन्तो अनुलोमिकं खन्तिं पटिलभति। ",
"ps3.9:19.4":	"पञ्चन्नं खन्धानं निरोधो असोकं निब्बानन्ति पस्सन्तो सम्मत्तनियामं ओक्कमति। ",
"ps3.9:19.5":	"पञ्चक्खन्धे परिदेवधम्मतो पस्सन्तो अनुलोमिकं खन्तिं पटिलभति। ",
"ps3.9:19.6":	"पञ्चन्नं खन्धानं निरोधो अपरिदेवं निब्बानन्ति पस्सन्तो सम्मत्तनियामं ओक्कमति। ",
"ps3.9:19.7":	"पञ्चक्खन्धे उपायासधम्मतो पस्सन्तो अनुलोमिकं खन्तिं पटिलभति। ",
"ps3.9:19.8":	"पञ्चन्नं खन्धानं निरोधो अनुपायासं निब्बानन्ति पस्सन्तो सम्मत्तनियामं ओक्कमति। ",
"ps3.9:19.9":	"पञ्चक्खन्धे सङ्किलेसिकधम्मतो पस्सन्तो अनुलोमिकं खन्तिं पटिलभति। ",
"ps3.9:19.10":	"पञ्चन्नं खन्धानं निरोधो असङ्किलिट्ठं निब्बानन्ति पस्सन्तो सम्मत्तनियामं ओक्कमति। ",
"ps3.9:20.1":	"अनिच्चतोति, अनिच्चानुपस्सना। ",
"ps3.9:20.2":	"दुक्खतोति, दुक्खानुपस्सना। ",
"ps3.9:20.3":	"रोगतोति, दुक्खानुपस्सना। ",
"ps3.9:20.4":	"गण्डतोति, दुक्खानुपस्सना। ",
"ps3.9:20.5":	"सल्लतोति, दुक्खानुपस्सना। ",
"ps3.9:20.6":	"अघतोति, दुक्खानुपस्सना। ",
"ps3.9:20.7":	"आबाधतोति, दुक्खानुपस्सना। ",
"ps3.9:20.8":	"परतोति, अनत्तानुपस्सना। ",
"ps3.9:20.9":	"पलोकतोति, अनिच्चानुपस्सना। ",
"ps3.9:20.10":	"ईतितोति, दुक्खानुपस्सना। [१०] ",
"ps3.9:21.1":	"उपद्दवतोति, दुक्खानुपस्सना। ",
"ps3.9:21.2":	"भयतोति, दुक्खानुपस्सना। ",
"ps3.9:21.3":	"उपसग्गतोति, दुक्खानुपस्सना। ",
"ps3.9:21.4":	"चलतोति, अनिच्चानुपस्सना। ",
"ps3.9:21.5":	"पभङ्गुतोति, अनिच्चानुपस्सना। ",
"ps3.9:21.6":	"अद्धुवतोति, अनिच्चानुपस्सना। ",
"ps3.9:21.7":	"अताणतोति, दुक्खानुपस्सना। ",
"ps3.9:21.8":	"अलेणतोति, दुक्खानुपस्सना। ",
"ps3.9:21.9":	"असरणतोति, दुक्खानुपस्सना। ",
"ps3.9:21.10":	"रित्ततोति, अनत्तानुपस्सना। ",
"ps3.9:22.1":	"तुच्छतोति, अनत्तानुपस्सना। ",
"ps3.9:22.2":	"सुञ्ञतोति, अनत्तानुपस्सना। ",
"ps3.9:22.3":	"अनत्ततोति, अनत्तानुपस्सना। ",
"ps3.9:22.4":	"आदीनवतोति, दुक्खानुपस्सना। ",
"ps3.9:22.5":	"विपरिणामधम्मतोति, अनिच्चानुपस्सना। ",
"ps3.9:22.6":	"असारकतोति, अनत्तानुपस्सना। ",
"ps3.9:22.7":	"अघमूलतोति, दुक्खानुपस्सना। ",
"ps3.9:22.8":	"वधकतोति, दुक्खानुपस्सना। ",
"ps3.9:22.9":	"विभवतोति, अनिच्चानुपस्सना। ",
"ps3.9:22.10":	"सासवतोति, दुक्खानुपस्सना। ",
"ps3.9:23.1":	"सङ्खततोति, अनिच्चानुपस्सना। ",
"ps3.9:23.2":	"मारामिसतोति, दुक्खानुपस्सना। ",
"ps3.9:23.3":	"जातिधम्मतोति, दुक्खानुपस्सना। ",
"ps3.9:23.4":	"जराधम्मतोति, दुक्खानुपस्सना। ",
"ps3.9:23.5":	"ब्याधिधम्मतोति, दुक्खानुपस्सना। ",
"ps3.9:23.6":	"मरणधम्मतोति, अनिच्चानुपस्सना। ",
"ps3.9:23.7":	"सोकधम्मतोति, दुक्खानुपस्सना। ",
"ps3.9:23.8":	"परिदेवधम्मतोति, दुक्खानुपस्सना। ",
"ps3.9:23.9":	"उपायासधम्मतोति, दुक्खानुपस्सना। ",
"ps3.9:23.10":	"सङ्किलेसिकधम्मतोति, दुक्खानुपस्सना। ",
"ps3.9:24.1":	"इमेहि चत्तालीसाय आकारेहि अनुलोमिकं खन्तिं पटिलभति। ",
"ps3.9:24.2":	"इमेहि चत्तालीसाय आकारेहि सम्मत्तनियामं ओक्कमति। ",
"ps3.9:25.1":	"इमेहि चत्तालीसाय आकारेहि अनुलोमिकं खन्तिं पटिलभन्तस्स, इमेहि चत्तालीसाय आकारेहि सम्मत्तनियामं ओक्कमन्तस्स कति अनिच्चानुपस्सना, कति दुक्खानुपस्सना, कति अनत्तानुपस्सना? ",
"ps3.9:26.1":	"पञ्चवीसति अनत्तानुपस्सना, ",
"ps3.9:26.2":	"पञ्ञास अनिच्चानुपस्सना; ",
"ps3.9:26.3":	"सतं पञ्चवीसति चेव, ",
"ps3.9:26.4":	"यानि दुक्खे पवुच्चरेति। ",
"ps3.9:26.5":	"विपस्सनाकथा निट्ठिता। "
}	
