{	
"ps3.3:0.1":	"पटिसम्भिदामग्ग ",
"ps3.3:0.2":	"३ पञ्ञावग्ग ",
"ps3.3:0.3":	"३।३। अभिसमयकथा ",
"ps3.3:1.1":	"<ब्>अभिसमयो</ब्>ति। ",
"ps3.3:1.2":	"केन अभिसमेति? ",
"ps3.3:1.3":	"चित्तेन अभिसमेति। ",
"ps3.3:2.1":	"हञ्चि चित्तेन अभिसमेति, तेन हि अञ्ञाणी अभिसमेति? ",
"ps3.3:2.2":	"न अञ्ञाणी अभिसमेति। ",
"ps3.3:2.3":	"ञाणेन अभिसमेति। ",
"ps3.3:3.1":	"हञ्चि ञाणेन अभिसमेति, तेन हि अचित्तेन च ञाणेन च अचित्तको अभिसमेति? ",
"ps3.3:3.2":	"न अचित्तको अभिसमेति। ",
"ps3.3:3.3":	"चित्तेन च ञाणेन च अभिसमेति। ",
"ps3.3:4.1":	"हञ्चि चित्तेन च ञाणेन च अभिसमेति, तेन हि कामावचरचित्तेन च ञाणेन च अभिसमेति? ",
"ps3.3:4.2":	"न कामावचरचित्तेन च ञाणेन च अभिसमेति। ",
"ps3.3:5.1":	"तेन हि रूपावचरचित्तेन च ञाणेन च अभिसमेति? ",
"ps3.3:5.2":	"न रूपावचरचित्तेन च ञाणेन च अभिसमेति। ",
"ps3.3:6.1":	"तेन हि अरूपावचरचित्तेन च ञाणेन च अभिसमेति? ",
"ps3.3:6.2":	"न अरूपावचरचित्तेन च ञाणेन च अभिसमेति। ",
"ps3.3:7.1":	"तेन हि कम्मस्सकतचित्तेन च ञाणेन च अभिसमेति? ",
"ps3.3:7.2":	"न कम्मस्सकतचित्तेन च ञाणेन च अभिसमेति। ",
"ps3.3:8.1":	"तेन हि सच्चानुलोमिकचित्तेन च ञाणेन च अभिसमेति? ",
"ps3.3:8.2":	"न सच्चानुलोमिकचित्तेन च ञाणेन च अभिसमेति। ",
"ps3.3:9.1":	"तेन हि अतीतचित्तेन च ञाणेन च अभिसमेति? ",
"ps3.3:9.2":	"न अतीतचित्तेन च ञाणेन च अभिसमेति। ",
"ps3.3:10.1":	"तेन हि अनागतचित्तेन च ञाणेन च अभिसमेति? ",
"ps3.3:10.2":	"न अनागतचित्तेन च ञाणेन च अभिसमेति। ",
"ps3.3:11.1":	"तेन हि पच्चुप्पन्नलोकियचित्तेन च ञाणेन च अभिसमेति? ",
"ps3.3:11.2":	"न पच्चुप्पन्नलोकियचित्तेन च ञाणेन च अभिसमेति। ",
"ps3.3:11.3":	"लोकुत्तरमग्गक्खणे पच्चुप्पन्नचित्तेन च ञाणेन च अभिसमेति। ",
"ps3.3:12.1":	"कथं लोकुत्तरमग्गक्खणे पच्चुप्पन्नचित्तेन च ञाणेन च अभिसमेति? ",
"ps3.3:12.2":	"लोकुत्तरमग्गक्खणे उप्पादाधिपतेय्यं चित्तं ञाणस्स हेतु पच्चयो च तंसम्पयुत्तं निरोधगोचरं दस्सनाधिपतेय्यं ञाणं चित्तस्स हेतु पच्चयो च तंसम्पयुत्तं ञाणं निरोधगोचरं। ",
"ps3.3:12.3":	"एवं लोकुत्तरमग्गक्खणे पच्चुप्पन्नचित्तेन च ञाणेन च अभिसमेति। ",
"ps3.3:13.1":	"किं नु एत्तकोयेव अभिसमयोति? ",
"ps3.3:13.2":	"न हि। ",
"ps3.3:13.3":	"लोकुत्तरमग्गक्खणे दस्सनाभिसमयो सम्मादिट्ठि, अभिनिरोपनाभिसमयो सम्मासङ्कप्पो, परिग्गहाभिसमयो सम्मावाचा, समुट्ठानाभिसमयो सम्माकम्मन्तो, वोदानाभिसमयो सम्माआजीवो, पग्गहाभिसमयो सम्मावायामो, उपट्ठानाभिसमयो सम्मासति, अविक्खेपाभिसमयो सम्मासमाधि; ",
"ps3.3:13.4":	"उपट्ठानाभिसमयो सतिसम्बोज्झङ्गो, पविचयाभिसमयो धम्मविचयसम्बोज्झङ्गो, पग्गहाभिसमयो वीरियसम्बोज्झङ्गो, फरणाभिसमयो पीतिसम्बोज्झङ्गो, उपसमाभिसमयो पस्सद्धिसम्बोज्झङ्गो, अविक्खेपाभिसमयो समाधिसम्बोज्झङ्गो, पटिसङ्खानाभिसमयो उपेक्खासम्बोज्झङ्गो; ",
"ps3.3:13.5":	"अस्सद्धिये अकम्पियाभिसमयो सद्धाबलं, कोसज्जे अकम्पियाभिसमयो वीरियबलं, पमादे अकम्पियाभिसमयो सतिबलं, उद्धच्चे अकम्पियाभिसमयो समाधिबलं, अविज्जाय अकम्पियाभिसमयो पञ्ञाबलं; ",
"ps3.3:13.6":	"अधिमोक्खाभिसमयो सद्धिन्द्रियं, पग्गहाभिसमयो वीरियिन्द्रियं, उपट्ठानाभिसमयो सतिन्द्रियं, अविक्खेपाभिसमयो समाधिन्द्रियं, दस्सनाभिसमयो पञ्ञिन्द्रियं। ",
"ps3.3:13.7":	"आधिपतेय्यट्ठेन इन्द्रियाभिसमयो, अकम्पियट्ठेन बलाभिसमयो, निय्यानट्ठेन बोज्झङ्गाभिसमयो, हेतुट्ठेन मग्गाभिसमयो, उपट्ठानट्ठेन सतिपट्ठानाभिसमयो, पदहट्ठेन सम्मप्पधानाभिसमयो, इज्झनट्ठेन इद्धिपादाभिसमयो, तथट्ठेन सच्चाभिसमयो, अविक्खेपट्ठेन समथाभिसमयो, अनुपस्सनट्ठेन विपस्सनाभिसमयो, एकरसट्ठेन समथविपस्सनाभिसमयो, अनतिवत्तनट्ठेन युगनद्धाभिसमयो, संवरट्ठेन सीलविसुद्धिअभिसमयो, अविक्खेपट्ठेन विसुद्धिअभिसमयो, दस्सनट्ठेन दिट्ठिविसुद्धिअभिसमयो, मुत्तट्ठेन विमोक्खाभिसमयो, पटिवेधट्ठेन विज्जाभिसमयो, परिच्चागट्ठेन विमुत्तिअभिसमयो, समुच्छेदट्ठेन खये ञाणं अभिसमयो। ",
"ps3.3:13.8":	"छन्दो मूलट्ठेन अभिसमयो, मनसिकारो समुट्ठानट्ठेन अभिसमयो, फस्सो समोधानट्ठेन अभिसमयो, वेदना समोसरणट्ठेन अभिसमयो, समाधि पमुखट्ठेन अभिसमयो, सति आधिपतेय्यट्ठेन अभिसमयो, पञ्ञा तदुत्तरट्ठेन अभिसमयो, विमुत्ति सारट्ठेन अभिसमयो, अमतोगधं निब्बानं परियोसानट्ठेन अभिसमयो। ",
"ps3.3:14.1":	"किं नु एत्तकोयेव अभिसमयोति? ",
"ps3.3:14.2":	"न हि। ",
"ps3.3:14.3":	"सोतापत्तिमग्गक्खणे दस्सनाभिसमयो सम्मादिट्ठि …पे… ",
"ps3.3:14.4":	"अमतोगधं निब्बानं परियोसानट्ठेन अभिसमयो। ",
"ps3.3:15.1":	"किं नु एत्तकोयेव अभिसमयोति? ",
"ps3.3:15.2":	"न हि। ",
"ps3.3:15.3":	"सोतापत्तिफलक्खणे दस्सनाभिसमयो सम्मादिट्ठि …पे… ",
"ps3.3:15.4":	"पटिप्पस्सद्धट्ठेन अनुप्पादे ञाणं अभिसमयो। ",
"ps3.3:15.5":	"छन्दो मूलट्ठेन अभिसमयो …पे… ",
"ps3.3:15.6":	"अमतोगधं निब्बानं परियोसानट्ठेन अभिसमयो। ",
"ps3.3:16.1":	"किं नु एत्तकोयेव अभिसमयोति? ",
"ps3.3:16.2":	"न हि। ",
"ps3.3:16.3":	"सकदागामिमग्गक्खणे …पे… ",
"ps3.3:16.4":	"सकदागामिफलक्खणे … ",
"ps3.3:16.5":	"अनागामिमग्गक्खणे … ",
"ps3.3:16.6":	"अनागामिफलक्खणे … ",
"ps3.3:16.7":	"अरहत्तमग्गक्खणे …पे… ",
"ps3.3:16.8":	"अरहत्तफलक्खणे दस्सनाभिसमयो सम्मादिट्ठि, अभिनिरोपनाभिसमयो सम्मासङ्कप्पो …पे… ",
"ps3.3:16.9":	"पटिप्पस्सद्धट्ठेन अनुप्पादे ञाणं अभिसमयो। ",
"ps3.3:16.10":	"छन्दो मूलट्ठेन अभिसमयो …पे… ",
"ps3.3:16.11":	"अमतोगधं निब्बानं परियोसानट्ठेन अभिसमयो। ",
"ps3.3:17.1":	"य्वायं किलेसे पजहति, अतीते किलेसे पजहति …पे… ",
"ps3.3:17.2":	"अनागते किलेसे पजहति, पच्चुप्पन्ने किलेसे पजहति, अतीते किलेसे पजहतीति। ",
"ps3.3:17.3":	"हञ्चि अतीते किलेसे पजहति, तेन हि खीणं खेपेति, निरुद्धं निरोधेति, विगतं विगमेति, अत्थङ्गतं अत्थङ्गमेति, अतीतं यं न अत्थि तं पजहतीति? ",
"ps3.3:17.4":	"न अतीते किलेसे पजहतीति। ",
"ps3.3:17.5":	"अनागते किलेसे पजहतीति। ",
"ps3.3:17.6":	"हञ्चि अनागते किलेसे पजहति, तेन हि अजातं पजहति, अनिब्बत्तं पजहति, अनुप्पन्नं पजहति, अपातुभूतं पजहति, अनागतं यं न अत्थि तं पजहतीति? ",
"ps3.3:17.7":	"न अनागते किलेसे पजहतीति। ",
"ps3.3:17.8":	"पच्चुप्पन्ने किलेसे पजहतीति। ",
"ps3.3:17.9":	"हञ्चि पच्चुप्पन्ने किलेसे पजहति, तेन हि रत्तो रागं पजहति, दुट्ठो दोसं पजहति, मूळ्हो मोहं पजहति, विनिबद्धो मानं पजहति, परामट्ठो दिट्ठिं पजहति, विक्खेपगतो उद्धच्चं पजहति, अनिट्ठङ्गतो विचिकिच्छं पजहति, थामगतो अनुसयं पजहति, कण्हसुक्कधम्मा युगनद्धा सममेव वत्तन्ति, सङ्किलेसिका मग्गभावना होति? ",
"ps3.3:18.1":	"न हि अतीते किलेसे पजहति, न अनागते किलेसे पजहति, न पच्चुप्पन्ने किलेसे पजहतीति। ",
"ps3.3:18.2":	"हञ्चि न अतीते किलेसे पजहति, न अनागते …पे… ",
"ps3.3:18.3":	"न पच्चुप्पन्ने किलेसे पजहति, तेन हि नत्थि मग्गभावना, नत्थि फलसच्छिकिरिया, नत्थि किलेसप्पहानं, नत्थि धम्माभिसमयोति? ",
"ps3.3:18.4":	"अत्थि मग्गभावना, अत्थि फलसच्छिकिरिया, अत्थि किलेसप्पहानं, अत्थि धम्माभिसमयो। ",
"ps3.3:18.5":	"यथा कथं विय? ",
"ps3.3:18.6":	"सेय्यथापि तरुणो रुक्खो अजातफलो। ",
"ps3.3:18.7":	"तमेनं पुरिसो मूलं छिन्देय्य। ",
"ps3.3:18.8":	"ये तस्स रुक्खस्स अजातफला, ते अजातायेव न जायन्ति, अनिब्बत्तायेव न निब्बत्तन्ति, अनुप्पन्नायेव न उप्पज्जन्ति, अपातुभूतायेव न पातुभवन्ति। ",
"ps3.3:18.9":	"एवमेवं उप्पादो हेतु, उप्पादो पच्चयो किलेसानं निब्बत्तियाति। ",
"ps3.3:18.10":	"उप्पादे आदीनवं दिस्वा अनुप्पादे चित्तं पक्खन्दति। ",
"ps3.3:18.11":	"अनुप्पादे चित्तस्स पक्खन्दत्ता ये उप्पादपच्चया किलेसा निब्बत्तेय्युं, ते अजातायेव न जायन्ति, अनिब्बत्तायेव न निब्बत्तन्ति, अनुप्पन्नायेव न उप्पज्जन्ति, अपातुभूतायेव न पातुभवन्ति। ",
"ps3.3:18.12":	"एवं हेतुनिरोधा दुक्खनिरोधो। ",
"ps3.3:18.13":	"पवत्तं हेतु, निमित्तं हेतु, आयूहना हेतु। ",
"ps3.3:18.14":	"आयूहना पच्चयो किलेसानं निब्बत्तियाति। ",
"ps3.3:18.15":	"आयूहने आदीनवं दिस्वा अनायूहने चित्तं पक्खन्दति। ",
"ps3.3:18.16":	"अनायूहने चित्तस्स पक्खन्दत्ता, ये आयूहनपच्चया किलेसा निब्बत्तेय्युं, ते अजातायेव न जायन्ति, अनिब्बत्तायेव न निब्बत्तन्ति, अनुप्पन्नायेव न उप्पज्जन्ति, अपातुभूतायेव न पातुभवन्ति। ",
"ps3.3:18.17":	"एवं हेतुनिरोधा दुक्खनिरोधो। ",
"ps3.3:18.18":	"एवं अत्थि मग्गभावना, अत्थि फलसच्छिकिरिया, अत्थि किलेसप्पहानं, अत्थि धम्माभिसमयोति। ",
"ps3.3:18.19":	"अभिसमयकथा निट्ठिता। "
}	
