{	
"pv10:0.1":	"पेतवत्थु ",
"pv10:0.2":	"उरगवग्ग ",
"pv10:0.3":	"१०। खल्लाटियपेतिवत्थु ",
"pv10:1.1":	"“का नु अन्तोविमानस्मिं, ",
"pv10:1.2":	"तिट्ठन्ती नूपनिक्खमि; ",
"pv10:1.3":	"उपनिक्खमस्सु भद्दे, ",
"pv10:1.4":	"पस्साम तं बहिट्ठितन्”ति। ",
"pv10:2.1":	"“अट्टीयामि हरायामि, ",
"pv10:2.2":	"नग्गा निक्खमितुं बहि; ",
"pv10:2.3":	"केसेहम्हि पटिच्छन्ना, ",
"pv10:2.4":	"पुञ्ञं मे अप्पकं कतन्”ति। ",
"pv10:3.1":	"“हन्दुत्तरीयं ददामि ते, ",
"pv10:3.2":	"इदं दुस्सं निवासय; ",
"pv10:3.3":	"इदं दुस्सं निवासेत्वा, ",
"pv10:3.4":	"एहि निक्खम सोभने; ",
"pv10:3.5":	"उपनिक्खमस्सु भद्दे, ",
"pv10:3.6":	"पस्साम तं बहिट्ठितन्”ति। ",
"pv10:4.1":	"“हत्थेन हत्थे ते दिन्नं, ",
"pv10:4.2":	"न मय्हं उपकप्पति; ",
"pv10:4.3":	"एसेत्थुपासको सद्धो, ",
"pv10:4.4":	"सम्मासम्बुद्धसावको। ",
"pv10:5.1":	"एतं अच्छादयित्वान, ",
"pv10:5.2":	"मम दक्खिणमादिस; ",
"pv10:5.3":	"तथाहं सुखिता हेस्सं, ",
"pv10:5.4":	"सब्बकामसमिद्धिनी”ति। ",
"pv10:6.1":	"तञ्च ते न्हापयित्वान, ",
"pv10:6.2":	"विलिम्पेत्वान वाणिजा; ",
"pv10:6.3":	"वत्थेहच्छादयित्वान, ",
"pv10:6.4":	"तस्सा दक्खिणमादिसुं। ",
"pv10:7.1":	"समनन्तरानुद्दिट्ठे, ",
"pv10:7.2":	"विपाको उदपज्जथ; ",
"pv10:7.3":	"भोजनच्छादनपानीयं, ",
"pv10:7.4":	"दक्खिणाय इदं फलं। ",
"pv10:8.1":	"ततो सुद्धा सुचिवसना, ",
"pv10:8.2":	"कासिकुत्तमधारिनी; ",
"pv10:8.3":	"हसन्ती विमाना निक्खमि, ",
"pv10:8.4":	"दक्खिणाय इदं फलन्ति। ",
"pv10:9.1":	"“सुचित्तरूपं रुचिरं, ",
"pv10:9.2":	"विमानं ते पभासति; ",
"pv10:9.3":	"देवते पुच्छिताचिक्ख, ",
"pv10:9.4":	"किस्स कम्मस्सिदं फलन्”ति। ",
"pv10:10.1":	"“भिक्खुनो चरमानस्स, ",
"pv10:10.2":	"दोणिनिम्मज्जनिं अहं; ",
"pv10:10.3":	"अदासिं उजुभूतस्स, ",
"pv10:10.4":	"विप्पसन्नेन चेतसा। ",
"pv10:11.1":	"तस्स कम्मस्स कुसलस्स, ",
"pv10:11.2":	"विपाकं दीघमन्तरं; ",
"pv10:11.3":	"अनुभोमि विमानस्मिं, ",
"pv10:11.4":	"तञ्च दानि परित्तकं। ",
"pv10:12.1":	"उद्धं चतूहि मासेहि, ",
"pv10:12.2":	"कालकिरिया भविस्सति; ",
"pv10:12.3":	"एकन्तकटुकं घोरं, ",
"pv10:12.4":	"निरयं पपतिस्सहं। ",
"pv10:13.1":	"चतुक्कण्णं चतुद्वारं, ",
"pv10:13.2":	"विभत्तं भागसो मितं; ",
"pv10:13.3":	"अयोपाकारपरियन्तं, ",
"pv10:13.4":	"अयसा पटिकुज्जितं। ",
"pv10:14.1":	"तस्स अयोमया भूमि, ",
"pv10:14.2":	"जलिता तेजसा युता; ",
"pv10:14.3":	"समन्ता योजनसतं, ",
"pv10:14.4":	"फरित्वा तिट्ठति सब्बदा। ",
"pv10:15.1":	"तत्थाहं दीघमद्धानं, ",
"pv10:15.2":	"दुक्खं वेदिस्स वेदनं; ",
"pv10:15.3":	"फलञ्च पापकम्मस्स, ",
"pv10:15.4":	"तस्मा सोचामहं भुसन्”ति। ",
"pv10:16.1":	"खल्लाटियपेतिवत्थु दसमं। "
}	
