{	
"pv26:0.1":	"पेतवत्थु ",
"pv26:0.2":	"चूळवग्ग ",
"pv26:0.3":	"१। अभिज्जमानपेतवत्थु ",
"pv26:1.1":	"“अभिज्जमाने वारिम्हि, ",
"pv26:1.2":	"गङ्गाय इध गच्छसि; ",
"pv26:1.3":	"नग्गो पुब्बद्धपेतोव, ",
"pv26:1.4":	"मालधारी अलङ्कतो; ",
"pv26:1.5":	"कुहिं गमिस्ससि पेत, ",
"pv26:1.6":	"कत्थ वासो भविस्सती”ति। ",
"pv26:2.1":	"“चुन्दट्ठिलं गमिस्सामि, ",
"pv26:2.2":	"पेतो सो इति भासति; ",
"pv26:2.3":	"अन्तरे वासभगामं, ",
"pv26:2.4":	"बाराणसिं च सन्तिके”। ",
"pv26:3.1":	"तञ्च दिस्वा महामत्तो, ",
"pv26:3.2":	"कोलियो इति विस्सुतो; ",
"pv26:3.3":	"सत्तुं भत्तञ्च पेतस्स, ",
"pv26:3.4":	"पीतकञ्च युगं अदा। ",
"pv26:4.1":	"नावाय तिट्ठमानाय, ",
"pv26:4.2":	"कप्पकस्स अदापयि; ",
"pv26:4.3":	"कप्पकस्स पदिन्नम्हि, ",
"pv26:4.4":	"ठाने पेतस्स दिस्सथ। ",
"pv26:5.1":	"ततो सुवत्थवसनो, ",
"pv26:5.2":	"मालधारी अलङ्कतो; ",
"pv26:5.3":	"ठाने ठितस्स पेतस्स, ",
"pv26:5.4":	"दक्खिणा उपकप्पथ; ",
"pv26:5.5":	"तस्मा दज्जेथ पेतानं, ",
"pv26:5.6":	"अनुकम्पाय पुनप्पुनं। ",
"pv26:6.1":	"सातुन्नवसना एके, ",
"pv26:6.2":	"अञ्ञे केसनिवासना; ",
"pv26:6.3":	"पेता भत्ताय गच्छन्ति, ",
"pv26:6.4":	"पक्कमन्ति दिसोदिसं। ",
"pv26:7.1":	"दूरे एके पधावित्वा, ",
"pv26:7.2":	"अलद्धाव निवत्तरे; ",
"pv26:7.3":	"छाता पमुच्छिता भन्ता, ",
"pv26:7.4":	"भूमियं पटिसुम्भिता। ",
"pv26:8.1":	"ते च तत्थ पपतिता, ",
"pv26:8.2":	"भूमियं पटिसुम्भिता; ",
"pv26:8.3":	"पुब्बे अकतकल्याणा, ",
"pv26:8.4":	"अग्गिदड्ढाव आतपे। ",
"pv26:9.1":	"“मयं पुब्बे पापधम्मा, ",
"pv26:9.2":	"घरणी कुलमातरो; ",
"pv26:9.3":	"सन्तेसु देय्यधम्मेसु, ",
"pv26:9.4":	"दीपं नाकम्ह अत्तनो। ",
"pv26:10.1":	"पहूतं अन्नपानम्पि, ",
"pv26:10.2":	"अपिस्सु अवकिरीयति; ",
"pv26:10.3":	"सम्मग्गते पब्बजिते, ",
"pv26:10.4":	"न च किञ्चि अदम्हसे। ",
"pv26:11.1":	"अकम्मकामा अलसा, ",
"pv26:11.2":	"सादुकामा महग्घसा; ",
"pv26:11.3":	"आलोपपिण्डदातारो, ",
"pv26:11.4":	"पटिग्गहे परिभासिम्हसे। ",
"pv26:12.1":	"ते घरा ता च दासियो, ",
"pv26:12.2":	"तानेवाभरणानि नो; ",
"pv26:12.3":	"ते अञ्ञे परिचारेन्ति, ",
"pv26:12.4":	"मयं दुक्खस्स भागिनो। ",
"pv26:13.1":	"वेणी वा अवञ्ञा होन्ति, ",
"pv26:13.2":	"रथकारी च दुब्भिका; ",
"pv26:13.3":	"चण्डाली कपणा होन्ति, ",
"pv26:13.4":	"कप्पका च पुनप्पुनं। ",
"pv26:14.1":	"यानि यानि निहीनानि, ",
"pv26:14.2":	"कुलानि कपणानि च; ",
"pv26:14.3":	"तेसु तेस्वेव जायन्ति, ",
"pv26:14.4":	"एसा मच्छरिनो गति। ",
"pv26:15.1":	"पुब्बे च कतकल्याणा, ",
"pv26:15.2":	"दायका वीतमच्छरा; ",
"pv26:15.3":	"सग्गं ते परिपूरेन्ति, ",
"pv26:15.4":	"ओभासेन्ति च नन्दनं। ",
"pv26:16.1":	"वेजयन्ते च पासादे, ",
"pv26:16.2":	"रमित्वा कामकामिनो; ",
"pv26:16.3":	"उच्चाकुलेसु जायन्ति, ",
"pv26:16.4":	"सभोगेसु ततो चुता। ",
"pv26:17.1":	"कूटागारे च पासादे, ",
"pv26:17.2":	"पल्लङ्के गोनकत्थते; ",
"pv26:17.3":	"बीजितङ्गा मोरहत्थेहि, ",
"pv26:17.4":	"कुले जाता यसस्सिनो। ",
"pv26:18.1":	"अङ्कतो अङ्कं गच्छन्ति, ",
"pv26:18.2":	"मालधारी अलङ्कता; ",
"pv26:18.3":	"धातियो उपतिट्ठन्ति, ",
"pv26:18.4":	"सायं पातं सुखेसिनो। ",
"pv26:19.1":	"नयिदं अकतपुञ्ञानं, ",
"pv26:19.2":	"कतपुञ्ञानमेविदं; ",
"pv26:19.3":	"असोकं नन्दनं रम्मं, ",
"pv26:19.4":	"तिदसानं महावनं। ",
"pv26:20.1":	"सुखं अकतपुञ्ञानं, ",
"pv26:20.2":	"इध नत्थि परत्थ च; ",
"pv26:20.3":	"सुखञ्च कतपुञ्ञानं, ",
"pv26:20.4":	"इध चेव परत्थ च। ",
"pv26:21.1":	"तेसं सहब्यकामानं, ",
"pv26:21.2":	"कत्तब्बं कुसलं बहुं; ",
"pv26:21.3":	"कतपुञ्ञा हि मोदन्ति, ",
"pv26:21.4":	"सग्गे भोगसमङ्गिनो”ति। ",
"pv26:22.1":	"अभिज्जमानपेतवत्थु पठमं। "
}	
