{	
"pv28:0.1":	"पेतवत्थु ",
"pv28:0.2":	"चूळवग्ग ",
"pv28:0.3":	"३। रथकारपेतिवत्थु ",
"pv28:1.1":	"“वेळुरियथम्भं रुचिरं पभस्सरं, ",
"pv28:1.2":	"विमानमारुय्ह अनेकचित्तं; ",
"pv28:1.3":	"तत्थच्छसि देवि महानुभावे, ",
"pv28:1.4":	"पथद्धनि पन्नरसेव चन्दो। ",
"pv28:2.1":	"वण्णो च ते कनकस्स सन्निभो, ",
"pv28:2.2":	"उत्तत्तरूपो भुस दस्सनेय्यो; ",
"pv28:2.3":	"पल्लङ्कसेट्ठे अतुले निसिन्ना, ",
"pv28:2.4":	"एका तुवं नत्थि च तुय्ह सामिको। ",
"pv28:3.1":	"इमा च ते पोक्खरणी समन्ता, ",
"pv28:3.2":	"पहूतमल्या बहुपुण्डरीका; ",
"pv28:3.3":	"सुवण्णचुण्णेहि समन्तमोत्थता, ",
"pv28:3.4":	"न तत्थ पङ्को पणको च विज्जति। ",
"pv28:4.1":	"हंसा चिमे दस्सनीया मनोरमा, ",
"pv28:4.2":	"उदकस्मिमनुपरियन्ति सब्बदा; ",
"pv28:4.3":	"समय्य वग्गूपनदन्ति सब्बे, ",
"pv28:4.4":	"बिन्दुस्सरा दुन्दुभीनंव घोसो। ",
"pv28:5.1":	"दद्दल्लमाना यससा यसस्सिनी, ",
"pv28:5.2":	"नावाय च त्वं अवलम्ब तिट्ठसि; ",
"pv28:5.3":	"आळारपम्हे हसिते पियंवदे, ",
"pv28:5.4":	"सब्बङ्गकल्याणि भुसं विरोचसि। ",
"pv28:6.1":	"इदं विमानं विरजं समे ठितं, ",
"pv28:6.2":	"उय्यानवन्तं रतिनन्दिवड्ढनं; ",
"pv28:6.3":	"इच्छामहं नारि अनोमदस्सने, ",
"pv28:6.4":	"तया सह नन्दने इध मोदितुन्”ति। ",
"pv28:7.1":	"“करोहि कम्मं इध वेदनीयं, ",
"pv28:7.2":	"चित्तञ्च ते इध निहितं भवतु; ",
"pv28:7.3":	"कत्वान कम्मं इध वेदनीयं, ",
"pv28:7.4":	"एवं ममं लच्छसि कामकामिनिन्”ति। ",
"pv28:8.1":	"“साधू”ति सो तस्सा पटिस्सुणित्वा, ",
"pv28:8.2":	"अकासि कम्मं तहिं वेदनीयं; ",
"pv28:8.3":	"कत्वान कम्मं तहिं वेदनीयं, ",
"pv28:8.4":	"उपपज्जि सो माणवो तस्सा सहब्यतन्ति। ",
"pv28:9.1":	"रथकारपेतिवत्थु ततियं। ",
"pv28:9.2":	"भाणवारं दुतियं। "
}	
