{	
"pv31:0.1":	"पेतवत्थु ",
"pv31:0.2":	"चूळवग्ग ",
"pv31:0.3":	"६। सेरिणीपेतिवत्थु ",
"pv31:1.1":	"“नग्गा दुब्बण्णरूपासि, ",
"pv31:1.2":	"किसा धमनिसन्थता; ",
"pv31:1.3":	"उप्फासुलिके किसिके, ",
"pv31:1.4":	"का नु त्वं इध तिट्ठसी”ति। ",
"pv31:2.1":	"“अहं भदन्ते पेतीम्हि, ",
"pv31:2.2":	"दुग्गता यमलोकिका; ",
"pv31:2.3":	"पापकम्मं करित्वान, ",
"pv31:2.4":	"पेतलोकं इतो गता”ति। ",
"pv31:3.1":	"“किं नु कायेन वाचाय, ",
"pv31:3.2":	"मनसा दुक्कटं कतं; ",
"pv31:3.3":	"किस्स कम्मविपाकेन, ",
"pv31:3.4":	"पेतलोकं इतो गता”ति। ",
"pv31:4.1":	"“अनावटेसु तित्थेसु, ",
"pv31:4.2":	"विचिनिं अड्ढमासकं; ",
"pv31:4.3":	"सन्तेसु देय्यधम्मेसु, ",
"pv31:4.4":	"दीपं नाकासिमत्तनो। ",
"pv31:5.1":	"नदिं उपेमि तसिता, ",
"pv31:5.2":	"रित्तका परिवत्तति; ",
"pv31:5.3":	"छायं उपेमि उण्हेसु, ",
"pv31:5.4":	"आतपो परिवत्तति। ",
"pv31:6.1":	"अग्गिवण्णो च मे वातो, ",
"pv31:6.2":	"डहन्तो उपवायति; ",
"pv31:6.3":	"एतञ्च भन्ते अरहामि, ",
"pv31:6.4":	"अञ्ञञ्च पापकं ततो। ",
"pv31:7.1":	"गन्त्वान हत्थिनिं पुरं, ",
"pv31:7.2":	"वज्जेसि मय्ह मातरं; ",
"pv31:7.3":	"‘धीता च ते मया दिट्ठा, ",
"pv31:7.4":	"दुग्गता यमलोकिका; ",
"pv31:7.5":	"पापकम्मं करित्वान, ",
"pv31:7.6":	"पेतलोकं इतो गता’। ",
"pv31:8.1":	"अत्थि मे एत्थ निक्खित्तं, ",
"pv31:8.2":	"अनक्खातञ्च तं मया; ",
"pv31:8.3":	"चत्तारिसतसहस्सानि, ",
"pv31:8.4":	"पल्लङ्कस्स च हेट्ठतो। ",
"pv31:9.1":	"ततो मे दानं ददतु, ",
"pv31:9.2":	"तस्सा च होतु जीविका; ",
"pv31:9.3":	"दानं दत्वा च मे माता, ",
"pv31:9.4":	"दक्खिणं अनुदिच्छतु; ",
"pv31:9.5":	"तदाहं सुखिता हेस्सं, ",
"pv31:9.6":	"सब्बकामसमिद्धिनी”ति। ",
"pv31:10.1":	"“साधू”ति सो पटिस्सुत्वा, ",
"pv31:10.2":	"गन्त्वान हत्थिनिं पुरं; ",
"pv31:10.3":	"अवोच तस्सा मातरं—",
"pv31:11.1":	"“धीता च ते मया दिट्ठा, ",
"pv31:11.2":	"दुग्गता यमलोकिका; ",
"pv31:11.3":	"पापकम्मं करित्वान, ",
"pv31:11.4":	"पेतलोकं इतो गता। ",
"pv31:12.1":	"सा मं तत्थ समादपेसि, (…) ",
"pv31:12.2":	"वज्जेसि मय्ह मातरं; ",
"pv31:12.3":	"‘धीता च ते मया दिट्ठा, ",
"pv31:12.4":	"दुग्गता यमलोकिका; ",
"pv31:12.5":	"पापकम्मं करित्वान, ",
"pv31:12.6":	"पेतलोकं इतो गता। ",
"pv31:13.1":	"अत्थि च मे एत्थ निक्खित्तं, ",
"pv31:13.2":	"अनक्खातञ्च तं मया; ",
"pv31:13.3":	"चत्तारिसतसहस्सानि, ",
"pv31:13.4":	"पल्लङ्कस्स च हेट्ठतो। ",
"pv31:14.1":	"ततो मे दानं ददतु, ",
"pv31:14.2":	"तस्सा च होतु जीविका; ",
"pv31:14.3":	"दानं दत्वा च मे माता, ",
"pv31:14.4":	"दक्खिणं अनुदिच्छतु (…); ",
"pv31:14.5":	"तदाहं सुखिता हेस्सं, ",
"pv31:14.6":	"सब्बकामसमिद्धिनी’”ति। ",
"pv31:15.1":	"ततो हि सा दानमदा, ",
"pv31:15.2":	"तस्सा दक्खिणमादिसी; ",
"pv31:15.3":	"पेती च सुखिता आसि, ",
"pv31:15.4":	"तस्सा चासि सुजीविकाति। ",
"pv31:16.1":	"सेरिणीपेतिवत्थु छट्ठं। "
}	
