{	
"pv36:0.1":	"पेतवत्थु ",
"pv36:0.2":	"महावग्ग ",
"pv36:0.3":	"१। अम्बसक्करपेतवत्थु ",
"pv36:1.1":	"वेसाली नाम नगरत्थि वज्जीनं, ",
"pv36:1.2":	"तत्थ अहु लिच्छवि अम्बसक्करो; ",
"pv36:1.3":	"दिस्वान पेतं नगरस्स बाहिरं, ",
"pv36:1.4":	"तत्थेव पुच्छित्थ तं कारणत्थिको। ",
"pv36:2.1":	"“सेय्या निसज्जा नयिमस्स अत्थि, ",
"pv36:2.2":	"अभिक्कमो नत्थि पटिक्कमो च; ",
"pv36:2.3":	"असितपीतखायितवत्थभोगा, ",
"pv36:2.4":	"परिचारिका सापि इमस्स नत्थि। ",
"pv36:3.1":	"ये ञातका दिट्ठसुता सुहज्जा, ",
"pv36:3.2":	"अनुकम्पका यस्स अहेसुं पुब्बे; ",
"pv36:3.3":	"दट्ठुम्पि ते दानि न तं लभन्ति, ",
"pv36:3.4":	"विराजितत्तो हि जनेन तेन। ",
"pv36:4.1":	"न ओग्गतत्तस्स भवन्ति मित्ता, ",
"pv36:4.2":	"जहन्ति मित्ता विकलं विदित्वा; ",
"pv36:4.3":	"अत्थञ्च दिस्वा परिवारयन्ति, ",
"pv36:4.4":	"बहू मित्ता उग्गतत्तस्स होन्ति। ",
"pv36:5.1":	"निहीनत्तो सब्बभोगेहि किच्छो, ",
"pv36:5.2":	"सम्मक्खितो सम्परिभिन्नगत्तो; ",
"pv36:5.3":	"उस्सावबिन्दूव पलिम्पमानो, ",
"pv36:5.4":	"अज्ज सुवे जीवितस्सूपरोधो। ",
"pv36:6.1":	"एतादिसं उत्तमकिच्छप्पत्तं, ",
"pv36:6.2":	"उत्तासितं पुचिमन्दस्स सूले; ",
"pv36:6.3":	"‘अथ त्वं केन वण्णेन वदेसि यक्ख, ",
"pv36:6.4":	"जीव भो जीवितमेव सेय्यो’”ति। ",
"pv36:7.1":	"“सालोहितो एस अहोसि मय्हं, ",
"pv36:7.2":	"अहं सरामि पुरिमाय जातिया; ",
"pv36:7.3":	"दिस्वा च मे कारुञ्ञमहोसि राज, ",
"pv36:7.4":	"मा पापधम्मो निरयं पतायं। ",
"pv36:8.1":	"इतो चुतो लिच्छवि एस पोसो, ",
"pv36:8.2":	"सत्तुस्सदं निरयं घोररूपं; ",
"pv36:8.3":	"उपपज्जति दुक्कटकम्मकारी, ",
"pv36:8.4":	"महाभितापं कटुकं भयानकं। ",
"pv36:9.1":	"अनेकभागेन गुणेन सेय्यो, ",
"pv36:9.2":	"अयमेव सूलो निरयेन तेन; ",
"pv36:9.3":	"एकन्तदुक्खं कटुकं भयानकं, ",
"pv36:9.4":	"एकन्ततिब्बं निरयं पतायं। ",
"pv36:10.1":	"इदञ्च सुत्वा वचनं ममेसो, ",
"pv36:10.2":	"दुक्खूपनीतो विजहेय्य पाणं; ",
"pv36:10.3":	"तस्मा अहं सन्तिके न भणामि, ",
"pv36:10.4":	"मा मे कतो जीवितस्सूपरोधो”। ",
"pv36:11.1":	"“अञ्ञातो एसो पुरिसस्स अत्थो, ",
"pv36:11.2":	"अञ्ञम्पि इच्छामसे पुच्छितुं तुवं; ",
"pv36:11.3":	"ओकासकम्मं सचे नो करोसि, ",
"pv36:11.4":	"पुच्छाम तं नो न च कुज्झितब्बन्”ति। ",
"pv36:12.1":	"“अद्धा पटिञ्ञा मे तदा अहु, ",
"pv36:12.2":	"नाचिक्खना अप्पसन्नस्स होति; ",
"pv36:12.3":	"अकामा सद्धेय्यवचोति कत्वा, ",
"pv36:12.4":	"पुच्छस्सु मं कामं यथा विसय्हन्”ति। ",
"pv36:13.1":	"“यं किञ्चहं चक्खुना पस्सिस्सामि, ",
"pv36:13.2":	"सब्बम्पि ताहं अभिसद्दहेय्यं; ",
"pv36:13.3":	"दिस्वाव तं नोपि चे सद्दहेय्यं, ",
"pv36:13.4":	"करेय्यासि मे यक्ख नियस्सकम्मन्”ति। ",
"pv36:14.1":	"“सच्चप्पटिञ्ञा तव मेसा होतु, ",
"pv36:14.2":	"सुत्वान धम्मं लभ सुप्पसादं; ",
"pv36:14.3":	"अञ्ञत्थिको नो च पदुट्ठचित्तो, ",
"pv36:14.4":	"यं ते सुतं असुतञ्चापि धम्मं; ",
"pv36:14.5":	"सब्बम्पि अक्खिस्सं यथा पजानन्ति”। ",
"pv36:15.1":	"“सेतेन अस्सेन अलङ्कतेन, ",
"pv36:15.2":	"उपयासि सूलावुतकस्स सन्तिके; ",
"pv36:15.3":	"यानं इदं अब्भुतं दस्सनेय्यं, ",
"pv36:15.4":	"किस्सेतं कम्मस्स अयं विपाको”ति। ",
"pv36:16.1":	"“वेसालिया नगरस्स मज्झे, ",
"pv36:16.2":	"चिक्खल्लमग्गे नरकं अहोसि; ",
"pv36:16.3":	"गोसीसमेकाहं पसन्नचित्तो, ",
"pv36:16.4":	"सेतं गहेत्वा नरकस्मिं निक्खिपिं। ",
"pv36:17.1":	"एतस्मिं पादानि पतिट्ठपेत्वा, ",
"pv36:17.2":	"मयञ्च अञ्ञे च अतिक्कमिम्हा; ",
"pv36:17.3":	"यानं इदं अब्भुतं दस्सनेय्यं, ",
"pv36:17.4":	"तस्सेव कम्मस्स अयं विपाको”ति। ",
"pv36:18.1":	"“वण्णो च ते सब्बदिसा पभासति, ",
"pv36:18.2":	"गन्धो च ते सब्बदिसा पवायति; ",
"pv36:18.3":	"यक्खिद्धिपत्तोसि महानुभावो, ",
"pv36:18.4":	"नग्गो चासि किस्स अयं विपाको”ति। ",
"pv36:19.1":	"“अक्कोधनो निच्चपसन्नचित्तो, ",
"pv36:19.2":	"सण्हाहि वाचाहि जनं उपेमि; ",
"pv36:19.3":	"तस्सेव कम्मस्स अयं विपाको, ",
"pv36:19.4":	"दिब्बो मे वण्णो सततं पभासति। ",
"pv36:20.1":	"यसञ्च कित्तिञ्च धम्मे ठितानं, ",
"pv36:20.2":	"दिस्वान मन्तेमि पसन्नचित्तो; ",
"pv36:20.3":	"तस्सेव कम्मस्स अयं विपाको, ",
"pv36:20.4":	"दिब्बो मे गन्धो सततं पवायति। ",
"pv36:21.1":	"सहायानं तित्थस्मिं न्हायन्तानं, ",
"pv36:21.2":	"थले गहेत्वा निदहिस्स दुस्सं; ",
"pv36:21.3":	"खिड्डत्थिको नो च पदुट्ठचित्तो, ",
"pv36:21.4":	"तेनम्हि नग्गो कसिरा च वुत्ती”ति। ",
"pv36:22.1":	"“यो कीळमानो पकरोति पापं, ",
"pv36:22.2":	"तस्सेदिसं कम्मविपाकमाहु; ",
"pv36:22.3":	"अकीळमानो पन यो करोति, ",
"pv36:22.4":	"किं तस्स कम्मस्स विपाकमाहू”ति। ",
"pv36:23.1":	"“ये दुट्ठसङ्कप्पमना मनुस्सा, ",
"pv36:23.2":	"कायेन वाचाय च सङ्किलिट्ठा; ",
"pv36:23.3":	"कायस्स भेदा अभिसम्परायं, ",
"pv36:23.4":	"असंसयं ते निरयं उपेन्ति। ",
"pv36:24.1":	"अपरे पन सुगतिमासमाना, ",
"pv36:24.2":	"दाने रता सङ्गहितत्तभावा; ",
"pv36:24.3":	"कायस्स भेदा अभिसम्परायं, ",
"pv36:24.4":	"असंसयं ते सुगतिं उपेन्ती”ति। ",
"pv36:25.1":	"“तं किन्ति जानेय्यमहं अवेच्च, ",
"pv36:25.2":	"कल्याणपापस्स अयं विपाको; ",
"pv36:25.3":	"किं वाहं दिस्वा अभिसद्दहेय्यं, ",
"pv36:25.4":	"को वापि मं सद्दहापेय्य एतन्”ति। ",
"pv36:26.1":	"“दिस्वा च सुत्वा अभिसद्दहस्सु, ",
"pv36:26.2":	"कल्याणपापस्स अयं विपाको; ",
"pv36:26.3":	"कल्याणपापे उभये असन्ते, ",
"pv36:26.4":	"सिया नु सत्ता सुगता दुग्गता वा। ",
"pv36:27.1":	"नो चेत्थ कम्मानि करेय्युं मच्चा, ",
"pv36:27.2":	"कल्याणपापानि मनुस्सलोके; ",
"pv36:27.3":	"नाहेसुं सत्ता सुगता दुग्गता वा, ",
"pv36:27.4":	"हीना पणीता च मनुस्सलोके। ",
"pv36:28.1":	"यस्मा च कम्मानि करोन्ति मच्चा, ",
"pv36:28.2":	"कल्याणपापानि मनुस्सलोके; ",
"pv36:28.3":	"तस्मा हि सत्ता सुगता दुग्गता वा, ",
"pv36:28.4":	"हीना पणीता च मनुस्सलोके। ",
"pv36:29.1":	"द्वयज्ज कम्मानं विपाकमाहु, ",
"pv36:29.2":	"सुखस्स दुक्खस्स च वेदनीयं; ",
"pv36:29.3":	"ता देवतायो परिचारयन्ति, ",
"pv36:29.4":	"पच्चन्ति बाला द्वयतं अपस्सिनो। ",
"pv36:30.1":	"न मत्थि कम्मानि सयङ्कतानि, ",
"pv36:30.2":	"दत्वापि मे नत्थि यो आदिसेय्य; ",
"pv36:30.3":	"अच्छादनं सयनमथन्नपानं, ",
"pv36:30.4":	"तेनम्हि नग्गो कसिरा च वुत्ती”ति। ",
"pv36:31.1":	"“सिया नु खो कारणं किञ्चि यक्ख, ",
"pv36:31.2":	"अच्छादनं येन तुवं लभेथ; ",
"pv36:31.3":	"आचिक्ख मे त्वं यदत्थि हेतु, ",
"pv36:31.4":	"सद्धायिकं हेतुवचो सुणोमा”ति। ",
"pv36:32.1":	"“कप्पितको नाम इधत्थि भिक्खु, ",
"pv36:32.2":	"झायी सुसीलो अरहा विमुत्तो; ",
"pv36:32.3":	"गुत्तिन्द्रियो संवुतपातिमोक्खो, ",
"pv36:32.4":	"सीतिभूतो उत्तमदिट्ठिपत्तो। ",
"pv36:33.1":	"सखिलो वदञ्ञू सुवचो सुमुखो, ",
"pv36:33.2":	"स्वागमो सुप्पटिमुत्तको च; ",
"pv36:33.3":	"पुञ्ञस्स खेत्तं अरणविहारी, ",
"pv36:33.4":	"देवमनुस्सानञ्च दक्खिणेय्यो। ",
"pv36:34.1":	"सन्तो विधूमो अनीघो निरासो, ",
"pv36:34.2":	"मुत्तो विसल्लो अममो अवङ्को; ",
"pv36:34.3":	"निरूपधी सब्बपपञ्चखीणो, ",
"pv36:34.4":	"तिस्सो विज्जा अनुप्पत्तो जुतिमा। ",
"pv36:35.1":	"अप्पञ्ञातो दिस्वापि न च सुजानो, ",
"pv36:35.2":	"मुनीति नं वज्जिसु वोहरन्ति; ",
"pv36:35.3":	"जानन्ति तं यक्खभूता अनेजं, ",
"pv36:35.4":	"कल्याणधम्मं विचरन्तं लोके। ",
"pv36:36.1":	"तस्स तुवं एकयुगं दुवे वा, ",
"pv36:36.2":	"ममुद्दिसित्वान सचे ददेथ; ",
"pv36:36.3":	"पटिग्गहीतानि च तानि अस्सु, ",
"pv36:36.4":	"ममञ्च पस्सेथ सन्नद्धदुस्सन्”ति। ",
"pv36:37.1":	"“कस्मिं पदेसे समणं वसन्तं, ",
"pv36:37.2":	"गन्त्वान पस्सेमु मयं इदानि; ",
"pv36:37.3":	"यो मज्ज कङ्खं विचिकिच्छितञ्च, ",
"pv36:37.4":	"दिट्ठीविसूकानि विनोदयेय्या”ति। ",
"pv36:38.1":	"“एसो निसिन्नो कपिनच्चनायं, ",
"pv36:38.2":	"परिवारितो देवताहि बहूहि; ",
"pv36:38.3":	"धम्मिं कथं भासति सच्चनामो, ",
"pv36:38.4":	"सकस्मिमाचेरके अप्पमत्तो”ति। ",
"pv36:39.1":	"“तथाहं कस्सामि गन्त्वा इदानि, ",
"pv36:39.2":	"अच्छादयिस्सं समणं युगेन; ",
"pv36:39.3":	"पटिग्गहितानि च तानि अस्सु, ",
"pv36:39.4":	"तुवञ्च पस्सेमु सन्नद्धदुस्सन्”ति। ",
"pv36:40.1":	"“मा अक्खणे पब्बजितं उपागमि, ",
"pv36:40.2":	"साधु वो लिच्छवि नेस धम्मो; ",
"pv36:40.3":	"ततो च काले उपसङ्कमित्वा, ",
"pv36:40.4":	"तत्थेव पस्साहि रहो निसिन्नन्”ति। ",
"pv36:41.1":	"तथाति वत्वा अगमासि तत्थ, ",
"pv36:41.2":	"परिवारितो दासगणेन लिच्छवि; ",
"pv36:41.3":	"सो तं नगरं उपसङ्कमित्वा, ",
"pv36:41.4":	"वासूपगच्छित्थ सके निवेसने। ",
"pv36:42.1":	"ततो च काले गिहिकिच्चानि कत्वा, ",
"pv36:42.2":	"न्हत्वा पिवित्वा च खणं लभित्वा; ",
"pv36:42.3":	"विचेय्य पेळातो च युगानि अट्ठ, ",
"pv36:42.4":	"गाहापयी दासगणेन लिच्छवि। ",
"pv36:43.1":	"सो तं पदेसं उपसङ्कमित्वा, ",
"pv36:43.2":	"तं अद्दस समणं सन्तचित्तं; ",
"pv36:43.3":	"पटिक्कन्तं गोचरतो निवत्तं, ",
"pv36:43.4":	"सीतिभूतं रुक्खमूले निसिन्नं। ",
"pv36:44.1":	"तमेनमवोच उपसङ्कमित्वा, ",
"pv36:44.2":	"अप्पाबाधं फासुविहारञ्च पुच्छि; ",
"pv36:44.3":	"“वेसालियं लिच्छविहं भदन्ते, ",
"pv36:44.4":	"जानन्ति मं लिच्छवि अम्बसक्करो। ",
"pv36:45.1":	"इमानि मे अट्ठ युगा सुभानि, ",
"pv36:45.2":	"पटिगण्ह भन्ते पददामि तुय्हं; ",
"pv36:45.3":	"तेनेव अत्थेन इधागतोस्मि, ",
"pv36:45.4":	"यथा अहं अत्तमनो भवेय्यन्”ति। ",
"pv36:46.1":	"“दूरतोव समणब्राह्मणा च, ",
"pv36:46.2":	"निवेसनं ते परिवज्जयन्ति; ",
"pv36:46.3":	"पत्तानि भिज्जन्ति च ते निवेसने, ",
"pv36:46.4":	"सङ्घाटियो चापि विदालयन्ति। ",
"pv36:47.1":	"अथापरे पादकुठारिकाहि, ",
"pv36:47.2":	"अवंसिरा समणा पातयन्ति; ",
"pv36:47.3":	"एतादिसं पब्बजिता विहेसं, ",
"pv36:47.4":	"तया कतं समणा पापुणन्ति। ",
"pv36:48.1":	"तिणेन तेलम्पि न त्वं अदासि, ",
"pv36:48.2":	"मुळ्हस्स मग्गम्पि न पावदासि; ",
"pv36:48.3":	"अन्धस्स दण्डं सयमादियासि, ",
"pv36:48.4":	"एतादिसो कदरियो असंवुतो तुवं; ",
"pv36:48.5":	"अथ त्वं केन वण्णेन किमेव दिस्वा, ",
"pv36:48.6":	"अम्हेहि सह संविभागं करोसी”ति। ",
"pv36:49.1":	"“पच्चेमि भन्ते यं त्वं वदेसि, ",
"pv36:49.2":	"विहेसयिं समणे ब्राह्मणे च; ",
"pv36:49.3":	"खिड्डत्थिको नो च पदुट्ठचित्तो, ",
"pv36:49.4":	"एतम्पि मे दुक्कटमेव भन्ते। ",
"pv36:50.1":	"खिड्डाय यक्खो पसवित्वा पापं, ",
"pv36:50.2":	"वेदेति दुक्खं असमत्तभोगी; ",
"pv36:50.3":	"दहरो युवा नग्गनियस्स भागी, ",
"pv36:50.4":	"किं सु ततो दुक्खतरस्स होति। ",
"pv36:51.1":	"तं दिस्वा संवेगमलत्थं भन्ते, ",
"pv36:51.2":	"तप्पच्चया वापि ददामि दानं; ",
"pv36:51.3":	"पटिगण्ह भन्ते वत्थयुगानि अट्ठ, ",
"pv36:51.4":	"यक्खस्सिमा गच्छन्तु दक्खिणायो”ति। ",
"pv36:52.1":	"“अद्धा हि दानं बहुधा पसत्थं, ",
"pv36:52.2":	"ददतो च ते अक्खयधम्ममत्थु; ",
"pv36:52.3":	"पटिगण्हामि ते वत्थयुगानि अट्ठ, ",
"pv36:52.4":	"यक्खस्सिमा गच्छन्तु दक्खिणायो”ति। ",
"pv36:53.1":	"ततो हि सो आचमयित्वा लिच्छवि, ",
"pv36:53.2":	"थेरस्स दत्वान युगानि अट्ठ; ",
"pv36:53.3":	"पटिग्गहितानि च तानि अस्सु, ",
"pv36:53.4":	"यक्खञ्च पस्सेथ सन्नद्धदुस्सं। ",
"pv36:54.1":	"तमद्दसा चन्दनसारलित्तं, ",
"pv36:54.2":	"आजञ्ञमारूळ्हमुळारवण्णं; ",
"pv36:54.3":	"अलङ्कतं साधुनिवत्थदुस्सं, ",
"pv36:54.4":	"परिवारितं यक्खमहिद्धिपत्तं। ",
"pv36:55.1":	"सो तं दिस्वा अत्तमनो उदग्गो, ",
"pv36:55.2":	"पहट्ठचित्तो च सुभग्गरूपो; ",
"pv36:55.3":	"कम्मञ्च दिस्वान महाविपाकं, ",
"pv36:55.4":	"सन्दिट्ठिकं चक्खुना सच्छिकत्वा। ",
"pv36:56.1":	"तमेनमवोच उपसङ्कमित्वा, ",
"pv36:56.2":	"“दस्सामि दानं समणब्राह्मणानं; ",
"pv36:56.3":	"न चापि मे किञ्चि अदेय्यमत्थि, ",
"pv36:56.4":	"तुवञ्च मे यक्ख बहूपकारो”ति। ",
"pv36:57.1":	"“तुवञ्च मे लिच्छवि एकदेसं, ",
"pv36:57.2":	"अदासि दानानि अमोघमेतं; ",
"pv36:57.3":	"स्वाहं करिस्सामि तयाव सक्खिं, ",
"pv36:57.4":	"अमानुसो मानुसकेन सद्धिन्”ति। ",
"pv36:58.1":	"“गती च बन्धू च परायणञ्च, ",
"pv36:58.2":	"मित्तो ममासि अथ देवता मे; ",
"pv36:58.3":	"याचामि तं पञ्जलिको भवित्वा, ",
"pv36:58.4":	"इच्छामि तं यक्ख पुनापि दट्ठुन्”ति। ",
"pv36:59.1":	"“सचे तुवं अस्सद्धो भविस्ससि, ",
"pv36:59.2":	"कदरियरूपो विप्पटिपन्नचित्तो; ",
"pv36:59.3":	"त्वं नेव मं लच्छसि दस्सनाय, ",
"pv36:59.4":	"दिस्वा च तं नोपि च आलपिस्सं। ",
"pv36:60.1":	"सचे पन त्वं भविस्ससि धम्मगारवो, ",
"pv36:60.2":	"दाने रतो सङ्गहितत्तभावो; ",
"pv36:60.3":	"ओपानभूतो समणब्राह्मणानं, ",
"pv36:60.4":	"एवं ममं लच्छसि दस्सनाय। ",
"pv36:61.1":	"दिस्वा च तं आलपिस्सं भदन्ते, ",
"pv36:61.2":	"इमञ्च सूलतो लहुं पमुञ्च; ",
"pv36:61.3":	"यतोनिदानं अकरिम्ह सक्खिं, ",
"pv36:61.4":	"मञ्ञामि सूलावुतकस्स कारणा। ",
"pv36:62.1":	"ते अञ्ञमञ्ञं अकरिम्ह सक्खिं, ",
"pv36:62.2":	"अयञ्च सूलतो लहुं पमुत्तो; ",
"pv36:62.3":	"सक्कच्च धम्मानि समाचरन्तो, ",
"pv36:62.4":	"मुच्चेय्य सो निरया च तम्हा; ",
"pv36:62.5":	"कम्मं सिया अञ्ञत्र वेदनीयं। ",
"pv36:63.1":	"कप्पितकञ्च उपसङ्कमित्वा, ",
"pv36:63.2":	"तेनेव सह संविभजित्वा काले; ",
"pv36:63.3":	"सयं मुखेनूपनिसज्ज पुच्छ, ",
"pv36:63.4":	"सो ते अक्खिस्सति एतमत्थं। ",
"pv36:64.1":	"तमेव भिक्खुं उपसङ्कमित्वा, ",
"pv36:64.2":	"पुच्छस्सु अञ्ञत्थिको नो च पदुट्ठचित्तो; ",
"pv36:64.3":	"सो ते सुतं असुतञ्चापि धम्मं, ",
"pv36:64.4":	"सब्बम्पि अक्खिस्सति यथा पजानन्”ति। ",
"pv36:65.1":	"सो तत्थ रहस्सं समुल्लपित्वा, ",
"pv36:65.2":	"सक्खिं करित्वान अमानुसेन; ",
"pv36:65.3":	"पक्कामि सो लिच्छवीनं सकासं, ",
"pv36:65.4":	"अथ ब्रवि परिसं सन्निसिन्नं। ",
"pv36:66.1":	"“सुणन्तु भोन्तो मम एकवाक्यं, ",
"pv36:66.2":	"वरं वरिस्सं लभिस्सामि अत्थं; ",
"pv36:66.3":	"सूलावुतो पुरिसो लुद्दकम्मो, ",
"pv36:66.4":	"पणिहितदण्डो अनुसत्तरूपो। ",
"pv36:67.1":	"एत्तावता वीसतिरत्तिमत्ता, ",
"pv36:67.2":	"यतो आवुतो नेव जीवति न मतो; ",
"pv36:67.3":	"ताहं मोचयिस्सामि दानि, ",
"pv36:67.4":	"यथामतिं अनुजानातु सङ्घो”ति। ",
"pv36:68.1":	"“एतञ्च अञ्ञञ्च लहुं पमुञ्च, ",
"pv36:68.2":	"को तं वदेथ तथा करोन्तं; ",
"pv36:68.3":	"यथा पजानासि तथा करोहि, ",
"pv36:68.4":	"यथामतिं अनुजानाति सङ्घो”ति। ",
"pv36:69.1":	"सो तं पदेसं उपसङ्कमित्वा, ",
"pv36:69.2":	"सूलावुतं मोचयि खिप्पमेव; ",
"pv36:69.3":	"“मा भायि सम्मा”ति च तं अवोच, ",
"pv36:69.4":	"तिकिच्छकानञ्च उपट्ठपेसि। ",
"pv36:70.1":	"“कप्पितकञ्च उपसङ्कमित्वा, ",
"pv36:70.2":	"तेनेव सह संविभजित्वा काले; ",
"pv36:70.3":	"सयं मुखेनूपनिसज्ज लिच्छवि, ",
"pv36:70.4":	"तथेव पुच्छित्थ नं कारणत्थिको। ",
"pv36:71.1":	"सूलावुतो पुरिसो लुद्दकम्मो, ",
"pv36:71.2":	"पणिहितदण्डो अनुसत्तरूपो; ",
"pv36:71.3":	"एत्तावता वीसतिरत्तिमत्ता, ",
"pv36:71.4":	"यतो आवुतो नेव जीवति न मतो। ",
"pv36:72.1":	"सो मोचितो गन्त्वा मया इदानि, ",
"pv36:72.2":	"एतस्स यक्खस्स वचो हि भन्ते; ",
"pv36:72.3":	"सिया नु खो कारणं किञ्चिदेव, ",
"pv36:72.4":	"येन सो निरयं नो वजेय्य। ",
"pv36:73.1":	"आचिक्ख भन्ते यदि अत्थि हेतु, ",
"pv36:73.2":	"सद्धायिकं हेतुवचो सुणोम; ",
"pv36:73.3":	"न तेसं कम्मानं विनासमत्थि, ",
"pv36:73.4":	"अवेदयित्वा इध ब्यन्तिभावो”ति। ",
"pv36:74.1":	"“सचे स धम्मानि समाचरेय्य, ",
"pv36:74.2":	"सक्कच्च रत्तिन्दिवमप्पमत्तो; ",
"pv36:74.3":	"मुच्चेय्य सो निरया च तम्हा, ",
"pv36:74.4":	"कम्मं सिया अञ्ञत्र वेदनीयन्”ति। ",
"pv36:75.1":	"“अञ्ञातो एसो पुरिसस्स अत्थो, ",
"pv36:75.2":	"ममम्पि दानि अनुकम्प भन्ते; ",
"pv36:75.3":	"अनुसास मं ओवद भूरिपञ्ञ, ",
"pv36:75.4":	"यथा अहं नो निरयं वजेय्यन्”ति। ",
"pv36:76.1":	"“अज्जेव बुद्धं सरणं उपेहि, ",
"pv36:76.2":	"धम्मञ्च सङ्घञ्च पसन्नचित्तो; ",
"pv36:76.3":	"तथेव सिक्खाय पदानि पञ्च, ",
"pv36:76.4":	"अखण्डफुल्लानि समादियस्सु। ",
"pv36:77.1":	"पाणातिपाता विरमस्सु खिप्पं, ",
"pv36:77.2":	"लोके अदिन्नं परिवज्जयस्सु; ",
"pv36:77.3":	"अमज्जपो मा च मुसा अभाणी, ",
"pv36:77.4":	"सकेन दारेन च होहि तुट्ठो; ",
"pv36:77.5":	"इमञ्च अरियं अट्ठङ्गवरेनुपेतं, ",
"pv36:77.6":	"समादियाहि कुसलं सुखुद्रयं। ",
"pv36:78.1":	"चीवरं पिण्डपातञ्च, ",
"pv36:78.2":	"पच्चयं सयनासनं; ",
"pv36:78.3":	"अन्नं पानं खादनीयं, ",
"pv36:78.4":	"वत्थसेनासनानि च; ",
"pv36:78.5":	"ददाहि उजुभूतेसु, ",
"pv36:78.6":	"विप्पसन्नेन चेतसा। ",
"pv36:79.1":	"भिक्खूपि सीलसम्पन्ने, ",
"pv36:79.2":	"वीतरागे बहुस्सुते; ",
"pv36:79.3":	"तप्पेहि अन्नपानेन, ",
"pv36:79.4":	"सदा पुञ्ञं पवड्ढति। ",
"pv36:80.1":	"एवञ्च धम्मानि समाचरन्तो, ",
"pv36:80.2":	"सक्कच्च रत्तिन्दिवमप्पमत्तो; ",
"pv36:80.3":	"मुञ्च तुवं निरया च तम्हा, ",
"pv36:80.4":	"कम्मं सिया अञ्ञत्र वेदनीयन्”ति। ",
"pv36:81.1":	"“अज्जेव बुद्धं सरणं उपेमि, ",
"pv36:81.2":	"धम्मञ्च सङ्घञ्च पसन्नचित्तो; ",
"pv36:81.3":	"तथेव सिक्खाय पदानि पञ्च, ",
"pv36:81.4":	"अखण्डफुल्लानि समादियामि। ",
"pv36:82.1":	"पाणातिपाता विरमामि खिप्पं, ",
"pv36:82.2":	"लोके अदिन्नं परिवज्जयामि; ",
"pv36:82.3":	"अमज्जपो नो च मुसा भणामि, ",
"pv36:82.4":	"सकेन दारेन च होमि तुट्ठो; ",
"pv36:82.5":	"इमञ्च अरियं अट्ठङ्गवरेनुपेतं, ",
"pv36:82.6":	"समादियामि कुसलं सुखुद्रयं। ",
"pv36:83.1":	"चीवरं पिण्डपातञ्च, ",
"pv36:83.2":	"पच्चयं सयनासनं; ",
"pv36:83.3":	"अन्नं पानं खादनीयं, ",
"pv36:83.4":	"वत्थसेनासनानि च। ",
"pv36:84.1":	"भिक्खू च सीलसम्पन्ने, ",
"pv36:84.2":	"वीतरागे बहुस्सुते; ",
"pv36:84.3":	"ददामि न विकम्पामि, ",
"pv36:84.4":	"बुद्धानं सासने रतो”ति। ",
"pv36:85.1":	"एतादिसो लिच्छवि अम्बसक्करो, ",
"pv36:85.2":	"वेसालियं अञ्ञतरो उपासको; ",
"pv36:85.3":	"सद्धो मुदू कारकरो च भिक्खु, ",
"pv36:85.4":	"सङ्घञ्च सक्कच्च तदा उपट्ठहि। ",
"pv36:86.1":	"सूलावुतो च अरोगो हुत्वा, ",
"pv36:86.2":	"सेरी सुखी पब्बज्जं उपागमि; ",
"pv36:86.3":	"भिक्खुञ्च आगम्म कप्पितकुत्तमं, ",
"pv36:86.4":	"उभोपि सामञ्ञफलानि अज्झगुं। ",
"pv36:87.1":	"एतादिसा सप्पुरिसान सेवना, ",
"pv36:87.2":	"महप्फला होति सतं विजानतं; ",
"pv36:87.3":	"सूलावुतो अग्गफलं अफस्सयि, ",
"pv36:87.4":	"फलं कनिट्ठं पन अम्बसक्करोति। ",
"pv36:88.1":	"अम्बसक्करपेतवत्थु पठमं। "
}	
