{	
"pv3:0.1":	"पेतवत्थु ",
"pv3:0.2":	"उरगवग्ग ",
"pv3:0.3":	"३। पूतिमुखपेतवत्थु ",
"pv3:1.1":	"“दिब्बं सुभं धारेसि वण्णधातुं, ",
"pv3:1.2":	"वेहायसं तिट्ठसि अन्तलिक्खे; ",
"pv3:1.3":	"मुखञ्च ते किमयो पूतिगन्धं, ",
"pv3:1.4":	"खादन्ति किं कम्ममकासि पुब्बे”। ",
"pv3:2.1":	"“समणो अहं पापोतिदुट्ठवाचो, ",
"pv3:2.2":	"तपस्सिरूपो मुखसा असञ्ञतो; ",
"pv3:2.3":	"लद्धा च मे तपसा वण्णधातु, ",
"pv3:2.4":	"मुखञ्च मे पेसुणियेन पूति। ",
"pv3:3.1":	"तयिदं तया नारद सामं दिट्ठं, ",
"pv3:3.2":	"अनुकम्पका ये कुसला वदेय्युं; ",
"pv3:3.3":	"‘मा पेसुणं मा च मुसा अभाणि, ",
"pv3:3.4":	"यक्खो तुवं होहिसि कामकामी’”ति। ",
"pv3:4.1":	"पूतिमुखपेतवत्थु ततियं। "
}	
