{	
"pv51:0.1":	"पेतवत्थु ",
"pv51:0.2":	"महावग्ग ",
"pv51:0.3":	"१६। सट्ठिकूटपेतवत्थु ",
"pv51:1.1":	"“किं नु उम्मत्तरूपोव, ",
"pv51:1.2":	"मिगो भन्तोव धावसि; ",
"pv51:1.3":	"निस्संसयं पापकम्मन्तो, ",
"pv51:1.4":	"किं नु सद्दायसे तुवन्”ति। ",
"pv51:2.1":	"“अहं भदन्ते पेतोम्हि, ",
"pv51:2.2":	"दुग्गतो यमलोकिको; ",
"pv51:2.3":	"पापकम्मं करित्वान, ",
"pv51:2.4":	"पेतलोकं इतो गतो। ",
"pv51:3.1":	"सट्ठि कूटसहस्सानि, ",
"pv51:3.2":	"परिपुण्णानि सब्बसो; ",
"pv51:3.3":	"सीसे मय्हं निपतन्ति, ",
"pv51:3.4":	"ते भिन्दन्ति च मत्थकन्”ति। ",
"pv51:4.1":	"“किं नु कायेन वाचाय, ",
"pv51:4.2":	"मनसा दुक्कटं कतं; ",
"pv51:4.3":	"किस्स कम्मविपाकेन, ",
"pv51:4.4":	"इदं दुक्खं निगच्छसि। ",
"pv51:5.1":	"सट्ठि कूटसहस्सानि, ",
"pv51:5.2":	"परिपुण्णानि सब्बसो; ",
"pv51:5.3":	"सीसे तुय्हं निपतन्ति, ",
"pv51:5.4":	"ते भिन्दन्ति च मत्थकन्”ति। ",
"pv51:6.1":	"“अथद्दसासिं सम्बुद्धं, ",
"pv51:6.2":	"सुनेत्तं भावितिन्द्रियं; ",
"pv51:6.3":	"निसिन्नं रुक्खमूलस्मिं, ",
"pv51:6.4":	"झायन्तं अकुतोभयं। ",
"pv51:7.1":	"सालित्तकप्पहारेन, ",
"pv51:7.2":	"भिन्दिस्सं तस्स मत्थकं; ",
"pv51:7.3":	"तस्स कम्मविपाकेन, ",
"pv51:7.4":	"इदं दुक्खं निगच्छिसं। ",
"pv51:8.1":	"सट्ठि कूटसहस्सानि, ",
"pv51:8.2":	"परिपुण्णानि सब्बसो; ",
"pv51:8.3":	"सीसे मय्हं निपतन्ति, ",
"pv51:8.4":	"ते भिन्दन्ति च मत्थकन्”ति। ",
"pv51:9.1":	"“धम्मेन ते कापुरिस, ",
"pv51:9.2":	"सट्ठिकूटसहस्सानि; ",
"pv51:9.3":	"परिपुण्णानि सब्बसो, ",
"pv51:9.4":	"सीसे तुय्हं निपतन्ति; ",
"pv51:9.5":	"ते भिन्दन्ति च मत्थकन्”ति। ",
"pv51:10.1":	"सट्ठिकूटपेतवत्थु सोळसमं। ",
"pv51:11.1":	"महावग्गो चतुत्थो। ",
"pv51:12.1":	"तस्सुद्दानं ",
"pv51:13.1":	"अम्बसक्करो सेरीसको, ",
"pv51:13.2":	"पिङ्गलो रेवति उच्छु; ",
"pv51:13.3":	"द्वे कुमारा दुवे गूथा, ",
"pv51:13.4":	"गणपाटलिअम्बवनं। ",
"pv51:14.1":	"अक्खरुक्खभोगसंहरा, ",
"pv51:14.2":	"सेट्ठिपुत्तसट्ठिकूटा; ",
"pv51:14.3":	"इति सोळसवत्थूनि, ",
"pv51:14.4":	"वग्गो तेन पवुच्चति। ",
"pv51:15.1":	"अथ वग्गुद्दानं ",
"pv51:16.1":	"उरगो उपरिवग्गो, ",
"pv51:16.2":	"चूळमहाति चतुधा; ",
"pv51:16.3":	"वत्थूनि एकपञ्ञासं, ",
"pv51:16.4":	"चतुधा भाणवारतो। ",
"pv51:17.1":	"पेतवत्थुपाळि निट्ठिता। "
}	
