{	
"pv5:0.1":	"पेतवत्थु ",
"pv5:0.2":	"उरगवग्ग ",
"pv5:0.3":	"५। तिरोकुट्टपेतवत्थु ",
"pv5:1.1":	"“तिरोकुट्टेसु तिट्ठन्ति, ",
"pv5:1.2":	"सन्धिसिङ्घाटकेसु च; ",
"pv5:1.3":	"द्वारबाहासु तिट्ठन्ति, ",
"pv5:1.4":	"आगन्त्वान सकं घरं। ",
"pv5:2.1":	"पहूते अन्नपानम्हि, ",
"pv5:2.2":	"खज्जभोज्जे उपट्ठिते; ",
"pv5:2.3":	"न तेसं कोचि सरति, ",
"pv5:2.4":	"सत्तानं कम्मपच्चया। ",
"pv5:3.1":	"एवं ददन्ति ञातीनं, ",
"pv5:3.2":	"ये होन्ति अनुकम्पका; ",
"pv5:3.3":	"सुचिं पणीतं कालेन, ",
"pv5:3.4":	"कप्पियं पानभोजनं; ",
"pv5:3.5":	"‘इदं वो ञातीनं होतु, ",
"pv5:3.6":	"सुखिता होन्तु ञातयो’। ",
"pv5:4.1":	"ते च तत्थ समागन्त्वा, ",
"pv5:4.2":	"ञातिपेता समागता; ",
"pv5:4.3":	"पहूते अन्नपानम्हि, ",
"pv5:4.4":	"सक्कच्चं अनुमोदरे। ",
"pv5:5.1":	"‘चिरं जीवन्तु नो ञाती, ",
"pv5:5.2":	"येसं हेतु लभामसे; ",
"pv5:5.3":	"अम्हाकञ्च कता पूजा, ",
"pv5:5.4":	"दायका च अनिप्फला’। ",
"pv5:6.1":	"न हि तत्थ कसी अत्थि, ",
"pv5:6.2":	"गोरक्खेत्थ न विज्जति; ",
"pv5:6.3":	"वणिज्जा तादिसी नत्थि, ",
"pv5:6.4":	"हिरञ्ञेन कयाकयं; ",
"pv5:6.5":	"इतो दिन्नेन यापेन्ति, ",
"pv5:6.6":	"पेता कालगता तहिं। ",
"pv5:7.1":	"उन्नमे उदकं वुट्ठं, ",
"pv5:7.2":	"यथा निन्नं पवत्तति; ",
"pv5:7.3":	"एवमेवं इतो दिन्नं, ",
"pv5:7.4":	"पेतानं उपकप्पति। ",
"pv5:8.1":	"यथा वारिवहा पूरा, ",
"pv5:8.2":	"परिपूरेन्ति सागरं; ",
"pv5:8.3":	"एवमेवं इतो दिन्नं, ",
"pv5:8.4":	"पेतानं उपकप्पति। ",
"pv5:9.1":	"‘अदासि मे अकासि मे, ",
"pv5:9.2":	"ञाति मित्ता सखा च मे’; ",
"pv5:9.3":	"पेतानं दक्खिणं दज्जा, ",
"pv5:9.4":	"पुब्बे कतमनुस्सरं। ",
"pv5:10.1":	"न हि रुण्णं वा सोको वा, ",
"pv5:10.2":	"या चञ्ञा परिदेवना; ",
"pv5:10.3":	"न तं पेतानमत्थाय, ",
"pv5:10.4":	"एवं तिट्ठन्ति ञातयो। ",
"pv5:11.1":	"अयञ्च खो दक्खिणा दिन्ना, ",
"pv5:11.2":	"सङ्घम्हि सुप्पतिट्ठिता; ",
"pv5:11.3":	"दीघरत्तं हितायस्स, ",
"pv5:11.4":	"ठानसो उपकप्पति। ",
"pv5:12.1":	"सो ञातिधम्मो च अयं निदस्सितो, ",
"pv5:12.2":	"पेतान पूजा च कता उळारा; ",
"pv5:12.3":	"बलञ्च भिक्खूनमनुप्पदिन्नं, ",
"pv5:12.4":	"तुम्हेहि पुञ्ञं पसुतं अनप्पकन्”ति। ",
"pv5:13.1":	"तिरोकुट्टपेतवत्थु पञ्चमं। "
}	
