{	
"pv6:0.1":	"पेतवत्थु ",
"pv6:0.2":	"उरगवग्ग ",
"pv6:0.3":	"६। पञ्चपुत्तखादपेतिवत्थु ",
"pv6:1.1":	"“नग्गा दुब्बण्णरूपासि, ",
"pv6:1.2":	"दुग्गन्धा पूति वायसि; ",
"pv6:1.3":	"मक्खिकाहि परिकिण्णा, ",
"pv6:1.4":	"का नु त्वं इध तिट्ठसी”ति। ",
"pv6:2.1":	"“अहं भदन्ते पेतीम्हि, ",
"pv6:2.2":	"दुग्गता यमलोकिका; ",
"pv6:2.3":	"पापकम्मं करित्वान, ",
"pv6:2.4":	"पेतलोकं इतो गता। ",
"pv6:3.1":	"कालेन पञ्च पुत्तानि, ",
"pv6:3.2":	"सायं पञ्च पुनापरे; ",
"pv6:3.3":	"विजायित्वान खादामि, ",
"pv6:3.4":	"तेपि ना होन्ति मे अलं। ",
"pv6:4.1":	"परिडय्हति धूमायति, ",
"pv6:4.2":	"खुदाय हदयं मम; ",
"pv6:4.3":	"पानीयं न लभे पातुं, ",
"pv6:4.4":	"पस्स मं ब्यसनं गतन्”ति। ",
"pv6:5.1":	"“किं नु कायेन वाचाय, ",
"pv6:5.2":	"मनसा दुक्कटं कतं; ",
"pv6:5.3":	"किस्स कम्मविपाकेन, ",
"pv6:5.4":	"पुत्तमंसानि खादसी”ति। ",
"pv6:6.1":	"“सपती मे गब्भिनी आसि, ",
"pv6:6.2":	"तस्सा पापं अचेतयिं; ",
"pv6:6.3":	"साहं पदुट्ठमनसा, ",
"pv6:6.4":	"अकरिं गब्भपातनं। ",
"pv6:7.1":	"तस्सा द्वेमासिको गब्भो, ",
"pv6:7.2":	"लोहितञ्ञेव पग्घरि; ",
"pv6:7.3":	"तदस्सा माता कुपिता, ",
"pv6:7.4":	"मय्हं ञाती समानयि; ",
"pv6:7.5":	"सपथञ्च मं कारेसि, ",
"pv6:7.6":	"परिभासापयी च मं। ",
"pv6:8.1":	"साहं घोरञ्च सपथं, ",
"pv6:8.2":	"मुसावादं अभासिसं; ",
"pv6:8.3":	"पुत्तमंसानि खादामि, ",
"pv6:8.4":	"सचे तं पकतं मया। ",
"pv6:9.1":	"तस्स कम्मस्स विपाकेन, ",
"pv6:9.2":	"मुसावादस्स चूभयं; ",
"pv6:9.3":	"पुत्तमंसानि खादामि, ",
"pv6:9.4":	"पुब्बलोहितमक्खिता”ति। ",
"pv6:10.1":	"पञ्चपुत्तखादपेतिवत्थु छट्ठं। "
}	
