{	
"pv8:0.1":	"पेतवत्थु ",
"pv8:0.2":	"उरगवग्ग ",
"pv8:0.3":	"८। गोणपेतवत्थु ",
"pv8:1.1":	"“किं नु उम्मत्तरूपोव, ",
"pv8:1.2":	"लायित्वा हरितं तिणं; ",
"pv8:1.3":	"खाद खादाति लपसि, ",
"pv8:1.4":	"गतसत्तं जरग्गवं। ",
"pv8:2.1":	"न हि अन्नेन पानेन, ",
"pv8:2.2":	"मतो गोणो समुट्ठहे; ",
"pv8:2.3":	"त्वंसि बालो च दुम्मेधो, ",
"pv8:2.4":	"यथा तञ्ञोव दुम्मती”ति। ",
"pv8:3.1":	"“इमे पादा इदं सीसं, ",
"pv8:3.2":	"अयं कायो सवालधि; ",
"pv8:3.3":	"नेत्ता तथेव तिट्ठन्ति, ",
"pv8:3.4":	"अयं गोणो समुट्ठहे। ",
"pv8:4.1":	"नाय्यकस्स हत्थपादा, ",
"pv8:4.2":	"कायो सीसञ्च दिस्सति; ",
"pv8:4.3":	"रुदं मत्तिकथूपस्मिं, ",
"pv8:4.4":	"ननु त्वञ्ञेव दुम्मती”ति। ",
"pv8:5.1":	"“आदित्तं वत मं सन्तं, ",
"pv8:5.2":	"घतसित्तंव पावकं; ",
"pv8:5.3":	"वारिना विय ओसिञ्चं, ",
"pv8:5.4":	"सब्बं निब्बापये दरं। ",
"pv8:6.1":	"अब्बही वत मे सल्लं, ",
"pv8:6.2":	"सोकं हदयनिस्सितं; ",
"pv8:6.3":	"यो मे सोकपरेतस्स, ",
"pv8:6.4":	"पितुसोकं अपानुदि। ",
"pv8:7.1":	"स्वाहं अब्बूळ्हसल्लोस्मि, ",
"pv8:7.2":	"सीतिभूतोस्मि निब्बुतो; ",
"pv8:7.3":	"न सोचामि न रोदामि, ",
"pv8:7.4":	"तव सुत्वान माणव”। ",
"pv8:8.1":	"एवं करोन्ति सप्पञ्ञा, ",
"pv8:8.2":	"ये होन्ति अनुकम्पका; ",
"pv8:8.3":	"विनिवत्तयन्ति सोकम्हा, ",
"pv8:8.4":	"सुजातो पितरं यथाति। ",
"pv8:9.1":	"गोणपेतवत्थु अट्ठमं। "
}	
