{	
"pv9:0.1":	"पेतवत्थु ",
"pv9:0.2":	"उरगवग्ग ",
"pv9:0.3":	"९। महापेसकारपेतिवत्थु ",
"pv9:1.1":	"“गूथञ्च मुत्तं रुहिरञ्च पुब्बं, ",
"pv9:1.2":	"परिभुञ्जति किस्स अयं विपाको; ",
"pv9:1.3":	"अयं नु किं कम्ममकासि नारी, ",
"pv9:1.4":	"या सब्बदा लोहितपुब्बभक्खा। ",
"pv9:2.1":	"नवानि वत्थानि सुभानि चेव, ",
"pv9:2.2":	"मुदूनि सुद्धानि च लोमसानि; ",
"pv9:2.3":	"दिन्नानिमिस्सा कितका भवन्ति, ",
"pv9:2.4":	"अयं नु किं कम्ममकासि नारी”ति। ",
"pv9:3.1":	"“भरिया ममेसा अहू भदन्ते, ",
"pv9:3.2":	"अदायिका मच्छरिनी कदरिया; ",
"pv9:3.3":	"सा मं ददन्तं समणब्राह्मणानं, ",
"pv9:3.4":	"अक्कोसति च परिभासति च। ",
"pv9:4.1":	"‘गूथञ्च मुत्तं रुहिरञ्च पुब्बं, ",
"pv9:4.2":	"परिभुञ्ज त्वं असुचिं सब्बकालं; ",
"pv9:4.3":	"एतं ते परलोकस्मिं होतु, ",
"pv9:4.4":	"वत्था च ते कितकसमा भवन्तु’; ",
"pv9:4.5":	"एतादिसं दुच्चरितं चरित्वा, ",
"pv9:4.6":	"इधागता चिररत्ताय खादती”ति। ",
"pv9:5.1":	"महापेसकारपेतिवत्थु नवमं। "
}	
