{	
"tha-ap244:0.1":	"थेरापदान ",
"tha-ap244:0.2":	"तुवरदायकवग्ग ",
"tha-ap244:0.3":	"नागकेसरियत्थेरअपदान ",
"tha-ap244:1.1":	"“धनुं अद्वेज्झं कत्वान, ",
"tha-ap244:1.2":	"वनमज्झोगहिं अहं; ",
"tha-ap244:1.3":	"केसरं ओगतं दिस्वा, ",
"tha-ap244:1.4":	"पतपत्तं समुट्ठितं। ",
"tha-ap244:2.1":	"उभो हत्थेहि पग्गय्ह, ",
"tha-ap244:2.2":	"सिरे कत्वान अञ्जलिं; ",
"tha-ap244:2.3":	"बुद्धस्स अभिरोपेसिं, ",
"tha-ap244:2.4":	"तिस्सस्स लोकबन्धुनो। ",
"tha-ap244:3.1":	"द्वेनवुते इतो कप्पे, ",
"tha-ap244:3.2":	"यं पुप्फमभिपूजयिं; ",
"tha-ap244:3.3":	"दुग्गतिं नाभिजानामि, ",
"tha-ap244:3.4":	"बुद्धपूजायिदं फलं। ",
"tha-ap244:4.1":	"तेसत्ततिम्हि कप्पम्हि, ",
"tha-ap244:4.2":	"सत्त केसरनामका; ",
"tha-ap244:4.3":	"सत्तरतनसम्पन्ना, ",
"tha-ap244:4.4":	"चक्कवत्ती महब्बला। ",
"tha-ap244:5.1":	"पटिसम्भिदा चतस्सो, ",
"tha-ap244:5.2":	"…पे… ",
"tha-ap244:5.3":	"कतं बुद्धस्स सासनं”। ",
"tha-ap244:6.1":	"इत्थं सुदं आयस्मा नागकेसरियो थेरो इमा गाथायो अभासित्थाति। ",
"tha-ap244:7.1":	"नागकेसरियत्थेरस्सापदानं दुतियं। "
}	
