{	
"tha-ap142:0.1":	"थेरापदान ",
"tha-ap142:0.2":	"सोभितवग्ग ",
"tha-ap142:0.3":	"१० पियालफलदायकत्थेरअपदान ",
"tha-ap142:1.1":	"“पारावतो तदा आसिं, ",
"tha-ap142:1.2":	"परं अनुपरोधको; ",
"tha-ap142:1.3":	"पब्भारे सेय्यं कप्पेमि, ",
"tha-ap142:1.4":	"अविदूरे सिखिसत्थुनो। ",
"tha-ap142:2.1":	"सायं पातञ्च पस्सामि, ",
"tha-ap142:2.2":	"बुद्धं लोकग्गनायकं; ",
"tha-ap142:2.3":	"देय्यधम्मो च मे नत्थि, ",
"tha-ap142:2.4":	"द्विपदिन्दस्स तादिनो। ",
"tha-ap142:3.1":	"पियालफलमादाय, ",
"tha-ap142:3.2":	"अगमं बुद्धसन्तिकं; ",
"tha-ap142:3.3":	"पटिग्गहेसि भगवा, ",
"tha-ap142:3.4":	"लोकजेट्ठो नरासभो। ",
"tha-ap142:4.1":	"ततो परं उपादाय, ",
"tha-ap142:4.2":	"परिचारिं विनायकं; ",
"tha-ap142:4.3":	"तेन चित्तप्पसादेन, ",
"tha-ap142:4.4":	"तत्थ कालङ्कतो अहं। ",
"tha-ap142:5.1":	"एकत्तिंसे इतो कप्पे, ",
"tha-ap142:5.2":	"यं फलं अददिं अहं; ",
"tha-ap142:5.3":	"दुग्गतिं नाभिजानामि, ",
"tha-ap142:5.4":	"फलदानस्सिदं फलं। ",
"tha-ap142:6.1":	"इतो पन्नरसे कप्पे, ",
"tha-ap142:6.2":	"तयो आसुं पियालिनो; ",
"tha-ap142:6.3":	"सत्तरतनसम्पन्ना, ",
"tha-ap142:6.4":	"चक्कवत्ती महब्बला। ",
"tha-ap142:7.1":	"पटिसम्भिदा चतस्सो, ",
"tha-ap142:7.2":	"…पे… ",
"tha-ap142:7.3":	"कतं बुद्धस्स सासनं”। ",
"tha-ap142:8.1":	"इत्थं सुदं आयस्मा पियालफलदायको थेरो इमा गाथायो अभासित्थाति। ",
"tha-ap142:9.1":	"पियालफलदायकत्थेरस्सापदानं दसमं। ",
"tha-ap142:10.1":	"सोभितवग्गो चुद्दसमो। ",
"tha-ap142:11.1":	"तस्सुद्दानं ",
"tha-ap142:12.1":	"सोभितसुदस्सनो च, ",
"tha-ap142:12.2":	"चन्दनो पुप्फछदनो; ",
"tha-ap142:12.3":	"रहो चम्पकपुप्फी च, ",
"tha-ap142:12.4":	"अत्थसन्दस्सकेन च। ",
"tha-ap142:13.1":	"एकपसादी सालददो, ",
"tha-ap142:13.2":	"दसमो फलदायको; ",
"tha-ap142:13.3":	"गाथायो सत्तति द्वे च, ",
"tha-ap142:13.4":	"गणितायो विभाविभि। "
}	
