{	
"tha-ap144:0.1":	"थेरापदान ",
"tha-ap144:0.2":	"छत्तवग्ग ",
"tha-ap144:0.3":	"थम्भारोपकत्थेरअपदान ",
"tha-ap144:1.1":	"“निब्बुते लोकनाथम्हि, ",
"tha-ap144:1.2":	"धम्मदस्सीनरासभे; ",
"tha-ap144:1.3":	"आरोपेसिं धजत्थम्भं, ",
"tha-ap144:1.4":	"बुद्धसेट्ठस्स चेतिये। ",
"tha-ap144:2.1":	"निस्सेणिं मापयित्वान, ",
"tha-ap144:2.2":	"थूपसेट्ठं समारुहिं; ",
"tha-ap144:2.3":	"जातिपुप्फं गहेत्वान, ",
"tha-ap144:2.4":	"थूपम्हि अभिरोपयिं। ",
"tha-ap144:3.1":	"अहो बुद्धा अहो धम्मा, ",
"tha-ap144:3.2":	"अहो नो सत्थु सम्पदा; ",
"tha-ap144:3.3":	"दुग्गतिं नाभिजानामि, ",
"tha-ap144:3.4":	"थूपपूजायिदं फलं। ",
"tha-ap144:4.1":	"चतुन्नवुतितो कप्पे, ",
"tha-ap144:4.2":	"थूपसीखसनामका; ",
"tha-ap144:4.3":	"सोळसासिंसु राजानो, ",
"tha-ap144:4.4":	"चक्कवत्ती महब्बला। ",
"tha-ap144:5.1":	"पटिसम्भिदा चतस्सो, ",
"tha-ap144:5.2":	"…पे… ",
"tha-ap144:5.3":	"कतं बुद्धस्स सासनं”। ",
"tha-ap144:6.1":	"इत्थं सुदं आयस्मा थम्भारोपको थेरो इमा गाथायो अभासित्थाति। ",
"tha-ap144:7.1":	"थम्भारोपकत्थेरस्सापदानं दुतियं। "
}	
