{	
"tha-ap294:0.1":	"थेरापदान ",
"tha-ap294:0.2":	"चितकपूजकवग्ग ",
"tha-ap294:0.3":	"पुप्फधारकत्थेरअपदान ",
"tha-ap294:1.1":	"“वाकचीरधरो आसिं, ",
"tha-ap294:1.2":	"अजिनुत्तरवासनो; ",
"tha-ap294:1.3":	"अभिञ्ञा पञ्च निब्बत्ता, ",
"tha-ap294:1.4":	"चन्दस्स परिमज्जको। ",
"tha-ap294:2.1":	"विपस्सिं लोकपज्जोतं, ",
"tha-ap294:2.2":	"दिस्वा अभिगतं ममं; ",
"tha-ap294:2.3":	"पारिच्छत्तकपुप्फानि, ",
"tha-ap294:2.4":	"धारेसिं सत्थुनो अहं। ",
"tha-ap294:3.1":	"एकनवुतितो कप्पे, ",
"tha-ap294:3.2":	"यं पुप्फमभिपूजयिं; ",
"tha-ap294:3.3":	"दुग्गतिं नाभिजानामि, ",
"tha-ap294:3.4":	"धारणाय इदं फलं। ",
"tha-ap294:4.1":	"सत्तासीतिम्हितो कप्पे, ",
"tha-ap294:4.2":	"एको आसिं महीपति; ",
"tha-ap294:4.3":	"समन्तधारणो नाम, ",
"tha-ap294:4.4":	"चक्कवत्ती महब्बलो। ",
"tha-ap294:5.1":	"पटिसम्भिदा चतस्सो, ",
"tha-ap294:5.2":	"…पे… ",
"tha-ap294:5.3":	"कतं बुद्धस्स सासनं”। ",
"tha-ap294:6.1":	"इत्थं सुदं आयस्मा पुप्फधारको थेरो इमा गाथायो अभासित्थाति। ",
"tha-ap294:7.1":	"पुप्फधारकत्थेरस्सापदानं दुतियं। "
}	
