{	
"tha-ap165:0.1":	"थेरापदान ",
"tha-ap165:0.2":	"सुपारिचरियवग्ग ",
"tha-ap165:0.3":	"खज्जकदायकत्थेरअपदान ",
"tha-ap165:1.1":	"“तिस्सस्स खो भगवतो, ",
"tha-ap165:1.2":	"पुब्बे फलमदासहं; ",
"tha-ap165:1.3":	"नाळिकेरञ्च पादासिं, ",
"tha-ap165:1.4":	"खज्जकं अभिसम्मतं। ",
"tha-ap165:2.1":	"बुद्धस्स तमहं दत्वा, ",
"tha-ap165:2.2":	"तिस्सस्स तु महेसिनो; ",
"tha-ap165:2.3":	"मोदामहं कामकामी, ",
"tha-ap165:2.4":	"उपपज्जिं यमिच्छकं। ",
"tha-ap165:3.1":	"द्वेनवुते इतो कप्पे, ",
"tha-ap165:3.2":	"यं दानमददिं तदा; ",
"tha-ap165:3.3":	"दुग्गतिं नाभिजानामि, ",
"tha-ap165:3.4":	"फलदानस्सिदं फलं। ",
"tha-ap165:4.1":	"इतो तेरसकप्पम्हि, ",
"tha-ap165:4.2":	"राजा इन्दसमो अहु; ",
"tha-ap165:4.3":	"सत्तरतनसम्पन्नो, ",
"tha-ap165:4.4":	"चक्कवत्ती महब्बलो। ",
"tha-ap165:5.1":	"पटिसम्भिदा चतस्सो, ",
"tha-ap165:5.2":	"…पे… ",
"tha-ap165:5.3":	"कतं बुद्धस्स सासनं”। ",
"tha-ap165:6.1":	"इत्थं सुदं आयस्मा खज्जकदायको थेरो इमा गाथायो अभासित्थाति। ",
"tha-ap165:7.1":	"खज्जकदायकत्थेरस्सापदानं ततियं। "
}	
