{	
"tha-ap206:0.1":	"थेरापदान ",
"tha-ap206:0.2":	"कणिकारपुप्फियवग्ग ",
"tha-ap206:0.3":	"तरणियत्थेरअपदान ",
"tha-ap206:1.1":	"“अत्थदस्सी तु भगवा, ",
"tha-ap206:1.2":	"द्विपदिन्दो नरासभो; ",
"tha-ap206:1.3":	"पुरक्खतो सावकेहि, ",
"tha-ap206:1.4":	"गङ्गातीरमुपागमि। ",
"tha-ap206:2.1":	"समतित्ति काकपेय्या, ",
"tha-ap206:2.2":	"गङ्गा आसि दुरुत्तरा; ",
"tha-ap206:2.3":	"उत्तारयिं भिक्खुसङ्घं, ",
"tha-ap206:2.4":	"बुद्धञ्च द्विपदुत्तमं। ",
"tha-ap206:3.1":	"अट्ठारसे कप्पसते, ",
"tha-ap206:3.2":	"यं कम्ममकरिं तदा; ",
"tha-ap206:3.3":	"दुग्गतिं नाभिजानामि, ",
"tha-ap206:3.4":	"तरणाय इदं फलं। ",
"tha-ap206:4.1":	"तेरसेतो कप्पसते, ",
"tha-ap206:4.2":	"पञ्च सब्बोभवा अहुं; ",
"tha-ap206:4.3":	"सत्तरतनसम्पन्ना, ",
"tha-ap206:4.4":	"चक्कवत्ती महब्बला। ",
"tha-ap206:5.1":	"पच्छिमे च भवे अस्मिं, ",
"tha-ap206:5.2":	"जातोहं ब्राह्मणे कुले; ",
"tha-ap206:5.3":	"सद्धिं तीहि सहायेहि, ",
"tha-ap206:5.4":	"पब्बजिं सत्थु सासने। ",
"tha-ap206:6.1":	"पटिसम्भिदा चतस्सो, ",
"tha-ap206:6.2":	"…पे… ",
"tha-ap206:6.3":	"कतं बुद्धस्स सासनं”। ",
"tha-ap206:7.1":	"इत्थं सुदं आयस्मा तरणियो थेरो इमा गाथायो अभासित्थाति। ",
"tha-ap206:8.1":	"तरणियत्थेरस्सापदानं चतुत्थं। "
}	
