{	
"tha-ap267:0.1":	"थेरापदान ",
"tha-ap267:0.2":	"पदुमुक्खिपवग्ग ",
"tha-ap267:0.3":	"बिळालिदायकत्थेरअपदान ",
"tha-ap267:1.1":	"“हिमवन्तस्साविदूरे, ",
"tha-ap267:1.2":	"रोमसो नाम पब्बतो; ",
"tha-ap267:1.3":	"तम्हि पब्बतपादम्हि, ",
"tha-ap267:1.4":	"समणो भावितिन्द्रियो। ",
"tha-ap267:2.1":	"बिळालियो गहेत्वान, ",
"tha-ap267:2.2":	"समणस्स अदासहं; ",
"tha-ap267:2.3":	"अनुमोदि महावीरो, ",
"tha-ap267:2.4":	"सयम्भू अपराजितो। ",
"tha-ap267:3.1":	"बिळाली ते मम दिन्ना, ",
"tha-ap267:3.2":	"विप्पसन्नेन चेतसा; ",
"tha-ap267:3.3":	"भवे निब्बत्तमानम्हि, ",
"tha-ap267:3.4":	"फलं निब्बत्ततं तव। ",
"tha-ap267:4.1":	"चतुन्नवुतितो कप्पे, ",
"tha-ap267:4.2":	"यं बिळालिमदासहं; ",
"tha-ap267:4.3":	"दुग्गतिं नाभिजानामि, ",
"tha-ap267:4.4":	"बिळालिया इदं फलं। ",
"tha-ap267:5.1":	"पटिसम्भिदा चतस्सो, ",
"tha-ap267:5.2":	"…पे… ",
"tha-ap267:5.3":	"कतं बुद्धस्स सासनं”। ",
"tha-ap267:6.1":	"इत्थं सुदं आयस्मा बिळालिदायको थेरो इमा गाथायो अभासित्थाति। ",
"tha-ap267:7.1":	"बिळालिदायकत्थेरस्सापदानं पञ्चमं। "
}	
