{	
"tha-ap241:0.1":	"थेरापदान ",
"tha-ap241:0.2":	"उदकासनवग्ग ",
"tha-ap241:0.3":	"जगतिकारकत्थेरअपदान ",
"tha-ap241:1.1":	"“निब्बुते लोकनाथम्हि, ",
"tha-ap241:1.2":	"अत्थदस्सि नरुत्तमे; ",
"tha-ap241:1.3":	"जगती कारिता मय्हं, ",
"tha-ap241:1.4":	"बुद्धस्स थूपमुत्तमे। ",
"tha-ap241:2.1":	"अट्ठारसे कप्पसते, ",
"tha-ap241:2.2":	"यं कम्ममकरिं तदा; ",
"tha-ap241:2.3":	"दुग्गतिं नाभिजानामि, ",
"tha-ap241:2.4":	"जगतिया इदं फलं। ",
"tha-ap241:3.1":	"पटिसम्भिदा चतस्सो, ",
"tha-ap241:3.2":	"…पे… ",
"tha-ap241:3.3":	"कतं बुद्धस्स सासनं”। ",
"tha-ap241:4.1":	"इत्थं सुदं आयस्मा जगतिकारको थेरो इमा गाथायो अभासित्थाति। ",
"tha-ap241:5.1":	"जगतिकारकत्थेरस्सापदानं नवमं। "
}	
