{	
"tha-ap15:0.1":	"थेरापदान ",
"tha-ap15:0.2":	"सीहासनियवग्ग ",
"tha-ap15:0.3":	"नन्दत्थेरअपदान ",
"tha-ap15:1.1":	"“पदुमुत्तरस्स भगवतो, ",
"tha-ap15:1.2":	"लोकजेट्ठस्स तादिनो; ",
"tha-ap15:1.3":	"वत्थं खोमं मया दिन्नं, ",
"tha-ap15:1.4":	"सयम्भुस्स महेसिनो। ",
"tha-ap15:2.1":	"तं मे बुद्धो वियाकासि, ",
"tha-ap15:2.2":	"जलजुत्तरनामको; ",
"tha-ap15:2.3":	"‘इमिना वत्थदानेन, ",
"tha-ap15:2.4":	"हेमवण्णो भविस्ससि। ",
"tha-ap15:3.1":	"द्वे सम्पत्ती अनुभोत्वा, ",
"tha-ap15:3.2":	"कुसलमूलेहि चोदितो; ",
"tha-ap15:3.3":	"गोतमस्स भगवतो, ",
"tha-ap15:3.4":	"कनिट्ठो त्वं भविस्ससि। ",
"tha-ap15:4.1":	"रागरत्तो सुखसीलो, ",
"tha-ap15:4.2":	"कामेसु गेधमायुतो; ",
"tha-ap15:4.3":	"बुद्धेन चोदितो सन्तो, ",
"tha-ap15:4.4":	"तदा त्वं पब्बजिस्ससि। ",
"tha-ap15:5.1":	"पब्बजित्वान त्वं तत्थ, ",
"tha-ap15:5.2":	"कुसलमूलेन चोदितो; ",
"tha-ap15:5.3":	"सब्बासवे परिञ्ञाय, ",
"tha-ap15:5.4":	"निब्बायिस्ससिनासवो’। ",
"tha-ap15:6.1":	"सत्त कप्पसहस्सम्हि, ",
"tha-ap15:6.2":	"चतुरो चेळनामका; ",
"tha-ap15:6.3":	"सट्ठि कप्पसहस्सम्हि, ",
"tha-ap15:6.4":	"उपचेला चतुज्जना। ",
"tha-ap15:7.1":	"पञ्च कप्पसहस्सम्हि, ",
"tha-ap15:7.2":	"चेळाव चतुरो जना; ",
"tha-ap15:7.3":	"सत्तरतनसम्पन्ना, ",
"tha-ap15:7.4":	"चतुदीपम्हि इस्सरा। ",
"tha-ap15:8.1":	"पटिसम्भिदा चतस्सो, ",
"tha-ap15:8.2":	"विमोक्खापि च अट्ठिमे; ",
"tha-ap15:8.3":	"छळभिञ्ञा सच्छिकता, ",
"tha-ap15:8.4":	"कतं बुद्धस्स सासनं”। ",
"tha-ap15:9.1":	"इत्थं सुदं आयस्मा नन्दो थेरो इमा गाथायो अभासित्थाति। ",
"tha-ap15:10.1":	"नन्दत्थेरस्सापदानं ततियं। "
}	
