{	
"tha-ap230:0.1":	"थेरापदान ",
"tha-ap230:0.2":	"आलम्बणदायकवग्ग ",
"tha-ap230:0.3":	"मिञ्जवटंसकियत्थेरअपदान ",
"tha-ap230:1.1":	"“निब्बुते लोकनाथम्हि, ",
"tha-ap230:1.2":	"सिखिम्हि वदतं वरे; ",
"tha-ap230:1.3":	"वटंसकेहि आकिण्णं, ",
"tha-ap230:1.4":	"बोधिपूजं अकासहं। ",
"tha-ap230:2.1":	"एकत्तिंसे इतो कप्पे, ",
"tha-ap230:2.2":	"यं पूजमकरिं तदा; ",
"tha-ap230:2.3":	"दुग्गतिं नाभिजानामि, ",
"tha-ap230:2.4":	"बोधिपूजायिदं फलं। ",
"tha-ap230:3.1":	"इतो छब्बीसतिकप्पे, ",
"tha-ap230:3.2":	"अहुं मेघब्भनामको; ",
"tha-ap230:3.3":	"सत्तरतनसम्पन्नो, ",
"tha-ap230:3.4":	"चक्कवत्ती महब्बलो। ",
"tha-ap230:4.1":	"पटिसम्भिदा चतस्सो, ",
"tha-ap230:4.2":	"…पे… ",
"tha-ap230:4.3":	"कतं बुद्धस्स सासनं”। ",
"tha-ap230:5.1":	"इत्थं सुदं आयस्मा मिञ्जवटंसकियो थेरो इमा गाथायो अभासित्थाति। ",
"tha-ap230:6.1":	"मिञ्जवटंसकियत्थेरस्सापदानं अट्ठमं। "
}	
