{	
"tha-ap27:0.1":	"थेरापदान ",
"tha-ap27:0.2":	"सुभूतिवग्ग ",
"tha-ap27:0.3":	"अन्नसंसावकत्थेरअपदान ",
"tha-ap27:1.1":	"“सुवण्णवण्णं सम्बुद्धं, ",
"tha-ap27:1.2":	"गच्छन्तं अन्तरापणे; ",
"tha-ap27:1.3":	"कञ्चनग्घियसङ्कासं, ",
"tha-ap27:1.4":	"बात्तिंसवरलक्खणं। ",
"tha-ap27:2.1":	"सिद्धत्थं लोकपज्जोतं, ",
"tha-ap27:2.2":	"अप्पमेय्यं अनोपमं; ",
"tha-ap27:2.3":	"अलत्थं परमं पीतिं, ",
"tha-ap27:2.4":	"दिस्वा दन्तं जुतिन्धरं। ",
"tha-ap27:3.1":	"सम्बुद्धं अभिनामेत्वा, ",
"tha-ap27:3.2":	"भोजयिं तं महामुनिं; ",
"tha-ap27:3.3":	"महाकारुणिको लोके, ",
"tha-ap27:3.4":	"अनुमोदि ममं तदा। ",
"tha-ap27:4.1":	"तस्मिं महाकारुणिके, ",
"tha-ap27:4.2":	"परमस्सासकारके; ",
"tha-ap27:4.3":	"बुद्धे चित्तं पसादेत्वा, ",
"tha-ap27:4.4":	"कप्पं सग्गम्हि मोदहं। ",
"tha-ap27:5.1":	"चतुन्नवुतितो कप्पे, ",
"tha-ap27:5.2":	"यं दानमददिं तदा; ",
"tha-ap27:5.3":	"दुग्गतिं नाभिजानामि, ",
"tha-ap27:5.4":	"भिक्खादानस्सिदं फलं। ",
"tha-ap27:6.1":	"पटिसम्भिदा चतस्सो, ",
"tha-ap27:6.2":	"विमोक्खापि च अट्ठिमे; ",
"tha-ap27:6.3":	"छळभिञ्ञा सच्छिकता, ",
"tha-ap27:6.4":	"कतं बुद्धस्स सासनं”। ",
"tha-ap27:7.1":	"इत्थं सुदं आयस्मा अन्नसंसावको थेरो इमा गाथायो अभासित्थाति। ",
"tha-ap27:8.1":	"अन्नसंसावकत्थेरस्सापदानं पञ्चमं। "
}	
