{	
"tha-ap117:0.1":	"थेरापदान ",
"tha-ap117:0.2":	"महापरिवारवग्ग ",
"tha-ap117:0.3":	"सुवण्णपुप्फियत्थेरअपदान ",
"tha-ap117:1.1":	"“विपस्सी नाम भगवा, ",
"tha-ap117:1.2":	"लोकजेट्ठो नरासभो; ",
"tha-ap117:1.3":	"निसिन्नो जनकायस्स, ",
"tha-ap117:1.4":	"देसेसि अमतं पदं। ",
"tha-ap117:2.1":	"तस्साहं धम्मं सुत्वान, ",
"tha-ap117:2.2":	"द्विपदिन्दस्स तादिनो; ",
"tha-ap117:2.3":	"सोण्णपुप्फानि चत्तारि, ",
"tha-ap117:2.4":	"बुद्धस्स अभिरोपयिं। ",
"tha-ap117:3.1":	"सुवण्णच्छदनं आसि, ",
"tha-ap117:3.2":	"यावता परिसा तदा; ",
"tha-ap117:3.3":	"बुद्धाभा च सुवण्णाभा, ",
"tha-ap117:3.4":	"आलोको विपुलो अहु। ",
"tha-ap117:4.1":	"उदग्गचित्तो सुमनो, ",
"tha-ap117:4.2":	"वेदजातो कतञ्जली; ",
"tha-ap117:4.3":	"वित्तिसञ्जननो तेसं, ",
"tha-ap117:4.4":	"दिट्ठधम्मसुखावहो। ",
"tha-ap117:5.1":	"आयाचित्वान सम्बुद्धं, ",
"tha-ap117:5.2":	"वन्दित्वान च सुब्बतं; ",
"tha-ap117:5.3":	"पामोज्जं जनयित्वान, ",
"tha-ap117:5.4":	"सकं भवनुपागमिं। ",
"tha-ap117:6.1":	"भवने उपविट्ठोहं, ",
"tha-ap117:6.2":	"बुद्धसेट्ठं अनुस्सरिं; ",
"tha-ap117:6.3":	"तेन चित्तप्पसादेन, ",
"tha-ap117:6.4":	"तुसितं उपपज्जहं। ",
"tha-ap117:7.1":	"एकनवुतितो कप्पे, ",
"tha-ap117:7.2":	"यं पुप्फमभिरोपयिं; ",
"tha-ap117:7.3":	"दुग्गतिं नाभिजानामि, ",
"tha-ap117:7.4":	"बुद्धपूजायिदं फलं। ",
"tha-ap117:8.1":	"सोळसासिंसु राजानो, ",
"tha-ap117:8.2":	"नेमिसम्मतनामका; ",
"tha-ap117:8.3":	"तेतालीसे इतो कप्पे, ",
"tha-ap117:8.4":	"चक्कवत्ती महब्बला। ",
"tha-ap117:9.1":	"पटिसम्भिदा चतस्सो, ",
"tha-ap117:9.2":	"…पे… ",
"tha-ap117:9.3":	"कतं बुद्धस्स सासनं”। ",
"tha-ap117:10.1":	"इत्थं सुदं आयस्मा सुवण्णपुप्फियो थेरो इमा गाथायो अभासित्थाति। ",
"tha-ap117:11.1":	"सुवण्णपुप्फियत्थेरस्सापदानं पञ्चमं। "
}	
