{	
"tha-ap299:0.1":	"थेरापदान ",
"tha-ap299:0.2":	"चितकपूजकवग्ग ",
"tha-ap299:0.3":	"७ देसकित्तकत्थेरअपदान ",
"tha-ap299:1.1":	"“उपसालकनामोहं, ",
"tha-ap299:1.2":	"अहोसिं ब्राह्मणो तदा; ",
"tha-ap299:1.3":	"काननं वनमोगाळ्हं, ",
"tha-ap299:1.4":	"लोकजेट्ठं नरासभं। ",
"tha-ap299:2.1":	"दिस्वान वन्दिं पादेसु, ",
"tha-ap299:2.2":	"लोकाहुतिपटिग्गहं; ",
"tha-ap299:2.3":	"पसन्नचित्तं मं ञत्वा, ",
"tha-ap299:2.4":	"बुद्धो अन्तरधायथ। ",
"tha-ap299:3.1":	"कानना अभिनिक्खम्म, ",
"tha-ap299:3.2":	"बुद्धसेट्ठमनुस्सरिं; ",
"tha-ap299:3.3":	"तं देसं कित्तयित्वान, ",
"tha-ap299:3.4":	"कप्पं सग्गम्हि मोदहं। ",
"tha-ap299:4.1":	"द्वेनवुते इतो कप्पे, ",
"tha-ap299:4.2":	"यं देसमभिकित्तयिं; ",
"tha-ap299:4.3":	"दुग्गतिं नाभिजानामि, ",
"tha-ap299:4.4":	"कित्तनाय इदं फलं। ",
"tha-ap299:5.1":	"पटिसम्भिदा चतस्सो, ",
"tha-ap299:5.2":	"…पे… ",
"tha-ap299:5.3":	"कतं बुद्धस्स सासनं”। ",
"tha-ap299:6.1":	"इत्थं सुदं आयस्मा देसकित्तको थेरो इमा गाथायो अभासित्थाति। ",
"tha-ap299:7.1":	"देसकित्तकत्थेरस्सापदानं सत्तमं। "
}	
