{	
"tha-ap295:0.1":	"थेरापदान ",
"tha-ap295:0.2":	"चितकपूजकवग्ग ",
"tha-ap295:0.3":	"छत्तदायकत्थेरअपदान ",
"tha-ap295:1.1":	"“पुत्तो मम पब्बजितो, ",
"tha-ap295:1.2":	"कासायवसनो तदा; ",
"tha-ap295:1.3":	"सो च बुद्धत्तं सम्पत्तो, ",
"tha-ap295:1.4":	"निब्बुतो लोकपूजितो। ",
"tha-ap295:2.1":	"विचिनन्तो सकं पुत्तं, ",
"tha-ap295:2.2":	"अगमं पच्छतो अहं; ",
"tha-ap295:2.3":	"निब्बुतस्स महन्तस्स, ",
"tha-ap295:2.4":	"चितकं अगमासहं। ",
"tha-ap295:3.1":	"पग्गय्ह अञ्जलिं तत्थ, ",
"tha-ap295:3.2":	"वन्दित्वा चितकं अहं; ",
"tha-ap295:3.3":	"सेतच्छत्तञ्च पग्गय्ह, ",
"tha-ap295:3.4":	"आरोपेसिं अहं तदा। ",
"tha-ap295:4.1":	"चतुन्नवुतितो कप्पे, ",
"tha-ap295:4.2":	"यं छत्तमभिरोपयिं; ",
"tha-ap295:4.3":	"दुग्गतिं नाभिजानामि, ",
"tha-ap295:4.4":	"छत्तदानस्सिदं फलं। ",
"tha-ap295:5.1":	"पञ्चवीसे इतो कप्पे, ",
"tha-ap295:5.2":	"सत्त आसुं जनाधिपा; ",
"tha-ap295:5.3":	"महारहसनामा ते, ",
"tha-ap295:5.4":	"चक्कवत्ती महब्बला। ",
"tha-ap295:6.1":	"पटिसम्भिदा चतस्सो, ",
"tha-ap295:6.2":	"…पे… ",
"tha-ap295:6.3":	"कतं बुद्धस्स सासनं”। ",
"tha-ap295:7.1":	"इत्थं सुदं आयस्मा छत्तदायको थेरो इमा गाथायो अभासित्थाति। ",
"tha-ap295:8.1":	"छत्तदायकत्थेरस्सापदानं ततियं। "
}	
