{	
"tha-ap137:0.1":	"थेरापदान ",
"tha-ap137:0.2":	"सोभितवग्ग ",
"tha-ap137:0.3":	"५ रहोसञ्ञकत्थेरअपदान ",
"tha-ap137:1.1":	"“हिमवन्तस्साविदूरे, ",
"tha-ap137:1.2":	"वसभो नाम पब्बतो; ",
"tha-ap137:1.3":	"तस्मिं पब्बतपादम्हि, ",
"tha-ap137:1.4":	"अस्समो आसि मापितो। ",
"tha-ap137:2.1":	"तीणि सिस्ससहस्सानि, ",
"tha-ap137:2.2":	"वाचेसिं ब्राह्मणो तदा; ",
"tha-ap137:2.3":	"संहरित्वान ते सिस्से, ",
"tha-ap137:2.4":	"एकमन्तं उपाविसिं। ",
"tha-ap137:3.1":	"एकमन्तं निसीदित्वा, ",
"tha-ap137:3.2":	"ब्राह्मणो मन्तपारगू; ",
"tha-ap137:3.3":	"बुद्धवेदं गवेसन्तो, ",
"tha-ap137:3.4":	"ञाणे चित्तं पसादयिं। ",
"tha-ap137:4.1":	"तत्थ चित्तं पसादेत्वा, ",
"tha-ap137:4.2":	"निसीदिं पण्णसन्थरे; ",
"tha-ap137:4.3":	"पल्लङ्कं आभुजित्वान, ",
"tha-ap137:4.4":	"तत्थ कालङ्कतो अहं। ",
"tha-ap137:5.1":	"एकत्तिंसे इतो कप्पे, ",
"tha-ap137:5.2":	"यं सञ्ञमलभिं तदा; ",
"tha-ap137:5.3":	"दुग्गतिं नाभिजानामि, ",
"tha-ap137:5.4":	"ञाणसञ्ञायिदं फलं। ",
"tha-ap137:6.1":	"सत्तवीसतिकप्पम्हि, ",
"tha-ap137:6.2":	"राजा सिरिधरो अहु; ",
"tha-ap137:6.3":	"सत्तरतनसम्पन्नो, ",
"tha-ap137:6.4":	"चक्कवत्ती महब्बलो। ",
"tha-ap137:7.1":	"पटिसम्भिदा चतस्सो, ",
"tha-ap137:7.2":	"…पे… ",
"tha-ap137:7.3":	"कतं बुद्धस्स सासनं”। ",
"tha-ap137:8.1":	"इत्थं सुदं आयस्मा रहोसञ्ञको थेरो इमा गाथायो अभासित्थाति। ",
"tha-ap137:9.1":	"रहोसञ्ञकत्थेरस्सापदानं पञ्चमं। "
}	
