{	
"tha-ap194:0.1":	"थेरापदान ",
"tha-ap194:0.2":	"तमालपुप्फियवग्ग ",
"tha-ap194:0.3":	"२ तिणसन्थारकत्थेरअपदान ",
"tha-ap194:1.1":	"“यं दायवासिको इसि, ",
"tha-ap194:1.2":	"तिणं लायति सत्थुनो; ",
"tha-ap194:1.3":	"सब्बे पदक्खिणावट्टा, ",
"tha-ap194:1.4":	"पथब्या निपतिंसु ते। ",
"tha-ap194:2.1":	"तमहं तिणमादाय, ",
"tha-ap194:2.2":	"सन्थरिं धरणुत्तमे; ",
"tha-ap194:2.3":	"तीणेव तालपत्तानि, ",
"tha-ap194:2.4":	"आहरित्वानहं तदा। ",
"tha-ap194:3.1":	"तिणेन छदनं कत्वा, ",
"tha-ap194:3.2":	"सिद्धत्थस्स अदासहं; ",
"tha-ap194:3.3":	"सत्ताहं धारयुं तस्स, ",
"tha-ap194:3.4":	"देवमानुससत्थुनो। ",
"tha-ap194:4.1":	"चतुन्नवुतितो कप्पे, ",
"tha-ap194:4.2":	"यं तिणं अददिं तदा; ",
"tha-ap194:4.3":	"दुग्गतिं नाभिजानामि, ",
"tha-ap194:4.4":	"तिणदानस्सिदं फलं। ",
"tha-ap194:5.1":	"पञ्चसट्ठिम्हितो कप्पे, ",
"tha-ap194:5.2":	"चत्तारोसुं महद्धना; ",
"tha-ap194:5.3":	"सत्तरतनसम्पन्ना, ",
"tha-ap194:5.4":	"चक्कवत्ती महब्बला। ",
"tha-ap194:6.1":	"पटिसम्भिदा चतस्सो, ",
"tha-ap194:6.2":	"…पे… ",
"tha-ap194:6.3":	"कतं बुद्धस्स सासनं”। ",
"tha-ap194:7.1":	"इत्थं सुदं आयस्मा तिणसन्थारको थेरो इमा गाथायो अभासित्थाति। ",
"tha-ap194:8.1":	"तिणसन्थारकत्थेरस्सापदानं दुतियं। "
}	
