{	
"tha-ap89:0.1":	"थेरापदान ",
"tha-ap89:0.2":	"तिमिरवग्ग ",
"tha-ap89:0.3":	"फलदायकत्थेरअपदान ",
"tha-ap89:1.1":	"“पब्बते हिमवन्तम्हि, ",
"tha-ap89:1.2":	"खराजिनधरो अहं; ",
"tha-ap89:1.3":	"फुस्सं जिनवरं दिस्वा, ",
"tha-ap89:1.4":	"फलहत्थो फलं अदं। ",
"tha-ap89:2.1":	"यमहं फलमदासिं, ",
"tha-ap89:2.2":	"विप्पसन्नेन चेतसा; ",
"tha-ap89:2.3":	"भवे निब्बत्तमानम्हि, ",
"tha-ap89:2.4":	"फलं निब्बत्तते मम। ",
"tha-ap89:3.1":	"द्वेनवुते इतो कप्पे, ",
"tha-ap89:3.2":	"यं फलं अददिं अहं; ",
"tha-ap89:3.3":	"दुग्गतिं नाभिजानामि, ",
"tha-ap89:3.4":	"फलदानस्सिदं फलं। ",
"tha-ap89:4.1":	"पटिसम्भिदा चतस्सो, ",
"tha-ap89:4.2":	"…पे… ",
"tha-ap89:4.3":	"कतं बुद्धस्स सासनं”। ",
"tha-ap89:5.1":	"इत्थं सुदं आयस्मा फलदायको थेरो इमा गाथायो अभासित्थाति। ",
"tha-ap89:6.1":	"फलदायकत्थेरस्सापदानं सत्तमं। "
}	
