{	
"tha-ap225:0.1":	"थेरापदान ",
"tha-ap225:0.2":	"आलम्बणदायकवग्ग ",
"tha-ap225:0.3":	"३ द्वेरतनियत्थेरअपदान ",
"tha-ap225:1.1":	"“मिगलुद्दो पुरे आसिं, ",
"tha-ap225:1.2":	"अरञ्ञे कानने अहं; ",
"tha-ap225:1.3":	"अद्दसं विरजं बुद्धं, ",
"tha-ap225:1.4":	"आहुतीनं पटिग्गहं। ",
"tha-ap225:2.1":	"मंसपेसि मया दिन्ना, ",
"tha-ap225:2.2":	"विपस्सिस्स महेसिनो; ",
"tha-ap225:2.3":	"सदेवकस्मिं लोकस्मिं, ",
"tha-ap225:2.4":	"इस्सरं कारयामहं। ",
"tha-ap225:3.1":	"इमिना मंसदानेन, ",
"tha-ap225:3.2":	"रतनं निब्बत्तते मम; ",
"tha-ap225:3.3":	"दुवेमे रतना लोके, ",
"tha-ap225:3.4":	"दिट्ठधम्मस्स पत्तिया। ",
"tha-ap225:4.1":	"तेहं सब्बे अनुभोमि, ",
"tha-ap225:4.2":	"मंसदानस्स सत्तिया; ",
"tha-ap225:4.3":	"गत्तञ्च मुदुकं मय्हं, ",
"tha-ap225:4.4":	"पञ्ञा निपुणवेदनी। ",
"tha-ap225:5.1":	"एकनवुतितो कप्पे, ",
"tha-ap225:5.2":	"यं मंसमददिं तदा; ",
"tha-ap225:5.3":	"दुग्गतिं नाभिजानामि, ",
"tha-ap225:5.4":	"मंसदानस्सिदं फलं। ",
"tha-ap225:6.1":	"इतो चतुत्थके कप्पे, ",
"tha-ap225:6.2":	"एको आसिं जनाधिपो; ",
"tha-ap225:6.3":	"महारोहितनामो सो, ",
"tha-ap225:6.4":	"चक्कवत्ती महब्बलो। ",
"tha-ap225:7.1":	"पटिसम्भिदा चतस्सो, ",
"tha-ap225:7.2":	"…पे… ",
"tha-ap225:7.3":	"कतं बुद्धस्स सासनं”। ",
"tha-ap225:8.1":	"इत्थं सुदं आयस्मा द्वेरतनियो थेरो इमा गाथायो अभासित्थाति। ",
"tha-ap225:9.1":	"द्वेरतनियत्थेरस्सापदानं ततियं। ",
"tha-ap225:9.2":	"दसमं भाणवारं। "
}	
