{	
"tha-ap150:0.1":	"थेरापदान ",
"tha-ap150:0.2":	"छत्तवग्ग ",
"tha-ap150:0.3":	"फलकदायकत्थेरअपदान ",
"tha-ap150:1.1":	"“यानकारो पुरे आसिं, ",
"tha-ap150:1.2":	"दारुकम्मे सुसिक्खितो; ",
"tha-ap150:1.3":	"चन्दनं फलकं कत्वा, ",
"tha-ap150:1.4":	"अदासिं लोकबन्धुनो। ",
"tha-ap150:2.1":	"पभासति इदं ब्यम्हं, ",
"tha-ap150:2.2":	"सुवण्णस्स सुनिम्मितं; ",
"tha-ap150:2.3":	"हत्थियानं अस्सयानं, ",
"tha-ap150:2.4":	"दिब्बयानं उपट्ठितं। ",
"tha-ap150:3.1":	"पासादा सिविका चेव, ",
"tha-ap150:3.2":	"निब्बत्तन्ति यदिच्छकं; ",
"tha-ap150:3.3":	"अक्खोभं रतनं मय्हं, ",
"tha-ap150:3.4":	"फलकस्स इदं फलं। ",
"tha-ap150:4.1":	"एकनवुतितो कप्पे, ",
"tha-ap150:4.2":	"फलकं यमहं ददिं; ",
"tha-ap150:4.3":	"दुग्गतिं नाभिजानामि, ",
"tha-ap150:4.4":	"फलकस्स इदं फलं। ",
"tha-ap150:5.1":	"सत्तपञ्ञासकप्पम्हि, ",
"tha-ap150:5.2":	"चतुरो निम्मिताव्हया; ",
"tha-ap150:5.3":	"सत्तरतनसम्पन्ना, ",
"tha-ap150:5.4":	"चक्कवत्ती महब्बला। ",
"tha-ap150:6.1":	"पटिसम्भिदा चतस्सो, ",
"tha-ap150:6.2":	"…पे… ",
"tha-ap150:6.3":	"कतं बुद्धस्स सासनं”। ",
"tha-ap150:7.1":	"इत्थं सुदं आयस्मा फलकदायको थेरो इमा गाथायो अभासित्थाति। ",
"tha-ap150:8.1":	"फलकदायकत्थेरस्सापदानं अट्ठमं। "
}	
