{	
"tha-ap391:0.1":	"थेरापदान ",
"tha-ap391:0.2":	"अवटफलवग्ग ",
"tha-ap391:0.3":	"९ सोणकोटिवीसत्थेरअपदान ",
"tha-ap391:1.1":	"“विपस्सिनो पावचने, ",
"tha-ap391:1.2":	"एकं लेणं मया कतं; ",
"tha-ap391:1.3":	"चातुद्दिसस्स सङ्घस्स, ",
"tha-ap391:1.4":	"बन्धुमाराजधानिया। ",
"tha-ap391:2.1":	"दुस्सेहि भूमिं लेणस्स, ",
"tha-ap391:2.2":	"सन्थरित्वा परिच्चजिं; ",
"tha-ap391:2.3":	"उदग्गचित्तो सुमनो, ",
"tha-ap391:2.4":	"अकासिं पणिधिं तदा। ",
"tha-ap391:3.1":	"आराधयेय्यं सम्बुद्धं, ",
"tha-ap391:3.2":	"पब्बज्जञ्च लभेय्यहं; ",
"tha-ap391:3.3":	"अनुत्तरञ्च निब्बानं, ",
"tha-ap391:3.4":	"फुसेय्यं सन्तिमुत्तमं। ",
"tha-ap391:4.1":	"तेनेव सुक्कमूलेन, ",
"tha-ap391:4.2":	"कप्पे नवुति संसरिं; ",
"tha-ap391:4.3":	"देवभूतो मनुस्सो च, ",
"tha-ap391:4.4":	"कतपुञ्ञो विरोचहं। ",
"tha-ap391:5.1":	"ततो कम्मावसेसेन, ",
"tha-ap391:5.2":	"इध पच्छिमके भवे; ",
"tha-ap391:5.3":	"चम्पायं अग्गसेट्ठिस्स, ",
"tha-ap391:5.4":	"जातोम्हि एकपुत्तको। ",
"tha-ap391:6.1":	"जातमत्तस्स मे सुत्वा, ",
"tha-ap391:6.2":	"पितु छन्दो अयं अहु; ",
"tha-ap391:6.3":	"ददामहं कुमारस्स, ",
"tha-ap391:6.4":	"वीसकोटी अनूनका। ",
"tha-ap391:7.1":	"चतुरङ्गुला च मे लोमा, ",
"tha-ap391:7.2":	"जाता पादतले उभो; ",
"tha-ap391:7.3":	"सुखुमा मुदुसम्फस्सा, ",
"tha-ap391:7.4":	"तूलापिचुसमा सुभा। ",
"tha-ap391:8.1":	"अतीता नवुति कप्पा, ",
"tha-ap391:8.2":	"अयं एको च उत्तरि; ",
"tha-ap391:8.3":	"नाभिजानामि निक्खित्ते, ",
"tha-ap391:8.4":	"पादे भूम्या असन्थते। ",
"tha-ap391:9.1":	"आराधितो मे सम्बुद्धो, ",
"tha-ap391:9.2":	"पब्बजिं अनगारियं; ",
"tha-ap391:9.3":	"अरहत्तञ्च मे पत्तं, ",
"tha-ap391:9.4":	"सीतिभूतोम्हि निब्बुतो। ",
"tha-ap391:10.1":	"अग्गो आरद्धवीरियानं, ",
"tha-ap391:10.2":	"निद्दिट्ठो सब्बदस्सिना; ",
"tha-ap391:10.3":	"खीणासवोम्हि अरहा, ",
"tha-ap391:10.4":	"छळभिञ्ञो महिद्धिको। ",
"tha-ap391:11.1":	"एकनवुतितो कप्पे, ",
"tha-ap391:11.2":	"यं दानमददिं तदा; ",
"tha-ap391:11.3":	"दुग्गतिं नाभिजानामि, ",
"tha-ap391:11.4":	"लेणदानस्सिदं फलं। ",
"tha-ap391:12.1":	"किलेसा झापिता मय्हं, ",
"tha-ap391:12.2":	"…पे… ",
"tha-ap391:12.3":	"विहरामि अनासवो। ",
"tha-ap391:13.1":	"स्वागतं वत मे आसि, ",
"tha-ap391:13.2":	"…पे… ",
"tha-ap391:13.3":	"कतं बुद्धस्स सासनं। ",
"tha-ap391:14.1":	"पटिसम्भिदा चतस्सो, ",
"tha-ap391:14.2":	"…पे… ",
"tha-ap391:14.3":	"कतं बुद्धस्स सासनं”। ",
"tha-ap391:15.1":	"थेरो कोटिवीसो सोणो, ",
"tha-ap391:15.2":	"भिक्खुसङ्घस्स अग्गतो; ",
"tha-ap391:15.3":	"पञ्हं पुट्ठो वियाकासि, ",
"tha-ap391:15.4":	"अनोतत्ते महासरेति। ",
"tha-ap391:16.1":	"इत्थं सुदं आयस्मा सोणो कोटिवीसो थेरो इमा गाथायो अभासित्थाति। ",
"tha-ap391:17.1":	"सोणकोटिवीसत्थेरस्सापदानं नवमं। "
}	
