{	
"tha-ap281:0.1":	"थेरापदान ",
"tha-ap281:0.2":	"सुवण्णबिब्बोहनवग्ग ",
"tha-ap281:0.3":	"९ एकपुण्डरीकत्थेरअपदान ",
"tha-ap281:1.1":	"“रोमसो नाम नामेन, ",
"tha-ap281:1.2":	"सयम्भू सुब्बतो तदा; ",
"tha-ap281:1.3":	"पुण्डरीकं मया दिन्नं, ",
"tha-ap281:1.4":	"विप्पसन्नेन चेतसा। ",
"tha-ap281:2.1":	"चतुन्नवुतितो कप्पे, ",
"tha-ap281:2.2":	"पुण्डरीकमदं तदा; ",
"tha-ap281:2.3":	"दुग्गतिं नाभिजानामि, ",
"tha-ap281:2.4":	"पुण्डरीकस्सिदं फलं। ",
"tha-ap281:3.1":	"पटिसम्भिदा चतस्सो, ",
"tha-ap281:3.2":	"…पे… ",
"tha-ap281:3.3":	"कतं बुद्धस्स सासनं”। ",
"tha-ap281:4.1":	"इत्थं सुदं आयस्मा एकपुण्डरीको थेरो इमा गाथायो अभासित्थाति। ",
"tha-ap281:5.1":	"एकपुण्डरीकत्थेरस्सापदानं नवमं। "
}	
