{	
"tha-ap116:0.1":	"थेरापदान ",
"tha-ap116:0.2":	"महापरिवारवग्ग ",
"tha-ap116:0.3":	"एकासनियत्थेरअपदान ",
"tha-ap116:1.1":	"“वरुणो नाम नामेन, ",
"tha-ap116:1.2":	"देवराजा अहं तदा; ",
"tha-ap116:1.3":	"उपट्ठहेसिं सम्बुद्धं, ",
"tha-ap116:1.4":	"सयोग्गबलवाहनो। ",
"tha-ap116:2.1":	"निब्बुते लोकनाथम्हि, ",
"tha-ap116:2.2":	"अत्थदस्सीनरुत्तमे; ",
"tha-ap116:2.3":	"तूरियं सब्बमादाय, ",
"tha-ap116:2.4":	"अगमं बोधिमुत्तमं। ",
"tha-ap116:3.1":	"वादितेन च नच्चेन, ",
"tha-ap116:3.2":	"सम्मताळसमाहितो; ",
"tha-ap116:3.3":	"सम्मुखा विय सम्बुद्धं, ",
"tha-ap116:3.4":	"उपट्ठिं बोधिमुत्तमं। ",
"tha-ap116:4.1":	"उपट्ठहित्वा तं बोधिं, ",
"tha-ap116:4.2":	"धरणीरुहपादपं; ",
"tha-ap116:4.3":	"पल्लङ्कं आभुजित्वान, ",
"tha-ap116:4.4":	"तत्थ कालङ्कतो अहं। ",
"tha-ap116:5.1":	"सककम्माभिरद्धोहं, ",
"tha-ap116:5.2":	"पसन्नो बोधिमुत्तमे; ",
"tha-ap116:5.3":	"तेन चित्तप्पसादेन, ",
"tha-ap116:5.4":	"निम्मानं उपपज्जहं। ",
"tha-ap116:6.1":	"सट्ठितूरियसहस्सानि, ",
"tha-ap116:6.2":	"परिवारेन्ति मं सदा; ",
"tha-ap116:6.3":	"मनुस्सेसु च देवेसु, ",
"tha-ap116:6.4":	"वत्तमानं भवाभवे। ",
"tha-ap116:7.1":	"तिविधग्गी निब्बुता मय्हं, ",
"tha-ap116:7.2":	"भवा सब्बे समूहता; ",
"tha-ap116:7.3":	"धारेमि अन्तिमं देहं, ",
"tha-ap116:7.4":	"सम्मासम्बुद्धसासने। ",
"tha-ap116:8.1":	"सुबाहू नाम नामेन, ",
"tha-ap116:8.2":	"चतुत्तिंसासु खत्तिया; ",
"tha-ap116:8.3":	"सत्तरतनसम्पन्ना, ",
"tha-ap116:8.4":	"पञ्चकप्पसते इतो। ",
"tha-ap116:9.1":	"पटिसम्भिदा चतस्सो, ",
"tha-ap116:9.2":	"…पे… ",
"tha-ap116:9.3":	"कतं बुद्धस्स सासनं”। ",
"tha-ap116:10.1":	"इत्थं सुदं आयस्मा एकासनियो थेरो इमा गाथायो अभासित्थाति। ",
"tha-ap116:11.1":	"एकासनियत्थेरस्सापदानं चतुत्थं। "
}	
