{	
"tha-ap171:0.1":	"थेरापदान ",
"tha-ap171:0.2":	"सुपारिचरियवग्ग ",
"tha-ap171:0.3":	"समादपकत्थेरअपदान ",
"tha-ap171:1.1":	"“नगरे बन्धुमतिया, ",
"tha-ap171:1.2":	"महापूगगणो अहु; ",
"tha-ap171:1.3":	"तेसाहं पवरो आसिं, ",
"tha-ap171:1.4":	"मम बद्धचरा च ते। ",
"tha-ap171:2.1":	"सब्बे ते सन्निपातेत्वा, ",
"tha-ap171:2.2":	"पुञ्ञकम्मे समादयिं; ",
"tha-ap171:2.3":	"माळं कस्साम सङ्घस्स, ",
"tha-ap171:2.4":	"पुञ्ञक्खेत्तं अनुत्तरं। ",
"tha-ap171:3.1":	"साधूति ते पटिस्सुत्वा, ",
"tha-ap171:3.2":	"मम छन्दवसानुगा; ",
"tha-ap171:3.3":	"निट्ठापेत्वा च तं माळं, ",
"tha-ap171:3.4":	"विपस्सिस्स अदम्हसे। ",
"tha-ap171:4.1":	"एकनवुतितो कप्पे, ",
"tha-ap171:4.2":	"यं माळमददिं तदा; ",
"tha-ap171:4.3":	"दुग्गतिं नाभिजानामि, ",
"tha-ap171:4.4":	"माळदानस्सिदं फलं। ",
"tha-ap171:5.1":	"एकूनसत्ततिकप्पे, ",
"tha-ap171:5.2":	"एको आसि जनाधिपो; ",
"tha-ap171:5.3":	"आदेय्यो नाम नामेन, ",
"tha-ap171:5.4":	"चक्कवत्ती महब्बलो। ",
"tha-ap171:6.1":	"पटिसम्भिदा चतस्सो, ",
"tha-ap171:6.2":	"…पे… ",
"tha-ap171:6.3":	"कतं बुद्धस्स सासनं”। ",
"tha-ap171:7.1":	"इत्थं सुदं आयस्मा समादपको थेरो इमा गाथायो अभासित्थाति। ",
"tha-ap171:8.1":	"समादपकत्थेरस्सापदानं नवमं। "
}	
