{	
"tha-ap115:0.1":	"थेरापदान ",
"tha-ap115:0.2":	"महापरिवारवग्ग ",
"tha-ap115:0.3":	"३ सरणगमनियत्थेरअपदान ",
"tha-ap115:1.1":	"“उभिन्नं देवराजूनं, ",
"tha-ap115:1.2":	"सङ्गामो समुपट्ठितो; ",
"tha-ap115:1.3":	"अहोसि समुपब्यूळ्हो, ",
"tha-ap115:1.4":	"महाघोसो अवत्तथ। ",
"tha-ap115:2.1":	"पदुमुत्तरो लोकविदू, ",
"tha-ap115:2.2":	"आहुतीनं पटिग्गहो; ",
"tha-ap115:2.3":	"अन्तलिक्खे ठितो सत्था, ",
"tha-ap115:2.4":	"संवेजेसि महाजनं। ",
"tha-ap115:3.1":	"सब्बे देवा अत्तमना, ",
"tha-ap115:3.2":	"निक्खित्तकवचावुधा; ",
"tha-ap115:3.3":	"सम्बुद्धं अभिवादेत्वा, ",
"tha-ap115:3.4":	"एकग्गासिंसु तावदे। ",
"tha-ap115:4.1":	"मय्हं सङ्कप्पमञ्ञाय, ",
"tha-ap115:4.2":	"वाचासभिमुदीरयि; ",
"tha-ap115:4.3":	"अनुकम्पको लोकविदू, ",
"tha-ap115:4.4":	"निब्बापेसि महाजनं। ",
"tha-ap115:5.1":	"पदुट्ठचित्तो मनुजो, ",
"tha-ap115:5.2":	"एकपाणं विहेठयं; ",
"tha-ap115:5.3":	"तेन चित्तप्पदोसेन, ",
"tha-ap115:5.4":	"अपायं उपपज्जति। ",
"tha-ap115:6.1":	"सङ्गामसीसे नागोव, ",
"tha-ap115:6.2":	"बहू पाणे विहेठयं; ",
"tha-ap115:6.3":	"निब्बापेथ सकं चित्तं, ",
"tha-ap115:6.4":	"मा हञ्ञित्थो पुनप्पुनं। ",
"tha-ap115:7.1":	"द्विन्नम्पि यक्खराजूनं, ",
"tha-ap115:7.2":	"सेना सा विम्हिता अहु; ",
"tha-ap115:7.3":	"सरणञ्च उपागच्छुं, ",
"tha-ap115:7.4":	"लोकजेट्ठं सुतादिनं। ",
"tha-ap115:8.1":	"सञ्ञापेत्वान जनतं, ",
"tha-ap115:8.2":	"पदमुद्धरि चक्खुमा; ",
"tha-ap115:8.3":	"पेक्खमानोव देवेहि, ",
"tha-ap115:8.4":	"पक्कामि उत्तरामुखो। ",
"tha-ap115:9.1":	"पठमं सरणं गच्छिं, ",
"tha-ap115:9.2":	"द्विपदिन्दस्स तादिनो; ",
"tha-ap115:9.3":	"कप्पानं सतसहस्सं, ",
"tha-ap115:9.4":	"दुग्गतिं नुपपज्जहं। ",
"tha-ap115:10.1":	"महादुन्दुभिनामा च, ",
"tha-ap115:10.2":	"सोळसासुं रथेसभा; ",
"tha-ap115:10.3":	"तिंसकप्पसहस्सम्हि, ",
"tha-ap115:10.4":	"राजानो चक्कवत्तिनो। ",
"tha-ap115:11.1":	"पटिसम्भिदा चतस्सो, ",
"tha-ap115:11.2":	"…पे… ",
"tha-ap115:11.3":	"कतं बुद्धस्स सासनं”। ",
"tha-ap115:12.1":	"इत्थं सुदं आयस्मा सरणगमनियो थेरो इमा गाथायो अभासित्थाति। ",
"tha-ap115:13.1":	"सरणगमनियत्थेरस्सापदानं ततियं। "
}	
