{	
"tha-ap161:0.1":	"थेरापदान ",
"tha-ap161:0.2":	"बन्धुजीवकवग्ग ",
"tha-ap161:0.3":	"पुन्नागपुप्फियत्थेरअपदान ",
"tha-ap161:1.1":	"“काननं वनमोगय्ह, ",
"tha-ap161:1.2":	"वसामि लुद्दको अहं; ",
"tha-ap161:1.3":	"पुन्नागं पुप्फितं दिस्वा, ",
"tha-ap161:1.4":	"बुद्धसेट्ठं अनुस्सरिं। ",
"tha-ap161:2.1":	"तं पुप्फं ओचिनित्वान, ",
"tha-ap161:2.2":	"सुगन्धं गन्धितं सुभं; ",
"tha-ap161:2.3":	"थूपं करित्वा पुलिने, ",
"tha-ap161:2.4":	"बुद्धस्स अभिरोपयिं। ",
"tha-ap161:3.1":	"द्वेनवुते इतो कप्पे, ",
"tha-ap161:3.2":	"यं पुप्फमभिपूजयिं; ",
"tha-ap161:3.3":	"दुग्गतिं नाभिजानामि, ",
"tha-ap161:3.4":	"बुद्धपूजायिदं फलं। ",
"tha-ap161:4.1":	"एकम्हि नवुते कप्पे, ",
"tha-ap161:4.2":	"एको आसिं तमोनुदो; ",
"tha-ap161:4.3":	"सत्तरतनसम्पन्नो, ",
"tha-ap161:4.4":	"चक्कवत्ती महब्बलो। ",
"tha-ap161:5.1":	"पटिसम्भिदा चतस्सो, ",
"tha-ap161:5.2":	"…पे… ",
"tha-ap161:5.3":	"कतं बुद्धस्स सासनं”। ",
"tha-ap161:6.1":	"इत्थं सुदं आयस्मा पुन्नागपुप्फियो थेरो इमा गाथायो अभासित्थाति। ",
"tha-ap161:7.1":	"पुन्नागपुप्फियत्थेरस्सापदानं नवमं। "
}	
