{	
"tha-ap46:0.1":	"थेरापदान ",
"tha-ap46:0.2":	"उपालिवग्ग ",
"tha-ap46:0.3":	"सन्निट्ठापकत्थेरअपदान ",
"tha-ap46:1.1":	"“अरञ्ञे कुटिकं कत्वा, ",
"tha-ap46:1.2":	"वसामि पब्बतन्तरे; ",
"tha-ap46:1.3":	"लाभालाभेन सन्तुट्ठो, ",
"tha-ap46:1.4":	"यसेन अयसेन च। ",
"tha-ap46:2.1":	"पदुमुत्तरो लोकविदू, ",
"tha-ap46:2.2":	"आहुतीनं पटिग्गहो; ",
"tha-ap46:2.3":	"वसीसतसहस्सेहि, ",
"tha-ap46:2.4":	"आगच्छि मम सन्तिकं। ",
"tha-ap46:3.1":	"उपागतं महानागं, ",
"tha-ap46:3.2":	"जलजुत्तमनामकं; ",
"tha-ap46:3.3":	"तिणसन्थरं पञ्ञापेत्वा, ",
"tha-ap46:3.4":	"अदासिं सत्थुनो अहं। ",
"tha-ap46:4.1":	"पसन्नचित्तो सुमनो, ",
"tha-ap46:4.2":	"आमण्डं पानीयञ्चहं; ",
"tha-ap46:4.3":	"अदासिं उजुभूतस्स, ",
"tha-ap46:4.4":	"विप्पसन्नेन चेतसा। ",
"tha-ap46:5.1":	"सतसहस्सितो कप्पे, ",
"tha-ap46:5.2":	"यं दानमददिं तदा; ",
"tha-ap46:5.3":	"दुग्गतिं नाभिजानामि, ",
"tha-ap46:5.4":	"आमण्डस्स इदं फलं। ",
"tha-ap46:6.1":	"एकतालीसकप्पम्हि, ",
"tha-ap46:6.2":	"एको आसिं अरिन्दमो; ",
"tha-ap46:6.3":	"सत्तरतनसम्पन्नो, ",
"tha-ap46:6.4":	"चक्कवत्ती महब्बलो। ",
"tha-ap46:7.1":	"पटिसम्भिदा चतस्सो, ",
"tha-ap46:7.2":	"…पे… ",
"tha-ap46:7.3":	"कतं बुद्धस्स सासनं”। ",
"tha-ap46:8.1":	"इत्थं सुदं आयस्मा सन्निट्ठापको थेरो इमा गाथायो अभासित्थाति। ",
"tha-ap46:9.1":	"सन्निट्ठापकत्थेरस्सापदानं चतुत्थं। "
}	
