{	
"tha-ap198:0.1":	"थेरापदान ",
"tha-ap198:0.2":	"तमालपुप्फियवग्ग ",
"tha-ap198:0.3":	"किसलयपूजकत्थेरअपदान ",
"tha-ap198:1.1":	"“नगरे द्वारवतिया, ",
"tha-ap198:1.2":	"मालावच्छो ममं अहु; ",
"tha-ap198:1.3":	"उदपानो च तत्थेव, ",
"tha-ap198:1.4":	"पादपानं विरोहनो। ",
"tha-ap198:2.1":	"सबलेन उपत्थद्धो, ",
"tha-ap198:2.2":	"सिद्धत्थो अपराजितो; ",
"tha-ap198:2.3":	"ममानुकम्पमानो सो, ",
"tha-ap198:2.4":	"गच्छते अनिलञ्जसे। ",
"tha-ap198:3.1":	"अञ्ञं किञ्चि न पस्सामि, ",
"tha-ap198:3.2":	"पूजायोग्गं महेसिनो; ",
"tha-ap198:3.3":	"असोकं पल्लवं दिस्वा, ",
"tha-ap198:3.4":	"आकासे उक्खिपिं अहं। ",
"tha-ap198:4.1":	"बुद्धस्स ते किसलया, ",
"tha-ap198:4.2":	"गच्छतो यन्ति पच्छतो; ",
"tha-ap198:4.3":	"ताहं दिस्वान संविजिं, ",
"tha-ap198:4.4":	"अहो बुद्धस्सुळारता। ",
"tha-ap198:5.1":	"चतुन्नवुतितो कप्पे, ",
"tha-ap198:5.2":	"पल्लवं अभिरोपयिं; ",
"tha-ap198:5.3":	"दुग्गतिं नाभिजानामि, ",
"tha-ap198:5.4":	"बुद्धपूजायिदं फलं। ",
"tha-ap198:6.1":	"सत्ततिंसे इतो कप्पे, ",
"tha-ap198:6.2":	"एको एकिस्सरो अहु; ",
"tha-ap198:6.3":	"सत्तरतनसम्पन्नो, ",
"tha-ap198:6.4":	"चक्कवत्ती महब्बलो। ",
"tha-ap198:7.1":	"पटिसम्भिदा चतस्सो, ",
"tha-ap198:7.2":	"…पे… ",
"tha-ap198:7.3":	"कतं बुद्धस्स सासनं”। ",
"tha-ap198:8.1":	"इत्थं सुदं आयस्मा किसलयपूजको थेरो इमा गाथायो अभासित्थाति। ",
"tha-ap198:9.1":	"किसलयपूजकत्थेरस्सापदानं छट्ठं। "
}	
