{	
"tha-ap472:0.1":	"थेरापदान ",
"tha-ap472:0.2":	"सालकुसुमियवग्ग ",
"tha-ap472:0.3":	"निमित्तब्याकरणियत्थेरअपदान ",
"tha-ap472:1.1":	"“अज्झोगाहेत्वा हिमवं, ",
"tha-ap472:1.2":	"मन्ते वाचे महं तदा; ",
"tha-ap472:1.3":	"चतुपञ्ञाससहस्सानि, ",
"tha-ap472:1.4":	"सिस्सा मय्हं उपट्ठहुं। ",
"tha-ap472:2.1":	"अधिता वेदगू सब्बे, ",
"tha-ap472:2.2":	"छळङ्गे पारमिं गता; ",
"tha-ap472:2.3":	"सकविज्जाहुपत्थद्धा, ",
"tha-ap472:2.4":	"हिमवन्ते वसन्ति ते। ",
"tha-ap472:3.1":	"चवित्वा तुसिता काया, ",
"tha-ap472:3.2":	"देवपुत्तो महायसो; ",
"tha-ap472:3.3":	"उप्पज्जि मातुकुच्छिस्मिं, ",
"tha-ap472:3.4":	"सम्पजानो पतिस्सतो। ",
"tha-ap472:4.1":	"सम्बुद्धे उपपज्जन्ते, ",
"tha-ap472:4.2":	"दससहस्सि कम्पथ; ",
"tha-ap472:4.3":	"अन्धा चक्खुं अलभिंसु, ",
"tha-ap472:4.4":	"उप्पज्जन्तम्हि नायके। ",
"tha-ap472:5.1":	"सब्बाकारं पकम्पित्थ, ",
"tha-ap472:5.2":	"केवला वसुधा अयं; ",
"tha-ap472:5.3":	"निग्घोससद्दं सुत्वान, ",
"tha-ap472:5.4":	"उब्बिज्जिंसु महाजना। ",
"tha-ap472:6.1":	"सब्बे जना समागम्म, ",
"tha-ap472:6.2":	"आगच्छुं मम सन्तिकं; ",
"tha-ap472:6.3":	"‘वसुधायं पकम्पित्थ, ",
"tha-ap472:6.4":	"किं विपाको भविस्सति’। ",
"tha-ap472:7.1":	"अवचासिं तदा तेसं, ",
"tha-ap472:7.2":	"‘मा भेथ नत्थि वो भयं; ",
"tha-ap472:7.3":	"विस्सत्था होथ सब्बेपि, ",
"tha-ap472:7.4":	"उप्पादोयं सुवत्थिको। ",
"tha-ap472:8.1":	"अट्ठहेतूहि सम्फुस्स, ",
"tha-ap472:8.2":	"वसुधायं पकम्पति; ",
"tha-ap472:8.3":	"तथा निमित्ता दिस्सन्ति, ",
"tha-ap472:8.4":	"ओभासो विपुलो महा। ",
"tha-ap472:9.1":	"असंसयं बुद्धसेट्ठो, ",
"tha-ap472:9.2":	"उप्पज्जिस्सति चक्खुमा’; ",
"tha-ap472:9.3":	"सञ्ञापेत्वान जनतं, ",
"tha-ap472:9.4":	"पञ्च सीले कथेसहं। ",
"tha-ap472:10.1":	"सुत्वान पञ्च सीलानि, ",
"tha-ap472:10.2":	"बुद्धुप्पादञ्च दुल्लभं; ",
"tha-ap472:10.3":	"उब्बेगजाता सुमना, ",
"tha-ap472:10.4":	"तुट्ठहट्ठा अहंसु ते। ",
"tha-ap472:11.1":	"द्वेनवुते इतो कप्पे, ",
"tha-ap472:11.2":	"यं निमित्तं वियाकरिं; ",
"tha-ap472:11.3":	"दुग्गतिं नाभिजानामि, ",
"tha-ap472:11.4":	"ब्याकरणस्सिदं फलं। ",
"tha-ap472:12.1":	"किलेसा झापिता मय्हं, ",
"tha-ap472:12.2":	"…पे… ",
"tha-ap472:12.3":	"विहरामि अनासवो। ",
"tha-ap472:13.1":	"स्वागतं वत मे आसि, ",
"tha-ap472:13.2":	"…पे… ",
"tha-ap472:13.3":	"कतं बुद्धस्स सासनं। ",
"tha-ap472:14.1":	"पटिसम्भिदा चतस्सो, ",
"tha-ap472:14.2":	"…पे… ",
"tha-ap472:14.3":	"कतं बुद्धस्स सासनं”। ",
"tha-ap472:15.1":	"इत्थं सुदं आयस्मा निमित्तब्याकरणियो थेरो इमा गाथायो अभासित्थाति। ",
"tha-ap472:16.1":	"निमित्तब्याकरणियत्थेरस्सापदानं दसमं। ",
"tha-ap472:17.1":	"सालकुसुमियवग्गो सत्तचत्तालीसमो। ",
"tha-ap472:18.1":	"तस्सुद्दानं ",
"tha-ap472:19.1":	"सालकुसुमियो थेरो, ",
"tha-ap472:19.2":	"पूजा निब्बापकोपि च; ",
"tha-ap472:19.3":	"सेतुदो तालवण्टी च, ",
"tha-ap472:19.4":	"अवटलबुजप्पदो। ",
"tha-ap472:20.1":	"पिलक्खपटिभानी च, ",
"tha-ap472:20.2":	"वेय्याकरणियो दिजो; ",
"tha-ap472:20.3":	"द्वेसत्तति च गाथायो, ",
"tha-ap472:20.4":	"गणितायो विभाविभि। "
}	
