{	
"tha-ap21:0.1":	"थेरापदान ",
"tha-ap21:0.2":	"सीहासनियवग्ग ",
"tha-ap21:0.3":	"सोपाकत्थेरअपदान ",
"tha-ap21:1.1":	"“पब्भारं सोधयन्तस्स, ",
"tha-ap21:1.2":	"विपिने पब्बतुत्तमे; ",
"tha-ap21:1.3":	"सिद्धत्थो नाम भगवा, ",
"tha-ap21:1.4":	"आगच्छि मम सन्तिकं। ",
"tha-ap21:2.1":	"बुद्धं उपगतं दिस्वा, ",
"tha-ap21:2.2":	"लोकजेट्ठस्स तादिनो; ",
"tha-ap21:2.3":	"सन्थरं पञ्ञपेत्वान, ",
"tha-ap21:2.4":	"पुप्फासनमदासहं। ",
"tha-ap21:3.1":	"पुप्फासने निसीदित्वा, ",
"tha-ap21:3.2":	"सिद्धत्थो लोकनायको; ",
"tha-ap21:3.3":	"ममञ्च गतिमञ्ञाय, ",
"tha-ap21:3.4":	"अनिच्चतमुदाहरि। ",
"tha-ap21:4.1":	"‘अनिच्चा वत सङ्खारा, ",
"tha-ap21:4.2":	"उप्पादवयधम्मिनो; ",
"tha-ap21:4.3":	"उप्पज्जित्वा निरुज्झन्ति, ",
"tha-ap21:4.4":	"तेसं वूपसमो सुखो’। ",
"tha-ap21:5.1":	"इदं वत्वान सब्बञ्ञू, ",
"tha-ap21:5.2":	"लोकजेट्ठो नरासभो; ",
"tha-ap21:5.3":	"नभं अब्भुग्गमि वीरो, ",
"tha-ap21:5.4":	"हंसराजाव अम्बरे। ",
"tha-ap21:6.1":	"सकं दिट्ठिं जहित्वान, ",
"tha-ap21:6.2":	"भावयानिच्चसञ्ञहं; ",
"tha-ap21:6.3":	"एकाहं भावयित्वान, ",
"tha-ap21:6.4":	"तत्थ कालं कतो अहं। ",
"tha-ap21:7.1":	"द्वे सम्पत्ती अनुभोत्वा, ",
"tha-ap21:7.2":	"सुक्कमूलेन चोदितो; ",
"tha-ap21:7.3":	"पच्छिमे भवे सम्पत्ते, ",
"tha-ap21:7.4":	"सपाकयोनुपागमिं। ",
"tha-ap21:8.1":	"अगारा अभिनिक्खम्म, ",
"tha-ap21:8.2":	"पब्बजिं अनगारियं; ",
"tha-ap21:8.3":	"जातिया सत्तवस्सोहं, ",
"tha-ap21:8.4":	"अरहत्तमपापुणिं। ",
"tha-ap21:9.1":	"आरद्धवीरियो पहितत्तो, ",
"tha-ap21:9.2":	"सीलेसु सुसमाहितो; ",
"tha-ap21:9.3":	"तोसेत्वान महानागं, ",
"tha-ap21:9.4":	"अलत्थं उपसम्पदं। ",
"tha-ap21:10.1":	"चतुन्नवुतितो कप्पे, ",
"tha-ap21:10.2":	"यं कम्ममकरिं तदा; ",
"tha-ap21:10.3":	"दुग्गतिं नाभिजानामि, ",
"tha-ap21:10.4":	"पुप्फदानस्सिदं फलं। ",
"tha-ap21:11.1":	"चतुन्नवुतितो कप्पे, ",
"tha-ap21:11.2":	"यं सञ्ञं भावयिं तदा; ",
"tha-ap21:11.3":	"तं सञ्ञं भावयन्तस्स, ",
"tha-ap21:11.4":	"पत्तो मे आसवक्खयो। ",
"tha-ap21:12.1":	"पटिसम्भिदा चतस्सो, ",
"tha-ap21:12.2":	"विमोक्खापि च अट्ठिमे; ",
"tha-ap21:12.3":	"छळभिञ्ञा सच्छिकता, ",
"tha-ap21:12.4":	"कतं बुद्धस्स सासनं”। ",
"tha-ap21:13.1":	"इत्थं सुदं आयस्मा सोपाको थेरो इमा गाथायो अभासित्थाति। ",
"tha-ap21:14.1":	"सोपाकत्थेरस्सापदानं नवमं। "
}	
