{	
"tha-ap215:0.1":	"थेरापदान ",
"tha-ap215:0.2":	"हत्थिवग्ग ",
"tha-ap215:0.3":	"सच्चसञ्ञकत्थेरअपदान ",
"tha-ap215:1.1":	"“वेस्सभू तम्हि समये, ",
"tha-ap215:1.2":	"भिक्खुसङ्घपुरक्खतो; ",
"tha-ap215:1.3":	"देसेति अरियसच्चानि, ",
"tha-ap215:1.4":	"निब्बापेन्तो महाजनं। ",
"tha-ap215:2.1":	"परमकारुञ्ञपत्तोम्हि, ",
"tha-ap215:2.2":	"समितिं अगमासहं; ",
"tha-ap215:2.3":	"सोहं निसिन्नको सन्तो, ",
"tha-ap215:2.4":	"धम्ममस्सोसि सत्थुनो। ",
"tha-ap215:3.1":	"तस्साहं धम्मं सुत्वान, ",
"tha-ap215:3.2":	"देवलोकं अगच्छहं; ",
"tha-ap215:3.3":	"तिंसकप्पानि देवेसु, ",
"tha-ap215:3.4":	"अवसिं तत्थहं पुरे। ",
"tha-ap215:4.1":	"एकत्तिंसे इतो कप्पे, ",
"tha-ap215:4.2":	"यं सञ्ञमलभिं तदा; ",
"tha-ap215:4.3":	"दुग्गतिं नाभिजानामि, ",
"tha-ap215:4.4":	"सच्चसञ्ञायिदं फलं। ",
"tha-ap215:5.1":	"छब्बीसम्हि इतो कप्पे, ",
"tha-ap215:5.2":	"एको आसिं जनाधिपो; ",
"tha-ap215:5.3":	"एकफुसितनामेन, ",
"tha-ap215:5.4":	"चक्कवत्ती महब्बलो। ",
"tha-ap215:6.1":	"पटिसम्भिदा चतस्सो, ",
"tha-ap215:6.2":	"…पे… ",
"tha-ap215:6.3":	"कतं बुद्धस्स सासनं”। ",
"tha-ap215:7.1":	"इत्थं सुदं आयस्मा सच्चसञ्ञको थेरो इमा गाथायो अभासित्थाति। ",
"tha-ap215:8.1":	"सच्चसञ्ञकत्थेरस्सापदानं ततियं। "
}	
