{	
"tha-ap276:0.1":	"थेरापदान ",
"tha-ap276:0.2":	"सुवण्णबिब्बोहनवग्ग ",
"tha-ap276:0.3":	"अब्भञ्जनदायकत्थेरअपदान ",
"tha-ap276:1.1":	"“कोण्डञ्ञस्स भगवतो, ",
"tha-ap276:1.2":	"वीतरागस्स तादिनो; ",
"tha-ap276:1.3":	"आकाससमचित्तस्स, ",
"tha-ap276:1.4":	"निप्पपञ्चस्स झायिनो। ",
"tha-ap276:2.1":	"सब्बमोहातिवत्तस्स, ",
"tha-ap276:2.2":	"सब्बलोकहितेसिनो; ",
"tha-ap276:2.3":	"अब्भञ्जनं मया दिन्नं, ",
"tha-ap276:2.4":	"द्विपदिन्दस्स तादिनो। ",
"tha-ap276:3.1":	"अपरिमेय्ये इतो कप्पे, ",
"tha-ap276:3.2":	"अब्भञ्जनमदं तदा; ",
"tha-ap276:3.3":	"दुग्गतिं नाभिजानामि, ",
"tha-ap276:3.4":	"अब्भञ्जनस्सिदं फलं। ",
"tha-ap276:4.1":	"इतो पन्नरसे कप्पे, ",
"tha-ap276:4.2":	"चिरप्पो नाम खत्तियो; ",
"tha-ap276:4.3":	"सत्तरतनसम्पन्नो, ",
"tha-ap276:4.4":	"चक्कवत्ती महब्बलो। ",
"tha-ap276:5.1":	"पटिसम्भिदा चतस्सो, ",
"tha-ap276:5.2":	"…पे… ",
"tha-ap276:5.3":	"कतं बुद्धस्स सासनं”। ",
"tha-ap276:6.1":	"इत्थं सुदं आयस्मा अब्भञ्जनदायको थेरो इमा गाथायो अभासित्थाति। ",
"tha-ap276:7.1":	"अब्भञ्जनदायकत्थेरस्सापदानं चतुत्थं। "
}	
