{	
"tha-ap181:0.1":	"थेरापदान ",
"tha-ap181:0.2":	"कुमुदवग्ग ",
"tha-ap181:0.3":	"तिकिच्छकत्थेरअपदान ",
"tha-ap181:1.1":	"“नगरे बन्धुमतिया, ",
"tha-ap181:1.2":	"वेज्जो आसिं सुसिक्खितो; ",
"tha-ap181:1.3":	"आतुरानं सदुक्खानं, ",
"tha-ap181:1.4":	"महाजनसुखावहो। ",
"tha-ap181:2.1":	"ब्याधितं समणं दिस्वा, ",
"tha-ap181:2.2":	"सीलवन्तं महाजुतिं; ",
"tha-ap181:2.3":	"पसन्नचित्तो सुमनो, ",
"tha-ap181:2.4":	"भेसज्जमददिं तदा। ",
"tha-ap181:3.1":	"अरोगो आसि तेनेव, ",
"tha-ap181:3.2":	"समणो संवुतिन्द्रियो; ",
"tha-ap181:3.3":	"असोको नाम नामेन, ",
"tha-ap181:3.4":	"उपट्ठाको विपस्सिनो। ",
"tha-ap181:4.1":	"एकनवुतितो कप्पे, ",
"tha-ap181:4.2":	"यं ओसधमदासहं; ",
"tha-ap181:4.3":	"दुग्गतिं नाभिजानामि, ",
"tha-ap181:4.4":	"भेसज्जस्स इदं फलं। ",
"tha-ap181:5.1":	"इतो च अट्ठमे कप्पे, ",
"tha-ap181:5.2":	"सब्बोसधसनामको; ",
"tha-ap181:5.3":	"सत्तरतनसम्पन्नो, ",
"tha-ap181:5.4":	"चक्कवत्ती महब्बलो। ",
"tha-ap181:6.1":	"पटिसम्भिदा चतस्सो, ",
"tha-ap181:6.2":	"…पे… ",
"tha-ap181:6.3":	"कतं बुद्धस्स सासनं”। ",
"tha-ap181:7.1":	"इत्थं सुदं आयस्मा तिकिच्छको थेरो इमा गाथायो अभासित्थाति। ",
"tha-ap181:8.1":	"तिकिच्छकत्थेरस्सापदानं नवमं। "
}	
