{	
"tha-ap104:0.1":	"थेरापदान ",
"tha-ap104:0.2":	"भिक्खदायिवग्ग ",
"tha-ap104:0.3":	"२ ञाणसञ्ञिकत्थेरअपदान ",
"tha-ap104:1.1":	"“सुवण्णवण्णं सम्बुद्धं, ",
"tha-ap104:1.2":	"निसभाजानियं यथा; ",
"tha-ap104:1.3":	"तिधापभिन्नं मातङ्गं, ",
"tha-ap104:1.4":	"कुञ्जरंव महेसिनं। ",
"tha-ap104:2.1":	"ओभासेन्तं दिसा सब्बा, ",
"tha-ap104:2.2":	"उळुराजंव पूरितं; ",
"tha-ap104:2.3":	"रथियं पटिपज्जन्तं, ",
"tha-ap104:2.4":	"लोकजेट्ठं अपस्सहं। ",
"tha-ap104:3.1":	"ञाणे चित्तं पसादेत्वा, ",
"tha-ap104:3.2":	"पग्गहेत्वान अञ्जलिं; ",
"tha-ap104:3.3":	"पसन्नचित्तो सुमनो, ",
"tha-ap104:3.4":	"सिद्धत्थमभिवादयिं। ",
"tha-ap104:4.1":	"चतुन्नवुतितो कप्पे, ",
"tha-ap104:4.2":	"यं कम्ममकरिं तदा; ",
"tha-ap104:4.3":	"दुग्गतिं नाभिजानामि, ",
"tha-ap104:4.4":	"ञाणसञ्ञायिदं फलं। ",
"tha-ap104:5.1":	"तेसत्ततिम्हितो कप्पे, ",
"tha-ap104:5.2":	"सोळसासुं नरुत्तमा; ",
"tha-ap104:5.3":	"सत्तरतनसम्पन्ना, ",
"tha-ap104:5.4":	"चक्कवत्ती महब्बला। ",
"tha-ap104:6.1":	"पटिसम्भिदा चतस्सो, ",
"tha-ap104:6.2":	"…पे… ",
"tha-ap104:6.3":	"कतं बुद्धस्स सासनं”। ",
"tha-ap104:7.1":	"इत्थं सुदं आयस्मा ञाणसञ्ञिको थेरो इमा गाथायो अभासित्थाति। ",
"tha-ap104:8.1":	"ञाणसञ्ञिकत्थेरस्सापदानं दुतियं। "
}	
