{	
"tha-ap202:0.1":	"थेरापदान ",
"tha-ap202:0.2":	"तमालपुप्फियवग्ग ",
"tha-ap202:0.3":	"१० यूथिकपुप्फियत्थेरअपदान ",
"tha-ap202:1.1":	"“पदुमुत्तरो नाम जिनो, ",
"tha-ap202:1.2":	"आहुतीनं पटिग्गहो; ",
"tha-ap202:1.3":	"पवना निक्खमित्वान, ",
"tha-ap202:1.4":	"विहारं याति चक्खुमा। ",
"tha-ap202:2.1":	"उभो हत्थेहि पग्गय्ह, ",
"tha-ap202:2.2":	"यूथिकं पुप्फमुत्तमं; ",
"tha-ap202:2.3":	"बुद्धस्स अभिरोपयिं, ",
"tha-ap202:2.4":	"मेत्तचित्तस्स तादिनो। ",
"tha-ap202:3.1":	"तेन चित्तप्पसादेन, ",
"tha-ap202:3.2":	"अनुभोत्वान सम्पदा; ",
"tha-ap202:3.3":	"कप्पानं सतसहस्सं, ",
"tha-ap202:3.4":	"दुग्गतिं नुपपज्जहं। ",
"tha-ap202:4.1":	"इतो पञ्ञासकप्पेसु, ",
"tha-ap202:4.2":	"एको आसिं जनाधिपो; ",
"tha-ap202:4.3":	"समित्तनन्दनो नाम, ",
"tha-ap202:4.4":	"चक्कवत्ती महब्बलो। ",
"tha-ap202:5.1":	"पटिसम्भिदा चतस्सो, ",
"tha-ap202:5.2":	"…पे… ",
"tha-ap202:5.3":	"कतं बुद्धस्स सासनं”। ",
"tha-ap202:6.1":	"इत्थं सुदं आयस्मा यूथिकपुप्फियो थेरो इमा गाथायो अभासित्थाति। ",
"tha-ap202:7.1":	"यूथिकपुप्फियत्थेरस्सापदानं दसमं। ",
"tha-ap202:7.2":	"तमालपुप्फियवग्गो वीसतिमो। ",
"tha-ap202:8.1":	"तस्सुद्दानं ",
"tha-ap202:9.1":	"तमालतिणसन्थारो, ",
"tha-ap202:9.2":	"खण्डफुल्लि असोकियो; ",
"tha-ap202:9.3":	"अङ्कोलकी किसलयो, ",
"tha-ap202:9.4":	"तिन्दुको नेलपुप्फियो; ",
"tha-ap202:9.5":	"किङ्कणिको यूथिको च, ",
"tha-ap202:9.6":	"गाथा पञ्ञास अट्ठ चाति। ",
"tha-ap202:10.1":	"अथ वग्गुद्दानं ",
"tha-ap202:11.1":	"भिक्खादायी परिवारो, ",
"tha-ap202:11.2":	"सेरेय्यो सोभितो तथा; ",
"tha-ap202:11.3":	"छत्तञ्च बन्धुजीवी च, ",
"tha-ap202:11.4":	"सुपारिचरियोपि च। ",
"tha-ap202:12.1":	"कुमुदो कुटजो चेव, ",
"tha-ap202:12.2":	"तमालि दसमो कतो; ",
"tha-ap202:12.3":	"छसतानि च गाथानि, ",
"tha-ap202:12.4":	"छसट्ठि च ततुत्तरि। ",
"tha-ap202:13.1":	"भिक्खावग्गदसकं। ",
"tha-ap202:14.1":	"दुतियसतकं समत्तं। "
}	
