{	
"tha-ap100:0.1":	"थेरापदान ",
"tha-ap100:0.2":	"सुधावग्ग ",
"tha-ap100:0.3":	"सेनासनदायकत्थेरअपदान ",
"tha-ap100:1.1":	"“सिद्धत्थस्स भगवतो, ",
"tha-ap100:1.2":	"अदासिं पण्णसन्थरं; ",
"tha-ap100:1.3":	"समन्ता उपहारञ्च, ",
"tha-ap100:1.4":	"कुसुमं ओकिरिं अहं। ",
"tha-ap100:2.1":	"पासादेवं गुणं रम्मं, ",
"tha-ap100:2.2":	"अनुभोमि महारहं; ",
"tha-ap100:2.3":	"महग्घानि च पुप्फानि, ",
"tha-ap100:2.4":	"सयनेभिसवन्ति मे। ",
"tha-ap100:3.1":	"सयनेहं तुवट्टामि, ",
"tha-ap100:3.2":	"विचित्ते पुप्फसन्थते; ",
"tha-ap100:3.3":	"पुप्फवुट्ठि च सयने, ",
"tha-ap100:3.4":	"अभिवस्सति तावदे। ",
"tha-ap100:4.1":	"चतुन्नवुतितो कप्पे, ",
"tha-ap100:4.2":	"अदासिं पण्णसन्थरं; ",
"tha-ap100:4.3":	"दुग्गतिं नाभिजानामि, ",
"tha-ap100:4.4":	"सन्थरस्स इदं फलं। ",
"tha-ap100:5.1":	"तिणसन्थरका नाम, ",
"tha-ap100:5.2":	"सत्तेते चक्कवत्तिनो; ",
"tha-ap100:5.3":	"इतो ते पञ्चमे कप्पे, ",
"tha-ap100:5.4":	"उप्पज्जिंसु जनाधिपा। ",
"tha-ap100:6.1":	"पटिसम्भिदा चतस्सो, ",
"tha-ap100:6.2":	"…पे… ",
"tha-ap100:6.3":	"कतं बुद्धस्स सासनं”। ",
"tha-ap100:7.1":	"इत्थं सुदं आयस्मा सेनासनदायको थेरो इमा गाथायो अभासित्थाति। ",
"tha-ap100:8.1":	"सेनासनदायकत्थेरस्सापदानं अट्ठमं। "
}	
