{	
"tha-ap336:0.1":	"थेरापदान ",
"tha-ap336:0.2":	"गन्धोदकवग्ग ",
"tha-ap336:0.3":	"एकदुस्सदायकत्थेरअपदान ",
"tha-ap336:1.1":	"“नगरे हंसवतिया, ",
"tha-ap336:1.2":	"अहोसिं तिणहारको; ",
"tha-ap336:1.3":	"तिणहारेन जीवामि, ",
"tha-ap336:1.4":	"तेन पोसेमि दारके। ",
"tha-ap336:2.1":	"पदुमुत्तरो नाम जिनो, ",
"tha-ap336:2.2":	"सब्बधम्मान पारगू; ",
"tha-ap336:2.3":	"तमन्धकारं नासेत्वा, ",
"tha-ap336:2.4":	"उप्पज्जि लोकनायको। ",
"tha-ap336:3.1":	"सके घरे निसीदित्वा, ",
"tha-ap336:3.2":	"एवं चिन्तेसहं तदा; ",
"tha-ap336:3.3":	"‘बुद्धो लोके समुप्पन्नो, ",
"tha-ap336:3.4":	"देय्यधम्मो च नत्थि मे। ",
"tha-ap336:4.1":	"इदं मे साटकं एकं, ",
"tha-ap336:4.2":	"नत्थि मे कोचि दायको; ",
"tha-ap336:4.3":	"दुक्खो निरयसम्फस्सो, ",
"tha-ap336:4.4":	"रोपयिस्सामि दक्खिणं’। ",
"tha-ap336:5.1":	"एवाहं चिन्तयित्वान, ",
"tha-ap336:5.2":	"सकं चित्तं पसादयिं; ",
"tha-ap336:5.3":	"एकं दुस्सं गहेत्वान, ",
"tha-ap336:5.4":	"बुद्धसेट्ठस्सदासहं। ",
"tha-ap336:6.1":	"एकं दुस्सं ददित्वान, ",
"tha-ap336:6.2":	"उक्कुट्ठिं सम्पवत्तयिं; ",
"tha-ap336:6.3":	"यदि बुद्धो तुवं वीर, ",
"tha-ap336:6.4":	"तारेहि मं महामुनि। ",
"tha-ap336:7.1":	"पदुमुत्तरो लोकविदू, ",
"tha-ap336:7.2":	"आहुतीनं पटिग्गहो; ",
"tha-ap336:7.3":	"मम दानं पकित्तेन्तो, ",
"tha-ap336:7.4":	"अका मे अनुमोदनं। ",
"tha-ap336:8.1":	"‘इमिना एकदुस्सेन, ",
"tha-ap336:8.2":	"चेतनापणिधीहि च; ",
"tha-ap336:8.3":	"कप्पसतसहस्सानि, ",
"tha-ap336:8.4":	"विनिपातं न गच्छति। ",
"tha-ap336:9.1":	"छत्तिंसक्खत्तुं देविन्दो, ",
"tha-ap336:9.2":	"देवरज्जं करिस्सति; ",
"tha-ap336:9.3":	"तेत्तिंसक्खत्तुं राजा च, ",
"tha-ap336:9.4":	"चक्कवत्ती भविस्सति; ",
"tha-ap336:9.5":	"पदेसरज्जं विपुलं, ",
"tha-ap336:9.6":	"गणनातो असङ्खियं। ",
"tha-ap336:10.1":	"देवलोके मनुस्से वा, ",
"tha-ap336:10.2":	"संसरन्तो तुवं भवे; ",
"tha-ap336:10.3":	"रूपवा गुणसम्पन्नो, ",
"tha-ap336:10.4":	"अनवक्कन्तदेहवा; ",
"tha-ap336:10.5":	"अक्खोभं अमितं दुस्सं, ",
"tha-ap336:10.6":	"लभिस्सति यदिच्छकं’। ",
"tha-ap336:11.1":	"इदं वत्वान सम्बुद्धो, ",
"tha-ap336:11.2":	"जलजुत्तमनामको; ",
"tha-ap336:11.3":	"नभं अब्भुग्गमी धीरो, ",
"tha-ap336:11.4":	"हंसराजाव अम्बरे। ",
"tha-ap336:12.1":	"यं यं योनुपपज्जामि, ",
"tha-ap336:12.2":	"देवत्तं अथ मानुसं; ",
"tha-ap336:12.3":	"भोगे मे ऊनता नत्थि, ",
"tha-ap336:12.4":	"एकदुस्सस्सिदं फलं। ",
"tha-ap336:13.1":	"पदुद्धारे पदुद्धारे, ",
"tha-ap336:13.2":	"दुस्सं निब्बत्तते ममं; ",
"tha-ap336:13.3":	"हेट्ठा दुस्सम्हि तिट्ठामि, ",
"tha-ap336:13.4":	"उपरि छदनं मम। ",
"tha-ap336:14.1":	"चक्कवाळमुपादाय, ",
"tha-ap336:14.2":	"सकाननं सपब्बतं; ",
"tha-ap336:14.3":	"इच्छमानो चहं अज्ज, ",
"tha-ap336:14.4":	"दुस्सेहि छादयेय्यहं। ",
"tha-ap336:15.1":	"तेनेव एकदुस्सेन, ",
"tha-ap336:15.2":	"संसरन्तो भवाभवे; ",
"tha-ap336:15.3":	"सुवण्णवण्णो हुत्वान, ",
"tha-ap336:15.4":	"संसरामि भवाभवे। ",
"tha-ap336:16.1":	"विपाकं एकदुस्सस्स, ",
"tha-ap336:16.2":	"नज्झगं कत्थचिक्खयं; ",
"tha-ap336:16.3":	"अयं मे अन्तिमा जाति, ",
"tha-ap336:16.4":	"विपच्चति इधापि मे। ",
"tha-ap336:17.1":	"सतसहस्सितो कप्पे, ",
"tha-ap336:17.2":	"यं दुस्समददिं तदा; ",
"tha-ap336:17.3":	"दुग्गतिं नाभिजानामि, ",
"tha-ap336:17.4":	"एकदुस्सस्सिदं फलं। ",
"tha-ap336:18.1":	"किलेसा झापिता मय्हं, ",
"tha-ap336:18.2":	"भवा सब्बे समूहता; ",
"tha-ap336:18.3":	"नागोव बन्धनं छेत्वा, ",
"tha-ap336:18.4":	"विहरामि अनासवो। ",
"tha-ap336:19.1":	"पटिसम्भिदा चतस्सो, ",
"tha-ap336:19.2":	"…पे… ",
"tha-ap336:19.3":	"कतं बुद्धस्स सासनं”। ",
"tha-ap336:20.1":	"इत्थं सुदं आयस्मा एकदुस्सदायको थेरो इमा गाथायो अभासित्थाति। ",
"tha-ap336:21.1":	"एकदुस्सदायकत्थेरस्सापदानं चतुत्थं। "
}	
