{	
"tha-ap187:0.1":	"थेरापदान ",
"tha-ap187:0.2":	"कुटजपुप्फियवग्ग ",
"tha-ap187:0.3":	"इसिमुग्गदायकत्थेरअपदान ",
"tha-ap187:1.1":	"“उदेन्तं सतरंसिंव, ",
"tha-ap187:1.2":	"पीतरंसिंव भाणुमं; ",
"tha-ap187:1.3":	"ककुधं विलसन्तंव, ",
"tha-ap187:1.4":	"पदुमुत्तरनायकं। ",
"tha-ap187:2.1":	"इसिमुग्गानि पिसित्वा, ",
"tha-ap187:2.2":	"मधुखुद्दे अनीळके; ",
"tha-ap187:2.3":	"पासादेव ठितो सन्तो, ",
"tha-ap187:2.4":	"अदासिं लोकबन्धुनो। ",
"tha-ap187:3.1":	"अट्ठसतसहस्सानि, ",
"tha-ap187:3.2":	"अहेसुं बुद्धसावका; ",
"tha-ap187:3.3":	"सब्बेसं पत्तपूरेन्तं, ",
"tha-ap187:3.4":	"ततो चापि बहुत्तरं। ",
"tha-ap187:4.1":	"तेन चित्तप्पसादेन, ",
"tha-ap187:4.2":	"सुक्कमूलेन चोदितो; ",
"tha-ap187:4.3":	"कप्पानं सतसहस्सं, ",
"tha-ap187:4.4":	"दुग्गतिं नुपपज्जहं। ",
"tha-ap187:5.1":	"चत्तालीसम्हि सहस्से, ",
"tha-ap187:5.2":	"कप्पानं अट्ठतिंस ते; ",
"tha-ap187:5.3":	"इसिमुग्गसनामा ते, ",
"tha-ap187:5.4":	"चक्कवत्ती महब्बला। ",
"tha-ap187:6.1":	"पटिसम्भिदा चतस्सो, ",
"tha-ap187:6.2":	"…पे… ",
"tha-ap187:6.3":	"कतं बुद्धस्स सासनं”। ",
"tha-ap187:7.1":	"इत्थं सुदं आयस्मा इसिमुग्गदायको थेरो इमा गाथायो अभासित्थाति। ",
"tha-ap187:8.1":	"इसिमुग्गदायकत्थेरस्सापदानं पञ्चमं। "
}	
