{	
"tha-ap256:0.1":	"थेरापदान ",
"tha-ap256:0.2":	"थोमकवग्ग ",
"tha-ap256:0.3":	"४ तिचम्पकपुप्फियत्थेरअपदान ",
"tha-ap256:1.1":	"“हिमवन्तस्साविदूरे, ",
"tha-ap256:1.2":	"विकतो नाम पब्बतो; ",
"tha-ap256:1.3":	"तस्स वेमज्झे वसति, ",
"tha-ap256:1.4":	"समणो भावितिन्द्रियो। ",
"tha-ap256:2.1":	"दिस्वान तस्सोपसमं, ",
"tha-ap256:2.2":	"विप्पसन्नेन चेतसा; ",
"tha-ap256:2.3":	"तीणि चम्पकपुप्फानि, ",
"tha-ap256:2.4":	"गहेत्वान समोकिरिं। ",
"tha-ap256:3.1":	"एकनवुतितो कप्पे, ",
"tha-ap256:3.2":	"यं पुप्फमभिपूजयिं; ",
"tha-ap256:3.3":	"दुग्गतिं नाभिजानामि, ",
"tha-ap256:3.4":	"बुद्धपूजायिदं फलं। ",
"tha-ap256:4.1":	"पटिसम्भिदा चतस्सो, ",
"tha-ap256:4.2":	"…पे… ",
"tha-ap256:4.3":	"कतं बुद्धस्स सासनं”। ",
"tha-ap256:5.1":	"इत्थं सुदं आयस्मा तिचम्पकपुप्फियो थेरो इमा गाथायो अभासित्थाति। ",
"tha-ap256:6.1":	"तिचम्पकपुप्फियत्थेरस्सापदानं चतुत्थं। "
}	
