{	
"tha-ap49:0.1":	"थेरापदान ",
"tha-ap49:0.2":	"उपालिवग्ग ",
"tha-ap49:0.3":	"सयनदायकत्थेरअपदान ",
"tha-ap49:1.1":	"“सिद्धत्थस्स भगवतो, ",
"tha-ap49:1.2":	"मेत्तचित्तस्स तादिनो; ",
"tha-ap49:1.3":	"सयनग्गं मया दिन्नं, ",
"tha-ap49:1.4":	"दुस्सभण्डेहि अत्थतं। ",
"tha-ap49:2.1":	"पटिग्गहेसि भगवा, ",
"tha-ap49:2.2":	"कप्पियं सयनासनं; ",
"tha-ap49:2.3":	"उट्ठाय सयना तम्हा, ",
"tha-ap49:2.4":	"वेहासं उग्गमी जिनो। ",
"tha-ap49:3.1":	"चतुन्नवुतितो कप्पे, ",
"tha-ap49:3.2":	"यं सयनमदासहं; ",
"tha-ap49:3.3":	"दुग्गतिं नाभिजानामि, ",
"tha-ap49:3.4":	"सयनस्स इदं फलं। ",
"tha-ap49:4.1":	"एकपञ्ञासितो कप्पे, ",
"tha-ap49:4.2":	"वरको देवसव्हयो; ",
"tha-ap49:4.3":	"सत्तरतनसम्पन्नो, ",
"tha-ap49:4.4":	"चक्कवत्ती महब्बलो। ",
"tha-ap49:5.1":	"पटिसम्भिदा चतस्सो, ",
"tha-ap49:5.2":	"…पे… ",
"tha-ap49:5.3":	"कतं बुद्धस्स सासनं”। ",
"tha-ap49:6.1":	"इत्थं सुदं आयस्मा सयनदायको थेरो इमा गाथायो अभासित्थाति। ",
"tha-ap49:7.1":	"सयनदायकत्थेरस्सापदानं सत्तमं। "
}	
