{	
"tha-ap250:0.1":	"थेरापदान ",
"tha-ap250:0.2":	"तुवरदायकवग्ग ",
"tha-ap250:0.3":	"८ सत्तलिपुप्फपूजकत्थेरअपदान ",
"tha-ap250:1.1":	"“सत्त सत्तलिपुप्फानि, ",
"tha-ap250:1.2":	"सीसे कत्वानहं तदा; ",
"tha-ap250:1.3":	"बुद्धस्स अभिरोपेसिं, ",
"tha-ap250:1.4":	"वेस्सभुम्हि नरुत्तमे। ",
"tha-ap250:2.1":	"एकत्तिंसे इतो कप्पे, ",
"tha-ap250:2.2":	"यं पुप्फमभिपूजयिं; ",
"tha-ap250:2.3":	"दुग्गतिं नाभिजानामि, ",
"tha-ap250:2.4":	"बुद्धपूजायिदं फलं। ",
"tha-ap250:3.1":	"पटिसम्भिदा चतस्सो, ",
"tha-ap250:3.2":	"…पे… ",
"tha-ap250:3.3":	"कतं बुद्धस्स सासनं”। ",
"tha-ap250:4.1":	"इत्थं सुदं आयस्मा सत्तलिपुप्फपूजको थेरो इमा गाथायो अभासित्थाति। ",
"tha-ap250:5.1":	"सत्तलिपुप्फपूजकत्थेरस्सापदानं अट्ठमं। "
}	
