{	
"tha-ap284:0.1":	"थेरापदान ",
"tha-ap284:0.2":	"पण्णदायकवग्ग ",
"tha-ap284:0.3":	"फलदायकत्थेरअपदान ",
"tha-ap284:1.1":	"“सिनेरुसमसन्तोसो, ",
"tha-ap284:1.2":	"धरणीसमसादिसो; ",
"tha-ap284:1.3":	"वुट्ठहित्वा समाधिम्हा, ",
"tha-ap284:1.4":	"भिक्खाय ममुपट्ठितो। ",
"tha-ap284:2.1":	"हरीतकं आमलकं, ",
"tha-ap284:2.2":	"अम्बजम्बुविभीतकं; ",
"tha-ap284:2.3":	"कोलं भल्लातकं बिल्लं, ",
"tha-ap284:2.4":	"फारुसकफलानि च। ",
"tha-ap284:3.1":	"सिद्धत्थस्स महेसिस्स, ",
"tha-ap284:3.2":	"सब्बलोकानुकम्पिनो; ",
"tha-ap284:3.3":	"तञ्च सब्बं मया दिन्नं, ",
"tha-ap284:3.4":	"विप्पसन्नेन चेतसा। ",
"tha-ap284:4.1":	"चतुन्नवुतितो कप्पे, ",
"tha-ap284:4.2":	"यं फलं अददिं तदा; ",
"tha-ap284:4.3":	"दुग्गतिं नाभिजानामि, ",
"tha-ap284:4.4":	"फलदानस्सिदं फलं। ",
"tha-ap284:5.1":	"सत्तपञ्ञासितो कप्पे, ",
"tha-ap284:5.2":	"एकज्झो नाम खत्तियो; ",
"tha-ap284:5.3":	"सत्तरतनसम्पन्नो, ",
"tha-ap284:5.4":	"चक्कवत्ती महब्बलो। ",
"tha-ap284:6.1":	"पटिसम्भिदा चतस्सो, ",
"tha-ap284:6.2":	"…पे… ",
"tha-ap284:6.3":	"कतं बुद्धस्स सासनं”। ",
"tha-ap284:7.1":	"इत्थं सुदं आयस्मा फलदायको थेरो इमा गाथायो अभासित्थाति। ",
"tha-ap284:8.1":	"फलदायकत्थेरस्सापदानं दुतियं। "
}	
