{	
"tha-ap182:0.1":	"थेरापदान ",
"tha-ap182:0.2":	"कुमुदवग्ग ",
"tha-ap182:0.3":	"सङ्घुपट्ठाकत्थेरअपदान ",
"tha-ap182:1.1":	"“वेस्सभुम्हि भगवति, ",
"tha-ap182:1.2":	"अहोसारामिको अहं; ",
"tha-ap182:1.3":	"पसन्नचित्तो सुमनो, ",
"tha-ap182:1.4":	"उपट्ठिं सङ्घमुत्तमं। ",
"tha-ap182:2.1":	"एकत्तिंसे इतो कप्पे, ",
"tha-ap182:2.2":	"यं कम्ममकरिं तदा; ",
"tha-ap182:2.3":	"दुग्गतिं नाभिजानामि, ",
"tha-ap182:2.4":	"उपट्ठानस्सिदं फलं। ",
"tha-ap182:3.1":	"इतो ते सत्तमे कप्पे, ",
"tha-ap182:3.2":	"सत्तेवासुं समोदका; ",
"tha-ap182:3.3":	"सत्तरतनसम्पन्ना, ",
"tha-ap182:3.4":	"चक्कवत्ती महब्बला। ",
"tha-ap182:4.1":	"पटिसम्भिदा चतस्सो, ",
"tha-ap182:4.2":	"…पे… ",
"tha-ap182:4.3":	"कतं बुद्धस्स सासनं”। ",
"tha-ap182:5.1":	"इत्थं सुदं आयस्मा सङ्घुपट्ठाको थेरो इमा गाथायो अभासित्थाति। ",
"tha-ap182:6.1":	"सङ्घुपट्ठाकत्थेरस्सापदानं दसमं। ",
"tha-ap182:7.1":	"कुमुदवग्गो अट्ठारसमो। ",
"tha-ap182:8.1":	"तस्सुद्दानं ",
"tha-ap182:9.1":	"कुमुदो अथ निस्सेणी, ",
"tha-ap182:9.2":	"रत्तिको उदपानदो; ",
"tha-ap182:9.3":	"सीहासनी मग्गददो, ",
"tha-ap182:9.4":	"एकदीपी मणिप्पदो; ",
"tha-ap182:9.5":	"तिकिच्छको उपट्ठाको, ",
"tha-ap182:9.6":	"एकपञ्ञास गाथकाति। "
}	
