{	
"tha-ap172:0.1":	"थेरापदान ",
"tha-ap172:0.2":	"सुपारिचरियवग्ग ",
"tha-ap172:0.3":	"पञ्चङ्गुलियत्थेरअपदान ",
"tha-ap172:1.1":	"“तिस्सो नामासि भगवा, ",
"tha-ap172:1.2":	"लोकजेट्ठो नरासभो; ",
"tha-ap172:1.3":	"पविसति गन्धकुटिं, ",
"tha-ap172:1.4":	"विहारकुसलो मुनि। ",
"tha-ap172:2.1":	"सुगन्धमालमादाय, ",
"tha-ap172:2.2":	"अगमासिं जिनन्तिकं; ",
"tha-ap172:2.3":	"अपसद्दो च सम्बुद्धे, ",
"tha-ap172:2.4":	"पञ्चङ्गुलिमदासहं। ",
"tha-ap172:3.1":	"द्वेनवुते इतो कप्पे, ",
"tha-ap172:3.2":	"यं गन्धमभिरोपयिं; ",
"tha-ap172:3.3":	"दुग्गतिं नाभिजानामि, ",
"tha-ap172:3.4":	"पञ्चङ्गुलिस्सिदं फलं। ",
"tha-ap172:4.1":	"द्वेसत्ततिम्हितो कप्पे, ",
"tha-ap172:4.2":	"राजा आसिं सयम्पभो; ",
"tha-ap172:4.3":	"सत्तरतनसम्पन्नो, ",
"tha-ap172:4.4":	"चक्कवत्ती महब्बलो। ",
"tha-ap172:5.1":	"पटिसम्भिदा चतस्सो, ",
"tha-ap172:5.2":	"…पे… ",
"tha-ap172:5.3":	"कतं बुद्धस्स सासनं”। ",
"tha-ap172:6.1":	"इत्थं सुदं आयस्मा पञ्चङ्गुलियो थेरो इमा गाथायो अभासित्थाति। ",
"tha-ap172:7.1":	"पञ्चङ्गुलियत्थेरस्सापदानं दसमं। ",
"tha-ap172:8.1":	"सुपारिचरियवग्गो सत्तरसमो। ",
"tha-ap172:9.1":	"तस्सुद्दानं ",
"tha-ap172:10.1":	"सुपारिचरि कणवेरी, ",
"tha-ap172:10.2":	"खज्जको देसपूजको; ",
"tha-ap172:10.3":	"कणिकारो सप्पिददो, ",
"tha-ap172:10.4":	"यूथिको दुस्सदायको; ",
"tha-ap172:10.5":	"माळो च पञ्चङ्गुलिको, ",
"tha-ap172:10.6":	"चतुपञ्ञास गाथकाति। "
}	
