{	
"tha-ap246:0.1":	"थेरापदान ",
"tha-ap246:0.2":	"तुवरदायकवग्ग ",
"tha-ap246:0.3":	"४ विरवपुप्फियत्थेरअपदान ",
"tha-ap246:1.1":	"“खीणासवसहस्सेहि, ",
"tha-ap246:1.2":	"निय्याति लोकनायको; ",
"tha-ap246:1.3":	"विरवपुप्फमादाय, ",
"tha-ap246:1.4":	"बुद्धस्स अभिरोपयिं। ",
"tha-ap246:2.1":	"एकनवुतितो कप्पे, ",
"tha-ap246:2.2":	"यं पुप्फमभिपूजयिं; ",
"tha-ap246:2.3":	"दुग्गतिं नाभिजानामि, ",
"tha-ap246:2.4":	"बुद्धपूजायिदं फलं। ",
"tha-ap246:3.1":	"पटिसम्भिदा चतस्सो, ",
"tha-ap246:3.2":	"…पे… ",
"tha-ap246:3.3":	"कतं बुद्धस्स सासनं”। ",
"tha-ap246:4.1":	"इत्थं सुदं आयस्मा विरवपुप्फियो थेरो इमा गाथायो अभासित्थाति। ",
"tha-ap246:5.1":	"विरवपुप्फियत्थेरस्सापदानं चतुत्थं। "
}	
