{	
"tha-ap447:0.1":	"थेरापदान ",
"tha-ap447:0.2":	"विभीतकवग्ग ",
"tha-ap447:0.3":	"५ उत्तलिपुप्फियत्थेरअपदान ",
"tha-ap447:1.1":	"“निग्रोधे हरितोभासे, ",
"tha-ap447:1.2":	"संविरुळ्हम्हि पादपे; ",
"tha-ap447:1.3":	"उत्तलिमालं पग्गय्ह, ",
"tha-ap447:1.4":	"बोधिया अभिरोपयिं। ",
"tha-ap447:2.1":	"इमस्मिंयेव कप्पम्हि, ",
"tha-ap447:2.2":	"यं बोधिमभिपूजयिं; ",
"tha-ap447:2.3":	"दुग्गतिं नाभिजानामि, ",
"tha-ap447:2.4":	"बोधिपूजायिदं फलं। ",
"tha-ap447:3.1":	"किलेसा झापिता मय्हं, ",
"tha-ap447:3.2":	"…पे… ",
"tha-ap447:3.3":	"विहरामि अनासवो। ",
"tha-ap447:4.1":	"स्वागतं वत मे आसि, ",
"tha-ap447:4.2":	"…पे… ",
"tha-ap447:4.3":	"कतं बुद्धस्स सासनं। ",
"tha-ap447:5.1":	"पटिसम्भिदा चतस्सो, ",
"tha-ap447:5.2":	"…पे… ",
"tha-ap447:5.3":	"कतं बुद्धस्स सासनं”। ",
"tha-ap447:6.1":	"इत्थं सुदं आयस्मा उत्तलिपुप्फियो थेरो इमा गाथायो अभासित्थाति। ",
"tha-ap447:7.1":	"उत्तलिपुप्फियत्थेरस्सापदानं पञ्चमं। "
}	
