{	
"tha-ap128:0.1":	"थेरापदान ",
"tha-ap128:0.2":	"सेरेय्यवग्ग ",
"tha-ap128:0.3":	"कुसुमासनियत्थेरअपदान ",
"tha-ap128:1.1":	"“नगरे धञ्ञवतिया, ",
"tha-ap128:1.2":	"अहोसिं ब्राह्मणो तदा; ",
"tha-ap128:1.3":	"लक्खणे इतिहासे च, ",
"tha-ap128:1.4":	"सनिघण्डुसकेटुभे। ",
"tha-ap128:2.1":	"पदको वेय्याकरणो, ",
"tha-ap128:2.2":	"निमित्तकोविदो अहं; ",
"tha-ap128:2.3":	"मन्ते च सिस्से वाचेसिं, ",
"tha-ap128:2.4":	"तिण्णं वेदान पारगू। ",
"tha-ap128:3.1":	"पञ्च उप्पलहत्थानि, ",
"tha-ap128:3.2":	"पिट्ठियं ठपितानि मे; ",
"tha-ap128:3.3":	"आहुतिं यिट्ठुकामोहं, ",
"tha-ap128:3.4":	"पितुमातुसमागमे। ",
"tha-ap128:4.1":	"तदा विपस्सी भगवा, ",
"tha-ap128:4.2":	"भिक्खुसङ्घपुरक्खतो; ",
"tha-ap128:4.3":	"ओभासेन्तो दिसा सब्बा, ",
"tha-ap128:4.4":	"आगच्छति नरासभो। ",
"tha-ap128:5.1":	"आसनं पञ्ञपेत्वान, ",
"tha-ap128:5.2":	"निमन्तेत्वा महामुनिं; ",
"tha-ap128:5.3":	"सन्थरित्वान तं पुप्फं, ",
"tha-ap128:5.4":	"अभिनेसिं सकं घरं। ",
"tha-ap128:6.1":	"यं मे अत्थि सके गेहे, ",
"tha-ap128:6.2":	"आमिसं पच्चुपट्ठितं; ",
"tha-ap128:6.3":	"ताहं बुद्धस्स पादासिं, ",
"tha-ap128:6.4":	"पसन्नो सेहि पाणिभि। ",
"tha-ap128:7.1":	"भुत्ताविं कालमञ्ञाय, ",
"tha-ap128:7.2":	"पुप्फहत्थमदासहं; ",
"tha-ap128:7.3":	"अनुमोदित्वान सब्बञ्ञू, ",
"tha-ap128:7.4":	"पक्कामि उत्तरामुखो। ",
"tha-ap128:8.1":	"एकनवुतितो कप्पे, ",
"tha-ap128:8.2":	"यं पुप्फमददिं तदा; ",
"tha-ap128:8.3":	"दुग्गतिं नाभिजानामि, ",
"tha-ap128:8.4":	"पुप्फदानस्सिदं फलं। ",
"tha-ap128:9.1":	"अनन्तरं इतो कप्पे, ",
"tha-ap128:9.2":	"राजाहुं वरदस्सनो; ",
"tha-ap128:9.3":	"सत्तरतनसम्पन्नो, ",
"tha-ap128:9.4":	"चक्कवत्ती महब्बलो। ",
"tha-ap128:10.1":	"पटिसम्भिदा चतस्सो, ",
"tha-ap128:10.2":	"…पे… ",
"tha-ap128:10.3":	"कतं बुद्धस्स सासनं”। ",
"tha-ap128:11.1":	"इत्थं सुदं आयस्मा कुसुमासनियो थेरो इमा गाथायो अभासित्थाति। ",
"tha-ap128:12.1":	"कुसुमासनियत्थेरस्सापदानं छट्ठं। "
}	
