{	
"tha-ap151:0.1":	"थेरापदान ",
"tha-ap151:0.2":	"छत्तवग्ग ",
"tha-ap151:0.3":	"वटंसकियत्थेरअपदान ",
"tha-ap151:1.1":	"“सुमेधो नाम नामेन, ",
"tha-ap151:1.2":	"सयम्भू अपराजितो; ",
"tha-ap151:1.3":	"विवेकमनुब्रूहन्तो, ",
"tha-ap151:1.4":	"अज्झोगाहि महावनं। ",
"tha-ap151:2.1":	"सळलं पुप्फितं दिस्वा, ",
"tha-ap151:2.2":	"गन्थित्वान वटंसकं; ",
"tha-ap151:2.3":	"बुद्धस्स अभिरोपेसिं, ",
"tha-ap151:2.4":	"सम्मुखा लोकनायकं। ",
"tha-ap151:3.1":	"तिंसकप्पसहस्सम्हि, ",
"tha-ap151:3.2":	"यं पुप्फमभिरोपयिं; ",
"tha-ap151:3.3":	"दुग्गतिं नाभिजानामि, ",
"tha-ap151:3.4":	"बुद्धपूजायिदं फलं। ",
"tha-ap151:4.1":	"ऊनवीसे कप्पसते, ",
"tha-ap151:4.2":	"सोळसासुं सुनिम्मिता; ",
"tha-ap151:4.3":	"सत्तरतनसम्पन्ना, ",
"tha-ap151:4.4":	"चक्कवत्ती महब्बला। ",
"tha-ap151:5.1":	"पटिसम्भिदा चतस्सो, ",
"tha-ap151:5.2":	"…पे… ",
"tha-ap151:5.3":	"कतं बुद्धस्स सासनं”। ",
"tha-ap151:6.1":	"इत्थं सुदं आयस्मा वटंसकियो थेरो इमा गाथायो अभासित्थाति। ",
"tha-ap151:7.1":	"वटंसकियत्थेरस्सापदानं नवमं। "
}	
