{	
"tha-ap167:0.1":	"थेरापदान ",
"tha-ap167:0.2":	"सुपारिचरियवग्ग ",
"tha-ap167:0.3":	"५ कणिकारछत्तियत्थेरअपदान ",
"tha-ap167:1.1":	"“वेस्सभू नाम सम्बुद्धो, ",
"tha-ap167:1.2":	"लोकजेट्ठो नरासभो; ",
"tha-ap167:1.3":	"दिवाविहाराय मुनि, ",
"tha-ap167:1.4":	"ओगाहयि महावनं। ",
"tha-ap167:2.1":	"कणिकारं ओचिनित्वा, ",
"tha-ap167:2.2":	"छत्तं कत्वानहं तदा; ",
"tha-ap167:2.3":	"पुप्फच्छदनं कत्वान, ",
"tha-ap167:2.4":	"बुद्धस्स अभिरोपयिं। ",
"tha-ap167:3.1":	"एकत्तिंसे इतो कप्पे, ",
"tha-ap167:3.2":	"यं पुप्फमभिरोपयिं; ",
"tha-ap167:3.3":	"दुग्गतिं नाभिजानामि, ",
"tha-ap167:3.4":	"बुद्धपूजायिदं फलं। ",
"tha-ap167:4.1":	"इतो वीसतिकप्पम्हि, ",
"tha-ap167:4.2":	"सोण्णाभा अट्ठ खत्तिया; ",
"tha-ap167:4.3":	"सत्तरतनसम्पन्ना, ",
"tha-ap167:4.4":	"चक्कवत्ती महब्बला। ",
"tha-ap167:5.1":	"पटिसम्भिदा चतस्सो, ",
"tha-ap167:5.2":	"…पे… ",
"tha-ap167:5.3":	"कतं बुद्धस्स सासनं”। ",
"tha-ap167:6.1":	"इत्थं सुदं आयस्मा कणिकारछत्तियो थेरो इमा गाथायो अभासित्थाति। ",
"tha-ap167:7.1":	"कणिकारछत्तियत्थेरस्सापदानं पञ्चमं। "
}	
