{	
"tha-ap169:0.1":	"थेरापदान ",
"tha-ap169:0.2":	"सुपारिचरियवग्ग ",
"tha-ap169:0.3":	"७ यूथिकपुप्फियत्थेरअपदान ",
"tha-ap169:1.1":	"“चन्दभागानदीतीरे, ",
"tha-ap169:1.2":	"अनुसोतं वजामहं; ",
"tha-ap169:1.3":	"सयम्भुं अद्दसं तत्थ, ",
"tha-ap169:1.4":	"सालराजंव फुल्लितं। ",
"tha-ap169:2.1":	"पुप्फं यूथिकमादाय, ",
"tha-ap169:2.2":	"उपगच्छिं महामुनिं; ",
"tha-ap169:2.3":	"पसन्नचित्तो सुमनो, ",
"tha-ap169:2.4":	"बुद्धस्स अभिरोपयिं। ",
"tha-ap169:3.1":	"चतुन्नवुतितो कप्पे, ",
"tha-ap169:3.2":	"यं पुप्फमभिरोपयिं; ",
"tha-ap169:3.3":	"दुग्गतिं नाभिजानामि, ",
"tha-ap169:3.4":	"बुद्धपूजायिदं फलं। ",
"tha-ap169:4.1":	"सत्तसट्ठिम्हितो कप्पे, ",
"tha-ap169:4.2":	"एको सामुद्धरो अहुं; ",
"tha-ap169:4.3":	"सत्तरतनसम्पन्नो, ",
"tha-ap169:4.4":	"चक्कवत्ती महब्बलो। ",
"tha-ap169:5.1":	"पटिसम्भिदा चतस्सो, ",
"tha-ap169:5.2":	"…पे… ",
"tha-ap169:5.3":	"कतं बुद्धस्स सासनं”। ",
"tha-ap169:6.1":	"इत्थं सुदं आयस्मा यूथिकपुप्फियो थेरो इमा गाथायो अभासित्थाति। ",
"tha-ap169:7.1":	"यूथिकपुप्फियत्थेरस्सापदानं सत्तमं। "
}	
