{	
"tha-ap208:0.1":	"थेरापदान ",
"tha-ap208:0.2":	"कणिकारपुप्फियवग्ग ",
"tha-ap208:0.3":	"उदकदायकत्थेरअपदान ",
"tha-ap208:1.1":	"“भुञ्जन्तं समणं दिस्वा, ",
"tha-ap208:1.2":	"विप्पसन्नमनाविलं; ",
"tha-ap208:1.3":	"घटेनोदकमादाय, ",
"tha-ap208:1.4":	"सिद्धत्थस्स अदासहं। ",
"tha-ap208:2.1":	"निम्मलो होमहं अज्ज, ",
"tha-ap208:2.2":	"विमलो खीणसंसयो; ",
"tha-ap208:2.3":	"भवे निब्बत्तमानम्हि, ",
"tha-ap208:2.4":	"फलं निब्बत्तते मम। ",
"tha-ap208:3.1":	"चतुन्नवुतितो कप्पे, ",
"tha-ap208:3.2":	"उदकं यमदासहं; ",
"tha-ap208:3.3":	"दुग्गतिं नाभिजानामि, ",
"tha-ap208:3.4":	"दकदानस्सिदं फलं। ",
"tha-ap208:4.1":	"एकसट्ठिम्हितो कप्पे, ",
"tha-ap208:4.2":	"एकोव विमलो अहु; ",
"tha-ap208:4.3":	"सत्तरतनसम्पन्नो, ",
"tha-ap208:4.4":	"चक्कवत्ती महब्बलो। ",
"tha-ap208:5.1":	"पटिसम्भिदा चतस्सो, ",
"tha-ap208:5.2":	"…पे… ",
"tha-ap208:5.3":	"कतं बुद्धस्स सासनं”। ",
"tha-ap208:6.1":	"इत्थं सुदं आयस्मा उदकदायको थेरो इमा गाथायो अभासित्थाति। ",
"tha-ap208:7.1":	"उदकदायकत्थेरस्सापदानं छट्ठं। "
}	
