{	
"tha-ap222:0.1":	"थेरापदान ",
"tha-ap222:0.2":	"हत्थिवग्ग ",
"tha-ap222:0.3":	"पापनिवारियत्थेरअपदान ",
"tha-ap222:1.1":	"“पियदस्सिस्स भगवतो, ",
"tha-ap222:1.2":	"चङ्कमं सोधितं मया; ",
"tha-ap222:1.3":	"नळकेहि पटिच्छन्नं, ",
"tha-ap222:1.4":	"वातातपनिवारणं। ",
"tha-ap222:2.1":	"पापं विवज्जनत्थाय, ",
"tha-ap222:2.2":	"कुसलस्सुपसम्पदा; ",
"tha-ap222:2.3":	"किलेसानं पहानाय, ",
"tha-ap222:2.4":	"पदहिं सत्थु सासने। ",
"tha-ap222:3.1":	"इतो एकादसे कप्पे, ",
"tha-ap222:3.2":	"अग्गिदेवोति विस्सुतो; ",
"tha-ap222:3.3":	"सत्तरतनसम्पन्नो, ",
"tha-ap222:3.4":	"चक्कवत्ती महब्बलो। ",
"tha-ap222:4.1":	"पटिसम्भिदा चतस्सो, ",
"tha-ap222:4.2":	"…पे… ",
"tha-ap222:4.3":	"कतं बुद्धस्स सासनं”। ",
"tha-ap222:5.1":	"इत्थं सुदं आयस्मा पापनिवारियो थेरो इमा गाथायो अभासित्थाति। ",
"tha-ap222:6.1":	"पापनिवारियत्थेरस्सापदानं दसमं। ",
"tha-ap222:7.1":	"हत्थिवग्गो बावीसतिमो। ",
"tha-ap222:8.1":	"तस्सुद्दानं ",
"tha-ap222:9.1":	"हत्थि पानधि सच्चञ्च, ",
"tha-ap222:9.2":	"एकसञ्ञि च रंसिको; ",
"tha-ap222:9.3":	"सन्धितो तालवण्टञ्च, ",
"tha-ap222:9.4":	"तथा अक्कन्तसञ्ञको; ",
"tha-ap222:9.5":	"सप्पि पापनिवारी च, ",
"tha-ap222:9.6":	"चतुप्पञ्ञास गाथकाति। "
}	
