{	
"tha-ap310:0.1":	"थेरापदान ",
"tha-ap310:0.2":	"पदुमकेसरवग्ग ",
"tha-ap310:0.3":	"अनुलेपदायकत्थेरअपदान ",
"tha-ap310:1.1":	"“अत्थदस्सिस्स मुनिनो, ",
"tha-ap310:1.2":	"अद्दसं सावकं अहं; ",
"tha-ap310:1.3":	"नवकम्मं करोन्तस्स, ",
"tha-ap310:1.4":	"सीमाय उपगच्छहं। ",
"tha-ap310:2.1":	"निट्ठिते नवकम्मे च, ",
"tha-ap310:2.2":	"अनुलेपमदासहं; ",
"tha-ap310:2.3":	"पसन्नचित्तो सुमनो, ",
"tha-ap310:2.4":	"पुञ्ञक्खेत्ते अनुत्तरे। ",
"tha-ap310:3.1":	"अट्ठारसे कप्पसते, ",
"tha-ap310:3.2":	"यं कम्ममकरिं तदा; ",
"tha-ap310:3.3":	"दुग्गतिं नाभिजानामि, ",
"tha-ap310:3.4":	"अनुलेपस्सिदं फलं। ",
"tha-ap310:4.1":	"पटिसम्भिदा चतस्सो, ",
"tha-ap310:4.2":	"…पे… ",
"tha-ap310:4.3":	"कतं बुद्धस्स सासनं”। ",
"tha-ap310:5.1":	"इत्थं सुदं आयस्मा अनुलेपदायको थेरो इमा गाथायो अभासित्थाति। ",
"tha-ap310:6.1":	"अनुलेपदायकत्थेरस्सापदानं अट्ठमं। "
}	
