{	
"tha-ap156:0.1":	"थेरापदान ",
"tha-ap156:0.2":	"बन्धुजीवकवग्ग ",
"tha-ap156:0.3":	"४ कक्कारुपुप्फपूजकत्थेरअपदान ",
"tha-ap156:1.1":	"“देवपुत्तो अहं सन्तो, ",
"tha-ap156:1.2":	"पूजयिं सिखिनायकं; ",
"tha-ap156:1.3":	"कक्कारुपुप्फं पग्गय्ह, ",
"tha-ap156:1.4":	"बुद्धस्स अभिरोपयिं। ",
"tha-ap156:2.1":	"एकत्तिंसे इतो कप्पे, ",
"tha-ap156:2.2":	"यं पुप्फमभिरोपयिं; ",
"tha-ap156:2.3":	"दुग्गतिं नाभिजानामि, ",
"tha-ap156:2.4":	"बुद्धपूजायिदं फलं। ",
"tha-ap156:3.1":	"इतो च नवमे कप्पे, ",
"tha-ap156:3.2":	"राजा सत्तुत्तमो अहुं; ",
"tha-ap156:3.3":	"सत्तरतनसम्पन्नो, ",
"tha-ap156:3.4":	"चक्कवत्ती महब्बलो। ",
"tha-ap156:4.1":	"पटिसम्भिदा चतस्सो, ",
"tha-ap156:4.2":	"…पे… ",
"tha-ap156:4.3":	"कतं बुद्धस्स सासनं”। ",
"tha-ap156:5.1":	"इत्थं सुदं आयस्मा कक्कारुपुप्फपूजको थेरो इमा गाथायो अभासित्थाति। ",
"tha-ap156:6.1":	"कक्कारुपुप्फपूजकत्थेरस्सापदानं चतुत्थं। "
}	
