{	
"tha-ap251:0.1":	"थेरापदान ",
"tha-ap251:0.2":	"तुवरदायकवग्ग ",
"tha-ap251:0.3":	"९ बिम्बिजालियत्थेरअपदान ",
"tha-ap251:1.1":	"“पदुमुत्तरो नाम जिनो, ",
"tha-ap251:1.2":	"सयम्भू अग्गपुग्गलो; ",
"tha-ap251:1.3":	"चतुसच्चं पकासेति, ",
"tha-ap251:1.4":	"दीपेति अमतं पदं। ",
"tha-ap251:2.1":	"बिम्बिजालकपुप्फानि, ",
"tha-ap251:2.2":	"पुथु कत्वानहं तदा; ",
"tha-ap251:2.3":	"बुद्धस्स अभिरोपेसिं, ",
"tha-ap251:2.4":	"द्विपदिन्दस्स तादिनो। ",
"tha-ap251:3.1":	"अट्ठसट्ठिम्हितो कप्पे, ",
"tha-ap251:3.2":	"चतुरो किञ्जकेसरा; ",
"tha-ap251:3.3":	"सत्तरतनसम्पन्ना, ",
"tha-ap251:3.4":	"चक्कवत्ती महब्बला। ",
"tha-ap251:4.1":	"पटिसम्भिदा चतस्सो, ",
"tha-ap251:4.2":	"…पे… ",
"tha-ap251:4.3":	"कतं बुद्धस्स सासनं”। ",
"tha-ap251:5.1":	"इत्थं सुदं आयस्मा बिम्बिजालियो थेरो इमा गाथायो अभासित्थाति। ",
"tha-ap251:6.1":	"बिम्बिजालियत्थेरस्सापदानं नवमं। "
}	
