{	
"tha-ap17:0.1":	"थेरापदान ",
"tha-ap17:0.2":	"सीहासनियवग्ग ",
"tha-ap17:0.3":	"५ पिलिन्दवच्छत्थेरअपदान ",
"tha-ap17:1.1":	"“निब्बुते लोकनाथम्हि, ",
"tha-ap17:1.2":	"सुमेधे अग्गपुग्गले; ",
"tha-ap17:1.3":	"पसन्नचित्तो सुमनो, ",
"tha-ap17:1.4":	"थूपपूजं अकासहं। ",
"tha-ap17:2.1":	"ये च खीणासवा तत्थ, ",
"tha-ap17:2.2":	"छळभिञ्ञा महिद्धिका; ",
"tha-ap17:2.3":	"तेहं तत्थ समानेत्वा, ",
"tha-ap17:2.4":	"सङ्घभत्तं अकासहं। ",
"tha-ap17:3.1":	"सुमेधस्स भगवतो, ",
"tha-ap17:3.2":	"उपट्ठाको तदा अहु; ",
"tha-ap17:3.3":	"सुमेधो नाम नामेन, ",
"tha-ap17:3.4":	"अनुमोदित्थ सो तदा। ",
"tha-ap17:4.1":	"तेन चित्तप्पसादेन, ",
"tha-ap17:4.2":	"विमानं उपपज्जहं; ",
"tha-ap17:4.3":	"छळासीतिसहस्सानि, ",
"tha-ap17:4.4":	"अच्छरायो रमिंसु मे। ",
"tha-ap17:5.1":	"ममेव अनुवत्तन्ति, ",
"tha-ap17:5.2":	"सब्बकामेहि ता सदा; ",
"tha-ap17:5.3":	"अञ्ञे देवे अभिभोमि, ",
"tha-ap17:5.4":	"पुञ्ञकम्मस्सिदं फलं। ",
"tha-ap17:6.1":	"पञ्चवीसतिकप्पम्हि, ",
"tha-ap17:6.2":	"वरुणो नाम खत्तियो; ",
"tha-ap17:6.3":	"विसुद्धभोजनो आसिं, ",
"tha-ap17:6.4":	"चक्कवत्ती अहं तदा। ",
"tha-ap17:7.1":	"न ते बीजं पवपन्ति, ",
"tha-ap17:7.2":	"नपि नीयन्ति नङ्गला; ",
"tha-ap17:7.3":	"अकट्ठपाकिमं सालिं, ",
"tha-ap17:7.4":	"परिभुञ्जन्ति मानुसा। ",
"tha-ap17:8.1":	"तत्थ रज्जं करित्वान, ",
"tha-ap17:8.2":	"देवत्तं पुन गच्छहं; ",
"tha-ap17:8.3":	"तदापि एदिसा मय्हं, ",
"tha-ap17:8.4":	"निब्बत्ता भोगसम्पदा। ",
"tha-ap17:9.1":	"न मं मित्ता अमित्ता वा, ",
"tha-ap17:9.2":	"हिंसन्ति सब्बपाणिनो; ",
"tha-ap17:9.3":	"सब्बेसम्पि पियो होमि, ",
"tha-ap17:9.4":	"पुञ्ञकम्मस्सिदं फलं। ",
"tha-ap17:10.1":	"तिंसकप्पसहस्सम्हि, ",
"tha-ap17:10.2":	"यं दानमददिं तदा; ",
"tha-ap17:10.3":	"दुग्गतिं नाभिजानामि, ",
"tha-ap17:10.4":	"गन्धालेपस्सिदं फलं। ",
"tha-ap17:11.1":	"इमस्मिं भद्दके कप्पे, ",
"tha-ap17:11.2":	"एको आसिं जनाधिपो; ",
"tha-ap17:11.3":	"महानुभावो राजाहं, ",
"tha-ap17:11.4":	"चक्कवत्ती महब्बलो। ",
"tha-ap17:12.1":	"सोहं पञ्चसु सीलेसु, ",
"tha-ap17:12.2":	"ठपेत्वा जनतं बहुं; ",
"tha-ap17:12.3":	"पापेत्वा सुगतिंयेव, ",
"tha-ap17:12.4":	"देवतानं पियो अहुं। ",
"tha-ap17:13.1":	"पटिसम्भिदा चतस्सो, ",
"tha-ap17:13.2":	"विमोक्खापि च अट्ठिमे; ",
"tha-ap17:13.3":	"छळभिञ्ञा सच्छिकता, ",
"tha-ap17:13.4":	"कतं बुद्धस्स सासनं”। ",
"tha-ap17:14.1":	"इत्थं सुदं आयस्मा पिलिन्दवच्छो थेरो इमा गाथायो अभासित्थाति। ",
"tha-ap17:15.1":	"पिलिन्दवच्छत्थेरस्सापदानं पञ्चमं। "
}	
