{	
"tha-ap329:0.1":	"थेरापदान ",
"tha-ap329:0.2":	"उमापुप्फियवग्ग ",
"tha-ap329:0.3":	"निग्गुण्डिपुप्फियत्थेरअपदान ",
"tha-ap329:1.1":	"“यदा देवो देवकाया, ",
"tha-ap329:1.2":	"चवते आयुसङ्खया; ",
"tha-ap329:1.3":	"तयो सद्दा निच्छरन्ति, ",
"tha-ap329:1.4":	"देवानं अनुमोदतं। ",
"tha-ap329:2.1":	"‘इतो भो सुगतिं गच्छ, ",
"tha-ap329:2.2":	"मनुस्सानं सहब्यतं; ",
"tha-ap329:2.3":	"मनुस्सभूतो सद्धम्मे, ",
"tha-ap329:2.4":	"लभ सद्धं अनुत्तरं। ",
"tha-ap329:3.1":	"सा ते सद्धा निविट्ठास्स, ",
"tha-ap329:3.2":	"मूलजाता पतिट्ठिता; ",
"tha-ap329:3.3":	"यावजीवं असंहीरा, ",
"tha-ap329:3.4":	"सद्धम्मे सुप्पवेदिते। ",
"tha-ap329:4.1":	"कायेन कुसलं कत्वा, ",
"tha-ap329:4.2":	"वाचाय कुसलं बहुं; ",
"tha-ap329:4.3":	"मनसा कुसलं कत्वा, ",
"tha-ap329:4.4":	"अब्यापज्जं निरूपधिं। ",
"tha-ap329:5.1":	"ततो ओपधिकं पुञ्ञं, ",
"tha-ap329:5.2":	"कत्वा दानेन तं बहुं; ",
"tha-ap329:5.3":	"अञ्ञेपि मच्चे सद्धम्मे, ",
"tha-ap329:5.4":	"ब्रह्मचरिये निवेसय’। ",
"tha-ap329:6.1":	"इमाय अनुकम्पाय, ",
"tha-ap329:6.2":	"देवादेवं यदा विदू; ",
"tha-ap329:6.3":	"चवन्तं अनुमोदन्ति, ",
"tha-ap329:6.4":	"एहि देव पुनप्पुनं। ",
"tha-ap329:7.1":	"‘संवेगो मे तदा आसि, ",
"tha-ap329:7.2":	"देवसङ्घे समागते; ",
"tha-ap329:7.3":	"कंसु नाम अहं योनिं, ",
"tha-ap329:7.4":	"गमिस्सामि इतो चुतो’। ",
"tha-ap329:8.1":	"मम संवेगमञ्ञाय, ",
"tha-ap329:8.2":	"समणो भावितिन्द्रियो; ",
"tha-ap329:8.3":	"ममुद्धरितुकामो सो, ",
"tha-ap329:8.4":	"आगच्छि मम सन्तिकं। ",
"tha-ap329:9.1":	"सुमनो नाम नामेन, ",
"tha-ap329:9.2":	"पदुमुत्तरसावको; ",
"tha-ap329:9.3":	"अत्थधम्मानुसासित्वा, ",
"tha-ap329:9.4":	"संवेजेसि ममं तदा। ",
"tha-ap329:10.1":	"द्वादसमं भाणवारं। ",
"tha-ap329:11.1":	"तस्साहं वचनं सुत्वा, ",
"tha-ap329:11.2":	"बुद्धे चित्तं पसादयिं; ",
"tha-ap329:11.3":	"तं धीरं अभिवादेत्वा, ",
"tha-ap329:11.4":	"तत्थ कालङ्कतो अहं। ",
"tha-ap329:12.1":	"उपपज्जिं स तत्थेव, ",
"tha-ap329:12.2":	"सुक्कमूलेन चोदितो; ",
"tha-ap329:12.3":	"वसन्तो मातुकुच्छिम्हि, ",
"tha-ap329:12.4":	"पुन धारेति मातुया। ",
"tha-ap329:13.1":	"तम्हा काया चवित्वान, ",
"tha-ap329:13.2":	"तिदसे उपपज्जहं; ",
"tha-ap329:13.3":	"एत्थन्तरे न पस्सामि, ",
"tha-ap329:13.4":	"दोमनस्समहं तदा। ",
"tha-ap329:14.1":	"तावतिंसा चवित्वान, ",
"tha-ap329:14.2":	"मातुकुच्छिं समोक्कमिं; ",
"tha-ap329:14.3":	"निक्खमित्वान कुच्छिम्हा, ",
"tha-ap329:14.4":	"कण्हसुक्कं अजानहं। ",
"tha-ap329:15.1":	"जातिया सत्तवस्सोव, ",
"tha-ap329:15.2":	"आरामं पाविसिं अहं; ",
"tha-ap329:15.3":	"गोतमस्स भगवतो, ",
"tha-ap329:15.4":	"सक्यपुत्तस्स तादिनो। ",
"tha-ap329:16.1":	"वित्थारिके पावचने, ",
"tha-ap329:16.2":	"बाहुजञ्ञम्हि सासने; ",
"tha-ap329:16.3":	"अद्दसं सासनकरे, ",
"tha-ap329:16.4":	"भिक्खवो तत्थ सत्थुनो। ",
"tha-ap329:17.1":	"सावत्थि नाम नगरं, ",
"tha-ap329:17.2":	"राजा तत्थासि कोसलो; ",
"tha-ap329:17.3":	"रथेन नागयुत्तेन, ",
"tha-ap329:17.4":	"उपेसि बोधिमुत्तमं। ",
"tha-ap329:18.1":	"तस्साहं नागं दिस्वान, ",
"tha-ap329:18.2":	"पुब्बकम्मं अनुस्सरिं; ",
"tha-ap329:18.3":	"अञ्जलिं पग्गहेत्वान, ",
"tha-ap329:18.4":	"समयं अगमासहं। ",
"tha-ap329:19.1":	"जातिया सत्तवस्सोव, ",
"tha-ap329:19.2":	"पब्बजिं अनगारियं; ",
"tha-ap329:19.3":	"यो सो बुद्धं उपट्ठासि, ",
"tha-ap329:19.4":	"आनन्दो नाम सावको। ",
"tha-ap329:20.1":	"गतिमा धितिमा चेव, ",
"tha-ap329:20.2":	"सतिमा च बहुस्सुतो; ",
"tha-ap329:20.3":	"रञ्ञो चित्तं पसादेन्तो, ",
"tha-ap329:20.4":	"निय्यादेसि महाजुति। ",
"tha-ap329:21.1":	"तस्साहं धम्मं सुत्वान, ",
"tha-ap329:21.2":	"पुब्बकम्मं अनुस्सरिं; ",
"tha-ap329:21.3":	"तत्थेव ठितको सन्तो, ",
"tha-ap329:21.4":	"अरहत्तमपापुणिं। ",
"tha-ap329:22.1":	"एकंसं चीवरं कत्वा, ",
"tha-ap329:22.2":	"सिरे कत्वान अञ्जलिं; ",
"tha-ap329:22.3":	"सम्बुद्धं अभिवादेत्वा, ",
"tha-ap329:22.4":	"इमं वाचं उदीरयिं। ",
"tha-ap329:23.1":	"‘पदुमुत्तरबुद्धस्स, ",
"tha-ap329:23.2":	"द्विपदिन्दस्स सत्थुनो; ",
"tha-ap329:23.3":	"निग्गुण्डिपुप्फं पग्गय्ह, ",
"tha-ap329:23.4":	"सीहासने ठपेसहं। ",
"tha-ap329:24.1":	"तेन कम्मेन द्विपदिन्द, ",
"tha-ap329:24.2":	"लोकजेट्ठ नरासभ; ",
"tha-ap329:24.3":	"पत्तोम्हि अचलं ठानं, ",
"tha-ap329:24.4":	"हित्वा जयपराजयं’। ",
"tha-ap329:25.1":	"पञ्चवीससहस्सम्हि, ",
"tha-ap329:25.2":	"कप्पानं मनुजाधिपा; ",
"tha-ap329:25.3":	"अब्बुदनिरब्बुदानि, ",
"tha-ap329:25.4":	"अट्ठट्ठासिंसु खत्तिया। ",
"tha-ap329:26.1":	"पटिसम्भिदा चतस्सो, ",
"tha-ap329:26.2":	"…पे… ",
"tha-ap329:26.3":	"कतं बुद्धस्स सासनं”। ",
"tha-ap329:27.1":	"इत्थं सुदं आयस्मा निग्गुण्डिपुप्फियो थेरो इमा गाथायो अभासित्थाति। ",
"tha-ap329:28.1":	"निग्गुण्डिपुप्फियत्थेरस्सापदानं सत्तमं। "
}	
