{	
"tha-ap292:0.1":	"थेरापदान ",
"tha-ap292:0.2":	"पण्णदायकवग्ग ",
"tha-ap292:0.3":	"१० पुब्बङ्गमियत्थेरअपदान ",
"tha-ap292:1.1":	"“चुल्लासीतिसहस्सानि, ",
"tha-ap292:1.2":	"पब्बजिम्ह अकिञ्चना; ",
"tha-ap292:1.3":	"तेसं पुब्बङ्गमो आसिं, ",
"tha-ap292:1.4":	"उत्तमत्थस्स पत्तिया। ",
"tha-ap292:2.1":	"सरागा सभवा चेते, ",
"tha-ap292:2.2":	"विप्पसन्नमनाविला; ",
"tha-ap292:2.3":	"उपट्ठहिंसु सक्कच्चं, ",
"tha-ap292:2.4":	"पसन्ना सेहि पाणिभि। ",
"tha-ap292:3.1":	"खीणासवा वन्तदोसा, ",
"tha-ap292:3.2":	"कतकिच्चा अनासवा; ",
"tha-ap292:3.3":	"फरिंसु मेत्तचित्तेन, ",
"tha-ap292:3.4":	"सयम्भू अपराजिता। ",
"tha-ap292:4.1":	"तेसं उपट्ठहित्वान, ",
"tha-ap292:4.2":	"सम्बुद्धानं पतिस्सतो; ",
"tha-ap292:4.3":	"मरणञ्च अनुप्पत्तो, ",
"tha-ap292:4.4":	"देवत्तञ्च अगम्हसे। ",
"tha-ap292:5.1":	"चतुन्नवुतितो कप्पे, ",
"tha-ap292:5.2":	"यं सीलमनुपालयिं; ",
"tha-ap292:5.3":	"दुग्गतिं नाभिजानामि, ",
"tha-ap292:5.4":	"सञ्ञमस्स इदं फलं। ",
"tha-ap292:6.1":	"पटिसम्भिदा चतस्सो, ",
"tha-ap292:6.2":	"…पे… ",
"tha-ap292:6.3":	"कतं बुद्धस्स सासनं”। ",
"tha-ap292:7.1":	"इत्थं सुदं आयस्मा पुब्बङ्गमियो थेरो इमा गाथायो अभासित्थाति। ",
"tha-ap292:8.1":	"पुब्बङ्गमियत्थेरस्सापदानं दसमं। ",
"tha-ap292:9.1":	"पण्णदायकवग्गो एकूनतिंसतिमो। ",
"tha-ap292:10.1":	"तस्सुद्दानं ",
"tha-ap292:11.1":	"पण्णं फलं पच्चुग्गमं, ",
"tha-ap292:11.2":	"एकपुप्फि च मघवा; ",
"tha-ap292:11.3":	"उपट्ठाकापदानञ्च, ",
"tha-ap292:11.4":	"पब्बज्जा बुद्धुपट्ठाको; ",
"tha-ap292:11.5":	"पुब्बङ्गमो च गाथायो, ",
"tha-ap292:11.6":	"अट्ठतालीस कित्तिता। "
}	
