{	
"tha-ap291:0.1":	"थेरापदान ",
"tha-ap291:0.2":	"पण्णदायकवग्ग ",
"tha-ap291:0.3":	"९ बुद्धुपट्ठायिकत्थेरअपदान ",
"tha-ap291:1.1":	"“वेटम्भिनीति मे नामं, ",
"tha-ap291:1.2":	"पितुसन्तं ममं तदा; ",
"tha-ap291:1.3":	"मम हत्थं गहेत्वान, ",
"tha-ap291:1.4":	"उपानयि महामुनिं। ",
"tha-ap291:2.1":	"इमेमं उद्दिसिस्सन्ति, ",
"tha-ap291:2.2":	"बुद्धा लोकग्गनायका; ",
"tha-ap291:2.3":	"तेहं उपट्ठिं सक्कच्चं, ",
"tha-ap291:2.4":	"पसन्नो सेहि पाणिभि। ",
"tha-ap291:3.1":	"एकत्तिंसे इतो कप्पे, ",
"tha-ap291:3.2":	"बुद्धे उपट्ठहिं तदा; ",
"tha-ap291:3.3":	"दुग्गतिं नाभिजानामि, ",
"tha-ap291:3.4":	"उपट्ठानस्सिदं फलं। ",
"tha-ap291:4.1":	"तेवीसम्हि इतो कप्पे, ",
"tha-ap291:4.2":	"चतुरो आसु खत्तिया; ",
"tha-ap291:4.3":	"समणुपट्ठाका नाम, ",
"tha-ap291:4.4":	"चक्कवत्ती महब्बला। ",
"tha-ap291:5.1":	"पटिसम्भिदा चतस्सो, ",
"tha-ap291:5.2":	"…पे… ",
"tha-ap291:5.3":	"कतं बुद्धस्स सासनं”। ",
"tha-ap291:6.1":	"इत्थं सुदं आयस्मा बुद्धुपट्ठायिको थेरो इमा गाथायो अभासित्थाति। ",
"tha-ap291:7.1":	"बुद्धुपट्ठायिकत्थेरस्सापदानं नवमं। "
}	
